accession	gene	tier	n_residues_full	n_residues_master	n_residues_removed	mw_full	mw_master	mass_removed_fraction_of_full	max_abs_delta_free_frac	amino_acid_at_max	delta_free_frac_A	delta_free_frac_C	delta_free_frac_D	delta_free_frac_E	delta_free_frac_F	delta_free_frac_G	delta_free_frac_H	delta_free_frac_I	delta_free_frac_K	delta_free_frac_L	delta_free_frac_M	delta_free_frac_N	delta_free_frac_P	delta_free_frac_Q	delta_free_frac_R	delta_free_frac_S	delta_free_frac_T	delta_free_frac_V	delta_free_frac_W	delta_free_frac_Y
A0A075B6S2	IGKV2D-29	2	120	100	20	13142.9050	10993.2750	0.1635582088	0.03462771581	L	-0.009366150456	0.003113986133	0.008552153233	0.005672178686	0.00636843062	-0.002103988493	0.001993788992	-0.000152523436	0.007514586212	-0.03462771581	-0.0156866462	0.001697836942	-0.003226750969	0.005464081618	-0.004679748741	0.006508014454	0.009184665602	0.01053823179	-0.01073496041	0.01397053023
A0A096LP55	UQCRHL	2	91	78	13	10751.6300	9258.9650	0.1388315074	0.02411868442	M	0.003503819098	0.006353466112	-0.0002879362138	0.0009739621751	0.006496754707	-0.005083110746	0.01016981953	0	-0.002232755251	-0.005726304765	-0.02411868442	0.003464096825	0.003018630544	-0.007979529182	0.009134811792	-0.0043604248	-0.003380938816	0.007678983937	0	0.002375339478
A0A0A0MRZ7	IGKV2D-26	2	120	100	20	13296.9250	11161.3150	0.1606093138	0.0362288977	L	-0.007089673476	0.003025906959	0.009972306445	0.009186234956	0.01031383234	-0.00316172863	0.001937394622	0.006551802837	0.003651017979	-0.0362288977	-0.01373717015	0.001649813583	-0.00772424945	0.001484717085	-0.0004054823187	0.006072185668	0.01041235663	0.001190191641	-0.01067593247	0.01357537344
A0A0B4J1X5	IGHV3-74	2	117	98	19	12839.4500	10716.8550	0.1653182185	0.01615241576	R	0.003473327427	-0.004905825506	0.007052276651	-0.004008449704	-0.01556538163	-0.0001128861551	0.002055147863	-0.005311135124	-0.003982840089	-0.01245839738	-0.006041583227	0.007000351549	0.003050069913	-0.00204567827	0.01615241576	0.01244937372	0.007889436464	-0.01112679159	-0.005563825179	0.0120003945
A0A0C4DH42	IGHV3-66	2	116	97	19	12698.3550	10575.7600	0.1671551158	0.01788757411	F	0.00242589153	-0.003273548367	0.00541531304	-0.001979836573	-0.01788757411	1.586083751e-05	0	-0.003544002471	-0.003949818718	-0.01241093707	-0.006055002688	0.007167254284	0.003122789834	-0.001966514761	0.01417501926	0.01283819222	0.008077536807	-0.01108440404	-0.008287330936	0.01720111192
A0A1B0GWK0	PVALEF	1	134	134	0	15275.0950	15275.0950	0	0	A	0	0	0	0	0	0	0	0	0	0	0	0	0	0	0	0	0	0	0	0
A0A8I5KQE6	RPSA2	2	295	294	1	32908.5500	32777.3550	0.003986653924	0.003813636782	M	0.0003291465864	2.486836059e-05	0.0002048930419	0.0003774845136	0.0001695280821	0.0001155621387	7.961221e-05	0.0002019220158	0.0001650320319	0.0002826908222	-0.003813636782	0.0001220306628	0.0002363068962	0.0002099689296	0.0002502845733	0.000161774679	0.0002933957524	0.0002284303418	0.000230541361	0.0001301637825
A0AVT1	UBA6	2	1052	1052	0	117968.2850	117968.2850	0	0	A	0	0	0	0	0	0	0	0	0	0	0	0	0	0	0	0	0	0	0	0
A0FGR8	ESYT2	2	921	921	0	102355.8400	102355.8400	0	0	A	0	0	0	0	0	0	0	0	0	0	0	0	0	0	0	0	0	0	0	0
A0PJW6	TMEM223	2	202	202	0	22048.6850	22048.6850	0	0	A	0	0	0	0	0	0	0	0	0	0	0	0	0	0	0	0	0	0	0	0
A1L0T0	HACL2	2	632	632	0	67866.7650	67866.7650	0	0	A	0	0	0	0	0	0	0	0	0	0	0	0	0	0	0	0	0	0	0	0
A1L4K1	FSD2	2	749	749	0	85384.2300	85384.2300	0	0	A	0	0	0	0	0	0	0	0	0	0	0	0	0	0	0	0	0	0	0	0
A2A2Y4	FRMD3	2	597	597	0	68771.0000	68771.0000	0	0	A	0	0	0	0	0	0	0	0	0	0	0	0	0	0	0	0	0	0	0	0
A2RRP1	NBAS	2	2371	2371	0	268566.9700	268566.9700	0	0	A	0	0	0	0	0	0	0	0	0	0	0	0	0	0	0	0	0	0	0	0
A2RTX5	TARS3	2	802	801	1	92644.2250	92513.0300	0.001416116331	0.001356571612	M	6.269837252e-05	2.84226992e-05	6.938595912e-05	0.0001553172895	9.042043513e-05	4.109124078e-05	4.246240847e-05	8.54747958e-05	0.0001066938145	0.0001247932019	-0.001356571612	6.026569349e-05	4.801445814e-05	6.856542193e-05	0.0001067037193	6.300177318e-05	5.588827877e-05	5.343722368e-05	3.726145905e-05	5.667336709e-05
A2RUH7	MYBPHL	1	354	354	0	38732.7550	38732.7550	0	0	A	0	0	0	0	0	0	0	0	0	0	0	0	0	0	0	0	0	0	0	0
A3KMH1	VWA8	2	1905	1877	28	214821.2100	211796.6200	0.01407956877	0.00237092126	R	-0.0001602512383	0.0001257932733	0.0007984303612	0.001094754133	0.0006002745778	-0.001004408071	-0.0001663857349	0.0008625117461	0.0009444116529	-0.002119567846	-0.000793385374	0.0005639309534	-0.0002535757952	-0.0004061694798	-0.00237092126	-7.992260496e-05	0.0007076973311	0.0008581667077	0.0002238089868	0.0005748076809
A4D126	CRPPA	2	451	451	0	49871.8900	49871.8900	0	0	A	0	0	0	0	0	0	0	0	0	0	0	0	0	0	0	0	0	0	0	0
A4UGR9	XIRP2	1	3374	3374	0	382294.4150	382294.4150	0	0	A	0	0	0	0	0	0	0	0	0	0	0	0	0	0	0	0	0	0	0	0
A5D6W6	FITM1	2	292	292	0	32206.3850	32206.3850	0	0	A	0	0	0	0	0	0	0	0	0	0	0	0	0	0	0	0	0	0	0	0
A5D8V6	VPS37C	2	355	355	0	38658.3500	38658.3500	0	0	A	0	0	0	0	0	0	0	0	0	0	0	0	0	0	0	0	0	0	0	0
A5YM72	CARNS1	2	827	827	0	88483.1100	88483.1100	0	0	A	0	0	0	0	0	0	0	0	0	0	0	0	0	0	0	0	0	0	0	0
A6NCE7	MAP1LC3B2	2	125	120	5	14627.8100	14069.0750	0.03819676356	0.00743256855	M	0.0006343187231	0.0002875521252	0.001579448162	0.00419024868	0.002744347548	0.0007126622	0.001104664383	0.002490472912	-0.005547351561	-0.004666090874	-0.00743256855	0.001254255093	0.001639445832	0.002427864584	0.003720899817	-0.004237176485	0.001696263246	-0.003889324412	0	0.001290068576
A6NDG6	PGP	2	321	321	0	34005.6300	34005.6300	0	0	A	0	0	0	0	0	0	0	0	0	0	0	0	0	0	0	0	0	0	0	0
A6NHG4	DDTL	2	134	134	0	14195.0950	14195.0950	0	0	A	0	0	0	0	0	0	0	0	0	0	0	0	0	0	0	0	0	0	0	0
A6NHR9	SMCHD1	2	2005	2004	1	226370.4900	226239.2950	0.0005795587579	0.000556837836	M	1.87274135e-05	7.876941605e-06	3.720873216e-05	4.336279325e-05	2.935450167e-05	2.01727547e-05	1.513008613e-05	4.036453646e-05	5.227315544e-05	5.287185761e-05	-0.000556837836	2.490949507e-05	2.969016236e-05	2.881957698e-05	3.624069271e-05	2.823970682e-05	2.762139248e-05	3.401920794e-05	7.966139062e-06	2.19886901e-05
A6NHZ5	LRRC14B	2	514	514	0	56756.5750	56756.5750	0	0	A	0	0	0	0	0	0	0	0	0	0	0	0	0	0	0	0	0	0	0	0
A6NMY6	ANXA2P2	2	339	338	1	38658.4600	38527.2650	0.00339369442	0.003245237768	M	0.0001332199658	2.71763347e-05	0.0003084964086	0.000242010539	8.645540635e-05	0.0001066425153	4.64004438e-05	0.0002255655219	0.000349766336	0.000323637488	-0.003245237768	9.878225322e-05	6.025552959e-05	0.0001638968947	0.0002604884728	0.0002042890567	0.0001603125614	0.0001751792456	1.526893109e-05	0.0002573938637
A6NMZ7	COL6A6	2	2263	2244	19	247170.3300	245000.5950	0.008778298755	0.001305050473	I	0.0004057883616	-0.0003171054885	0.0005574205586	0.000674647404	-2.836445844e-05	0.000527811212	-0.0003159521941	-0.001305050473	0.0006792749726	-0.001116591537	-0.0008312120273	-9.134576331e-05	0.0003800989061	-8.763682108e-05	0.0006443441361	-0.0001902905337	0.0003750647669	-0.0002586834367	3.745707683e-05	0.0002603253389
A6NNL5	C15orf61	2	157	131	26	18090.6500	15147.1900	0.1627061493	0.02703926604	R	-0.02318501602	-0.002404235231	0.003726953102	-0.008585679962	0.01387653004	0.005605456937	0.001265663575	0.003672910882	0.006822480265	-0.01423864562	-0.005746212414	0.007399023949	0.004162965776	0.006820146836	-0.02703926604	0.002819050857	0.01000649106	0.005329451526	-0.002146302491	0.01183823298
A6NNS2	DHRS7C	2	312	294	18	34877.5550	33035.1250	0.05282566395	0.01486089708	L	0.0006617719953	0.00118484399	0.002231326723	0.003905338664	0.004153939084	-0.003885464447	0.001083741363	5.810946907e-05	0.004493080629	-0.01486089708	-0.01391019122	0.002214897721	-0.0005923538824	0.001429127605	0.003407062116	-0.0002470707044	0.002329788974	0.002670480259	0.00114120096	0.002531267775
A6NNT2	C16orf96	2	1141	1141	0	125039.2500	125039.2500	0	0	A	0	0	0	0	0	0	0	0	0	0	0	0	0	0	0	0	0	0	0	0
A7E2Y1	MYH7B	1	1983	1983	0	225841.1500	225841.1500	0	0	A	0	0	0	0	0	0	0	0	0	0	0	0	0	0	0	0	0	0	0	0
A8K2U0	A2ML1	2	1454	1437	17	161104.3550	159323.1600	0.01105615674	0.002404611172	L	-0.001436320971	0.0001823054882	0.0005287160092	0.0007172767002	0.0006661300499	3.290529707e-05	0.0002241111641	-0.0001951345175	0.0006862980083	-0.002404611172	-0.001333008466	0.00047711194	-3.268680108e-05	-6.787796481e-05	0.0004403499089	0.0002041893942	0.0007241133065	0.0008037992822	-0.0008937907067	0.00067612405
A8MU46	SMTNL1	1	494	494	0	52986.1450	52986.1450	0	0	A	0	0	0	0	0	0	0	0	0	0	0	0	0	0	0	0	0	0	0	0
A8MWD9	SNRPGP15	2	76	76	0	8543.9650	8543.9650	0	0	A	0	0	0	0	0	0	0	0	0	0	0	0	0	0	0	0	0	0	0	0
A8MXV4	NUDT19	2	375	375	0	42232.5600	42232.5600	0	0	A	0	0	0	0	0	0	0	0	0	0	0	0	0	0	0	0	0	0	0	0
A8MZF0	PRR33	2	331	331	0	35186.3600	35186.3600	0	0	A	0	0	0	0	0	0	0	0	0	0	0	0	0	0	0	0	0	0	0	0
B0YJ81	HACD1	2	288	288	0	32387.3150	32387.3150	0	0	A	0	0	0	0	0	0	0	0	0	0	0	0	0	0	0	0	0	0	0	0
B1AJZ9	FHAD1	2	1412	1412	0	161901.4150	161901.4150	0	0	A	0	0	0	0	0	0	0	0	0	0	0	0	0	0	0	0	0	0	0	0
B2RPK0	HMGB1P1	2	211	211	0	24237.7900	24237.7900	0	0	A	0	0	0	0	0	0	0	0	0	0	0	0	0	0	0	0	0	0	0	0
B5ME19	EIF3CL	2	914	914	0	105471.4150	105471.4150	0	0	A	0	0	0	0	0	0	0	0	0	0	0	0	0	0	0	0	0	0	0	0
B9A064	IGLL5	2	214	179	35	23062.9350	19278.4600	0.1640933819	0.01840999031	S	0.00183006488	-8.215443648e-05	0.004857680938	-0.007816908498	0.004823082279	-0.006830009013	0.003397456938	0.0009574485479	0.005236293387	-0.01489537946	-0.01000449885	0.003857531513	-0.006272903476	-0.00126490403	-0.009255117653	0.01840999031	0.003316425799	0.003261578932	-0.000138474571	0.006612796462
C9J798	RASA4B	2	803	803	0	90405.1200	90405.1200	0	0	A	0	0	0	0	0	0	0	0	0	0	0	0	0	0	0	0	0	0	0	0
E7EW31	PROB1	2	1015	1015	0	106915.3400	106915.3400	0	0	A	0	0	0	0	0	0	0	0	0	0	0	0	0	0	0	0	0	0	0	0
E9PQ53	NDUFC2-KCTD14	2	114	114	0	13407.3850	13407.3850	0	0	A	0	0	0	0	0	0	0	0	0	0	0	0	0	0	0	0	0	0	0	0
O00115	DNASE2	2	360	342	18	39580.2250	37817.9750	0.04452349627	0.01303539566	L	-0.005351414098	-0.001632118982	0.001920671522	0.001516520344	0.002894540832	0.0008458035535	0.00127934823	-0.001902162934	0.002410930297	-0.01303539566	-0.002625158046	0.002178891243	-0.001915095271	0.003765790171	0.001975094327	0.003466237977	-0.0009907328613	-0.0001290939731	0.002525960319	0.002801383007
O00116	AGPS	2	658	600	58	72910.8850	67063.5650	0.08019817617	0.010985208	R	-0.008799396616	0.0002156578887	-0.003959792189	0.001246725249	0.005004169282	-0.004051433976	0.0007623674661	0.005343789806	0.005955695904	-0.00298379734	-4.614440136e-05	0.002029330149	-0.0009486686683	0.003511132191	-0.010985208	-0.000898439223	0.001792814576	0.003267894118	0.001706626561	0.001836677224
O00139	KIF2A	2	706	706	0	79953.4550	79953.4550	0	0	A	0	0	0	0	0	0	0	0	0	0	0	0	0	0	0	0	0	0	0	0
O00151	PDLIM1	1	329	328	1	36071.2900	35940.0950	0.003637103081	0.003490903467	M	0.0001816750454	8.235772254e-05	0.0001357107899	0.0003250346491	0.0001403585361	0.0001403279476	0.0001318277552	0.0001560334212	0.0002732721815	0.0002563406206	-0.003490903467	0.0002132933144	0.000224994249	0.000186258216	0.0002072198062	0.0002321612946	0.0002226703759	0.0002388958533	3.470430443e-05	0.0001077673843
O00154	ACOT7	2	380	380	0	41795.5950	41795.5950	0	0	A	0	0	0	0	0	0	0	0	0	0	0	0	0	0	0	0	0	0	0	0
O00161	SNAP23	2	211	211	0	23353.7500	23353.7500	0	0	A	0	0	0	0	0	0	0	0	0	0	0	0	0	0	0	0	0	0	0	0
O00165	HAX1	2	279	278	1	31620.0200	31488.8250	0.00414911186	0.00400698874	M	5.969253119e-05	0	0.0004161748891	0.000394323139	0.0004427257482	0.0002347276403	0.0001559315784	0.0001025350492	8.162580101e-05	0.0002343658268	-0.00400698874	5.901580589e-05	0.0004114132445	0.0001468761899	0.0005057795717	0.0003168581935	0.0001596267665	0.0001308223899	0.0001140270954	4.046727925e-05
O00168	FXYD1	2	92	72	20	10441.0050	8383.4250	0.1970672363	0.03608391075	R	-0.02027890581	-0.005010060575	0.008271128337	0.01828596713	1.277915712e-05	-0.003098395656	-0.009629361639	0.008161341227	-0.006045070612	-0.02441299218	-0.02470288576	0.00273674299	0.007154432798	0.01513577129	0.03608391075	0.00436181313	9.215165545e-06	-0.0145417946	0	0.007506364855
O00178	GTPBP1	2	669	669	0	72452.9400	72452.9400	0	0	A	0	0	0	0	0	0	0	0	0	0	0	0	0	0	0	0	0	0	0	0
O00182	LGALS9	2	355	355	0	39517.6400	39517.6400	0	0	A	0	0	0	0	0	0	0	0	0	0	0	0	0	0	0	0	0	0	0	0
O00186	STXBP3	2	592	592	0	67763.4050	67763.4050	0	0	A	0	0	0	0	0	0	0	0	0	0	0	0	0	0	0	0	0	0	0	0
O00192	ARVCF	2	962	962	0	104640.3850	104640.3850	0	0	A	0	0	0	0	0	0	0	0	0	0	0	0	0	0	0	0	0	0	0	0
O00193	SMAP	2	183	183	0	20332.2300	20332.2300	0	0	A	0	0	0	0	0	0	0	0	0	0	0	0	0	0	0	0	0	0	0	0
O00203	AP3B1	2	1094	1094	0	121318.4050	121318.4050	0	0	A	0	0	0	0	0	0	0	0	0	0	0	0	0	0	0	0	0	0	0	0
O00204	SULT2B1	2	365	365	0	41307.0600	41307.0600	0	0	A	0	0	0	0	0	0	0	0	0	0	0	0	0	0	0	0	0	0	0	0
O00217	NDUFS8	2	210	176	34	23704.7850	20289.7950	0.1440633189	0.01748358735	E	-0.01703040267	0.001651483442	0.007491974263	0.01748358735	0.007231984806	-0.003972858583	-0.003707300167	0.008203708691	0.007314478454	-0.01239001388	-0.006197530767	0.005784186891	-0.005372863471	-0.001664012556	-0.01011304596	-0.007533358192	0.0002673257414	-0.001333920015	0.002554488662	0.01133208796
O00231	PSMD11	2	422	421	1	47462.9150	47331.7200	0.00276415808	0.002659010892	M	0.0002067438484	2.991128344e-05	0.0001642948096	0.000254258253	8.971854413e-05	4.818540876e-05	5.362355461e-05	0.0001619124732	0.0002526338205	0.0003950664345	-0.002659010892	6.523405033e-05	5.68452635e-05	0.0001515284487	0.0001806230721	0.0001608528889	0.0001117491079	0.0001214695344	2.016666327e-05	0.000134193433
O00232	PSMD12	2	456	455	1	52903.6750	52772.4800	0.002479884431	0.002340413335	M	9.280525565e-05	3.39803282e-05	0.0001279851441	0.0002593726481	5.956573803e-05	4.210800987e-05	3.729694798e-05	0.0001629170272	0.0002518583688	0.0002837909507	-0.002340413335	9.528210314e-05	3.690190243e-05	0.0001346688661	0.0001814645362	0.0001136829725	0.000128860174	0.0001408101017	4.091085356e-05	0.0001161514062
O00233	PSMD9	2	223	223	0	24681.4500	24681.4500	0	0	A	0	0	0	0	0	0	0	0	0	0	0	0	0	0	0	0	0	0	0	0
O00244	ATOX1	2	68	68	0	7401.5850	7401.5850	0	0	A	0	0	0	0	0	0	0	0	0	0	0	0	0	0	0	0	0	0	0	0
O00264	PGRMC1	2	195	195	0	21670.8300	21670.8300	0	0	A	0	0	0	0	0	0	0	0	0	0	0	0	0	0	0	0	0	0	0	0
O00267	SUPT5H	2	1087	1087	0	120998.0800	120998.0800	0	0	A	0	0	0	0	0	0	0	0	0	0	0	0	0	0	0	0	0	0	0	0
O00291	HIP1	2	1037	1037	0	116219.2400	116219.2400	0	0	A	0	0	0	0	0	0	0	0	0	0	0	0	0	0	0	0	0	0	0	0
O00299	CLIC1	2	241	240	1	26922.4100	26791.2150	0.004873077856	0.004752416522	M	0.0002736192304	0.0001116344347	0.0002452714305	0.0005196569422	0.0003044056168	0.0001498640381	7.14760752e-05	0.0001410003599	0.0004040897493	0.0006042872565	-0.004752416522	0.0002637543189	0.0002475165271	0.0001795340188	0.0002407566671	0.000161379756	0.0002743870473	0.0003058291494	3.136071346e-05	0.0002225931905
O00303	EIF3F	2	357	356	1	37563.3000	37432.1050	0.003492637761	0.003277425517	M	0.0003310549436	1.875940854e-05	0.0001648647921	0.0001822431019	8.951826873e-05	0.0001162321558	9.608855184e-05	0.0001523195538	0.0001131742297	0.0003046391076	-0.003277425517	0.0001636509116	0.0003208639212	0.000124449074	0.0001618300909	0.0002196620526	0.0002305443985	0.0003174243351	1.580986469e-05	0.0001542967546
O00330	PDHX	2	501	448	53	54121.5100	48023.4950	0.1126726693	0.01548131641	R	0.001632304184	-0.001195083389	0.005316520921	0.008793810836	-0.001613222595	-0.003837207534	-0.00122124458	0.009146547465	0.008169419506	-0.004614122965	-0.0008772175726	0.001065814195	0.005756859712	0.002052377717	-0.01548131641	-0.001623567454	0.004758106477	0.000512633405	-0.01495421186	-0.00178720006
O00391	QSOX1	2	747	718	29	82576.4100	79576.8350	0.03632484144	0.007027545512	L	0.0003255906983	-0.000637223933	0.001372424783	0.002625735023	0.002358432236	-0.0009462866724	0.00129213599	0.0008843426858	0.001913236926	-0.007027545512	-0.0009622726491	-0.001442129929	-0.002513357838	0.001506883229	-0.0001052295532	-0.001366377699	0.00122827378	0.00110288703	-0.0008310940395	0.001221575446
O00399	DCTN6	2	190	190	0	20746.8350	20746.8350	0	0	A	0	0	0	0	0	0	0	0	0	0	0	0	0	0	0	0	0	0	0	0
O00401	WASL	2	505	504	1	54826.2400	54695.0450	0.002392923534	0.002296593102	M	0.00010766523	3.105917232e-05	0.0001511027342	0.0001508661612	9.074184093e-05	9.622037248e-05	3.977245448e-05	7.205404246e-05	0.0001766705575	0.0001537152906	-0.002296593102	0.0001209598243	0.0003794578902	0.0001177400884	0.0001786235661	0.0001308497456	9.597098211e-05	0.0001201248609	2.991512602e-05	5.308316212e-05
O00410	IPO5	2	1097	1096	1	123628.0200	123496.8250	0.001061207645	0.0009962629722	M	6.279417546e-05	2.28902893e-05	6.576663738e-05	9.515024493e-05	5.041406448e-05	2.618341699e-05	3.269402925e-05	5.718793803e-05	6.267413471e-05	0.0001229540668	-0.0009962629722	4.608169778e-05	3.848265305e-05	7.433371051e-05	4.43031763e-05	4.27629924e-05	3.375732001e-05	6.299305654e-05	1.929124662e-05	3.554812168e-05
O00418	EEF2K	2	725	724	1	82142.8600	82011.6650	0.001597156466	0.001515883454	M	7.64131238e-05	1.998457497e-05	0.0001251378136	0.0001577430534	6.811761184e-05	6.686453478e-05	7.677303088e-05	4.976202054e-05	9.162983707e-05	0.0001384682311	-0.001515883454	6.755630853e-05	6.076788687e-05	6.990411672e-05	0.0001235527049	0.0001022701882	4.715541573e-05	5.603713749e-05	3.705327576e-05	8.06925873e-05
O00423	EML1	2	815	815	0	89859.7500	89859.7500	0	0	A	0	0	0	0	0	0	0	0	0	0	0	0	0	0	0	0	0	0	0	0
O00425	IGF2BP3	2	579	579	0	63704.0900	63704.0900	0	0	A	0	0	0	0	0	0	0	0	0	0	0	0	0	0	0	0	0	0	0	0
O00429	DNM1L	2	736	736	0	81875.9650	81875.9650	0	0	A	0	0	0	0	0	0	0	0	0	0	0	0	0	0	0	0	0	0	0	0
O00442	RTCA	2	366	366	0	39336.3050	39336.3050	0	0	A	0	0	0	0	0	0	0	0	0	0	0	0	0	0	0	0	0	0	0	0
O00461	GOLIM4	2	696	695	1	81878.8950	81747.7000	0.001602305454	0.001558104794	M	7.918666035e-05	2.031919337e-06	8.705422654e-05	0.0003207685537	2.493293824e-05	3.147412195e-05	8.586435631e-05	1.759834001e-05	0.0001005191301	0.0001209885876	-0.001558104794	7.311890915e-05	5.020061658e-05	0.0002230271291	0.000131464309	4.05355833e-05	3.795644105e-05	6.679876124e-05	6.849761754e-06	5.77344489e-05
O00468	AGRN	2	2068	2039	29	217317.4050	214515.0000	0.01289544664	0.001918797851	L	-0.000515265654	0.0004185035034	0.0006850663259	0.0009179136992	0.0004895284978	-0.0005963882197	-0.0002868468059	0.0001841270746	0.0003496188727	-0.001918797851	-0.0004930724815	0.0003022321161	-0.001189979727	0.0006458139163	-3.733877745e-05	0.0003957772276	0.0007369720486	-0.0005096888754	0.0001486434162	0.0002731816937
O00469	PLOD2	2	737	712	25	84684.6100	82028.3350	0.03136667926	0.007049538742	L	0.0001332775066	-0.002028326852	0.002181284791	0.002214379155	0.002320445002	-0.001094220095	-0.0004424774294	0.001930302756	0.001001002981	-0.007049538742	-0.0008247696899	0.0006837205873	-0.002255722319	-0.0004656588264	0.001922650416	0.001089585516	1.884068689e-05	-0.0001980305121	-0.001197144159	0.002060399225
O00471	EXOC5	2	708	707	1	81851.6850	81720.4900	0.001602838109	0.00154008294	M	6.101289386e-05	3.64284404e-05	8.67064631e-05	0.0001499132014	9.933334548e-05	3.636413172e-05	5.442267483e-05	9.859521556e-05	0.000134304067	0.0001687073688	-0.00154008294	6.841306807e-05	3.269235713e-05	0.0001196117905	0.0001076610679	7.197042334e-05	5.5712356e-05	8.218648219e-05	3.411199194e-06	7.263639392e-05
O00478	BTN3A3	2	584	555	29	65000.9850	61823.1300	0.04888933606	0.009063634486	L	-0.000681912666	-0.0009431257091	0.002361965269	0.005121456814	-0.004872308438	0.002049502777	-0.0007841299653	0.002417243419	0.0008576202723	-0.009063634486	-0.002933983664	-0.0003972082541	0.001382625191	-0.000239868234	0.00368580155	-0.002626594452	0.0008614208215	-0.0004645289169	0.001672636701	0.00259702197
O00479	HMGN4	2	90	90	0	9538.8050	9538.8050	0	0	A	0	0	0	0	0	0	0	0	0	0	0	0	0	0	0	0	0	0	0	0
O00481	BTN3A1	2	513	484	29	57676.3500	54359.1950	0.0575132615	0.01411533041	L	-0.001157155946	-0.0009288935005	0.002907306638	0.00455283273	-0.004851776733	0.002527957001	-0.0009070714356	0.0025070059	0.001939390308	-0.01411533041	-0.005604629132	-0.0002914450639	0.0008986443043	0.0004756629743	0.001835345567	0.0003015226314	0.002710355362	0.001980624025	0.002416257232	0.002803397548
O00483	COXFA4	2	81	81	0	9369.7300	9369.7300	0	0	A	0	0	0	0	0	0	0	0	0	0	0	0	0	0	0	0	0	0	0	0
O00487	PSMD14	2	310	310	0	34576.6350	34576.6350	0	0	A	0	0	0	0	0	0	0	0	0	0	0	0	0	0	0	0	0	0	0	0
O00499	BIN1	1	593	592	1	64698.4200	64567.2250	0.002027792951	0.00194845466	M	0.0001313275384	1.27572796e-05	0.0001016049511	0.0002168842824	8.696661507e-05	7.706724619e-05	4.492450318e-05	4.143378255e-05	0.0001693203512	0.0001726407606	-0.00194845466	8.346773425e-05	0.0001636519115	0.0001538749455	6.878254289e-05	0.0001134185437	0.0001066110988	0.0001171830257	4.838153011e-05	3.815601667e-05
O00505	KPNA3	2	521	520	1	57810.0200	57678.8250	0.002269416271	0.002196398226	M	0.0001062779749	3.61337957e-05	0.0001499577043	0.0001657646659	8.758213876e-05	5.970208085e-05	5.141189248e-05	0.0001782092268	0.0001211070667	0.0002390611579	-0.002196398226	0.000148853583	0.00010682142	0.0001694919039	0.0001039040477	0.0001044706886	9.868167309e-05	0.0001863353875	4.060330009e-05	4.202851794e-05
O00541	PES1	2	588	588	0	68001.7350	68001.7350	0	0	A	0	0	0	0	0	0	0	0	0	0	0	0	0	0	0	0	0	0	0	0
O00567	NOP56	2	594	594	0	66048.9950	66048.9950	0	0	A	0	0	0	0	0	0	0	0	0	0	0	0	0	0	0	0	0	0	0	0
O00571	DDX3X	2	662	661	1	73242.4350	73111.2400	0.001791243014	0.001712324386	M	6.795437549e-05	1.748413082e-05	0.0001317061442	0.0001243574575	0.0001055679747	0.0001176160935	4.477819242e-05	8.382681298e-05	9.643937497e-05	0.0001270922648	-0.001712324386	6.536820348e-05	5.69621652e-05	6.02539942e-05	0.0001975138629	0.0001624835496	5.893627307e-05	7.486705147e-05	2.947019805e-05	8.964626694e-05
O00629	KPNA4	2	521	520	1	57885.8000	57754.6050	0.002266445311	0.002189018048	M	0.0001060383401	3.605232149e-05	0.0001628213085	0.0001605264627	8.1923118e-05	6.204944275e-05	7.181435705e-05	0.0001778074019	0.000106333916	0.0002428588905	-0.002189018048	0.000152886124	9.896766268e-05	0.0001739414415	0.0001094291971	0.0001042351289	9.058243307e-05	0.0001742955374	4.051174807e-05	3.59432163e-05
O00754	MAN2B1	2	1011	962	49	113742.2700	108711.3250	0.04423109368	0.005114615338	A	-0.005114615338	-0.002367114383	0.001405457635	0.002354784767	-3.649008466e-05	-0.001109438829	0.00148988591	0.001306261175	0.001247861474	-0.003241596969	-0.001253531669	0.002255523059	-0.001783369255	0.002962657365	-0.002574453763	-0.0002590803217	0.001469669355	0.002153682705	0.0003406106103	0.0007532965546
O00757	FBP2	1	339	339	0	36742.7400	36742.7400	0	0	A	0	0	0	0	0	0	0	0	0	0	0	0	0	0	0	0	0	0	0	0
O00763	ACACB	2	2458	2458	0	276536.9050	276536.9050	0	0	A	0	0	0	0	0	0	0	0	0	0	0	0	0	0	0	0	0	0	0	0
O00764	PDXK	2	312	312	0	35101.8450	35101.8450	0	0	A	0	0	0	0	0	0	0	0	0	0	0	0	0	0	0	0	0	0	0	0
O14497	ARID1A	2	2285	2284	1	242040.8200	241909.6250	0.0005420366697	0.0005021744014	M	3.200856583e-05	3.608769927e-06	1.932647307e-05	2.793710206e-05	1.291555256e-05	3.451781659e-05	1.299703359e-05	1.343003535e-05	2.041074595e-05	3.36971796e-05	-0.0005021744014	2.287343879e-05	6.343956018e-05	5.957899396e-05	2.821287541e-05	4.851689741e-05	2.28403028e-05	1.461157539e-05	4.942214287e-06	2.630926863e-05
O14521	SDHD	2	159	103	56	17042.6800	10888.5300	0.3611022445	0.03886308244	R	0.01598509432	-0.001897106748	0.008374792084	-0.003233759768	0.00104417674	0.004022569947	-0.01705015388	-0.01607314855	0.02068588039	0.01776940337	0.0009431661198	0.007477990335	-0.02242670509	-0.006424001258	-0.03886308244	0.002657122915	0.00749515577	-0.002928124656	-0.003197648894	0.02563837929
O14531	DPYSL4	2	572	572	0	61876.8250	61876.8250	0	0	A	0	0	0	0	0	0	0	0	0	0	0	0	0	0	0	0	0	0	0	0
O14545	TRAFD1	2	582	581	1	64840.1650	64708.9700	0.002023360058	0.001949890839	M	8.455152153e-05	7.985263302e-05	0.0001017574045	0.0002288459412	6.532282823e-05	7.124573713e-05	6.95329522e-05	8.299190391e-05	8.478720411e-05	0.0001556098198	-0.001949890839	0.0001149403387	0.0001396163577	0.0001502531818	0.0001836953275	0.0001329819194	7.850813507e-05	7.103299011e-05	1.615137476e-05	3.821326795e-05
O14548	COX7A2L	2	114	59	55	12614.5250	6635.8500	0.4739516549	0.03653058679	S	-0.02049581885	0.007504379828	-0.001682542071	-0.01097280157	-0.01336379637	0.00787587538	0	-0.001658144579	0.02346801596	0.03001029063	0.01754037257	0.0163664355	-0.01076934492	0.01625578733	0.02157911796	-0.03653058679	-0.01927350837	0.005034636691	-0.01393972241	-0.01694864593
O14558	HSPB6	2	160	160	0	17135.2850	17135.2850	0	0	A	0	0	0	0	0	0	0	0	0	0	0	0	0	0	0	0	0	0	0	0
O14561	NDUFAB1	2	156	88	68	17417.0350	10169.4950	0.4161178984	0.06273570868	R	-0.0389449819	-0.007662639065	0.06180644956	0.04729945461	0.009527863406	-0.003099327634	0.005541969976	0.0374832202	0.03655342659	-0.02454210011	0.01188253852	0.004719336598	-0.01361892886	-0.02049611737	-0.06273570868	-0.01098503691	-0.02521651682	-0.01547009004	0	0.007957187941
O14562	UBFD1	2	309	309	0	33381.5100	33381.5100	0	0	A	0	0	0	0	0	0	0	0	0	0	0	0	0	0	0	0	0	0	0	0
O14579	COPE	2	308	307	1	34481.4050	34350.2100	0.003804804358	0.003631421067	M	0.0002917002251	4.533765121e-05	0.0002988333464	0.0003028054426	0.0001390804296	9.831826647e-05	0.0001015990345	0.0001104375565	0.000191463266	0.0004908335844	-0.003631421067	9.887769028e-05	0.0001507843615	0.0002597541321	0.0002933326575	0.0001966215651	0.0001337228709	0.0001863077733	3.820920737e-05	0.0002034020062
O14602	EIF1AY	2	144	144	0	16442.1750	16442.1750	0	0	A	0	0	0	0	0	0	0	0	0	0	0	0	0	0	0	0	0	0	0	0
O14617	AP3D1	2	1153	1152	1	130156.0400	130024.8450	0.001007982419	0.0009593822645	M	4.674276173e-05	1.509761298e-05	5.67396738e-05	8.973866533e-05	2.925114966e-05	2.067812369e-05	3.25609585e-05	5.505666679e-05	0.0001112169748	0.0001049517711	-0.0009593822645	3.206016193e-05	4.605892126e-05	5.463102906e-05	6.397813857e-05	6.823261395e-05	3.437421458e-05	5.685510098e-05	6.696744023e-06	3.446098172e-05
O14618	CCS	2	274	274	0	29040.2250	29040.2250	0	0	A	0	0	0	0	0	0	0	0	0	0	0	0	0	0	0	0	0	0	0	0
O14639	ABLIM1	2	778	778	0	87686.4750	87686.4750	0	0	A	0	0	0	0	0	0	0	0	0	0	0	0	0	0	0	0	0	0	0	0
O14647	CHD2	2	1828	1828	0	211340.3550	211340.3550	0	0	A	0	0	0	0	0	0	0	0	0	0	0	0	0	0	0	0	0	0	0	0
O14653	GOSR2	2	212	212	0	24774.9750	24774.9750	0	0	A	0	0	0	0	0	0	0	0	0	0	0	0	0	0	0	0	0	0	0	0
O14657	TOR1B	2	336	312	24	37978.3550	35561.4150	0.06363993385	0.01513503121	A	-0.01513503121	0.001143261446	0.003977101727	0.004396325898	0.005455544355	-0.001050042578	0.002683981439	0.004538289982	0.00551777454	-0.01128023155	-0.002451478632	0.002908919104	0.002172725162	0.002068457755	-0.007490342061	0.002809605579	0.002248024158	-0.002007111521	-0.00335527757	0.002849503981
O14672	ADAM10	2	748	535	213	84141.1850	59400.7800	0.2940344256	0.01674855789	C	0.002367144064	0.01674855789	0.001139202394	-0.006643248936	-0.003200686932	-0.001238505261	-0.01463042998	0.003254172915	0.007090403544	-0.006710131496	-0.0006811227939	0.00621788387	0.007860383846	0.002023060281	-0.008604531766	0.005172607163	0.003670393704	-0.003470201105	0.002239377902	-0.01260432929
O14681	EI24	2	340	339	1	38963.9850	38832.7900	0.003367083731	0.003255568617	M	0.0001575732645	4.464487392e-05	8.828011633e-05	0.0001301142351	0.0003652139348	8.298507805e-05	9.147114149e-05	0.0002416667263	0.000161603684	0.0004446667765	-0.003255568617	7.789343999e-05	0.0001357534324	0.0001830882005	0.0002567559273	0.0002865533223	7.900771944e-05	0.0001726690981	0.0001354512799	0.0001201763657
O14683	TP53I11	2	189	189	0	21053.6100	21053.6100	0	0	A	0	0	0	0	0	0	0	0	0	0	0	0	0	0	0	0	0	0	0	0
O14732	IMPA2	2	288	288	0	31320.3950	31320.3950	0	0	A	0	0	0	0	0	0	0	0	0	0	0	0	0	0	0	0	0	0	0	0
O14735	CDIPT	2	213	213	0	23538.4200	23538.4200	0	0	A	0	0	0	0	0	0	0	0	0	0	0	0	0	0	0	0	0	0	0	0
O14737	PDCD5	2	125	124	1	14284.8400	14153.6450	0.009184212074	0.008785787935	M	0.0006882463393	0	0.000661009164	0.001136622336	9.115293747e-05	0.0001656964953	0.0001712255978	0.0002895219035	0.0008873547262	0.0009409461862	-0.008785787935	0.0002916187687	0.000127058995	0.0008870512325	0.0009612471522	0.0004059255124	0.0003286560298	0.0004525090282	0	0.0002999455307
O14744	PRMT5	2	637	637	0	72682.7900	72682.7900	0	0	A	0	0	0	0	0	0	0	0	0	0	0	0	0	0	0	0	0	0	0	0
O14745	NHERF1	2	358	357	1	38867.8650	38736.6700	0.003375410509	0.00325033381	M	0.0002274816443	4.41955583e-05	0.0001844934754	0.0003864142122	9.641022484e-05	0.000147869817	9.055055623e-05	8.612443453e-05	0.000234633329	0.0003062202117	-0.00325033381	0.0001445803193	0.0002267783673	0.0002025685687	0.0003050062564	0.0002376689466	7.821256874e-05	0.0001965710169	1.489867434e-05	3.96556283e-05
O14776	TCERG1	2	1098	1098	0	123899.1250	123899.1250	0	0	A	0	0	0	0	0	0	0	0	0	0	0	0	0	0	0	0	0	0	0	0
O14791	APOL1	2	398	371	27	43973.5250	41128.0400	0.06470904937	0.00533181628	V	-0.003082871679	-0.002369855501	0.003448381126	0.003742800379	-0.0009785566495	-0.001743563237	0.001269365333	0.0006538680045	0.004983578203	-0.004779450697	-0.004412783036	0.003422991092	0.002040870555	0.003188399179	-0.002301397891	-0.0002419722967	0.003086184521	-0.00533181628	-0.002323652413	0.00172948129
O14818	PSMA7	2	248	248	0	27886.5050	27886.5050	0	0	A	0	0	0	0	0	0	0	0	0	0	0	0	0	0	0	0	0	0	0	0
O14828	SCAMP3	2	347	347	0	38286.3500	38286.3500	0	0	A	0	0	0	0	0	0	0	0	0	0	0	0	0	0	0	0	0	0	0	0
O14832	PHYH	2	338	308	30	38537.7950	35435.2050	0.08050771976	0.00967398489	A	-0.00967398489	0.001690747176	0.003980069726	0.003154532115	0.006256892884	-0.002205127368	-0.002316591184	0.001766380748	0.007577263323	-0.005747510592	-0.0006677691624	0.004214149259	-0.001719040561	-0.003056060757	-0.006853358961	0.001205679028	0.00112917422	-0.003207655883	0.001221352125	0.003250858754
O14841	OPLAH	2	1288	1288	0	137455.3550	137455.3550	0	0	A	0	0	0	0	0	0	0	0	0	0	0	0	0	0	0	0	0	0	0	0
O14874	BCKDK	2	412	382	30	46359.6550	43354.0050	0.0648333125	0.01245442103	L	-0.003351894958	0.0007956702832	0.004720040107	0.003671628271	0.003254459576	-0.004713695386	0.004075544551	0.002211852957	0.003264152621	-0.01245442103	-0.0008155313453	0.001388233183	-0.005541329004	0.002687206293	-0.005867653933	-0.0008727179533	0.003442002923	0.0007445029162	0.0002682267831	0.003093723146
O14879	IFIT3	2	490	490	0	55983.9850	55983.9850	0	0	A	0	0	0	0	0	0	0	0	0	0	0	0	0	0	0	0	0	0	0	0
O14880	MGST3	2	152	152	0	16516.1150	16516.1150	0	0	A	0	0	0	0	0	0	0	0	0	0	0	0	0	0	0	0	0	0	0	0
O14908	GIPC1	2	333	333	0	36048.8000	36048.8000	0	0	A	0	0	0	0	0	0	0	0	0	0	0	0	0	0	0	0	0	0	0	0
O14925	TIMM23	2	209	209	0	21942.9300	21942.9300	0	0	A	0	0	0	0	0	0	0	0	0	0	0	0	0	0	0	0	0	0	0	0
O14949	UQCRQ	2	82	81	1	9906.2650	9775.0700	0.01324363925	0.01295370366	M	0.0003128325299	0	0.0001557900614	0.001205482661	0.001546804523	0.0003514698697	0.000363198017	0.0006141241881	0.0006844462534	0.0006141241881	-0.01295370366	0.0006185719885	0.0006737832372	0.0003421060793	0.002038965342	0.000615025453	0.0005577073515	0.0009598470315	0.0002390341574	0.00106039073
O14950	MYL12B	1	172	172	0	19778.9150	19778.9150	0	0	A	0	0	0	0	0	0	0	0	0	0	0	0	0	0	0	0	0	0	0	0
O14958	CASQ2	1	399	380	19	46435.0900	44210.4050	0.0479095658	0.006764222867	E	9.811655802e-06	-0.00214655549	0.006618727763	0.006764222867	-0.002288468182	-0.0004847756802	-0.002166465497	-0.002063312008	0.001524897651	-0.0004633912831	-0.002083521217	0.001363583833	0.001836360825	0.001371164928	-0.005028391246	-0.002343280094	-0.0008809999607	0.0006724009512	0.0009580515315	-0.001170061349
O14964	HGS	2	777	777	0	86190.5800	86190.5800	0	0	A	0	0	0	0	0	0	0	0	0	0	0	0	0	0	0	0	0	0	0	0
O14967	CLGN	2	610	591	19	70037.6150	67830.9700	0.03150656972	0.004660066035	F	-0.001056222318	-0.001155517923	0.003095884284	0.004366280428	-0.004660066035	6.578852806e-06	-0.001230804508	-0.001186885963	0.003458982368	-0.004530508214	-0.001183682505	-0.0005182645416	0.002077684926	-0.000983507899	0.00111775547	9.209692838e-06	0.00095541785	0.001456406663	-0.001128684553	0.001089943924
O14972	VPS26C	2	297	297	0	33010.0600	33010.0600	0	0	A	0	0	0	0	0	0	0	0	0	0	0	0	0	0	0	0	0	0	0	0
O14974	PPP1R12A	1	1030	1030	0	115279.0150	115279.0150	0	0	A	0	0	0	0	0	0	0	0	0	0	0	0	0	0	0	0	0	0	0	0
O14979	HNRNPDL	2	420	420	0	46436.9250	46436.9250	0	0	A	0	0	0	0	0	0	0	0	0	0	0	0	0	0	0	0	0	0	0	0
O14980	XPO1	2	1071	1071	0	123384.0700	123384.0700	0	0	A	0	0	0	0	0	0	0	0	0	0	0	0	0	0	0	0	0	0	0	0
O14981	BTAF1	2	1849	1849	0	206884.2000	206884.2000	0	0	A	0	0	0	0	0	0	0	0	0	0	0	0	0	0	0	0	0	0	0	0
O14983	ATP2A1	1	1001	1001	0	110251.1500	110251.1500	0	0	A	0	0	0	0	0	0	0	0	0	0	0	0	0	0	0	0	0	0	0	0
O15027	SEC16A	2	2357	2357	0	251889.4300	251889.4300	0	0	A	0	0	0	0	0	0	0	0	0	0	0	0	0	0	0	0	0	0	0	0
O15031	PLXNB2	2	1838	1819	19	205124.5050	203243.2500	0.009171283558	0.002946503641	L	-0.001076621583	0.00023002172	0.0005317013633	0.0007157719763	0.0004573515316	-0.000600970837	0.0002761421096	0.0003631624215	0.0005030431776	-0.002946503641	-0.000443410764	0.0003605670198	0.0004963446525	-8.747990151e-05	0.000723445458	7.010136601e-05	1.35001584e-05	0.0006903938372	-0.0007280448495	0.0004514847849
O15042	U2SURP	2	1029	1028	1	118290.2600	118159.0650	0.001109093851	0.001059678593	M	3.697179156e-05	7.735483159e-06	6.373346041e-05	0.0001409031409	4.745964083e-05	2.576161377e-05	2.84785458e-05	4.082604584e-05	0.0001260026314	7.432433986e-05	-0.001059678593	4.63937454e-05	6.982971833e-05	3.848763597e-05	0.0001112183201	9.057812801e-05	3.517423025e-05	3.365758777e-05	1.466827267e-05	2.747426097e-05
O15061	SYNM	1	1565	1565	0	172865.1500	172865.1500	0	0	A	0	0	0	0	0	0	0	0	0	0	0	0	0	0	0	0	0	0	0	0
O15067	PFAS	2	1338	1338	0	144732.3450	144732.3450	0	0	A	0	0	0	0	0	0	0	0	0	0	0	0	0	0	0	0	0	0	0	0
O15075	DCLK1	2	740	740	0	82222.9150	82222.9150	0	0	A	0	0	0	0	0	0	0	0	0	0	0	0	0	0	0	0	0	0	0	0
O15078	CEP290	2	2479	2479	0	290381.3900	290381.3900	0	0	A	0	0	0	0	0	0	0	0	0	0	0	0	0	0	0	0	0	0	0	0
O15083	ERC2	2	957	957	0	110555.6500	110555.6500	0	0	A	0	0	0	0	0	0	0	0	0	0	0	0	0	0	0	0	0	0	0	0
O15126	SCAMP1	2	338	337	1	37919.8850	37788.6900	0.003459794248	0.003287941496	M	0.0002343445625	6.561517777e-05	0.0001338654225	0.0001593588826	0.0003833999157	9.873300208e-05	8.402273714e-05	0.0001420723484	0.0001583407534	0.0002537006222	-0.003287941496	0.0002044304412	0.0002137699972	0.0001922051542	0.0001752017776	0.0001869976863	0.0001566681125	0.0002084573124	0.0001105969924	0.0001261605982
O15143	ARPC1B	2	372	371	1	40949.2250	40818.0300	0.003203845738	0.00307344542	M	0.0001998279952	0.0001119014607	0.0001580516433	0.0001747117828	0.0001525668727	0.0001337145402	0.0001228235035	0.0001557598351	0.0002507491499	0.0002422930769	-0.00307344542	0.0001307399394	0.000106332248	7.712719646e-05	0.0001953644447	0.0002565142943	0.0001571676413	0.000200938935	0.0001751419091	7.171895131e-05
O15144	ARPC2	2	300	300	0	34332.5950	34332.5950	0	0	A	0	0	0	0	0	0	0	0	0	0	0	0	0	0	0	0	0	0	0	0
O15145	ARPC3	2	178	177	1	20546.4150	20415.2200	0.006385298847	0.006087629094	M	0.0002374568247	0.0001291739539	0.000319283343	0.0004705851065	0.0003962615735	0.0001800796436	4.135304339e-05	0.0003845766401	0.0007013678726	0.000524422691	-0.006087629094	0.0003521472183	0.0003989216017	0.0003895155501	0.0003250138647	0.0002520923104	0.0002857477973	0.0001561233978	0.000108863919	0.0004346427417
O15160	POLR1C	2	346	345	1	39249.1650	39117.9700	0.003342618881	0.003195461474	M	0.0001677591111	3.509967258e-05	0.000260270909	0.0002983617018	0.0001794563464	9.786394761e-05	0.0001236027901	0.0001804978066	0.0001482277482	0.0002944964213	-0.003195461474	0.0001339616259	0.000141749402	0.0001270089011	0.0003406400627	0.0001141659146	0.0001207804184	0.0002969573962	2.958094724e-05	0.0001049803512
O15173	PGRMC2	2	223	223	0	23818.1400	23818.1400	0	0	A	0	0	0	0	0	0	0	0	0	0	0	0	0	0	0	0	0	0	0	0
O15198	SMAD9	2	467	467	0	52492.6600	52492.6600	0	0	A	0	0	0	0	0	0	0	0	0	0	0	0	0	0	0	0	0	0	0	0
O15211	RGL2	2	777	777	0	83547.6800	83547.6800	0	0	A	0	0	0	0	0	0	0	0	0	0	0	0	0	0	0	0	0	0	0	0
O15212	PFDN6	2	129	128	1	14582.4100	14451.2150	0.008996798197	0.008756340294	M	0.0006112950968	0	0.0002810066825	0.001164852926	0.000174378264	0.0003169822939	0	0.0002769319801	0.00100308935	0.00124619391	-0.008756340294	0.000209203247	0.0001215338068	0.001311283587	0.0007355576874	0.0003328060736	0.0002514914803	0.000432831574	0	0.0002869023336
O15226	NKRF	2	690	690	0	77671.9250	77671.9250	0	0	A	0	0	0	0	0	0	0	0	0	0	0	0	0	0	0	0	0	0	0	0
O15230	LAMA5	2	3695	3660	35	399732.1600	396305.9550	0.00857125181	0.001339451662	L	-0.0009734710041	-2.253063169e-05	0.0004233924164	0.0005289479241	0.0003886619998	-0.000321740303	0.0003153943072	0.0001555440428	-0.0001429209565	-0.001339451662	-0.000207660683	0.0002437097788	-0.0001252966571	0.0005859047532	-0.0005959673664	0.0002394645553	0.0004417018576	-1.296469743e-05	0.0001191621363	0.0003001201895
O15239	NDUFA1	2	70	70	0	8072.2850	8072.2850	0	0	A	0	0	0	0	0	0	0	0	0	0	0	0	0	0	0	0	0	0	0	0
O15254	ACOX3	2	700	699	1	77627.8350	77496.6400	0.001690050998	0.001623703382	M	0.0001079644923	2.892082445e-05	8.553702714e-05	0.0001107626006	0.0001091928764	6.891987365e-05	5.412693474e-05	5.539497962e-05	8.858081227e-05	0.0002215799185	-0.001623703382	4.366657432e-05	7.187460552e-05	7.245042202e-05	0.0001311414737	0.0001119173551	5.030609112e-05	0.0001010993127	3.374806164e-05	7.651914582e-05
O15258	RER1	2	196	195	1	22957.6650	22826.4700	0.005714649116	0.005413144694	M	0.0001907895628	5.189373315e-05	0.0002280308974	0.0002205590736	0.0006013929442	0.0001929182509	0.0001661297602	0.000365177091	0.0003756856148	0.0004494487274	-0.005413144694	8.488197454e-05	0.0002712107151	0.0001564821344	0.0004476669684	0.0002700649926	0.0002550999295	0.0004014097615	0.0002186723792	0.0004656301837
O15260	SURF4	2	269	268	1	30393.5600	30262.3650	0.004316539425	0.004020049874	M	0.0001936981382	5.853872219e-05	0.0001768457889	0.0001421723703	0.0004389655278	0.0001994863017	5.622079944e-05	0.0002218127655	0.0001942380608	0.0006812820653	-0.004020049874	0.0001276681409	8.343797151e-05	0.0002118235934	0.0001893715101	0.0001904042479	0.0002014358209	0.0002830064091	0.0001726713538	0.0001969702865
O15269	SPTLC1	2	473	473	0	52743.1900	52743.1900	0	0	A	0	0	0	0	0	0	0	0	0	0	0	0	0	0	0	0	0	0	0	0
O15270	SPTLC2	2	562	562	0	62923.5750	62923.5750	0	0	A	0	0	0	0	0	0	0	0	0	0	0	0	0	0	0	0	0	0	0	0
O15273	TCAP	1	167	167	0	19051.3500	19051.3500	0	0	A	0	0	0	0	0	0	0	0	0	0	0	0	0	0	0	0	0	0	0	0
O15294	OGT	2	1046	1045	1	116922.7850	116791.5900	0.001122065301	0.001065299496	M	7.943783065e-05	2.160666194e-05	6.041876086e-05	7.155800379e-05	4.552693378e-05	3.468542362e-05	4.779044869e-05	6.59222375e-05	6.280572991e-05	0.0001158955466	-0.001065299496	6.961256768e-05	4.946182149e-05	5.567659821e-05	6.777899415e-05	4.514846539e-05	4.055456119e-05	5.317849613e-05	1.655404012e-05	6.16863746e-05
O15355	PPM1G	2	546	545	1	59270.9750	59139.7800	0.002213478013	0.002098907713	M	0.0001200092148	4.554678116e-05	0.0001876323634	0.0003825573118	5.174887738e-05	0.000119937163	3.888292669e-05	9.040123822e-05	0.0001602886939	0.0001479292989	-0.002098907713	8.277815461e-05	9.377326387e-05	7.324976999e-05	9.822857311e-05	0.0001382699679	9.702311467e-05	9.541855174e-05	1.279515193e-05	6.243729646e-05
O15357	INPPL1	2	1258	1258	0	138596.6950	138596.6950	0	0	A	0	0	0	0	0	0	0	0	0	0	0	0	0	0	0	0	0	0	0	0
O15371	EIF3D	2	548	548	0	63971.9250	63971.9250	0	0	A	0	0	0	0	0	0	0	0	0	0	0	0	0	0	0	0	0	0	0	0
O15372	EIF3H	2	352	352	0	39929.7250	39929.7250	0	0	A	0	0	0	0	0	0	0	0	0	0	0	0	0	0	0	0	0	0	0	0
O15382	BCAT2	2	392	365	27	44287.1150	41263.4800	0.06827346961	0.00638493288	A	-0.00638493288	-0.001320866938	0.002664529252	0.004838864625	0.00377935891	0.0004027480267	0.001996681024	7.051568729e-05	0.0007057141462	-0.004148951695	-0.0003465055288	0.001889221878	-0.0002054699107	0.001123412355	-0.004700927239	0.0003570377655	0.002895662937	0.002910753297	-0.005328807695	-0.001198038019
O15400	STX7	2	261	260	1	29814.9700	29683.7750	0.004400306289	0.004268706756	M	0.0001682638554	3.051124139e-05	0.0002346263091	0.000426088378	0.000124797424	9.452289912e-05	7.814161608e-05	0.000396384239	0.0002392939045	0.0003303201992	-0.004268706756	0.0001663562732	0.0001159709218	0.0005888296886	0.0003948128446	0.0002911083686	0.0002099826141	0.0002360113522	5.142791117e-05	9.125671555e-05
O15427	SLC16A3	2	465	464	1	49468.8400	49337.6450	0.002652073507	0.002500148109	M	0.0001793445144	5.962090647e-05	8.335904222e-05	0.0001118914189	0.0002586416263	0.0001813455072	3.470311098e-05	0.0001173575783	0.0001046367576	0.0003520727348	-0.002500148109	4.728301667e-05	0.0001442092642	5.230048484e-05	0.0001402708022	0.0001410357692	8.526117085e-05	0.0002567940743	3.654305807e-05	0.0001134772717
O15439	ABCC4	2	1325	1325	0	149524.4000	149524.4000	0	0	A	0	0	0	0	0	0	0	0	0	0	0	0	0	0	0	0	0	0	0	0
O15460	P4HA2	2	535	514	21	60901.0600	58565.1850	0.03835524373	0.004748494276	W	-0.001666071371	-0.001305440649	0.002493099357	0.003925063473	-0.0006546870818	0.0003842436979	0.001144834539	0.001116794763	0.0002503988007	-0.003419584784	-0.003469409612	0.00112488316	0.001372319994	-0.0005791874214	0.003559575777	-0.001369841294	0.00209601299	-0.0027227823	-0.004748494276	0.002468272235
O15498	YKT6	2	198	195	3	22417.2650	22101.8400	0.01407062815	0.005414537027	M	-0.002787185799	0.0002020533898	0.0008878608841	0.001145024797	0.0007346142722	0.0002921124568	0.0003449827602	-0.004614069862	0.001218974292	0.001458310946	-0.005414537027	0.0003672181944	0.0003839948294	0.0007311344268	0.0009683531556	0.00122677893	0.0006621712279	0.001172196498	0.0001135230089	0.000906488619
O15511	ARPC5	2	151	150	1	16320.2200	16189.0250	0.008038800948	0.007657842778	M	0.0005553980079	5.035508859e-05	0.0007191268553	0.0005503359001	0.0002746172692	0.000374396484	6.448161105e-05	0.0003270919596	0.000850608663	0.0006541839191	-0.007657842778	0.000439281235	0.0001913958848	0.0003644218874	0.0004343936827	0.0005677914442	0.0002475362394	0.0006816389963	8.487550505e-05	0.0002259121451
O15514	POLR2D	2	142	142	0	16311.0050	16311.0050	0	0	A	0	0	0	0	0	0	0	0	0	0	0	0	0	0	0	0	0	0	0	0
O15523	DDX3Y	2	660	659	1	73152.6950	73021.5000	0.001793440419	0.001714797947	M	6.447164595e-05	2.004107467e-05	0.0001293444111	0.0001247259574	9.90497778e-05	0.0001226211152	4.811880058e-05	8.678731478e-05	9.974780797e-05	0.0001274688686	-0.001714797947	6.829365059e-05	6.427232691e-05	6.04325407e-05	0.0001980991421	0.0001390634888	5.911091486e-05	7.993334499e-05	2.955752506e-05	9.36582391e-05
O43143	DHX15	2	795	795	0	90931.4900	90931.4900	0	0	A	0	0	0	0	0	0	0	0	0	0	0	0	0	0	0	0	0	0	0	0
O43148	RNMT	2	476	476	0	54843.5250	54843.5250	0	0	A	0	0	0	0	0	0	0	0	0	0	0	0	0	0	0	0	0	0	0	0
O43149	ZZEF1	2	2961	2960	1	331070.1500	330938.9550	0.0003962755325	0.0003780697247	M	2.042993175e-05	1.052615633e-05	2.218574921e-05	3.255048391e-05	1.902395036e-05	1.190633692e-05	1.332241031e-05	1.417850354e-05	2.451533621e-05	4.863094203e-05	-0.0003780697247	1.067752634e-05	1.570125521e-05	2.258773237e-05	2.481300499e-05	2.632844274e-05	1.817078675e-05	2.177570455e-05	8.664822326e-06	1.208064883e-05
O43169	CYB5B	2	150	135	15	16694.3250	15353.9400	0.08028985898	0.01470153472	M	-0.01129163331	0.001133498177	-0.001887609612	0.002042790871	0.002318123522	-0.008110063633	0.002902975276	0.003681436677	0.006154485338	0.007976446134	-0.01470153472	0.001854049759	0.002692713048	0.002050793459	0.00488912304	-0.01431833545	-0.003360966579	0.005479915463	0.002865834407	0.007627958126
O43175	PHGDH	2	533	532	1	56649.7500	56518.5550	0.002315897246	0.002191741965	M	0.0001639991873	5.369348514e-05	9.074590335e-05	0.00015548264	8.446834584e-05	0.0001279544509	4.231172624e-05	0.0001073160644	0.0001295716506	0.0002906476744	-0.002191741965	8.557386411e-05	0.0001020424388	0.000134509155	0.0001306441022	0.0001146384611	0.000142125402	0.0001757170674	4.177038704e-05	1.852995893e-05
O43181	NDUFS4	2	175	133	42	20107.7000	15385.1400	0.2348632613	0.04146454761	R	-0.01472211077	0	0.01413142194	0.01952625949	0.01096154015	0.004981432406	0.002059062842	0.008704069384	0.02716211122	-0.01777305205	-0.004918593403	0.01578079564	0.004214174213	0.003409765088	-0.04146454761	-0.01318202396	0.001631959465	-0.0212899021	-0.00402166387	0.004809301919
O43237	DYNC1LI2	2	492	492	0	54098.5750	54098.5750	0	0	A	0	0	0	0	0	0	0	0	0	0	0	0	0	0	0	0	0	0	0	0
O43240	KLK10	2	276	246	30	30169.3550	26978.5450	0.105763282	0.01789141584	L	-0.01486511904	0.004920128608	0.005404994369	0.003485260299	0.001677030465	0.003451566606	-0.005159305503	0.003551079947	-0.0002044663762	-0.01789141584	-0.006981511313	0.003576798678	0.0004571602915	0.003751956558	-0.0004872842566	-0.0002939649973	0.004837287222	0.00753237335	-0.001667807886	0.004905238816
O43242	PSMD3	2	534	534	0	60976.5450	60976.5450	0	0	A	0	0	0	0	0	0	0	0	0	0	0	0	0	0	0	0	0	0	0	0
O43264	ZW10	2	779	778	1	88828.1000	88696.9050	0.001476953802	0.001406573425	M	5.663879123e-05	2.567574342e-05	6.393364658e-05	0.0001475815567	6.067776905e-05	2.545365545e-05	4.383835801e-05	8.153793312e-05	0.0001197893375	0.0001945791586	-0.001406573425	5.599668573e-05	5.04223058e-05	8.464970777e-05	8.121469057e-05	9.501974694e-05	7.236451301e-05	7.613294472e-05	1.731099479e-05	5.375588587e-05
O43290	SART1	2	800	800	0	90253.6150	90253.6150	0	0	A	0	0	0	0	0	0	0	0	0	0	0	0	0	0	0	0	0	0	0	0
O43293	DAPK3	2	454	454	0	52534.9050	52534.9050	0	0	A	0	0	0	0	0	0	0	0	0	0	0	0	0	0	0	0	0	0	0	0
O43294	TGFB1I1	2	461	461	0	49813.5800	49813.5800	0	0	A	0	0	0	0	0	0	0	0	0	0	0	0	0	0	0	0	0	0	0	0
O43324	EEF1E1	2	174	173	1	19810.2450	19679.0500	0.006622583416	0.006508092698	M	0.0002800056794	3.461819826e-05	0.0002281783851	0.0004203842449	0.0001887943272	0.0002144922535	0.0003546393833	0.0003373045691	0.0005012381384	0.0009369571365	-0.006508092698	0.0003774972231	9.868586578e-05	0.0004175555872	0.000298637676	0.0003903461862	0.0003743885569	0.0003681969395	0.0001167007007	0.0005694716472
O43374	RASA4	2	803	803	0	90456.2300	90456.2300	0	0	A	0	0	0	0	0	0	0	0	0	0	0	0	0	0	0	0	0	0	0	0
O43390	HNRNPR	2	633	632	1	70942.3200	70811.1250	0.001849319278	0.001782772549	M	7.859260519e-05	1.336047823e-05	0.0001144815227	0.0001654871001	6.557661469e-05	0.0001274822957	3.079548329e-05	5.496431935e-05	0.0001418610197	0.0001041429209	-0.001782772549	6.993145132e-05	0.0001066425521	0.000112805398	0.0001882508585	6.489513767e-05	5.779630847e-05	0.0001033463205	2.251961757e-05	0.0001598405448
O43395	PRPF3	2	683	683	0	77527.8800	77527.8800	0	0	A	0	0	0	0	0	0	0	0	0	0	0	0	0	0	0	0	0	0	0	0
O43396	TXNL1	2	289	288	1	32250.9700	32119.7750	0.004067939662	0.003873757448	M	0.0001428226968	9.064300938e-05	0.0002845018287	0.0003459401162	0.0003354396261	0.000168485574	6.632675991e-05	0.0001962635117	0.0002812335846	0.0002523388008	-0.003873757448	0.0002400460133	0.0002091772442	0.0002498999083	0.0002047942916	0.0001909357821	0.0002164265902	0.0002629290661	0	0.0001355530445
O43399	TPD52L2	2	206	206	0	22237.4250	22237.4250	0	0	A	0	0	0	0	0	0	0	0	0	0	0	0	0	0	0	0	0	0	0	0
O43402	EMC8	2	210	210	0	23772.6850	23772.6850	0	0	A	0	0	0	0	0	0	0	0	0	0	0	0	0	0	0	0	0	0	0	0
O43414	ERI3	2	337	337	0	37237.6600	37237.6600	0	0	A	0	0	0	0	0	0	0	0	0	0	0	0	0	0	0	0	0	0	0	0
O43447	PPIH	2	177	176	1	19208.0000	19076.8050	0.006830226989	0.006443747646	M	0.0002137739882	0.0001817042907	0.0003992215432	0.0003089122912	0.0006936616785	0.0004728480738	0.0001396075637	0.0004327759489	0.0005261805927	0.0003147461447	-0.006443747646	0.0003962821209	0.0003798543493	0.0002191669283	0.0003657481216	0.0003467288593	0.0002501028487	0.0006324857011	6.12539621e-05	0.0001086926392
O43464	HTRA2	2	458	325	133	48840.0950	34980.4200	0.2837765774	0.02760328957	R	-0.01319128243	-0.002122897099	0.007864023521	0.01074631009	0.01037425109	-0.01137156365	0.006495813132	0.01783838514	0.00612067626	-0.01344238194	0.002591557877	0.006904391539	-0.003712017174	0.0127358746	-0.02760328957	0.001027664623	-0.01133984317	0.01587800398	-0.02146936508	0.005675688251
O43488	AKR7A2	2	359	321	38	39588.3700	35599.6900	0.1007538325	0.01586328003	R	-0.007829222527	-0.0005504540283	0.003919553946	0.005469567805	0.00526992519	0.005342465895	0.001579565883	0.001931359471	0.004663783301	0.002718711072	-0.003918927362	0.003242245601	-0.0135499889	0.005379447912	-0.01586328003	-0.006771396824	0.004969480042	-0.005291310585	0.003508113667	0.005780360464
O43491	EPB41L2	2	1005	1004	1	112586.5700	112455.3750	0.001165281081	0.001127493923	M	4.598319815e-05	9.539376214e-06	5.589043575e-05	0.0001686128749	3.179249684e-05	3.809014379e-05	3.257475998e-05	5.393250336e-05	0.0001138219117	8.147250508e-05	-0.001127493923	2.427202789e-05	5.640202989e-05	7.415070753e-05	8.076853823e-05	7.630582411e-05	6.981965366e-05	7.481408277e-05	1.071933207e-05	2.853152156e-05
O43504	LAMTOR5	2	91	91	0	9613.7900	9613.7900	0	0	A	0	0	0	0	0	0	0	0	0	0	0	0	0	0	0	0	0	0	0	0
O43548	TGM5	2	720	719	1	80776.5650	80645.3700	0.001624171565	0.001564003092	M	6.213716721e-05	3.503860608e-05	9.50968169e-05	8.259500986e-05	8.430311894e-05	5.618983113e-05	3.695034095e-05	8.925512127e-05	9.201487166e-05	0.0001539650842	-0.001564003092	8.765401354e-05	7.63821267e-05	0.0001068996278	8.890128531e-05	0.0001108387747	7.497647932e-05	0.0001016368282	5.211085099e-05	7.705713684e-05
O43583	DENR	2	198	197	1	22091.7750	21960.5800	0.005938635533	0.005785195128	M	0.0003050647517	0.000193610594	0.0004861495082	0.0006717428357	0.0002639694125	0.0002570570312	0	0.0003892688781	0.0008009413592	0.0002694938387	-0.005785195128	0.0001206425113	0.0002365390383	0.0003669725678	0.0003181339006	0.0002399016333	0.0002447366476	0.0003209189419	9.323953096e-05	0.0002068121464
O43598	DNPH1	2	174	173	1	19108.1550	18976.9600	0.006865916673	0.00662292984	M	0.0005689812614	7.369516074e-05	0.0003643093143	0.0008054219296	0.0003014287785	0.0004337802023	9.436946342e-05	0.0001994592736	4.445978684e-05	0.0005983778207	-0.00662292984	4.018077186e-05	0.0003151234512	0.0003111120647	0.001006587335	0.0002876428688	0.0002173630129	0.0004987926425	0.0001863241878	0.0002755205137
O43615	TIMM44	2	452	452	0	51355.0350	51355.0350	0	0	A	0	0	0	0	0	0	0	0	0	0	0	0	0	0	0	0	0	0	0	0
O43617	TRAPPC3	2	180	180	0	20273.8650	20273.8650	0	0	A	0	0	0	0	0	0	0	0	0	0	0	0	0	0	0	0	0	0	0	0
O43633	CHMP2A	2	222	222	0	25103.5650	25103.5650	0	0	A	0	0	0	0	0	0	0	0	0	0	0	0	0	0	0	0	0	0	0	0
O43660	PLRG1	2	514	514	0	57192.9950	57192.9950	0	0	A	0	0	0	0	0	0	0	0	0	0	0	0	0	0	0	0	0	0	0	0
O43665	RGS10	2	181	181	0	21209.5700	21209.5700	0	0	A	0	0	0	0	0	0	0	0	0	0	0	0	0	0	0	0	0	0	0	0
O43674	NDUFB5	2	189	143	46	21749.9400	17001.3200	0.2183279586	0.02336620151	E	-0.01925811568	0	0.01056902542	0.02336620151	-0.006597766433	-0.01195771973	0.002627723245	0.01934357394	0.009109375605	-0.01345391766	-0.008486637171	0.004496231531	-0.001986321337	0.003315568049	-0.01786744268	-0.00658158557	-0.007460257619	-0.006681677279	0.006949897088	0.02055384476
O43676	NDUFB3	2	98	97	1	11401.8050	11270.6100	0.01150651147	0.01108692354	M	0.0006998791623	0	0.0004647181577	0.001027407702	0.001009330479	0.0006552665683	0.001083411302	0.0002289897849	0.001403660072	0.0006869693547	-0.01108692354	0.0002306482456	0.0003014819769	0.0002551236347	0.0006082186556	0.0003669213463	0.0002079535197	0.0005112859896	0.0007130333746	0.0006326242148
O43677	NDUFC1	2	76	49	27	8734.1150	5937.8100	0.32015894	0.052100892	S	-0.03107190976	0	0.01273749029	0.02816028469	0.02371268994	0.003332595291	0.007423822758	0.01882918784	0.03497546403	-0.04037843851	-0.01479488837	0.01896555842	-0.04055178485	0.006992700341	-0.04408501055	-0.052100892	0.01709943475	0.005200659895	0.01954357826	0.02600945754
O43678	NDUFA2	2	99	98	1	10921.4000	10790.2050	0.01201265406	0.01176097808	M	0.001002852721	0.0002273087808	0.0004994189291	0.0008280936181	0.0004648704709	0.0004929369892	0.0001455387807	0.0006152214588	0.0008228030043	0.001230442918	-0.01176097808	0.0006196772062	0.0005399896817	0.0006854346572	0.001470678056	0.0005914793606	0.0002234815283	0.0007692496109	0.0001915689964	0.0003399313139
O43681	GET3	2	348	347	1	38792.2950	38661.1000	0.003381986036	0.003147431209	M	0.0001577665376	7.151941368e-05	0.0001964186605	0.0003365407224	0.000219397135	0.0001107824857	6.868750226e-05	0.0002032490419	0.0002480962477	0.0003290698774	-0.003147431209	0.0001169834715	0.0001783949241	0.0001617465611	0.0001285354269	0.0001705920415	0.0001318410453	0.0002074570645	3.013720424e-05	8.021584618e-05
O43707	ACTN4	1	911	911	0	104852.2300	104852.2300	0	0	A	0	0	0	0	0	0	0	0	0	0	0	0	0	0	0	0	0	0	0	0
O43708	GSTZ1	2	216	216	0	24211.8450	24211.8450	0	0	A	0	0	0	0	0	0	0	0	0	0	0	0	0	0	0	0	0	0	0	0
O43715	TRIAP1	2	76	76	0	8785.8350	8785.8350	0	0	A	0	0	0	0	0	0	0	0	0	0	0	0	0	0	0	0	0	0	0	0
O43716	GATC	2	136	79	57	15085.8150	8885.7500	0.4109864134	0.03469206092	R	-0.01417086682	0.009714215868	0.02215440481	0.03378543165	0.001006966617	-0.02096911606	0.003582738309	-0.004458805393	0.003375833151	-0.01783522157	-0.002536015677	0.02118590625	0.01454793548	-0.004967674164	-0.03469206092	-0.002931670648	-0.008824522568	0.01082095502	-0.02331565992	0.01452722659
O43719	HTATSF1	2	755	754	1	85851.7600	85720.5650	0.001528157373	0.001480281167	M	5.251271958e-05	1.831176513e-05	0.0001790354395	0.0003046440825	7.739562142e-05	6.240222139e-05	2.110402215e-05	3.171943521e-05	0.0001502441335	9.119337624e-05	-0.001480281167	4.992056802e-05	4.872114438e-05	4.859177106e-05	9.478106756e-05	9.688625555e-05	4.860930296e-05	4.426426388e-05	2.160564602e-05	3.833833124e-05
O43741	PRKAB2	2	272	272	0	30301.7650	30301.7650	0	0	A	0	0	0	0	0	0	0	0	0	0	0	0	0	0	0	0	0	0	0	0
O43747	AP1G1	2	822	822	0	91350.1250	91350.1250	0	0	A	0	0	0	0	0	0	0	0	0	0	0	0	0	0	0	0	0	0	0	0
O43760	SYNGR2	2	224	224	0	24809.7050	24809.7050	0	0	A	0	0	0	0	0	0	0	0	0	0	0	0	0	0	0	0	0	0	0	0
O43765	SGTA	2	313	313	0	34062.5300	34062.5300	0	0	A	0	0	0	0	0	0	0	0	0	0	0	0	0	0	0	0	0	0	0	0
O43768	ENSA	2	121	120	1	13388.8500	13257.6550	0.009798825142	0.009316223815	M	0.0004440245688	0	0.0005804491116	0.001191605894	0.0002058267441	0.0005144547202	9.665845192e-05	0.0001634378233	0.001548298321	0.0008171891163	-0.009316223815	0.0003292430466	0.0006455339229	0.00100149744	0.0003255798065	0.0005237685704	0.0003710588074	0.0002189533544	0	0.0003386441167
O43772	SLC25A20	2	301	300	1	32943.3600	32812.1650	0.003982441378	0.003738973183	M	0.0002087207264	7.404901701e-05	0.0001220195299	0.0001648552198	0.0003701819311	0.0002523417662	3.160752996e-05	0.0002137781349	0.0002680395955	0.000400834003	-0.003738973183	0.0001076632126	0.0002814547154	0.0001637459514	0.0002484190914	0.0001391597138	0.0002184067078	0.0002267277491	6.2406282e-05	0.0001845623059
O43776	NARS1	2	548	548	0	62942.2050	62942.2050	0	0	A	0	0	0	0	0	0	0	0	0	0	0	0	0	0	0	0	0	0	0	0
O43795	MYO1B	2	1136	1136	0	131983.2150	131983.2150	0	0	A	0	0	0	0	0	0	0	0	0	0	0	0	0	0	0	0	0	0	0	0
O43809	NUDT21	2	227	226	1	26226.9200	26095.7250	0.005002302977	0.004851579111	M	0.0001164190683	1.979084958e-05	0.0001739294869	0.0003845266027	0.0003237950256	0.0001961966428	0.0001267146877	0.000257111166	0.0003343111605	0.0005785001235	-0.004851579111	0.0002373921881	0.0003761176151	0.0002864544164	0.0003699105147	0.0001201612964	0.0002529491418	0.00026790172	0.0001334330572	0.0002959643476
O43813	LANCL1	2	399	398	1	45282.4800	45151.2850	0.002897257394	0.00277974976	M	0.000174435558	8.566554382e-05	0.0001230638609	0.000152040187	0.0001527341787	0.0001306531706	0.0001012596881	0.0001284134704	0.0001749217873	0.0003353018393	-0.00277974976	0.0001149720055	0.0001252339444	0.0001510171476	0.0001515903978	8.573461665e-05	0.0001036592892	0.0001083165387	5.553564694e-05	0.000325200889
O43815	STRN	2	780	780	0	86130.7550	86130.7550	0	0	A	0	0	0	0	0	0	0	0	0	0	0	0	0	0	0	0	0	0	0	0
O43819	SCO2	1	266	225	41	29809.4050	25137.9400	0.1567111118	0.02554392484	L	0.004402351191	0.001949086941	0.01141954317	0.009467453341	0.007972177415	0.002343956881	-0.003148797663	0.004923605532	0.0004763083086	-0.02554392484	-0.001914176147	0.001416932798	-0.001961474129	0.0006447904307	-0.006503272836	-0.006519735865	-0.004584478171	0.006035427362	-0.009620121597	0.008744347877
O43824	GTPBP6	2	516	516	0	56896.6350	56896.6350	0	0	A	0	0	0	0	0	0	0	0	0	0	0	0	0	0	0	0	0	0	0	0
O43826	SLC37A4	2	429	429	0	46359.4200	46359.4200	0	0	A	0	0	0	0	0	0	0	0	0	0	0	0	0	0	0	0	0	0	0	0
O43837	IDH3B	2	385	351	34	42183.1700	38793.3600	0.08035929969	0.0113381205	A	-0.0113381205	0.00109493466	0.003127377752	0.00717999156	0.003582811288	-0.002587809153	0.0002052354504	0.0045045048	0.006605665977	-0.003810447848	0.001006433039	0.0008911596619	0.0001522962127	0.003169635218	-0.005605743631	-0.004382423849	-0.001622549643	0.002215589239	-0.008318376047	0.003929835809
O43847	NRDC	2	1151	1131	20	131698.9100	129469.1700	0.01693058811	0.003722113223	R	-0.001671172135	-0.001369987059	0.001102018381	0.0009871103761	0.00110541076	0.0005278931518	0.0005279112989	0.0007884938509	0.0002678292417	6.40605316e-05	-0.0006066511496	0.0007792195342	0.0006790156295	0.0007293058583	-0.003722113223	0.0007747519381	-0.0007254355616	-0.001468770533	0.0003474381098	0.0008836710011
O43852	CALU	2	315	296	19	37106.2600	34960.6550	0.05782326217	0.01230520104	L	-0.002236289916	-0.005666584898	0.005539513156	0.00765121909	-0.004146511743	0.001735055218	0.002241190032	0.002084270616	0.006124104126	-0.01230520104	-0.005469698167	0.001526811612	0.001330470942	-0.00130640493	-0.001053970047	-0.003548748079	-0.0005486445138	0.002876855951	0.001770012871	0.003402549716
O43896	KIF1C	2	1103	1103	0	122944.7600	122944.7600	0	0	A	0	0	0	0	0	0	0	0	0	0	0	0	0	0	0	0	0	0	0	0
O43920	NDUFS5	2	106	106	0	12517.3450	12517.3450	0	0	A	0	0	0	0	0	0	0	0	0	0	0	0	0	0	0	0	0	0	0	0
O60220	TIMM8A	2	97	97	0	10998.2200	10998.2200	0	0	A	0	0	0	0	0	0	0	0	0	0	0	0	0	0	0	0	0	0	0	0
O60237	PPP1R12B	1	982	982	0	110402.1150	110402.1150	0	0	A	0	0	0	0	0	0	0	0	0	0	0	0	0	0	0	0	0	0	0	0
O60240	PLIN1	2	522	522	0	55989.4650	55989.4650	0	0	A	0	0	0	0	0	0	0	0	0	0	0	0	0	0	0	0	0	0	0	0
O60256	PRPSAP2	2	369	369	0	40925.1800	40925.1800	0	0	A	0	0	0	0	0	0	0	0	0	0	0	0	0	0	0	0	0	0	0	0
O60259	KLK8	2	260	228	32	28047.4650	24456.3150	0.1280383093	0.01741293315	R	-0.009243107447	0.007029521293	0.00543564734	9.889638638e-05	-0.002837910618	-0.000133195278	0.0007967156568	0.005854066511	0.0008489694248	-0.005501392304	-0.007790432704	0.004127525251	0.001182415386	0.006620402775	-0.01741293315	0.004760764525	0.002206580765	0.007842538977	-0.007928292699	0.00404321991
O60264	SMARCA5	2	1052	1051	1	121903.6950	121772.5000	0.001076218403	0.001024615995	M	4.092424847e-05	1.094869681e-05	6.214292109e-05	0.0001119037209	5.100227267e-05	2.939623282e-05	1.869363167e-05	5.63029685e-05	0.0001023817464	9.680159497e-05	-0.001024615995	5.173611669e-05	4.941801299e-05	4.84221087e-05	9.838555343e-05	4.431710045e-05	4.395443315e-05	4.234532293e-05	2.460595205e-05	4.093336033e-05
O60271	SPAG9	2	1321	1321	0	146203.3600	146203.3600	0	0	A	0	0	0	0	0	0	0	0	0	0	0	0	0	0	0	0	0	0	0	0
O60306	AQR	2	1485	1485	0	171292.7900	171292.7900	0	0	A	0	0	0	0	0	0	0	0	0	0	0	0	0	0	0	0	0	0	0	0
O60307	MAST3	2	1309	1309	0	143134.9700	143134.9700	0	0	A	0	0	0	0	0	0	0	0	0	0	0	0	0	0	0	0	0	0	0	0
O60313	OPA1	2	960	873	87	111628.9350	101496.1900	0.09077167134	0.008771279963	E	0.001376217457	-0.001129211296	0.005875199901	0.008771279963	0.0003770566295	-3.052361871e-06	-0.003374696557	0.001823089957	0.0008918158442	-0.004289432563	0.001037922231	0.001531140091	-0.003040719926	-0.003409023678	-0.005012617267	-0.004491706148	0.001655610854	0.001717364549	0.001104279097	-0.001410516774
O60341	KDM1A	2	852	852	0	92901.3250	92901.3250	0	0	A	0	0	0	0	0	0	0	0	0	0	0	0	0	0	0	0	0	0	0	0
O60343	TBC1D4	2	1298	1298	0	146561.0150	146561.0150	0	0	A	0	0	0	0	0	0	0	0	0	0	0	0	0	0	0	0	0	0	0	0
O60437	PPL	2	1756	1756	0	204743.2850	204743.2850	0	0	A	0	0	0	0	0	0	0	0	0	0	0	0	0	0	0	0	0	0	0	0
O60488	ACSL4	2	711	711	0	79187.1900	79187.1900	0	0	A	0	0	0	0	0	0	0	0	0	0	0	0	0	0	0	0	0	0	0	0
O60493	SNX3	2	162	161	1	18762.0950	18630.9000	0.006992556002	0.00684016408	M	0.0001996682997	3.879192982e-05	0.0004261477269	0.0006123880509	0.0005288906311	0.0002163171966	0.000149023636	0.0004199684247	0.0004680581232	0.0005879557946	-0.00684016408	0.0003384080401	0.0004054742793	0.0003275286263	0.0008366070701	0.0002691742426	0.0003432490271	0.0003750804373	6.538534093e-05	0.0002320472025
O60504	SORBS3	2	671	671	0	75339.7900	75339.7900	0	0	A	0	0	0	0	0	0	0	0	0	0	0	0	0	0	0	0	0	0	0	0
O60506	SYNCRIP	2	623	622	1	69601.8500	69470.6550	0.00188493553	0.001812335847	M	9.585781131e-05	1.109481201e-05	0.0001218817661	0.0001515704153	8.319689645e-05	0.0001306112843	4.26219895e-05	5.705435648e-05	0.000153948758	0.0001051001304	-0.001812335847	7.561522791e-05	8.697674213e-05	0.000117094862	0.0001794573938	6.014535499e-05	6.817503746e-05	9.923039242e-05	2.337593376e-05	0.0001493266828
O60524	NEMF	2	1076	1076	0	122952.7150	122952.7150	0	0	A	0	0	0	0	0	0	0	0	0	0	0	0	0	0	0	0	0	0	0	0
O60563	CCNT1	2	726	726	0	80683.2550	80683.2550	0	0	A	0	0	0	0	0	0	0	0	0	0	0	0	0	0	0	0	0	0	0	0
O60610	DIAPH1	2	1272	1272	0	141345.3650	141345.3650	0	0	A	0	0	0	0	0	0	0	0	0	0	0	0	0	0	0	0	0	0	0	0
O60645	EXOC3	2	745	745	0	85566.1400	85566.1400	0	0	A	0	0	0	0	0	0	0	0	0	0	0	0	0	0	0	0	0	0	0	0
O60662	KLHL41	1	606	606	0	68036.2950	68036.2950	0	0	A	0	0	0	0	0	0	0	0	0	0	0	0	0	0	0	0	0	0	0	0
O60664	PLIN3	2	434	433	1	47074.1550	46942.9600	0.002786985767	0.002652382908	M	0.0001947684197	1.805998663e-05	0.0001388782564	0.0002485518827	4.924610748e-05	8.951886407e-05	6.167067075e-05	7.169091259e-05	0.0001743274642	0.0002672115833	-0.002652382908	3.282278851e-05	0.0001029669657	0.0003049687211	0.0001644518096	0.0002401906673	0.0001598031567	0.000238650888	4.05877679e-05	5.401599501e-05
O60669	SLC16A7	2	478	478	0	52199.5950	52199.5950	0	0	A	0	0	0	0	0	0	0	0	0	0	0	0	0	0	0	0	0	0	0	0
O60684	KPNA6	2	536	536	0	60028.5950	60028.5950	0	0	A	0	0	0	0	0	0	0	0	0	0	0	0	0	0	0	0	0	0	0	0
O60701	UGDH	2	494	494	0	55023.3850	55023.3850	0	0	A	0	0	0	0	0	0	0	0	0	0	0	0	0	0	0	0	0	0	0	0
O60706	ABCC9	1	1549	1549	0	174220.8200	174220.8200	0	0	A	0	0	0	0	0	0	0	0	0	0	0	0	0	0	0	0	0	0	0	0
O60716	CTNND1	2	968	968	0	108168.4850	108168.4850	0	0	A	0	0	0	0	0	0	0	0	0	0	0	0	0	0	0	0	0	0	0	0
O60739	EIF1B	2	113	112	1	12823.4700	12692.2750	0.01023085015	0.01005380311	M	0.000365789672	0.0001658213666	0.0008197318219	0.0007047750235	0.000678244426	0.0004623386016	0.0003185108744	0.0008078454025	0.001200466767	0.0008078454025	-0.01005380311	0.0003616427692	0.0002363529293	0.001000046819	0.000476825389	0.0001438277271	0.0005706028737	0.0005611662748	0	0.0003719689677
O60749	SNX2	2	519	519	0	58470.1800	58470.1800	0	0	A	0	0	0	0	0	0	0	0	0	0	0	0	0	0	0	0	0	0	0	0
O60763	USO1	2	962	962	0	107893.5450	107893.5450	0	0	A	0	0	0	0	0	0	0	0	0	0	0	0	0	0	0	0	0	0	0	0
O60783	MRPS14	2	128	128	0	15138.4550	15138.4550	0	0	A	0	0	0	0	0	0	0	0	0	0	0	0	0	0	0	0	0	0	0	0
O60784	TOM1	2	492	492	0	53817.5950	53817.5950	0	0	A	0	0	0	0	0	0	0	0	0	0	0	0	0	0	0	0	0	0	0	0
O60814	H2BC12	2	126	125	1	13889.9750	13758.7800	0.009445301377	0.009071188633	M	0.0007209106751	0	0.0002307936056	0.0005952833518	0.0001909581553	0.0003037308586	0.0002690280084	0.0004548940233	0.001689943261	0.0004548940233	-0.009071188633	0.0002290942988	0.0003992677358	0.0002534047898	0.0008054945374	0.0007896401207	0.0005508065976	0.000609409562	0	0.0005236350288
O60825	PFKFB2	2	505	504	1	58476.1000	58344.9050	0.002243566175	0.002150027537	M	7.589917244e-05	3.573028726e-05	0.0001090317036	0.0001928394837	0.0001028423727	5.411576852e-05	3.050266352e-05	0.000111748731	0.0001628663325	0.0001891132372	-0.002150027537	0.0001298746988	9.431119485e-05	0.000105348054	0.0002111954748	0.0001101909949	0.000101482876	0.0001458681998	2.676658694e-05	0.0001602997049
O60826	CCDC22	2	627	627	0	70754.2400	70754.2400	0	0	A	0	0	0	0	0	0	0	0	0	0	0	0	0	0	0	0	0	0	0	0
O60832	DKC1	2	514	513	1	57673.3850	57542.1900	0.002274792784	0.002175024826	M	0.000116041406	3.237193562e-05	0.0001111315778	0.0002112949449	2.758501179e-05	7.772263682e-05	6.736193417e-05	0.000135804959	0.0003027113967	0.0002015170359	-0.002175024826	3.971279837e-05	8.843735742e-05	7.809235179e-05	0.0001745375284	0.0001052936215	0.0001193508059	0.0001604152181	4.092313898e-05	8.471916702e-05
O60841	EIF5B	2	1220	1220	0	138825.2050	138825.2050	0	0	A	0	0	0	0	0	0	0	0	0	0	0	0	0	0	0	0	0	0	0	0
O60869	EDF1	2	148	147	1	16368.4350	16237.2400	0.008015121788	0.0078462862	M	0.0005557399478	0	0.00044281206	0.0006730468842	0	0.0003746269874	0.0001935639306	0.0005454888985	0.001215903363	0.0005454888985	-0.0078462862	0.0002747198036	0.000239392151	0.0006685181245	0.0007244352071	0.0002622189297	0.0004953772783	0.0003897478049	0.0001698555201	7.535041055e-05
O60879	DIAPH2	2	1101	1101	0	125567.3800	125567.3800	0	0	A	0	0	0	0	0	0	0	0	0	0	0	0	0	0	0	0	0	0	0	0
O60884	DNAJA2	2	412	409	3	45745.1950	45408.8600	0.007352356898	0.002703136443	H	-0.001490176614	0.0001855432159	0.0004447156643	0.0007783554333	0.0003449595257	0.0005225520429	-0.002703136443	0.0003287003401	0.0006512695514	0.0005295727701	0.0002284987062	0.0003310809555	0.0003205616982	-0.002342705527	0.0005820395847	0.0003511282431	0.0001492520565	0.0004566605065	2.843095197e-05	0.0003026973374
O60888	CUTA	2	179	147	32	19116.0500	15952.2300	0.1655059492	0.02457408502	L	-0.01031522246	0.002184974204	0.004800595354	0.01459321476	-0.002931580781	-0.009390375503	0.001398971392	0.009461969836	0.007909080031	-0.02457408502	-0.009332209463	0.003573936842	-0.00197707896	0.007906374962	0.00162075104	-0.003669669143	0.008592741075	-0.0009218078417	-0.005465665759	0.006535085441
O60925	PFDN1	2	122	121	1	14210.2450	14079.0500	0.009232423509	0.008685495641	M	0.0005493261528	0	0.0004476493287	0.001319562148	0.0001851920676	8.415986753e-05	0.000260904558	0.0006617373679	0.001229185863	0.0009558428648	-0.008685495641	0.0002221766691	6.453527074e-05	0.0008191769709	0.0005858791365	0.0002356296917	0.0004674028503	0.0003940054009	0	0.0002031294312
O60936	NOL3	2	208	207	1	22629.1050	22497.9100	0.005797622133	0.005660854815	M	0.000423334054	0.0001046768926	0.000431221971	0.001239359807	3.567921733e-05	0.0002756429588	6.702137621e-05	2.83312727e-05	9.472628091e-05	0.0005666254539	-0.005660854815	2.853646221e-05	0.0007460042904	0.0002209523926	0.0005643791687	0.0002269828046	0.0002058288452	0.0001518186443	0.0001323278	0.0001174051224
O75027	ABCB7	2	752	730	22	82640.0850	80113.1450	0.0305776549	0.005494302925	A	-0.005494302925	0.0001974835541	0.001345059248	5.286114817e-05	-0.0001560500771	0.001468315326	-0.0006523360305	0.001881433448	0.0004337729546	0.0006073722306	-0.002276176181	0.001421294811	0.0008632130676	0.001381556869	-0.003333040488	0.0006544024309	0.001669762894	0.002291369927	-0.00371450498	0.001358512774
O75052	NOS1AP	1	506	506	0	56148.8250	56148.8250	0	0	A	0	0	0	0	0	0	0	0	0	0	0	0	0	0	0	0	0	0	0	0
O75083	WDR1	2	606	606	0	66192.7050	66192.7050	0	0	A	0	0	0	0	0	0	0	0	0	0	0	0	0	0	0	0	0	0	0	0
O75112	LDB3	1	727	727	0	77133.6800	77133.6800	0	0	A	0	0	0	0	0	0	0	0	0	0	0	0	0	0	0	0	0	0	0	0
O75116	ROCK2	2	1388	1388	0	160897.4650	160897.4650	0	0	A	0	0	0	0	0	0	0	0	0	0	0	0	0	0	0	0	0	0	0	0
O75122	CLASP2	2	1294	1294	0	141061.3350	141061.3350	0	0	A	0	0	0	0	0	0	0	0	0	0	0	0	0	0	0	0	0	0	0	0
O75128	COBL	2	1261	1261	0	135614.7300	135614.7300	0	0	A	0	0	0	0	0	0	0	0	0	0	0	0	0	0	0	0	0	0	0	0
O75131	CPNE3	2	537	537	0	60129.9100	60129.9100	0	0	A	0	0	0	0	0	0	0	0	0	0	0	0	0	0	0	0	0	0	0	0
O75145	PPFIA3	2	1194	1194	0	133494.1350	133494.1350	0	0	A	0	0	0	0	0	0	0	0	0	0	0	0	0	0	0	0	0	0	0	0
O75147	OBSL1	1	1896	1896	0	206944.0350	206944.0350	0	0	A	0	0	0	0	0	0	0	0	0	0	0	0	0	0	0	0	0	0	0	0
O75152	ZC3H11A	2	810	810	0	89130.0350	89130.0350	0	0	A	0	0	0	0	0	0	0	0	0	0	0	0	0	0	0	0	0	0	0	0
O75153	CLUH	2	1309	1309	0	146667.6500	146667.6500	0	0	A	0	0	0	0	0	0	0	0	0	0	0	0	0	0	0	0	0	0	0	0
O75155	CAND2	2	1236	1235	1	135254.0150	135122.8200	0.0009699896894	0.000923993412	M	7.133703098e-05	1.896561992e-05	6.090123197e-05	7.440719817e-05	3.77921657e-05	2.711765284e-05	2.802253788e-05	3.474734492e-05	4.224675283e-05	0.0001532042026	-0.000923993412	1.51132058e-05	5.129259302e-05	4.839118117e-05	8.180449796e-05	5.694273618e-05	3.585825236e-05	6.347741501e-05	4.918047211e-06	1.745374546e-05
O75165	DNAJC13	2	2243	2243	0	254411.1500	254411.1500	0	0	A	0	0	0	0	0	0	0	0	0	0	0	0	0	0	0	0	0	0	0	0
O75170	PPP6R2	2	966	966	0	104940.1050	104940.1050	0	0	A	0	0	0	0	0	0	0	0	0	0	0	0	0	0	0	0	0	0	0	0
O75179	ANKRD17	2	2603	2603	0	274253.8400	274253.8400	0	0	A	0	0	0	0	0	0	0	0	0	0	0	0	0	0	0	0	0	0	0	0
O75190	DNAJB6	1	326	325	1	36086.5850	35955.3900	0.003635561525	0.003519472997	M	0.0001516762516	1.031378081e-05	0.0002266035368	0.0003381610878	0.000393731732	0.0002620045934	9.245032724e-05	6.699531011e-05	0.0003484450748	0.0001898200453	-0.003519472997	0.0001237142945	0.0002058099808	0.0001119618962	0.0003707206621	0.0002683745193	0.0001216815025	0.0001096967121	3.476857572e-05	9.254311381e-05
O75208	COQ9	2	318	274	44	35508.3550	30939.9450	0.1286573259	0.0163428393	A	-0.0163428393	-0.005439360285	0.007241618384	0.01334158919	0.0007857529923	-0.00320061067	0.001300749471	0.003806193172	0.004772286363	-0.008954156638	0.002333365695	0.004792199453	-0.0005751092236	0.003510567893	-0.0152475593	0.00366800051	0.008209271252	-0.006694377792	-0.001250808324	0.003943227152
O75223	GGCT	2	188	188	0	21007.5050	21007.5050	0	0	A	0	0	0	0	0	0	0	0	0	0	0	0	0	0	0	0	0	0	0	0
O75251	NDUFS7	2	213	175	38	23563.2100	19748.8400	0.1618781991	0.01431015239	Y	-0.005393606837	0.004349572934	0.002784350823	0.005281880701	-0.002474574879	-0.01052032635	-0.003438132735	0.001802191478	0.007347389354	-0.007859797489	0.004192670073	0.002845818303	0.003990244272	-0.004378405143	-0.002933771583	-0.006297065779	-7.390302819e-05	-0.007933513435	0.004398826929	0.01431015239
O75298	RTN2	1	545	545	0	59262.8000	59262.8000	0	0	A	0	0	0	0	0	0	0	0	0	0	0	0	0	0	0	0	0	0	0	0
O75306	NDUFS2	2	463	430	33	52544.9300	49172.9150	0.06417393648	0.00872364542	R	-0.005925141022	-0.001157995043	0.003963230702	0.004886491899	0.0005021962605	-0.00350146002	0.002309899487	0.001300101395	0.003683310212	-0.002761340787	0.0004536152554	0.001815715334	-0.00198256952	-0.001956656581	-0.00872364542	0.0004398391426	0.002455585951	-0.001614858528	0.001871053515	0.003942627766
O75312	ZPR1	2	459	459	0	50924.6000	50924.6000	0	0	A	0	0	0	0	0	0	0	0	0	0	0	0	0	0	0	0	0	0	0	0
O75323	NIPSNAP2	2	286	263	23	33742.0850	31396.3400	0.06951985925	0.01623141675	A	-0.01623141675	0.0009526952797	0.002354807023	0.006362952383	0.002922543742	-0.004022127994	0.002744915925	0.002578512707	0.004598036413	-0.002386551498	-0.002078181511	0.003636062655	-1.927758593e-05	-0.0003117489461	-0.01073227489	0.003511923692	0.002575799932	-0.0002499068635	-0.0008370978818	0.004630334166
O75339	CILP	2	1184	1163	21	132563.1750	130297.4500	0.01709166215	0.002728493801	V	0.0002409474092	0.0005506542019	0.0009376255788	0.0001638794741	-0.001283689928	-0.0003018931114	0.0003173101662	0.0006557629815	1.333980069e-05	-0.001365040499	-0.0005458478853	0.0007655938616	0.001033416277	0.0009132538129	0.001820940183	-0.0004345586451	-0.0005331779326	-0.002728493801	-0.001002329496	0.0007823075529
O75340	PDCD6	2	191	190	1	21868.1300	21736.9350	0.005999369859	0.005794691625	M	0.0002299630538	2.843123256e-05	0.0005621950064	0.0001726265784	0.0005426854927	0.0002818531038	3.640727742e-05	0.0004001421432	0.0002058284197	0.0003385818135	-0.005794691625	0.0002480247241	0.0001891136896	0.0004801020516	0.0005722853249	0.0003452437704	0.0002515727617	0.0003298830203	0.0002396098677	0.000340142293
O75342	ALOX12B	2	701	701	0	80354.4700	80354.4700	0	0	A	0	0	0	0	0	0	0	0	0	0	0	0	0	0	0	0	0	0	0	0
O75347	TBCA	2	108	107	1	12854.6650	12723.4700	0.01020602248	0.009682150146	M	0.0005530865724	8.357587098e-05	0.0006426843759	0.001928308353	0	0.0001035662039	0	0.0006333652111	0.001411781051	0.0009048074444	-0.009682150146	0.0001822721042	0.0001588327835	0.0007056490962	0.001081464597	0.0001449816487	8.216868398e-05	0.0005656684796	0	0.0004999376712
O75348	ATP6V1G1	2	118	117	1	13757.3050	13626.1100	0.009536388123	0.009315651182	M	0.0006930916196	0.0001450132202	0.0002389558387	0.001496816262	0.0002965673553	0.0001796986207	9.284747902e-05	0.0004709817785	0.0009623403322	0.0007064726678	-0.009315651182	0.0003953273905	6.889803584e-05	0.001049466755	0.001250972415	0.0003773383785	0.0002851431957	0.0002804275132	0	0.0003252923247
O75367	MACROH2A1	2	369	369	0	39183.0500	39183.0500	0	0	A	0	0	0	0	0	0	0	0	0	0	0	0	0	0	0	0	0	0	0	0
O75368	SH3BGRL	2	114	114	0	12774.0750	12774.0750	0	0	A	0	0	0	0	0	0	0	0	0	0	0	0	0	0	0	0	0	0	0	0
O75369	FLNB	1	2602	2602	0	278161.3150	278161.3150	0	0	A	0	0	0	0	0	0	0	0	0	0	0	0	0	0	0	0	0	0	0	0
O75380	NDUFS6	2	124	96	28	13711.4950	10698.8850	0.2197141887	0.02722043135	A	-0.02722043135	-0.01635372176	0.01420952295	0.009087656239	-0.01192525134	0.006602125152	0.01380295195	0.01166956627	0.01560698843	-0.02360644529	-0.01873633639	-0.001242720511	-0.001082912598	0.01300137543	-0.02205183885	-0.002858347106	0.007357585885	0.02084454812	0	0.01289568476
O75390	CS	2	466	439	27	51711.6550	49005.4500	0.05233259311	0.009198884859	A	-0.009198884859	-0.001676923298	0.002485877542	0.003297495081	0.002159650472	0.001204292218	-0.0005536290997	0.002082356676	0.0009800393171	-0.006605599418	-0.0005324331161	0.0001454435188	0.002365281664	0.002320009184	-0.002707283915	-0.000455584058	-0.001295078356	0.001222955446	0.00171637611	0.003045638893
O75391	SPAG7	2	227	226	1	26034.0600	25902.8650	0.005039359977	0.004808125129	M	0.0002800580533	4.009172716e-05	0.0003303199623	0.0006572498641	0.0001913142409	0.0001366232483	7.700847807e-05	0.0001953181193	0.0006288636903	0.0003255301988	-0.004808125129	8.743676118e-05	0.0001904820299	0.0003868606806	0.0004899622021	0.0002955805271	9.854173282e-05	0.0002132065211	3.378810053e-05	0.0001498889907
O75394	MRPL33	2	65	57	8	7619.1000	6675.9400	0.123788899	0.04850107607	F	-0.007282237942	0.001954193802	0.002146774472	0.007119194473	-0.04850107607	0.002421613218	0.00250241968	0.004231290872	0.02122113179	-0.0001436400431	-0.01460307436	0.006392904056	0.001856935725	0.00235709708	0.01685806671	-0.005200081335	0.005763871716	-0.002017803567	0	0.002922419734
O75396	SEC22B	2	215	214	1	24740.1700	24608.9750	0.005302914248	0.005053755245	M	0.0003431835882	6.667434784e-05	0.0002441497661	0.0003778396477	0.0003333148749	9.63923821e-05	8.537904479e-05	0.000264670453	0.0003754256651	0.0006015237569	-0.005053755245	0.0001696464836	0.0001055933981	0.000402104209	0.0004154031257	0.0002891551343	0.0001966552075	0.0002793597943	7.492151048e-05	0.0003323628559
O75400	PRPF40A	2	957	957	0	108803.4600	108803.4600	0	0	A	0	0	0	0	0	0	0	0	0	0	0	0	0	0	0	0	0	0	0	0
O75410	TACC1	2	805	804	1	87793.0600	87661.8650	0.001494366411	0.00143969661	M	8.272129245e-05	2.596124522e-05	8.746028392e-05	0.0002080709381	5.427334448e-05	5.147337547e-05	2.659549156e-05	5.80859649e-05	0.0001420043259	0.0001180456706	-0.00143969661	4.152085056e-05	8.058599645e-05	7.30654634e-05	7.216409079e-05	0.0001426132881	7.827399715e-05	5.857136333e-05	1.750348465e-05	2.070614294e-05
O75431	MTX2	2	263	262	1	29762.7500	29631.5550	0.004408026812	0.004214268875	M	0.0002582474338	9.161988341e-05	0.0001509731737	0.0003708603897	0.0001873723408	0.0001324566208	0.0001173227543	0.0001653155622	0.0003132173474	0.0005124782427	-0.004214268875	0.0001998154341	0.0001596101146	0.0003683649654	0.0001756375447	0.0001854251536	0.0001651416386	0.0002805272883	0.0001286907986	0.0002511921886
O75436	VPS26A	2	327	327	0	38169.4500	38169.4500	0	0	A	0	0	0	0	0	0	0	0	0	0	0	0	0	0	0	0	0	0	0	0
O75438	NDUFB1	2	58	57	1	6961.1150	6829.9200	0.01884683704	0.01796822041	M	0.0002122966281	0.0002887176952	0.0009515101987	0.001402411175	0.001180916377	0.0003577754601	0.0007394280357	0.0006251419622	0.001393451299	0.002187996868	-0.01796822041	0.000629669559	0.0005486970657	0.0006964873551	0.002075545663	0.0007512712756	0.000567712972	0.001954134582	0.0009732903219	0.0004317659226
O75439	PMPCB	2	489	446	43	54365.3700	49675.0050	0.08627486578	0.01527246802	R	-0.007751446097	0.002362441326	0.004391967831	0.002623178685	-0.002505687577	-0.001601822468	0.003025196201	0.003235085299	0.004166099914	-0.003411342165	0.0003230401552	0.002069525361	0.002590229098	0.003287901333	-0.01527246802	-0.003906337493	0.00589599408	0.001210107136	-0.001395704011	0.0006640414096
O75475	PSIP1	2	530	530	0	60102.6150	60102.6150	0	0	A	0	0	0	0	0	0	0	0	0	0	0	0	0	0	0	0	0	0	0	0
O75477	ERLIN1	2	348	348	0	39170.5750	39170.5750	0	0	A	0	0	0	0	0	0	0	0	0	0	0	0	0	0	0	0	0	0	0	0
O75487	GPC4	2	556	538	18	62411.3950	60582.1350	0.02930971179	0.006503244993	L	-0.00345060686	-0.0007500444622	0.001803007352	0.002242194069	-0.0003233300457	-5.160012801e-05	0.0006567820028	0.0008884315339	0.002289754145	-0.006503244993	-0.0009868524689	0.001901590267	-0.0006152417589	0.001484737947	-0.0004884504359	0.0004616065366	-0.0007374157835	0.000365803893	0.0004322527251	0.001380626464
O75489	NDUFS3	2	264	228	36	30241.0850	26414.5450	0.1265344812	0.0174604043	R	-0.01185026908	0.001016310053	0.00893171793	0.01172443159	0.01108512761	-0.006065773816	0.00325355944	0.0006511412845	0.007357594915	-0.01204714825	-0.003639899582	0.004987099529	0.001143034171	0.004903385644	-0.0174604043	-0.001160425611	-0.001814946884	0.001253296959	-0.009107163765	0.00683933215
O75521	ECI2	2	394	356	38	43584.6150	39250.5050	0.0994412822	0.01227705843	R	-0.004943826605	-0.000813824239	0.004910339575	0.007662968259	0.002833739589	0.003584046591	-0.001715522448	0.004269827476	0.01046926411	-0.0009623466782	-0.009513608863	0.003413309861	0.0004521288062	-0.002914652477	-0.01227705843	-0.00191129884	0.0007263031679	-0.0005810577637	-0.002258098577	-0.0004306325074
O75531	BANF1	2	89	89	0	10058.4800	10058.4800	0	0	A	0	0	0	0	0	0	0	0	0	0	0	0	0	0	0	0	0	0	0	0
O75533	SF3B1	2	1304	1304	0	145828.2150	145828.2150	0	0	A	0	0	0	0	0	0	0	0	0	0	0	0	0	0	0	0	0	0	0	0
O75534	CSDE1	2	798	798	0	88883.7450	88883.7450	0	0	A	0	0	0	0	0	0	0	0	0	0	0	0	0	0	0	0	0	0	0	0
O75556	SCGB2A1	2	95	77	18	10883.6700	8854.0100	0.1864867274	0.05619526055	L	-0.01472650068	-0.002978987372	0.01462036764	0.01616149279	0.01209686216	0.004123031549	-0.006655115185	0.01200697234	0.007111086889	-0.05619526055	-0.02193262344	0.01209393296	0.002107742206	0.008026373126	0.003189166093	0.01346754451	0.006542367366	-0.005025115978	0.003738757173	-0.007772093589
O75569	PRKRA	2	313	313	0	34403.6900	34403.6900	0	0	A	0	0	0	0	0	0	0	0	0	0	0	0	0	0	0	0	0	0	0	0
O75582	RPS6KA5	2	802	802	0	89864.1450	89864.1450	0	0	A	0	0	0	0	0	0	0	0	0	0	0	0	0	0	0	0	0	0	0	0
O75608	LYPLA1	2	230	230	0	24669.2150	24669.2150	0	0	A	0	0	0	0	0	0	0	0	0	0	0	0	0	0	0	0	0	0	0	0
O75628	REM1	1	298	298	0	32946.4850	32946.4850	0	0	A	0	0	0	0	0	0	0	0	0	0	0	0	0	0	0	0	0	0	0	0
O75635	SERPINB7	2	380	380	0	42904.2350	42904.2350	0	0	A	0	0	0	0	0	0	0	0	0	0	0	0	0	0	0	0	0	0	0	0
O75643	SNRNP200	2	2136	2136	0	244503.9650	244503.9650	0	0	A	0	0	0	0	0	0	0	0	0	0	0	0	0	0	0	0	0	0	0	0
O75663	TIPRL	2	272	272	0	31443.5250	31443.5250	0	0	A	0	0	0	0	0	0	0	0	0	0	0	0	0	0	0	0	0	0	0	0
O75683	SURF6	2	361	361	0	41449.7500	41449.7500	0	0	A	0	0	0	0	0	0	0	0	0	0	0	0	0	0	0	0	0	0	0	0
O75688	PPM1B	2	479	478	1	52641.9900	52510.7950	0.002492212016	0.002346730386	M	0.0001243074477	4.830136575e-05	0.0001538778819	0.0002932725298	6.585426385e-05	0.0001256943778	9.277761096e-05	0.0001045838585	0.0001340434658	0.0001882509452	-0.002346730386	0.0001422107659	7.802568179e-05	5.825983485e-05	0.000187504658	0.000188527215	7.59809665e-05	0.0001587893446	3.25655494e-05	9.390262297e-05
O75694	NUP155	2	1391	1390	1	155196.5700	155065.3750	0.0008453472909	0.0008038457409	M	3.972540926e-05	1.559498577e-05	4.282957673e-05	5.478402549e-05	3.872769204e-05	2.484657888e-05	2.353604072e-05	4.944428008e-05	4.032149289e-05	0.0001025064343	-0.0008038457409	3.340403587e-05	4.233954422e-05	6.046155317e-05	5.285179881e-05	5.893711995e-05	3.121240455e-05	4.846770873e-05	1.220419986e-05	3.165085953e-05
O75718	CRTAP	2	401	375	26	46561.1700	43968.0400	0.05569297335	0.009854164971	A	-0.009854164971	-0.00328232092	0.003587177488	0.003046300904	0.004266533475	-0.003092709389	0.001916496513	0.001472984195	0.003447470266	-0.006158728727	-0.001434660838	0.001928747986	0.0001858815984	0.002625745646	-0.008460337006	0.002360233423	0.001337667739	-7.396613029e-05	0.0006879915352	0.005493657214
O75746	SLC25A12	2	678	677	1	74760.8150	74629.6200	0.001754863159	0.001689361601	M	0.0001144662085	1.676456492e-05	7.629762784e-05	0.0001046980801	0.0001371412254	8.309778067e-05	3.986852003e-05	0.0001011193124	9.824977519e-05	0.0001789033988	-0.001689361601	6.528953205e-05	7.737531033e-05	8.955003894e-05	0.0001239611606	8.101416893e-05	8.241147957e-05	0.0001134679883	1.614705205e-05	8.953837656e-05
O75764	TCEA3	2	348	348	0	38971.2550	38971.2550	0	0	A	0	0	0	0	0	0	0	0	0	0	0	0	0	0	0	0	0	0	0	0
O75781	PALM	2	387	384	3	42075.3600	41743.9350	0.007876937951	0.002826246367	M	0.0005903677327	5.874762531e-05	0.0004302469973	0.001165217804	2.669891115e-05	0.0002669309263	0.0001253809572	-0.002420942264	0.0005670726539	0.0005512107304	-0.002826246367	0.0001708316552	0.0005582382058	0.0004960188654	0.0007320340721	-0.001701803029	0.0005968376002	0.0004922950146	3.300715319e-05	8.785475594e-05
O75787	ATP6AP2	2	350	334	16	39007.4250	37453.4250	0.0398385692	0.009642344911	V	-0.004066114649	0	0.002242517267	0.002616616472	-0.001482311734	-0.00226073395	0.000871341232	0.002209999924	0.002189388758	-0.006427038963	-0.001897571523	0.002597006848	0.001831988154	0.001094319971	0.002608875585	0.003541189174	0.001003488568	-0.009642344911	0.0007646162054	0.002204767571
O75821	EIF3G	2	320	319	1	35610.5950	35479.4000	0.003684156359	0.003555566422	M	0.0001481986145	5.303845352e-05	0.000268020168	0.0003606789942	0.0001735507852	0.0001577390573	4.07506573e-05	0.0001722611575	0.000371173744	0.0002411656205	-0.003555566422	0.0001503742592	0.0002318344248	0.0001279471706	0.0002897766152	0.0001932156367	0.0002711562482	0.0001538491622	7.151873871e-05	7.931691477e-05
O75822	EIF3J	2	258	257	1	29062.0650	28930.8700	0.004514304128	0.004369557487	M	0.0002352518117	3.199361265e-05	0.0005271974881	0.0006410460035	0.0001308606357	0.0001883189565	0	0.0001558658779	0.000733458059	0.0003290501868	-0.004369557487	8.721929893e-05	0.00010640464	0.0001929492635	0.0001839976006	0.0001803760061	0.0001258197141	0.0002474778291	8.088976034e-05	0.000191380742
O75828	CBR3	2	277	276	1	30849.8500	30718.6550	0.004252694908	0.004060783873	M	0.000228856318	9.903040867e-05	0.0003108274158	0.0003264119895	0.0001928834741	0.0001490138391	9.058015319e-05	0.0001531601507	0.0002389774751	0.0004594804522	-0.004060783873	0.000200550239	0.0001747604376	0.0002047677771	0.0004271483292	0.0001840619072	0.0001808170184	0.0003282954028	4.769134099e-05	6.346974395e-05
O75832	PSMD10	2	226	226	0	24427.4850	24427.4850	0	0	A	0	0	0	0	0	0	0	0	0	0	0	0	0	0	0	0	0	0	0	0
O75844	ZMPSTE24	2	475	475	0	54812.0800	54812.0800	0	0	A	0	0	0	0	0	0	0	0	0	0	0	0	0	0	0	0	0	0	0	0
O75874	IDH1	2	414	413	1	46658.7150	46527.5200	0.002811800539	0.002658930494	M	0.0001411923069	3.097060223e-05	0.000170113369	0.000218132117	0.0001435664812	0.0001266487003	7.13862668e-05	0.0002011759935	0.0002765284196	0.0001810583941	-0.002658930494	0.0001148253738	7.063015058e-05	0.0001344813281	0.0001335856448	0.0001181964558	0.0001461558853	0.0001497278826	7.3083055e-05	0.0001574720669
O75880	SCO1	1	301	234	67	33813.5200	26305.6750	0.222036777	0.02918980243	R	-0.007464355655	-0.004413492232	0.01551412605	0.0080383693	-0.003009015988	-0.006836732402	0.006781602151	0.0152891654	0.02236486281	-0.01624604854	-0.007065909148	0.001924987166	-0.0008394115566	-0.004791269431	-0.02918980243	0.007272906533	0.007809859806	-0.002560779709	-0.0111586751	0.008579612976
O75886	STAM2	2	525	525	0	58163.4000	58163.4000	0	0	A	0	0	0	0	0	0	0	0	0	0	0	0	0	0	0	0	0	0	0	0
O75891	ALDH1L1	2	902	902	0	98828.0450	98828.0450	0	0	A	0	0	0	0	0	0	0	0	0	0	0	0	0	0	0	0	0	0	0	0
O75907	DGAT1	2	488	488	0	55277.3950	55277.3950	0	0	A	0	0	0	0	0	0	0	0	0	0	0	0	0	0	0	0	0	0	0	0
O75915	ARL6IP5	2	188	188	0	21614.4650	21614.4650	0	0	A	0	0	0	0	0	0	0	0	0	0	0	0	0	0	0	0	0	0	0	0
O75923	DYSF	2	2080	2080	0	237291.4550	237291.4550	0	0	A	0	0	0	0	0	0	0	0	0	0	0	0	0	0	0	0	0	0	0	0
O75935	DCTN3	2	186	185	1	21119.0250	20987.8300	0.006212171253	0.006027278083	M	0.0004250275633	6.084484592e-05	0.0003007842561	0.0007019228352	0.0001244341379	0.0001319468392	0.000116871218	0.0004281662253	0.0004771946366	0.0008233965871	-0.006027278083	9.952320539e-05	0.0001734499945	0.0006238103265	0.0004374039353	0.0002110988728	0.0001495509666	0.0004118175627	0.0001025564083	0.0002274776666
O75947	ATP5PD	2	161	160	1	18490.9300	18359.7350	0.007095100138	0.006833893808	M	0.0005567735641	3.985247622e-05	0.0004377983316	0.0008227089143	0.0002716750804	4.938470436e-05	5.103261543e-05	0.0003883050822	0.0009617090622	0.0005608851187	-0.006833893808	0.0003476598982	0.0004165596852	0.0002403450345	0.0001718958738	0.0002419666316	0.0002350888231	0.0003468014056	0.0003358646704	0.0003575868356
O75953	DNAJB5	2	348	348	0	39133.0150	39133.0150	0	0	A	0	0	0	0	0	0	0	0	0	0	0	0	0	0	0	0	0	0	0	0
O75962	TRIO	2	3097	3097	0	346894.6200	346894.6200	0	0	A	0	0	0	0	0	0	0	0	0	0	0	0	0	0	0	0	0	0	0	0
O75964	ATP5MG	2	103	102	1	11428.3400	11297.1450	0.01147979497	0.01111971136	M	0.0008403507193	0	0.0001141345123	0.0007569922224	0.0005666079667	0.0003862394218	0	0.0007873566332	0.001002874492	0.001012315671	-0.01111971136	0.0004531766121	0.0005923504014	0.000501265744	0.0005975126085	0.0003604626867	0.0007150257082	0.001305944069	0.0003502411737	0.0007768607171
O75970	MPDZ	2	2070	2070	0	221614.5250	221614.5250	0	0	A	0	0	0	0	0	0	0	0	0	0	0	0	0	0	0	0	0	0	0	0
O75976	CPD	2	1380	1349	31	152929.0450	149493.9400	0.02246208364	0.004690701971	L	-0.0005475493026	-0.0003996221542	0.0005073294975	0.000941201688	0.001025010699	-0.0002381802592	0.0009025425831	0.001153046546	0.001209486563	-0.004690701971	-0.001177165277	0.001332191246	-0.0001641448365	0.0007745623227	-0.003503355775	-0.0003198418193	0.001339699346	0.001393264361	-0.0007791784923	0.001241405035
O76003	GLRX3	1	335	334	1	37431.5200	37300.3250	0.00350493381	0.003351338774	M	0.0001978466756	4.80475266e-05	0.0001055649685	0.0004551008105	0.0001965245358	0.0001250338136	8.613736591e-05	0.0001456479315	0.0003362462356	0.0004161369471	-0.003351338774	0.0001152664763	0.0001552312637	0.0001738609823	0.000124346174	0.0001917039206	9.447707773e-05	0.0002044121662	6.478881402e-05	0.0001149650887
O76021	RSL1D1	2	490	490	0	54971.7850	54971.7850	0	0	A	0	0	0	0	0	0	0	0	0	0	0	0	0	0	0	0	0	0	0	0
O76031	CLPX	2	633	577	56	69222.8600	63481.2200	0.08294427592	0.007790646187	K	-0.003493904144	-0.003135430731	0.004527487578	0.006682791591	0.001322138858	-0.002603597786	-0.0001655609994	-0.001898438689	0.007790646187	-0.001880926617	-0.002856184944	0.00374512684	0.0006680749134	-0.0007992426828	-0.007040868049	-0.004240544152	-0.002534427298	0.002805096498	0.0002315561015	0.002876207523
O76041	NEBL	1	1014	1014	0	116451.8350	116451.8350	0	0	A	0	0	0	0	0	0	0	0	0	0	0	0	0	0	0	0	0	0	0	0
O76062	TM7SF2	2	418	418	0	46405.0850	46405.0850	0	0	A	0	0	0	0	0	0	0	0	0	0	0	0	0	0	0	0	0	0	0	0
O76094	SRP72	2	671	670	1	74605.0500	74473.8550	0.00175852707	0.001697737327	M	0.0001063500536	2.410553466e-05	7.944321549e-05	0.0001346531664	2.957901901e-05	5.824900708e-05	4.321527883e-05	9.655921946e-05	0.0002181405649	0.0001748504785	-0.001697737327	8.937272212e-05	6.184573749e-05	0.0001453773042	8.664543037e-05	0.0001024507108	7.583892475e-05	7.458470479e-05	2.437850258e-05	7.209775214e-05
O94760	DDAH1	2	285	284	1	31121.3800	30990.1850	0.004215590697	0.003981347878	M	0.0002744496988	8.294315487e-05	0.0002733509553	0.0003860993819	0.0001319325111	0.0001627384039	0.0001593178088	0.00016462555	0.0003169139105	0.0004789106911	-0.003981347878	0.0001205948016	0.0001707661913	0.0001500657724	0.0002583815733	0.0002158260848	0.0001495021386	0.0003608910339	0	0.0001240382158
O94776	MTA2	2	668	668	0	75021.9350	75021.9350	0	0	A	0	0	0	0	0	0	0	0	0	0	0	0	0	0	0	0	0	0	0	0
O94788	ALDH1A2	2	518	518	0	56723.2550	56723.2550	0	0	A	0	0	0	0	0	0	0	0	0	0	0	0	0	0	0	0	0	0	0	0
O94811	TPPP	2	219	219	0	23693.4400	23693.4400	0	0	A	0	0	0	0	0	0	0	0	0	0	0	0	0	0	0	0	0	0	0	0
O94826	TOMM70	2	608	607	1	67453.8350	67322.6400	0.001944959838	0.001845376349	M	0.000162557128	3.53717304e-05	0.000113334438	0.0001753933449	6.832009633e-05	7.488004006e-05	3.019656637e-05	7.977931861e-05	0.0002062820578	0.0001850880192	-0.001845376349	8.03571211e-05	6.722263653e-05	0.0001351040895	0.0001059507304	7.925722844e-05	5.506226613e-05	6.555199665e-05	1.987348625e-05	0.0001057940547
O94851	MICAL2	2	1957	1957	0	219057.9300	219057.9300	0	0	A	0	0	0	0	0	0	0	0	0	0	0	0	0	0	0	0	0	0	0	0
O94855	SEC24D	2	1032	1032	0	113008.1550	113008.1550	0	0	A	0	0	0	0	0	0	0	0	0	0	0	0	0	0	0	0	0	0	0	0
O94874	UFL1	2	794	793	1	89593.8750	89462.6800	0.001464330011	0.001411578478	M	6.414939001e-05	1.342176035e-05	9.39958025e-05	0.0001324264754	7.090970449e-05	3.950119562e-05	3.652253633e-05	9.626548798e-05	0.0001315804148	0.0001525717168	-0.001411578478	4.939608823e-05	2.710176995e-05	9.106297727e-05	0.0001085477668	9.458776793e-05	7.257676224e-05	9.084280767e-05	8.483591632e-06	3.763446205e-05
O94875	SORBS2	1	1100	1100	0	124105.5850	124105.5850	0	0	A	0	0	0	0	0	0	0	0	0	0	0	0	0	0	0	0	0	0	0	0
O94885	SASH1	2	1247	1247	0	136651.3100	136651.3100	0	0	A	0	0	0	0	0	0	0	0	0	0	0	0	0	0	0	0	0	0	0	0
O94888	UBXN7	2	489	488	1	54861.4900	54730.2950	0.002391386016	0.00230006017	M	0.0001019465789	3.130684538e-05	0.0001375682113	0.0002769831913	0.0001280516125	8.867442844e-05	8.017921857e-05	0.0001113638812	0.0001403049579	0.0002082020387	-0.00230006017	8.290858252e-05	0.0001189949524	0.0001672294651	0.000180047952	0.0001512892266	0.0001099275875	0.0001081096112	3.01536762e-05	4.681815215e-05
O94901	SUN1	2	785	785	0	87108.2000	87108.2000	0	0	A	0	0	0	0	0	0	0	0	0	0	0	0	0	0	0	0	0	0	0	0
O94903	PLPBP	2	275	275	0	30343.5000	30343.5000	0	0	A	0	0	0	0	0	0	0	0	0	0	0	0	0	0	0	0	0	0	0	0
O94905	ERLIN2	2	339	339	0	37839.0600	37839.0600	0	0	A	0	0	0	0	0	0	0	0	0	0	0	0	0	0	0	0	0	0	0	0
O94906	PRPF6	2	941	941	0	106923.3200	106923.3200	0	0	A	0	0	0	0	0	0	0	0	0	0	0	0	0	0	0	0	0	0	0	0
O94911	ABCA8	2	1621	1621	0	183673.9500	183673.9500	0	0	A	0	0	0	0	0	0	0	0	0	0	0	0	0	0	0	0	0	0	0	0
O94919	ENDOD1	2	500	479	21	55015.8750	52886.3700	0.03870710045	0.008117596219	L	-0.00352425709	0.001003517361	0.001950420104	0.000325997559	-5.497111486e-05	-0.00311313458	0.0002965482107	0.002339994428	0.002235379074	-0.008117596219	-0.001475626895	0.00117847093	0.00176044321	0.001955287712	-0.0002799425553	0.0008354449719	0.0001121476634	0.003134829007	-0.002409992543	0.001847040766
O94925	GLS	2	669	615	54	73460.2200	67797.5100	0.07708539397	0.01864131415	R	-0.00569582409	0.0002522872179	0.003290115764	0.004923438699	0.005365201978	-0.002156719537	0.002901307521	0.002581980138	0.005899156337	-0.006320556263	-0.002592416079	0.003640952217	-0.002767273171	0.001598796057	-0.01864131415	0.0006564756619	0.0003788395352	0.002447980848	0.00120597389	0.003031597424
O94929	ABLIM3	2	683	683	0	77800.5700	77800.5700	0	0	A	0	0	0	0	0	0	0	0	0	0	0	0	0	0	0	0	0	0	0	0
O94973	AP2A2	2	939	939	0	103958.8600	103958.8600	0	0	A	0	0	0	0	0	0	0	0	0	0	0	0	0	0	0	0	0	0	0	0
O94979	SEC31A	2	1220	1220	0	133012.4350	133012.4350	0	0	A	0	0	0	0	0	0	0	0	0	0	0	0	0	0	0	0	0	0	0	0
O94986	CEP152	2	1710	1710	0	195623.4950	195623.4950	0	0	A	0	0	0	0	0	0	0	0	0	0	0	0	0	0	0	0	0	0	0	0
O95070	YIF1A	2	293	292	1	32010.6500	31879.4550	0.004098479725	0.003858554364	M	0.0003170590644	1.306641777e-05	0.0001866030263	6.3468539e-05	0.0002315924411	0.0002023968269	0.0001673204619	0.0001131675153	0.0001418918498	0.0005799835158	-0.003858554364	5.699356605e-05	0.0002234900974	0.000126082951	0.0002254377658	0.0002606672697	0.000179849815	0.0002905811271	8.809586784e-05	0.0003908062455
O95139	NDUFB6	2	128	127	1	15488.9950	15357.8000	0.008470207396	0.008038243005	M	0	0	0.0002535038406	0.0007706202494	0.0004719342536	0.0002144688202	0.0004432507987	0.0004371988945	0.0009745232353	0.0006245698493	-0.008038243005	0.0001258186605	0.000712653387	0.0003479249744	0.0006635667774	0.0002501945775	0.0002835967083	0.000557813203	0.0003889598372	0.0005176449386
O95140	MFN2	2	757	757	0	86400.8300	86400.8300	0	0	A	0	0	0	0	0	0	0	0	0	0	0	0	0	0	0	0	0	0	0	0
O95163	ELP1	2	1332	1332	0	150252.0550	150252.0550	0	0	A	0	0	0	0	0	0	0	0	0	0	0	0	0	0	0	0	0	0	0	0
O95167	NDUFA3	2	84	83	1	9278.7350	9147.5400	0.01413931964	0.01346012425	M	0.0006967587595	0	0.0008674616575	0.0003835601312	0.0006459623946	0.0004892588026	0.0002022339236	0.0003419532551	0.001143328803	0.00136781302	-0.01346012425	0.0006888597097	0.001800826939	0.0003809792536	0.0004541301901	0.0006849101847	0.0001552697711	0.00167972121	0.0005323907429	0.000944705501
O95168	NDUFB4	2	129	128	1	15208.3500	15077.1550	0.008626511094	0.008446136029	M	0.0003933698499	5.944137764e-05	0.0002611966776	0.0006496408801	0.00040521299	0.0001841475825	7.611695065e-05	0.0005791707622	0.0005737692306	0.001029636911	-0.008446136029	0.0004537286538	0.0006213135019	0.0002867864948	0.001196480949	0.0003093443897	0.0004090838423	5.747406232e-05	0.0001001908067	0.0008000301167
O95169	NDUFB8	2	186	158	28	21765.4850	18773.9550	0.1374437556	0.01653055851	R	-0.01430155715	0.001562466321	0.01029865966	0.009486863231	0.005325681157	-0.003648611475	0.00600239311	0.001691554204	0.005655751522	-0.008912559323	-0.002269086767	-0.0001526940374	0.009517518271	-0.006933914525	-0.01653055851	-0.0001214548622	-0.001673828347	-0.01111684804	-0.0002360216191	0.01635624719
O95178	NDUFB2	2	105	72	33	12058.2300	8641.3350	0.2833662154	0.05479867006	R	-0.02938788007	-0.00869665707	0.01362495767	0.02989221239	0.00984732934	-0.01925733955	0.002372867055	0.01142127419	0	-0.009210016147	-0.006379351791	0	0.02339081365	0.02120791097	-0.05479867006	-0.007378825927	-0.01018575679	-0.006617131814	0.02963651005	0.01051775391
O95182	NDUFA7	2	113	112	1	12551.1700	12419.9750	0.01045281038	0.01013573623	M	0.0006327719213	8.605527667e-05	0.000283607395	0.000522503832	0	0.0002665966334	0.0002203941264	0.0004658249687	0.0009344980858	0.0009316499374	-0.01013573623	0.0002815192263	0.0009812688019	0.000726583253	0.001113547893	0.001044979254	0.0004230317166	0.0004160356414	0.0002900991846	0.0005147690849
O95183	VAMP5	2	116	116	0	12804.6450	12804.6450	0	0	A	0	0	0	0	0	0	0	0	0	0	0	0	0	0	0	0	0	0	0	0
O95197	RTN3	2	1032	1031	1	112609.3550	112478.1600	0.001165045302	0.001119287508	M	5.026672344e-05	1.156885057e-05	7.856429721e-05	0.0001149428619	5.305468483e-05	3.323340604e-05	2.962870858e-05	6.831625181e-05	9.89807022e-05	9.678135673e-05	-0.001119287508	3.899291866e-05	5.496540798e-05	4.566777635e-05	3.629089293e-05	0.000122237498	7.444841274e-05	7.220028358e-05	1.240893683e-05	2.673753759e-05
O95202	LETM1	2	739	624	115	83352.9700	70945.6450	0.1488528243	0.01993770046	E	-6.500648258e-05	-0.009145361637	0.005496475799	0.01993770046	0.002002815885	-0.004756238057	-0.004158256685	0.002624671706	0.01785794729	0.004442174727	0.001992705256	0.0008792132642	-0.01402189705	0.007813503335	-0.01538807536	-0.006342092904	-0.001096803221	-0.001084020978	-0.005222069601	-0.001767385754
O95208	EPN2	2	641	641	0	68480.4700	68480.4700	0	0	A	0	0	0	0	0	0	0	0	0	0	0	0	0	0	0	0	0	0	0	0
O95210	STBD1	2	358	358	0	39006.7250	39006.7250	0	0	A	0	0	0	0	0	0	0	0	0	0	0	0	0	0	0	0	0	0	0	0
O95218	ZRANB2	2	330	330	0	37403.9650	37403.9650	0	0	A	0	0	0	0	0	0	0	0	0	0	0	0	0	0	0	0	0	0	0	0
O95219	SNX4	2	450	450	0	51908.0750	51908.0750	0	0	A	0	0	0	0	0	0	0	0	0	0	0	0	0	0	0	0	0	0	0	0
O95292	VAPB	2	243	242	1	27228.0900	27096.8950	0.004818369559	0.004566738318	M	0.0001740163308	7.281769908e-05	0.0002799779227	0.0004642353693	0.0002481998125	0.00011279351	6.993438023e-05	0.0002365012609	0.0005051998326	0.0004138772065	-0.004566738318	0.0001985117696	0.0002421777479	0.0001756615804	0.0003140849252	0.0003000078985	0.0002863666	0.0003872421918	3.068428216e-05	5.444799809e-05
O95298	NDUFC2	2	119	119	0	14187.3000	14187.3000	0	0	A	0	0	0	0	0	0	0	0	0	0	0	0	0	0	0	0	0	0	0	0
O95299	NDUFA10	2	355	320	35	40750.0200	37146.7750	0.08842314679	0.012884189	A	-0.012884189	-0.00130211195	0.006132860265	0.006779321794	0.004497689172	-4.128543897e-05	-4.266308683e-05	0.001887000034	0.001756694915	-0.002067345412	-0.001916073926	0.00304385236	0.0036169466	-0.001916836171	-0.008583081081	-0.004737729624	0.001464163317	-0.0050360652	0.002138605155	0.007210247277
O95319	CELF2	2	508	508	0	54283.9050	54283.9050	0	0	A	0	0	0	0	0	0	0	0	0	0	0	0	0	0	0	0	0	0	0	0
O95336	PGLS	2	258	257	1	27546.3650	27415.1700	0.004762697365	0.004615671092	M	0.0004643847741	8.771538649e-05	0.0001927190152	0.0003621568205	0.0002391829761	0.000173913346	0.0001347874765	0.0001899245171	0.0001693378983	0.0007027207133	-0.004615671092	5.739001418e-05	0.0004000794631	0.0002115999766	0.0003531203113	0.000243460151	0.0002069724035	0.0002883617992	5.913910937e-05	7.870493997e-05
O95352	ATG7	2	703	702	1	77958.5300	77827.3350	0.001682881912	0.001603353814	M	9.569511962e-05	4.411619822e-05	0.0001017738409	9.643008617e-05	0.0001082667432	6.286849539e-05	3.954473182e-05	5.731318971e-05	9.847550333e-05	0.0002077603127	-0.001603353814	6.734966121e-05	8.593719625e-05	7.183592465e-05	9.831474647e-05	9.374892385e-05	6.722877497e-05	0.0001002418262	3.717980357e-05	6.927273567e-05
O95359	TACC2	2	2948	2948	0	309422.5750	309422.5750	0	0	A	0	0	0	0	0	0	0	0	0	0	0	0	0	0	0	0	0	0	0	0
O95372	LYPLA2	2	231	231	0	24736.6000	24736.6000	0	0	A	0	0	0	0	0	0	0	0	0	0	0	0	0	0	0	0	0	0	0	0
O95373	IPO7	2	1038	1038	0	119514.6150	119514.6150	0	0	A	0	0	0	0	0	0	0	0	0	0	0	0	0	0	0	0	0	0	0	0
O95393	BMP10	1	424	108	316	48046.6850	12160.0550	0.7469116756	0.05112122407	K	0.02170677709	0.04061442829	-0.03860411111	-0.02732814816	-0.02402772049	0.007633250109	0.005168478193	0.01322325507	0.05112122407	-0.03154705152	-0.02157328102	-0.009954271465	0.0179111919	-0.01600629704	-0.02236080133	-0.03632684726	0.001620676435	0.003596230358	0.01431835444	0.05081466344
O95425	SVIL	1	2214	2214	0	247742.8650	247742.8650	0	0	A	0	0	0	0	0	0	0	0	0	0	0	0	0	0	0	0	0	0	0	0
O95433	AHSA1	2	338	338	0	38273.8850	38273.8850	0	0	A	0	0	0	0	0	0	0	0	0	0	0	0	0	0	0	0	0	0	0	0
O95453	PARN	2	639	639	0	73449.9400	73449.9400	0	0	A	0	0	0	0	0	0	0	0	0	0	0	0	0	0	0	0	0	0	0	0
O95470	SGPL1	2	568	568	0	63522.9750	63522.9750	0	0	A	0	0	0	0	0	0	0	0	0	0	0	0	0	0	0	0	0	0	0	0
O95479	H6PD	2	791	772	19	88891.0800	86814.4250	0.02336179288	0.003854167406	M	-0.001201402168	-0.002124043645	0.0009300846657	0.001644999031	0.001462145271	0.0001987899859	0.001264861572	-0.0005081453066	0.000919400222	-0.003457324622	-0.003854167406	-0.0006964728658	0.001233586223	0.000318907298	0.00190708119	0.001444230717	0.0006381689867	0.000228357595	-0.00136196157	0.001012904827
O95487	SEC24B	2	1268	1267	1	137415.4550	137284.2600	0.0009547324935	0.0009085983852	M	5.285514669e-05	1.479914792e-05	4.335350696e-05	3.679830734e-05	4.035442795e-05	3.056487385e-05	3.068236618e-05	3.051776058e-05	3.316197785e-05	9.689388986e-05	-0.0009085983852	4.457123936e-05	7.700953424e-05	6.715128784e-05	4.660839352e-05	9.535514747e-05	5.33498941e-05	5.38303912e-05	5.939179182e-06	5.480191318e-05
O95563	MPC2	2	127	127	0	14278.6400	14278.6400	0	0	A	0	0	0	0	0	0	0	0	0	0	0	0	0	0	0	0	0	0	0	0
O95571	ETHE1	2	254	247	7	27872.5250	27101.5900	0.02765931684	0.004087569032	A	-0.004087569032	0.0009565181211	0.001517794014	-0.002859019959	0.001593924941	0.001382856574	0.001360953253	0.001380725013	0.0006411787174	-0.0005928592434	-0.004077401967	0.0006953624637	0.00141386508	0.001410110726	-0.00262101378	0.001382751312	0.001880825992	-0.0021736884	0	0.0007946861742
O95573	ACSL3	2	720	720	0	80419.1750	80419.1750	0	0	A	0	0	0	0	0	0	0	0	0	0	0	0	0	0	0	0	0	0	0	0
O95602	POLR1A	2	1720	1720	0	194808.5550	194808.5550	0	0	A	0	0	0	0	0	0	0	0	0	0	0	0	0	0	0	0	0	0	0	0
O95613	PCNT	2	3336	3336	0	378030.0850	378030.0850	0	0	A	0	0	0	0	0	0	0	0	0	0	0	0	0	0	0	0	0	0	0	0
O95630	STAMBP	2	424	424	0	48076.2150	48076.2150	0	0	A	0	0	0	0	0	0	0	0	0	0	0	0	0	0	0	0	0	0	0	0
O95671	ASMTL	2	621	621	0	68855.7500	68855.7500	0	0	A	0	0	0	0	0	0	0	0	0	0	0	0	0	0	0	0	0	0	0	0
O95747	OXSR1	2	527	526	1	58021.3200	57890.1250	0.00226115159	0.002166531285	M	0.0001169705025	1.988459155e-05	0.0001223273288	0.0002076620304	8.675432626e-05	9.117075378e-05	5.092595541e-05	0.0001420809538	0.0002015368016	0.000210968689	-0.002166531285	5.637665741e-05	0.0001058117608	0.0001295150605	0.0001315113973	0.0001552248723	0.0001094788235	0.0001345853359	4.021952413e-05	5.352591991e-05
O95749	GGPS1	1	300	300	0	34870.3750	34870.3750	0	0	A	0	0	0	0	0	0	0	0	0	0	0	0	0	0	0	0	0	0	0	0
O95757	HSPA4L	2	839	839	0	94511.3400	94511.3400	0	0	A	0	0	0	0	0	0	0	0	0	0	0	0	0	0	0	0	0	0	0	0
O95758	PTBP3	2	552	552	0	59688.6450	59688.6450	0	0	A	0	0	0	0	0	0	0	0	0	0	0	0	0	0	0	0	0	0	0	0
O95777	LSM8	2	96	95	1	10402.5050	10271.3100	0.01261186608	0.01216361885	M	0.0005502886309	0	0.0009591497688	0.001211717982	0.0003401136638	0.0006182537138	0.0003194420664	0.001215310804	0.0001504970534	0.001215310804	-0.01216361885	0.0008160751365	0.0001185219629	0.000451336741	0.0008966614238	0.0008654893137	0.0007357770986	0.001326616239	0	0.0003730564487
O95782	AP2A1	2	977	977	0	107544.2500	107544.2500	0	0	A	0	0	0	0	0	0	0	0	0	0	0	0	0	0	0	0	0	0	0	0
O95786	RIGI	2	925	925	0	106598.2300	106598.2300	0	0	A	0	0	0	0	0	0	0	0	0	0	0	0	0	0	0	0	0	0	0	0
O95793	STAU1	2	577	576	1	63181.5100	63050.3150	0.002076477754	0.001970740827	M	0.0001033942598	1.673969143e-05	4.045655699e-05	0.0001829497953	7.303346655e-05	8.297448898e-05	4.287162637e-05	9.061345844e-05	0.0001979392523	0.0001703533019	-0.001970740827	0.00012047604	0.0001654283841	0.0001332604336	0.0001251525428	0.0001364826446	9.874704737e-05	0.0001197739014	0	7.009393474e-05
O95810	CAVIN2	2	425	424	1	47172.4800	47041.2850	0.002781176652	0.002662823786	M	0.000137543334	6.034039642e-06	0.000145830925	0.0004176620204	6.581465886e-05	6.355712323e-05	8.499499632e-05	8.492328109e-05	0.0002766624108	0.0002221070429	-0.002662823786	0.0001315974443	9.747344608e-05	0.0001746743915	0.0001735110112	0.0002773870335	0.0001067839752	0.0001691956469	0	2.707100469e-05
O95816	BAG2	2	211	210	1	23771.5300	23640.3350	0.005518996884	0.005267638955	M	0.0002992562189	7.182006988e-05	0.0002629924976	0.0006395716722	0.0001305596714	0.0001186647441	0.0001532805635	0.0003369327098	0.0004043998686	0.0006220296181	-0.005267638955	0.0003132673368	6.824566396e-05	0.0004042615555	0.0005507232827	0.0004360597393	0.000188295515	0.0002314768677	0	3.580136036e-05
O95817	BAG3	1	575	574	1	61593.6600	61462.4650	0.002130008186	0.002035451451	M	0.0001518829391	1.050288333e-05	8.461137608e-05	0.0001785576853	3.341256489e-05	7.809027255e-05	8.517916979e-05	6.443346131e-05	0.0001182779311	9.096488656e-05	-0.002035451451	4.962950451e-05	0.0002927515471	0.0001731334494	0.0001560406916	0.0001670137023	9.637640849e-05	0.0001286334482	2.360403691e-05	5.235549222e-05
O95819	MAP4K4	2	1239	1238	1	142098.6900	141967.4950	0.0009232667803	0.0008902823785	M	2.855215828e-05	8.703313091e-06	4.192131538e-05	0.0001065012048	2.829615573e-05	2.986626418e-05	3.000556537e-05	3.623986014e-05	6.058441511e-05	7.465411188e-05	-0.0008902823785	2.701172248e-05	4.516779019e-05	6.379375767e-05	0.0001068447333	6.271438064e-05	3.685994661e-05	5.372821042e-05	1.57982251e-05	3.303924808e-05
O95822	MLYCD	2	493	454	39	55002.5600	50944.8050	0.0737739298	0.01272243338	R	-0.004662204313	0.001069540756	0.001846336156	0.004561306897	0.001163186323	-0.003739180687	0.002543520053	0.002812052817	0.004055835952	-0.004451941427	-0.0008309831215	0.002499193356	-0.009569843479	0.00195051127	-0.01272243338	0.002727883368	0.0009890031052	0.004727508353	0.002060289705	0.002970418294
O95831	AIFM1	2	613	512	101	66899.7400	55811.8850	0.165738387	0.009484898848	R	0.0008402401009	-0.002183659217	0.005739191981	0.006691066244	0.003335354983	-0.00141708465	0.001566318559	0.005643526348	0.001778944705	-0.004815254019	-0.004618151266	-0.001059907013	0.002302745713	-0.003047774669	-0.009484898848	0.0001979316431	0.0008652017614	-0.0009953880965	0.001021164617	-0.002359568878
O95834	EML2	2	649	649	0	70677.9100	70677.9100	0	0	A	0	0	0	0	0	0	0	0	0	0	0	0	0	0	0	0	0	0	0	0
O95861	BPNT1	2	308	307	1	33391.8850	33260.6900	0.003928948605	0.0037597543	M	0.0002730583276	7.187457476e-05	0.0002237132721	0.0002909350221	6.532937716e-05	0.0001855543746	9.203813366e-05	0.0002982820559	0.0002890762651	0.0003631259811	-0.0037597543	0.0001436898275	0.0001479778218	0.0001589375673	0.0001722316348	0.0001870245724	0.0001884384141	0.0003127309256	8.076497006e-05	0.0002149711819
O95865	DDAH2	2	285	285	0	29643.4200	29643.4200	0	0	A	0	0	0	0	0	0	0	0	0	0	0	0	0	0	0	0	0	0	0	0
O95870	ABHD16A	2	558	558	0	63242.3150	63242.3150	0	0	A	0	0	0	0	0	0	0	0	0	0	0	0	0	0	0	0	0	0	0	0
O95881	TXNDC12	2	172	146	26	19205.5250	16426.2550	0.1447120034	0.02326622846	L	0.002139734391	-0.003581784758	0.003196752131	0.01254313869	-0.005973595621	-0.002635497526	0.008312953758	0.002146383343	0.0145467697	-0.02326622846	-0.003268912817	0.006067717604	0.001883914876	0.003355798708	-0.01029955274	-0.006906977708	-0.007954735129	0.001020267506	0.00312632276	0.005547531298
O95969	SCGB1D2	2	90	69	21	9924.9350	7672.1200	0.2269853656	0.0312556433	L	-0.007186280937	-0.02220532016	0.01024299717	0.01887117673	0.02542510447	0.001925724512	0	0.01009446986	0.01731997614	-0.0312556433	-0.009115373117	-0.0114605227	0.01181343616	-0.005178984569	0.008937290795	0.007059002859	-0.00727714795	-0.002292890332	0	-0.01571701565
O96000	NDUFB10	2	172	172	0	20776.3750	20776.3750	0	0	A	0	0	0	0	0	0	0	0	0	0	0	0	0	0	0	0	0	0	0	0
O96008	TOMM40	2	361	361	0	37892.6300	37892.6300	0	0	A	0	0	0	0	0	0	0	0	0	0	0	0	0	0	0	0	0	0	0	0
O96011	PEX11B	2	259	259	0	28430.7900	28430.7900	0	0	A	0	0	0	0	0	0	0	0	0	0	0	0	0	0	0	0	0	0	0	0
P00156	MT-CYB	2	380	380	0	42716.7550	42716.7550	0	0	A	0	0	0	0	0	0	0	0	0	0	0	0	0	0	0	0	0	0	0	0
P00167	CYB5A	2	134	133	1	15329.8450	15198.6500	0.00855814263	0.00820327941	M	0.0004266624804	0	0.0005736883884	0.001056934292	0.0002373342972	0.0002157114316	0.0005201221089	0.0005025508367	0.0005600968729	0.0006910074005	-0.00820327941	0.000253095283	0.0003308226605	0.0002099644906	0.0003337057092	0.0005032883608	0.0005704796797	0.0003927315827	0.0003912134325	0.0004338701023
P00325	ADH1B	2	375	374	1	39835.1600	39703.9650	0.003293447296	0.003131721995	M	0.000190597883	0.0001254232192	0.0001561544614	0.0001929222222	0.0001824026551	0.000196869044	8.565824788e-05	0.0001991519757	0.000322845743	0.0002625185134	-0.003131721995	0.0001094150923	0.000158908058	6.051287309e-05	0.0001202196808	0.0001523028768	0.0001972983014	0.0003153075136	2.818744341e-05	7.502619046e-05
P00326	ADH1C	2	375	374	1	39867.2800	39736.0850	0.003290793854	0.003129613422	M	0.0001841949993	0.0001252501185	0.0001467660682	0.000212935539	0.0001935353473	0.0001914237243	6.415502107e-05	0.0002169568576	0.0003324751783	0.0002621562029	-0.003129613422	0.0001092640849	0.0001586887437	6.042935726e-05	0.0001320591378	0.000173820204	0.0001806071698	0.0003067986973	2.814854099e-05	4.994842955e-05
P00338	LDHA	2	332	331	1	36688.2650	36557.0700	0.003575939064	0.003400122326	M	0.0001319952379	4.986387991e-05	0.0001972002038	0.0002179869721	9.517844215e-05	0.0001606558569	8.939363944e-05	0.000248324262	0.0003369244254	0.0004102748677	-0.003400122326	0.0001631235345	0.0001042408607	0.0001443467958	0.0001577239463	0.000207600996	0.0001372680674	0.0003278521295	0.0001008570639	0.0001193111443
P00352	ALDH1A1	2	501	500	1	54861.2200	54730.0250	0.002391397785	0.002292433551	M	0.000124122309	4.88640253e-05	0.0001268786923	0.0001726189632	0.000133242792	0.0001321128142	4.55070892e-05	0.000168321601	0.0002036753884	0.0001779399782	-0.002292433551	9.688038391e-05	0.000101306436	9.644481815e-05	0.0001085761311	0.000111736916	0.0001222869199	0.000163216169	5.241234636e-05	0.0001062897775
P00367	GLUD1	2	558	505	53	61397.0550	56008.0100	0.08777367253	0.01408884242	A	-0.01408884242	0.0009919172785	0.003403403309	0.005167438604	0.005184137711	-0.001491373039	0.0007917580784	0.006801160996	0.006582586069	-0.01097844768	0.0005578521871	0.003785757576	-0.00299100476	-0.002097716579	-0.00506277963	-0.001152854773	0.00422593656	0.005274984322	-0.001744355696	-0.003159558121
P00387	CYB5R3	2	301	300	1	34234.3400	34103.1450	0.00383226316	0.003622007086	M	0.0001103992798	4.619693738e-05	0.0002410602405	0.0002103712672	0.0002361940436	0.0001502725443	0.0001626815846	0.0002750750043	0.0002229623729	0.0004126125064	-0.003622007086	7.55637921e-05	0.0002963099245	0.0001532342042	0.0002988922022	0.0001502611057	0.0001589668796	0.0001898388714	5.840008183e-05	0.0001727142432
P00390	GSR	2	522	479	43	56256.3550	51700.0200	0.08099236077	0.01458876549	R	-0.009890737615	0.001631494037	0.003763774333	0.003504074127	-0.001918905915	0.0009158405347	0.00334270452	0.005122226074	0.006693030579	-0.01197895469	0.0009416458397	0.00302443122	-0.003294900775	0.002164651637	-0.01458876549	-0.0004160427547	0.003157787844	0.006940986432	-0.002286125394	0.003171785456
P00395	MT-CO1	2	513	513	0	57040.5200	57040.5200	0	0	A	0	0	0	0	0	0	0	0	0	0	0	0	0	0	0	0	0	0	0	0
P00403	MT-CO2	2	227	227	0	25564.5900	25564.5900	0	0	A	0	0	0	0	0	0	0	0	0	0	0	0	0	0	0	0	0	0	0	0
P00414	MT-CO3	2	261	261	0	29950.2300	29950.2300	0	0	A	0	0	0	0	0	0	0	0	0	0	0	0	0	0	0	0	0	0	0	0
P00441	SOD1	2	154	153	1	15935.6050	15804.4100	0.008232822036	0.00798260209	M	0.000383531203	0.0002086368416	0.0006302930006	0.0006333925905	0.0002844562551	0.000807938248	0.0005343348626	0.0005082165125	0.0006922804941	0.0005082165125	-0.00798260209	0.0003981423254	0.0002478165192	0.0001887391963	0.0002999714246	0.000452410979	0.0004102479461	0.0007060607543	8.791642414e-05	0
P00450	CP	2	1065	1046	19	122217.7000	120098.0450	0.01734327352	0.002560109288	L	-0.0007130729037	-0.0006443372163	0.001101076993	0.001512205399	-0.00130146915	0.000184155619	0.0007973175685	-0.001878979278	0.000157060631	-0.002560109288	-0.0006064866457	0.0008776879414	-0.000107198479	0.0006044755511	0.0008733811995	4.704363723e-05	0.0002623540821	0.0009250783975	-0.0009836668559	0.001453482797
P00488	F13A1	2	732	694	38	83267.3250	79244.9450	0.04830682384	0.003425152418	R	-0.002130940139	0.0005802198682	0.0004266234267	-0.000975789463	0.001011865909	-0.000457931607	0.001155767925	0.002652216284	0.002955915975	0.0004902323921	-3.874940065e-05	-0.001508946683	-0.002998831172	0.0004286118153	-0.003425152418	-0.0008647277502	-0.001043556292	-0.0006827105366	0.001629972784	0.002795909082
P00492	HPRT1	2	218	217	1	24579.1150	24447.9200	0.005337661669	0.005072116079	M	0.0001646540111	8.957000778e-05	0.000516583709	0.0002447299381	0.0002747701929	0.0002219881309	0.000143372263	0.0003636378937	0.0004322957886	0.0005090930512	-0.005072116079	0.0001953448238	0.0001915024657	8.102773773e-05	0.0003863427374	0.000213647312	0.0002421702142	0.0004330276664	0	0.0003683581355
P00505	GOT2	2	430	401	29	47516.9950	44736.7800	0.05850990788	0.0126400482	A	-0.0126400482	0.0009761089805	0.003216905876	0.003555998208	0.0008122617277	-0.001225377795	-0.004009682335	0.001097874973	0.004879290412	-0.004968313964	-0.0008118583582	0.002432929652	-0.001650367549	0.003027489265	-0.002096148513	-0.001143598886	0.002879021998	0.001519845469	0.001645270518	0.002502398522
P00533	EGFR	2	1210	1186	24	134275.8550	132011.1750	0.01686587659	0.003924529039	A	-0.003924529039	2.919276379e-05	0.0009149675853	0.001276702704	0.0006701685944	-0.000259920503	0.0005420149828	0.001019955977	0.001087325115	-0.002635769397	-0.0005525722375	0.0009826759303	-0.0005283669648	0.0008069804267	-0.001093924759	-0.0003757039365	8.239730737e-05	0.000924140814	0.0002991847426	0.0007350798936
P00558	PGK1	2	417	416	1	44614.2800	44483.0850	0.002940650393	0.002756549893	M	0.0002012976164	4.673939876e-05	0.0001687064583	0.0002189227102	0.0001456563936	0.0001654825574	4.275113025e-05	0.0001373453424	0.0003383707183	0.0002746906847	-0.002756549893	0.0001674642921	0.0001078607021	4.832214122e-05	0.0001056006649	0.0001389947672	0.0001115987738	0.0002517866599	4.501778057e-05	3.994110108e-05
P00568	AK1	2	194	194	0	21634.6450	21634.6450	0	0	A	0	0	0	0	0	0	0	0	0	0	0	0	0	0	0	0	0	0	0	0
P00734	F2	2	622	579	43	70036.0250	65307.4600	0.06751618185	0.009604814256	L	-0.003711288687	-0.0003814561748	0.004168405788	0.00671421589	0.000922451027	0.001308615282	-0.004342220157	0.002582147756	0.003793495336	-0.009604814256	-0.0007689338061	0.002955510211	0.0003586532857	-0.006250108296	-0.004644455578	-0.0005903269504	0.003837170315	-0.002310042196	0.002558292502	0.003404688707
P00738	HP	2	406	388	18	45204.8050	43348.5550	0.04106311265	0.009677306252	L	-0.004875853481	0.001200024914	0.002746425458	0.003035924701	-0.002192021001	-0.0010629019	0.001664734133	-0.0006579454569	0.004223139841	-0.009677306252	-0.002349432552	0.002290011228	0.001995526739	-0.0008536544743	0.001294018282	-0.0005271288257	0.002163002979	0.001152840532	-0.002709937217	0.003140532353
P00747	PLG	2	810	791	19	90568.1550	88431.5600	0.02359101828	0.006220122777	L	0.0007569951019	0.001335558416	0.001100380645	-0.0009741268024	-0.0008123984468	-0.0003935898069	-0.0006561324974	0.0006627039906	-0.001202908732	-0.006220122777	-0.001076466944	0.001213642965	0.001824315642	-0.0003831038656	0.00168019554	0.0003278504245	0.001668694775	-0.000990859453	0.0008910749999	0.001248296826
P00748	F12	2	615	596	19	67791.1600	65732.6550	0.03036538982	0.01053928696	L	0.0007151199225	0.001930066235	0.001166148058	-4.947354719e-05	-0.001108130183	0.0004829965178	0.001668278302	0.0004701430117	0.001106175981	-0.01053928696	-0.001654580345	0.0006840138169	0.002567612544	0.002153395416	0.0004964215526	-0.002533417424	0.0001022627153	-8.604723493e-05	0.001057291112	0.001371010507
P00750	PLAT	2	562	527	35	62916.3050	59041.6600	0.0615841156	0.006437855169	R	-0.00231309885	-0.001159253147	0.001533012931	0.001429645623	-0.002144465142	-0.0001775022289	0.0001105534225	0.0004477956225	0.0007623403244	-0.002578879473	-0.003414905337	0.002617234269	0.001429705748	0.001420025904	-0.006437855169	0.001663789393	0.00268148916	-0.002175742793	0.002390523275	0.003915586468
P00751	CFB	2	764	739	25	85531.8950	82999.8500	0.02960351808	0.005799579277	L	0.0009449812033	-0.0003510539972	0.001910078346	0.002203219498	-0.0006332321901	-0.001596055036	0.0008712435562	0.0001928413297	0.002417179096	-0.005799579277	-0.002540429525	-0.0001355036949	-0.000918586019	0.0001236665671	0.002065128315	-0.001438038152	-0.0008760968186	0.0008666319988	0.0008282413677	0.001865363433
P00813	ADA	2	363	362	1	40763.8800	40632.6850	0.003218412968	0.00307561458	M	0.0001848879879	4.055527141e-05	0.0001871179253	0.0002954884657	0.0001105864194	0.0001206134391	0.0001142516572	0.0001492799508	0.0002348804937	0.0003161222487	-0.00307561458	0.000114982027	0.0001618548966	0.0001467500998	0.0001982508761	0.0001195992226	0.0001355662708	0.0001960651224	5.468601867e-05	0.0001940761869
P00846	MT-ATP6	2	226	226	0	24816.7050	24816.7050	0	0	A	0	0	0	0	0	0	0	0	0	0	0	0	0	0	0	0	0	0	0	0
P00915	CA1	2	261	260	1	28869.7500	28738.5550	0.004544376034	0.004407181515	M	0.000225339084	1.612921494e-05	0.0002480618944	0.0002546235402	0.0002418969559	0.0001598970176	0.0002271948224	0.0001746177884	0.0003503032253	0.0003492355767	-0.004407181515	0.000299000181	0.000260550188	0.0001750917072	0.0001623305109	0.0004196977215	0.0002220070087	0.0002651216409	0.0001631186006	0.0001929648369
P00918	CA2	2	260	259	1	29245.6050	29114.4100	0.004485973192	0.004380538189	M	0.000150935571	1.578987004e-05	0.0003295724855	0.0002492664785	0.0002583356189	0.0002152327663	0.0002426343681	0.0001538495814	0.0004572441931	0.0004444543462	-0.004380538189	0.0001721820427	0.0002550684347	0.0002094985778	0.0001589152157	0.0002465205841	0.0001862881465	0.0002595437082	0.0001863011788	0.0001889050216
P00966	ASS1	2	412	412	0	46529.7850	46529.7850	0	0	A	0	0	0	0	0	0	0	0	0	0	0	0	0	0	0	0	0	0	0	0
P01008	SERPINC1	2	464	432	32	52601.7850	49038.5150	0.06774047687	0.006685993054	E	0.003302719893	-0.003106848187	0.001476874856	0.006685993054	0.002425578198	-0.002079516109	0.000927689997	-0.0008537502176	0.001321188625	-0.00448729395	-0.0003071492818	0.001466000797	0.002891271591	0.002271922668	0.001724600437	-0.001151676922	-0.002587490909	-0.003766519479	-0.002374139157	-0.003779455903
P01009	SERPINA1	2	418	394	24	46735.8850	44323.9150	0.05160852309	0.00848708039	L	-0.001103615142	-0.004343298161	0.003258285362	0.004802319312	0.004549328916	-0.001083083059	0.002057287334	0.0001241094558	0.005069865095	-0.00848708039	-0.001380762359	0.002560483527	-0.002248216908	0.002683128227	0.001243786993	-0.005497811126	0.003645069049	-0.003610733458	-0.003347944571	0.001108881902
P01011	SERPINA3	2	423	400	23	47650.1000	45265.0850	0.05005267565	0.01002977817	L	-0.003868084641	-0.004268659862	0.003214064011	0.001316330291	0.0008396735868	-0.001702194936	0.001348747793	0.002533967101	0.003671364226	-0.01002977817	-0.003671549062	0.002424703413	-0.002610546196	0.002399686356	-0.0006288808689	0.003045223023	0.003336715205	0.0004823262362	0.0005917741419	0.001575118354
P01023	A2M	2	1474	1451	23	163288.9550	160807.8800	0.01519438348	0.004784810847	L	0.0001994737625	0.000247160562	-0.0001364153673	0.00124857454	0.0008357095082	0.0001558316508	-0.0003235938399	0.0006100834936	-0.0005024528263	-0.004784810847	-0.000481658356	-1.682284577e-05	-0.0004990383216	0.0008705061903	0.0006538616755	0.000492552231	0.000344471054	7.531792634e-05	0.0001833035423	0.0008279462675
P01024	C3	2	1663	1641	22	187145.6400	184948.9700	0.01173775675	0.004342387701	L	6.588319058e-05	0.0001821706094	0.0006670768162	0.001007770471	0.0005519379878	-0.0006402787038	-0.0004727755604	0.0006062725333	0.0009199228193	-0.004342387701	-0.000396511501	0.000448800862	-0.001078122993	0.0007324312991	0.0007954580577	-0.0003478555307	-0.0004141962227	0.0009459443282	0.0001933314355	0.0005751278032
P01031	C5	2	1676	1654	22	188302.8450	185772.6950	0.01343659996	0.001818268772	R	0.0005314801774	-0.0003362184746	0.000686503929	0.0009965856105	-0.0008038850309	-0.0009452361225	0.0003181651436	-0.0002878277159	0.0004028504299	-0.001795527315	-0.0004511460754	0.0006239776535	-3.330782336e-05	0.0005993767849	-0.001818268772	0.0008946822855	0.0002394260236	0.0009755150424	-0.0007316885524	0.0009345428016
P01034	CST3	2	146	120	26	15799.0050	13346.9850	0.155200913	0.03912614799	L	-0.02958867132	0.004962590652	0.009540371637	0.007532869373	0.008457518465	-0.002005245621	0.00476608992	-0.004438180408	0.01047863959	-0.03912614799	-0.003520697237	0.006764376412	-0.009328581095	0.01047505568	0.004808468129	0.002900814671	0.008538310063	-0.0007301004441	0.002091160991	0.007421358536
P01036	CST4	2	141	121	20	16214.1200	14188.5600	0.1249256821	0.04083355106	L	-0.01891786713	-0.002692158434	0.007256241946	0.01604223708	0.007719171023	-0.001083386771	0.002416670469	0.006129448896	0.005692765966	-0.04083355106	-0.01476536546	0.006173841489	-0.001661520167	0.009105310275	0.002912799875	0.006547673853	-0.008076841781	0.006386692291	0.003181001889	0.00846683575
P01040	CSTA	2	98	98	0	11006.3950	11006.3950	0	0	A	0	0	0	0	0	0	0	0	0	0	0	0	0	0	0	0	0	0	0	0
P01042	KNG1	2	644	626	18	71956.4150	69895.7850	0.02863719656	0.009468337641	L	0.0009088374391	-0.0006831531978	0.001919646072	0.002121994941	-0.0005827599591	0.001214740468	0.001691892348	-0.001709896528	0.0008213266093	-0.009468337641	-0.001418675617	0.001394277028	0.001579473574	0.001850677974	-0.0008596591751	-0.0007414764102	-0.0007566611606	0.001195087058	0.0005028698111	0.001019796366
P01116	KRAS	2	189	186	3	21655.5900	21298.0850	0.01650867051	0.009338084213	I	0.0005349810232	0.0004041998776	0.001243291601	0.001472513899	0.0006613051612	0.0005509675353	0.0003105560136	-0.009338084213	0.001560646553	0.001050225776	-0.005560070737	0.0003526106822	0.000384083294	0.0009750704871	0.001394749792	0.0006310602282	0.001033225095	0.001250630985	0	0.001088036947
P01160	NPPA	2	151	126	25	16395.3600	13680.2150	0.1656044759	0.02247111013	T	0.0008656871016	0.002521056337	0.01107799929	0.01377644095	-0.02079349381	0.004660313193	0.001614154386	0.001364670517	0.006083744238	-0.01937566402	-0.001603597018	0.008247324941	0.01437351681	-0.01074328527	0.009001913433	-0.007797729385	-0.02247111013	0.001178577396	0.00424934075	0.003770140292
P01591	JCHAIN	2	159	137	22	18098.4000	15594.3100	0.1383597445	0.01450613319	F	-0.008658433305	0.007438635953	0.01327900275	0.01354960186	-0.01450613319	-0.002431954908	-0.01362447221	0.004810490608	-0.01420783887	-0.01073478246	-0.005978877921	0.002817448943	0.007068423219	0.003364607517	0.01336879316	0.006452015948	0.01188425851	-0.01248352009	-0.009750405471	0.008343139949
P01593	IGKV1D-33	2	117	95	22	12848.2400	10409.2500	0.1898306694	0.04706682997	L	-0.004941988819	-0.004310562479	0.005701684988	0.00461488205	0.00777202847	-0.002986949774	0	0.01234284127	0.006878096991	-0.04706682997	-0.01763720432	0.008288156276	0.003126308502	0.01084411703	-0.01785913979	0.01603869519	0.01494527968	-0.002330632517	-0.01046840852	0.01704962574
P01615	IGKV2D-28	2	120	101	19	12956.5350	10902.0400	0.1585682437	0.0340915533	L	-0.001447351553	0.00302765595	0.008315058742	0.005514926789	0.004127917517	-0.0005632494758	0.001938514446	0.006555589814	0.003653128287	-0.0340915533	-0.01603390031	0.004952301552	0.00388354963	0.003103635346	-0.002830044232	-0.001182733863	0.007441696449	0.001024237564	-0.01097259943	0.01358322008
P01619	IGKV3-20	2	116	96	20	12556.8750	10302.2150	0.179555821	0.04520110276	L	0.003189163524	0.003605594908	-0.003157239808	-0.001300825295	-0.0039184406	0.004921292902	0	0.007806964082	0.002175230768	-0.04520110276	-0.01019988242	0	-0.003748879498	0.005231388005	0.01555202954	0.02658263235	-0.01202175529	0.005229392252	-0.01092163747	0.01617607481
P01764	IGHV3-23	2	117	98	19	12582.1600	10445.5450	0.1698130528	0.02122013382	L	0.005038346939	-0.004900189476	0.005533009114	-0.001873025194	-0.01565087374	0.002249567809	0	-0.005305033456	-0.001861058609	-0.02122013382	-0.006034642388	0.005492270204	0.003190660352	-0.001860422089	0.01206924853	0.01468045126	0.008253093484	-0.004606055873	-0.008259464301	0.01506425126
P01767	IGHV3-53	2	116	97	19	12769.3650	10543.7000	0.174297234	0.02176260215	W	0.002789160637	-0.004747533943	0.005629429526	-0.001616592738	-0.01760338972	0.006583654581	0	-0.00329049893	-0.003667287021	-0.002882464071	-0.005846645259	0.007450640911	0.003246262065	-0.0016057151	0.01473548645	0.005098567815	0.0100762982	-0.01046799928	-0.02176260215	0.01788122802
P01768	IGHV3-30	2	117	98	19	12946.6200	10796.0150	0.1661132404	0.02275809191	L	0.00349526193	-0.004854985401	0.007036889831	-0.003950964477	-0.01542197631	-6.290324157e-05	0.002050663894	0.003467426142	0.009661184489	-0.02275809191	-0.005978973025	0.00698507802	0.0030434152	-6.122738593e-05	0.002229469921	0.009679012529	0.006297778487	-0.009437684126	-0.008183271035	0.01676389647
P01772	IGHV3-33	2	117	98	19	13073.7600	10923.1550	0.1644978185	0.0226880287	L	0.003372223161	-0.004846146627	0.006907870432	-0.003975885975	-0.01535784328	-0.0001611030779	0.002013065548	0.003403851858	0.007587239507	-0.0226880287	-0.005968087968	0.006857008576	0.002987615037	-0.0001568110018	0.004333557279	0.008068469754	0.006182310487	-0.009497214205	-0.005518625935	0.01645653513
P01833	PIGR	2	764	746	18	83282.6250	81348.1850	0.02322741388	0.004793945536	L	-0.0006108791772	-0.0006534813834	0.001242386679	0.001951596941	-0.002471725291	0.001235481801	0.0002286641938	-0.0005141488927	0.001508210953	-0.004793945536	-0.001427847579	0.00126569279	-0.0003098753009	0.001112822584	0.001754394032	0.0006464542238	-0.00122643638	-0.0006018478998	0.000551805584	0.001112677658
P01857	IGHG1	2	399	399	0	43911.4000	43911.4000	0	0	A	0	0	0	0	0	0	0	0	0	0	0	0	0	0	0	0	0	0	0	0
P01859	IGHG2	2	395	395	0	43805.3000	43805.3000	0	0	A	0	0	0	0	0	0	0	0	0	0	0	0	0	0	0	0	0	0	0	0
P01860	IGHG3	2	446	446	0	49092.4350	49092.4350	0	0	A	0	0	0	0	0	0	0	0	0	0	0	0	0	0	0	0	0	0	0	0
P01861	IGHG4	2	396	396	0	43831.1650	43831.1650	0	0	A	0	0	0	0	0	0	0	0	0	0	0	0	0	0	0	0	0	0	0	0
P01871	IGHM	2	474	474	0	51922.8750	51922.8750	0	0	A	0	0	0	0	0	0	0	0	0	0	0	0	0	0	0	0	0	0	0	0
P01876	IGHA1	2	398	398	0	42847.9050	42847.9050	0	0	A	0	0	0	0	0	0	0	0	0	0	0	0	0	0	0	0	0	0	0	0
P01877	IGHA2	2	391	391	0	42333.3500	42333.3500	0	0	A	0	0	0	0	0	0	0	0	0	0	0	0	0	0	0	0	0	0	0	0
P01889	HLA-B	2	362	338	24	40459.4150	37892.2850	0.0634495086	0.0155496113	L	-0.005214005474	0.001056119337	0.004254056126	0.002424565978	0.001439917078	0.002944643064	0.002028601623	0.001905623052	0.002123831928	-0.0155496113	-0.005704075231	0.0009597122727	0.0003918994918	0.004246211067	0.003629881898	0.001579112185	-0.003975241969	-0.001074585233	-0.0016783487	0.004211692805
P01903	HLA-DRA	2	254	229	25	28620.5850	26000.4700	0.0915465215	0.007618497151	M	-0.007454617102	0.001117256035	0.004909434738	0.005514867714	-0.001833576874	-0.001525507453	0.00286137791	-0.005812626803	0.004942908157	0.0005599743807	-0.007618497151	0.004467179873	0.002545993986	-0.00305707078	0.005889969224	-0.006918087456	0.005858370809	-0.003030791837	-0.003644307133	0.002227749763
P02042	HBD	2	147	146	1	16055.2900	15924.0950	0.008171450033	0.007856786728	M	0.0005756937876	0.0001043904057	0.0004013723215	0.0004436807638	0.0005693050879	0.0004204177979	0.0004678656325	0	0.0006927582017	0.001017134414	-0.007856786728	0.0004553337866	0.0002975850298	0.0003147823928	0.0003001784197	0.0002716338989	0.0002565818984	0.0008579511076	0.0001759541816	0.0002341675999
P02144	MB	2	154	153	1	17183.5550	17052.3600	0.007634916058	0.007313752522	M	0.0004042280155	4.581160096e-05	0.000402609712	0.0007788350272	0.0004372179642	0.000425768845	0.0005279715171	0.0003967717199	0.001105513032	0.0008431399049	-0.007313752522	0.0001498670036	0.0002176580397	0.0003867972231	0.0001317329298	0.0002781478047	0.0001801610402	0.0003100677069	0.0001544345518	0.0001370188838
P02452	COL1A1	2	1464	1057	407	138910.6150	94765.6400	0.3177941081	0.0513190666	G	0.01926579039	-0.01319613599	-0.01338419566	-0.0034123186	-0.00521175336	0.0513190666	-0.004358629228	-0.01097930022	-0.001600390294	-0.01388940107	-0.00255801009	-0.009612194928	0.04916362922	-0.004800107573	0.006299667174	-0.00213455285	-0.01391772599	-0.01169598877	-0.007414204059	-0.007883244702
P02458	COL2A1	2	1487	1306	181	141784.5200	123439.9150	0.1293836944	0.009727202511	G	0.00435059702	-0.007061507993	-0.006388145643	0.001127586747	0.001354005952	0.009727202511	0.001082662854	-0.003250819993	-0.0004098249961	-0.003411531374	0.001067042161	0.0009905692058	0.004394105502	-0.002296492061	0.001456841987	0.002254583353	-0.001102513761	-0.004089037892	-0.0001427828315	0.0003474592521
P02461	COL3A1	2	1466	1068	398	138563.5850	95287.2450	0.3123211629	0.05657831743	G	0.0133577692	-0.01404285791	-0.01183277694	-0.003044508724	-0.01004937038	0.05657831743	-0.00462395867	-0.01029866752	-0.003880182116	-0.01296789204	-0.003649943596	-0.006301417921	0.0451783291	-0.005303575024	0.009658654961	-0.006126221555	-0.006782170958	-0.01022096418	-0.008666212888	-0.006982350273
P02462	COL4A1	2	1669	1497	172	160610.0000	144011.0400	0.1033494801	0.00651794123	L	-0.00104631415	-0.002079135799	0.001550963858	0.0001995776477	0.00265947636	0.0006075346162	-0.002129930137	0.001528474299	0.0005199905927	-0.00651794123	-0.0006958588412	-0.001040964041	0.001735217431	0.001317986689	-0.0003575660636	0.002113664082	0.0003082875987	0.0008695440339	-0.0004540707847	0.0009110638383
P02511	CRYAB	1	175	175	0	20158.5700	20158.5700	0	0	A	0	0	0	0	0	0	0	0	0	0	0	0	0	0	0	0	0	0	0	0
P02545	LMNA	2	664	661	3	74138.2550	73806.8300	0.004470364186	0.001663172933	M	0.0002746590706	3.165499466e-05	0.0002503764814	0.0005458490506	6.905366217e-05	0.0001647512362	0.0001053921121	-0.001420965308	0.0003055558712	0.0005003459102	-0.001663172933	0.0001449775764	9.023868113e-05	0.0003054513648	0.0005825605884	-0.0008474021675	0.0002240784858	0.0001897653704	4.268460224e-05	0.0001041453505
P02549	SPTA1	2	2419	2419	0	280009.4700	280009.4700	0	0	A	0	0	0	0	0	0	0	0	0	0	0	0	0	0	0	0	0	0	0	0
P02585	TNNC2	1	160	159	1	18121.8450	17990.6500	0.007239605018	0.006600773516	M	0.0003647859464	4.134158835e-05	0.000862898174	0.001305276372	0.0005636527714	0.0003329949611	5.293948029e-05	0.0004475714876	0.000448939759	0.0004028143388	-0.006600773516	0.0001352439085	7.856812589e-05	0.0002493256735	0.0004160773591	0.0002510078626	0.0002438730606	0.0002798132182	0	0.0001236494287
P02647	APOA1	2	267	249	18	30777.2800	28961.0800	0.05901106271	0.007945768285	E	-0.006971595612	0	0.003833641029	0.007945768285	-0.002562587372	-0.0007591424136	0.001675777815	0	0.00141649401	-0.006014190513	-0.003389103307	0.001189191991	0.002072535179	0.000626779215	0.005331022044	-0.0001168194002	-0.004553554545	-0.00384557853	0.001838153106	0.002283209019
P02649	APOE	2	317	299	18	36153.4300	34236.0600	0.05303424876	0.008011103756	R	-0.004298382666	-0.002731487058	0.001980322991	0.007960246475	-0.00327725196	-6.779319266e-05	0.0004197078232	0.0003548377388	-0.001120692922	-0.005973805816	-0.002152941967	0.0001787038273	0.001245786959	0.002635365287	0.008011103756	0.001990007515	-0.001074294425	-0.002113055605	-0.002946677894	0.0009803011342
P02652	APOA2	2	100	82	18	11174.8750	9303.5350	0.1674595913	0.04214969277	L	-0.005335041858	-0.007442551271	0.00419073267	0.009492079807	0.01040221082	-0.002247735954	0	-0.008057440163	0.009431435785	-0.04214969277	-0.009165591574	0.002079938394	0.007249873062	0.01610456689	0.005484790617	0.001816640938	-0.007133350388	0.003869385149	0	0.01140974985
P02654	APOC1	2	83	57	26	9331.7800	6630.4700	0.2894742482	0.05050545441	K	-0.006224845684	0	0.02043695338	0.02592281064	0.003740559208	-0.01100859193	0	0.002970210977	0.05050545441	-0.04260056376	-0.008076580161	0.005071619609	-0.02753446413	-0.002300606462	0.003944581476	0.0087933454	0.01371778674	-0.04519695336	0.007839283656	0
P02655	APOC2	2	101	79	22	11283.6900	8914.7700	0.2099419605	0.04868188717	L	0.004137588871	0	0.01090222755	0.009845985251	-0.01848303099	-0.01413656705	0	0.002686035289	0.01796164514	-0.04868188717	-0.00529206856	0.002705488926	0.0006318073464	0.009779734143	-0.009745577813	0.01936783591	0.01285010989	-0.01726284659	0.004181917563	0.01855160227
P02656	APOC3	2	99	79	20	10852.0900	8764.5000	0.1923675532	0.0498633375	L	-0.01830829036	0	0.01777402368	0.01403398146	0.01260530631	0.004296327008	0.002959793683	0	0.01673318357	-0.0498633375	-0.006132629934	0	-0.004731919337	0.00235727934	-0.02096589137	0.01372393121	0.01136225019	-0.01444482803	0.0116877035	0.006913116564
P02671	FGA	2	866	831	35	94971.9050	91357.7600	0.03805488581	0.003605911358	V	-0.001323578729	-0.0005708389528	-0.0001005206242	0.0006327934	-0.001377591439	-0.00160700695	0.001064624409	-2.159100254e-06	0.002270268169	-0.001380277436	-0.001998753871	0.002147198114	0.001704760601	0.001583366295	0.0001200908749	0.001095463571	0.0002972221801	-0.003605911358	-0.0005196439622	0.001570494808
P02675	FGB	2	491	447	44	55927.5300	50762.3600	0.09235469544	0.0104579596	L	0.001691181742	0.0002144528572	0.003567994139	0.001902217423	-0.00813609825	0.00238020501	-0.003092460989	0.003284086355	-0.004196430801	-0.0104579596	-0.00341041661	0.002121639743	0.004143586484	0.003460194659	0.001707022741	-0.001558198156	0.002261236604	-0.002836916107	0.001000597544	0.00595406521
P02679	FGG	2	453	427	26	51510.9300	48482.3700	0.05879451215	0.009359229312	L	-0.0005689282438	-0.0007662924721	0.00472396742	0.003993231645	-0.002434408635	0.002664374412	-0.0008193089929	0.00122428095	0.005188555951	-0.009359229312	-0.001255212613	0.0009573133816	-0.0002474280465	0.003661257429	-0.0009199073578	-0.004194439082	0.001609198937	-0.0002517692664	-0.001291616447	-0.001913639657
P02730	SLC4A1	1	911	911	0	101790.6500	101790.6500	0	0	A	0	0	0	0	0	0	0	0	0	0	0	0	0	0	0	0	0	0	0	0
P02743	APCS	2	223	204	19	25386.7500	23258.1950	0.08384511605	0.01412300777	L	-0.003836910155	0.0007569966725	0.003742185185	0.0009683643432	-0.0004609084678	0.003517729048	0.001938726209	0.000863320539	4.879571428e-05	-0.01412300777	-0.004611448882	-0.001194111245	0.0003980893092	0.004108812493	0.004897735982	-0.001571327452	-0.001076616194	0.002600901609	-0.003759678886	0.006792351952
P02745	C1QA	2	245	223	22	26016.3200	23687.4700	0.08951496599	0.01258254014	L	-0.003552145801	-0.002415411299	0.003877022293	-7.601040249e-05	0.005346400472	0.004538774169	0.001004290857	0.0007813024222	0.005677754961	-0.01258254014	-0.008846739388	0.002993259285	0.004039342181	0.007094766314	0.002165208894	-0.001469085124	-0.0008326073842	-0.005868933755	-0.005393194353	0.003518545801
P02746	C1QB	2	253	226	27	26721.5300	23741.7550	0.1115121402	0.02204594127	L	0.001770210618	0.001933278785	0.0005208871872	0.005869166963	0.007248558824	0.006576812228	0.001856727903	-0.01155117949	0.003487949634	-0.02204594127	-0.01552068605	0.006324483158	0.003656715532	-1.104822429e-05	0.006254115384	-0.002950393366	0.0071277289	0.0009257902159	-0.006532675694	0.005059498766
P02747	C1QC	2	245	217	28	25773.4300	22812.8000	0.1148714005	0.04371148059	L	-0.0002707843659	0.002084440877	0.0001679138191	0.004429651914	0.006394352707	0.004804390405	-0.001806173272	0.003949143217	0.002070721062	-0.04371148059	-0.00173702297	0.005114243475	0.001921256093	0.0008129139971	-0.001278707454	-0.002446803082	0.006148033937	0.004682560483	0.0008783520053	0.00779299774
P02748	C9	2	559	538	21	63172.7100	60978.0550	0.0347405549	0.005273473957	I	-0.003758947406	-0.001863075727	0.002316838871	0.001429847583	-3.773869199e-05	0.001344059974	0.0006944548584	-0.005273473957	0.002690104317	-0.000973230754	-0.001369822533	0.001774116195	0.001087907165	0.001017529174	0.0003933824076	-0.00195356614	0.0002097568554	-2.676365256e-05	0.0004062636766	0.001892357784
P02749	APOH	2	345	326	19	38297.8800	36254.3650	0.05335843655	0.006672591757	I	-0.002075976782	0.0006711181607	0.002372745294	0.003746935871	-0.003638917001	0.002198564855	-0.002499110529	-0.006672591757	0.005584495564	-0.00600449473	-0.002593426102	0.002355275043	0.001957116023	0.0007443447402	0.002218161587	-0.004409198854	0.004095373148	-0.002580659403	0.001300209413	0.00323003546
P02750	LRG1	2	347	312	35	38177.1600	34345.7550	0.1003585652	0.008647701051	S	-0.001312892952	0.001218872295	0.006360197562	0.005180458754	0.0004349092654	-0.0007286814285	-0.0007621332044	-0.001634017656	0.001120223732	0.004051411798	-0.002234010449	0.005648803089	-0.001407084132	0.0007695095349	-0.005195817635	-0.008647701051	0.0009127919214	0.001486962022	-0.006628883036	0.001367081572
P02751	FN1	2	2477	2446	31	272317.1900	269255.5250	0.0112430104	0.001861614393	L	-0.0005250103975	-0.0001084228073	0.0006114437109	0.0007778164414	0.0003252261026	-0.0006287492268	0.000288489385	0.00057866574	-0.0005174819761	-0.001861614393	-0.0003293671108	0.0004865167765	-0.0002880923955	0.0002368660752	-0.0003054225341	-0.0002399800535	0.0004078583813	0.0001064002608	0.0002978284251	0.000687029596
P02760	AMBP	2	352	331	21	38999.1550	36802.4600	0.05632673323	0.01677232044	L	-0.005849820959	-0.000257793372	0.002122830525	0.005475392901	0.003073744829	0.001835776017	0.0008248363533	0.002615060856	0.003497407149	-0.01677232044	-0.001507361228	0.002458400429	0.00275433672	0.002525041252	-0.00782626346	-0.004581691808	0.003958044892	0.0006849596174	0.001357138898	0.00361228083
P02763	ORM1	2	201	183	18	23539.2900	21587.9000	0.08289927181	0.02763710787	L	-0.003861231636	0.001634041993	0.004936449491	0.00400468615	0.005012682756	0.001771774362	0.00156933981	0.00442260829	0.00690064457	-0.02763710787	-0.00499423979	0.004454639073	-0.00152446455	0.005420080606	0.005286090781	-0.005617668091	0.002037393661	-0.00507737441	-0.005458369862	0.006720024668
P02765	AHSG	2	367	309	58	39340.2000	32959.8300	0.162184483	0.01570713548	H	0.004583305205	0.0008278540211	0.007159465881	0.009767014186	0.002644659996	-0.002499224853	-0.01570713548	0.004405017396	0.002226234008	-0.01479070268	-0.005870400793	0.006100766068	0.006889542008	0.00406587791	-0.009319620874	-0.006227659884	0.002814089339	0.005043326338	-0.00273141931	0.000619011514
P02766	TTR	2	147	127	20	15886.8300	13761.2500	0.1337950995	0.03481338908	L	-0.005481030848	-0.005528548297	0.005573047153	0.006839534831	-0.002004290231	0.002232423118	-0.003181733588	0.005492235876	0.009793824352	-0.03481338908	-0.006808473847	0.003319208069	0.007712996769	0	-0.003572400845	-0.001670117414	0.01197045308	-0.0008807375158	0.003420368714	0.007586629705
P02786	TFRC	2	760	760	0	84870.2750	84870.2750	0	0	A	0	0	0	0	0	0	0	0	0	0	0	0	0	0	0	0	0	0	0	0
P02787	TF	2	698	679	19	77063.1550	75194.7400	0.02424524405	0.006597758453	L	-0.00254326723	-0.001404559109	0.001690291573	0.001743900019	0.001305307525	-0.0006160310209	0.0008319101784	0.0005922779414	0.002392856842	-0.006597758453	-0.001285949974	0.00126770598	0.001039703582	0.0007011147138	-0.0006655894286	0.001215951648	0.00100850254	-0.002466899582	0.0004610619852	0.00132947027
P02788	LTF	2	710	691	19	78181.0750	76164.4400	0.0257944138	0.009310159405	L	-0.0003159558598	-0.0001971114359	0.00148062904	0.001765914622	-0.002181657072	-0.0004640193011	0.0004087698919	0.0006143828894	0.0003185148802	-0.009310159405	-0.001422104868	0.001237665127	0.001179617373	0.001240656947	0.002243806687	0.001538211335	0.001081013181	-0.0009298904514	0.0005978371278	0.001113879293
P02790	HPX	2	462	439	23	51675.6250	49294.7400	0.04607365658	0.006979266315	L	-0.005393704973	-0.0008351389318	0.00271169451	0.00287763147	0.002557761534	0.0001274714906	0.002402304631	-0.001224821332	0.00250184073	-0.006979266315	-0.001758061908	0.001507368024	0.00136436339	0.001548228839	0.000360841234	-0.0009348925472	0.002232724914	-0.001614997125	-0.003813875313	0.002362527679
P02792	FTL	2	175	174	1	20019.3500	19888.1550	0.006553409576	0.006277062967	M	0.0003743478573	3.394020009e-05	0.0004847039305	0.0006594416163	0.0003701935723	0.0002523497016	0.0003042320428	0.0001102328173	0.0004914213785	0.0009920953553	-0.006277062967	0.000222062359	0.0001290041346	0.0002865644263	0.0004879814176	0.0002355084601	0.0002335811856	0.0001969013424	5.720755747e-05	0.0003552936116
P02794	FTH1	2	183	183	0	21225.2900	21225.2900	0	0	A	0	0	0	0	0	0	0	0	0	0	0	0	0	0	0	0	0	0	0	0
P03886	MT-ND1	2	318	318	0	35659.8850	35659.8850	0	0	A	0	0	0	0	0	0	0	0	0	0	0	0	0	0	0	0	0	0	0	0
P03891	MT-ND2	2	347	347	0	38960.2200	38960.2200	0	0	A	0	0	0	0	0	0	0	0	0	0	0	0	0	0	0	0	0	0	0	0
P03897	MT-ND3	2	115	115	0	13185.8100	13185.8100	0	0	A	0	0	0	0	0	0	0	0	0	0	0	0	0	0	0	0	0	0	0	0
P03915	MT-ND5	2	603	603	0	67025.2700	67025.2700	0	0	A	0	0	0	0	0	0	0	0	0	0	0	0	0	0	0	0	0	0	0	0
P03923	MT-ND6	2	174	174	0	18622.0050	18622.0050	0	0	A	0	0	0	0	0	0	0	0	0	0	0	0	0	0	0	0	0	0	0	0
P03928	MT-ATP8	2	68	68	0	7991.5350	7991.5350	0	0	A	0	0	0	0	0	0	0	0	0	0	0	0	0	0	0	0	0	0	0	0
P03950	ANG	2	147	123	24	16549.8800	14142.8000	0.1454439549	0.04758079441	L	-0.000609283307	0.00658603792	0.007235074671	0.005331813355	-0.001129728471	-0.0102149423	0.008433672691	0.008318523932	0.009271060559	-0.04758079441	-0.01420706124	0.01077270547	-0.003660825879	0.007943905427	0.02051659166	0.008568752785	-0.004866888404	-0.01912489253	0.001850171487	0.006566106584
P03952	KLKB1	2	638	619	19	71341.9450	69176.3400	0.03035528398	0.004302111122	F	-0.001311654543	0.0001817011677	0.00115431607	0.001664337276	-0.004302111122	0.001415322043	0.0009360318209	-0.001584970696	0.0004397320093	-0.0008925318811	-0.001182788051	0.00139490762	0.001128705661	-1.255288915e-06	0.001707813134	-0.000477317377	-0.0007207064682	0.000219860885	0.0008470514837	-0.000616443743
P04003	C4BPA	2	597	549	48	67032.4800	61670.0500	0.07999748779	0.007108685143	L	-0.005178294538	0.004881794757	0.00171481662	0.00658686826	-0.0007353857581	0.001346212358	-0.001385281709	0.0005905339082	-0.002610561819	-0.007108685143	-0.00508786258	0.002957442515	-0.002955013646	0.001555692345	-0.001455697862	0.001591826536	0.002136150474	0.001051884422	-0.002966252656	0.005069813515
P04004	VTN	2	478	459	19	54304.8250	52277.2600	0.03733673757	0.01255680948	L	-0.00547385232	0.001055879125	0.00265127598	0.003113917164	0.002365040012	0.001729000199	0.0008692029522	-0.001023977792	0.001820013314	-0.01255680948	-0.001814970873	0.001233635128	-0.001152525932	0.002365208082	0.001025709377	0.002224166076	0.001408851404	-0.0003311404767	-0.002102735384	0.002594113444
P04062	GBA1	2	536	497	39	59715.3050	55596.5800	0.06897268632	0.008046721638	S	-0.0001107769001	-0.0008333463018	0.003727982644	-0.003511402835	0.002244926659	-0.0004976954064	0.003008477469	0.001076071846	0.001356775908	-0.003717516447	-0.002856245446	0.002704236338	-0.0007632832308	0.0010414489	-0.0008950414356	-0.008046721638	0.002260455805	0.0004076946569	-0.000304643234	0.00370860265
P04075	ALDOA	1	364	363	1	39419.4650	39288.2700	0.003328178097	0.003214871563	M	0.0002651850349	6.869419116e-05	0.000132061691	0.0002502552743	9.365791877e-05	0.0001596093883	9.896122259e-05	0.000185923924	0.0002693777845	0.0003160706709	-0.003214871563	0.0001310893359	0.0001550289724	0.0001760713877	0.0001851868619	0.000148957423	0.0001857283191	0.0001826567544	4.3420047e-05	0.0001669353607
P04080	CSTB	2	98	98	0	11139.4450	11139.4450	0	0	A	0	0	0	0	0	0	0	0	0	0	0	0	0	0	0	0	0	0	0	0
P04083	ANXA1	2	346	345	1	38713.7050	38582.5100	0.003388851571	0.003232498738	M	0.0002180390835	3.594270059e-05	0.0002566509361	0.0002837043743	0.0001347621364	0.0001113493947	5.753249831e-05	0.0002042891316	0.0003469437701	0.0003307538322	-0.003232498738	0.0001273806224	6.830774378e-05	0.0001408977002	0.0002454670485	0.0001480834221	0.0001943563859	0.0001650772947	1.514571293e-05	0.0001478149495
P04114	APOB	2	4563	4536	27	515536.4500	512790.0550	0.005327256686	0.001787438379	L	-0.0008253153936	2.755729165e-05	5.946508299e-05	0.0003975529162	0.0003366425677	1.509874469e-05	0.0001609140222	0.0003424945574	0.0004734835807	-0.001787438379	-0.0001437477006	0.0002944909199	-0.0005955388369	0.0003071272436	-0.0003483244462	0.0003757432622	0.0003240359029	0.0002664523536	6.874438881e-05	0.0002505619222
P04179	SOD2	2	222	198	24	24749.7650	22203.7950	0.1028684515	0.01538453891	R	-0.0001052228754	-0.003241627597	0.004286129566	0.007106892296	0.003989626651	-0.002097156829	0.006245238563	0.005807971231	0.008826858771	-0.007701809261	-0.003992103448	0.007445499752	0.0006271584158	-0.004290395691	-0.01538453891	-0.008012009703	-0.0007895843782	-0.003910866594	0.004932269234	0.0002576708049
P04181	OAT	2	439	414	25	48534.2000	45852.1150	0.05526175357	0.007341860258	S	-0.003253039095	0.0007572891003	0.003327671814	0.004138244915	-0.003446084671	0.001406624345	-0.004206374392	0.003689346738	0.001520922649	-0.001098438473	-0.001711795342	0.002477377912	0.002758465341	-0.00137210105	-0.002726706825	-0.007341860258	0.002729974287	-0.002323445821	0.001276440905	0.003397487919
P04196	HRG	2	525	507	18	59577.3500	57658.9700	0.03219982091	0.007651620616	L	-0.004382990681	-0.0008121553436	0.00200785717	0.002004713582	0.002090018679	0.001278578881	0.004982975845	-0.003098946488	-0.0006242380993	-0.007651620616	-0.002016706359	0.001285853902	0.003641622534	-0.0009084852225	0.002797403778	0.0002672104838	-0.0007984808891	0.001482206479	0.000198756497	-0.001743574133
P04217	A1BG	2	495	474	21	54252.7000	51920.8650	0.04298099449	0.0054525656	W	0.001056229933	0.0008602529858	0.001795554454	0.001744338423	-0.0005045780286	-0.0004053065799	0.001762538802	0.0008381928503	0.001141766444	-0.002999639576	-0.004513533758	0.001031877575	0.001610185746	0.001556421732	0.004081586592	0.001022076023	-0.001319749631	-0.004592122786	-0.0054525656	0.001286474402
P04275	VWF	2	2813	2791	22	309261.8900	307026.0700	0.007229536106	0.001590614464	L	-0.0007184013216	0.0002412014825	0.0004277243209	0.0005480988118	-0.0001647992026	-0.0001036876748	0.0002191225676	-0.0004791925856	0.0003231674856	-0.001590614464	-0.0002465884131	0.00026502136	-0.0002297152636	0.0003978386583	1.875529623e-05	0.0004452644015	3.720718077e-05	0.0002116375278	0.000108682059	0.0002892777729
P04279	SEMG1	2	462	439	23	52129.9550	49605.7900	0.04842062496	0.008189952127	L	-0.001968872093	0.0001024609774	0.002138606518	0.00142258953	-0.001895181667	0.001233720096	0.004067360844	-0.004958341716	0.0001071851452	-0.008189952127	-0.004937877752	0.0004953525138	-0.0009314099504	0.004997003505	0.002946302783	0.003060143364	0.001913980529	-0.002093643498	0.000345404107	0.002145168891
P04280	PRB1	2	392	376	16	38561.2850	36951.2650	0.04175223933	0.01988363496	L	-0.005351458652	0	0.0006337820906	0.0005604709781	0	0.00543340291	0	-0.00275129185	0.00348056363	-0.01988363496	-0.003271779613	0.002013170003	0.01611750235	0.008628845548	0.00165897581	-0.004811326013	0	-0.002457222233	0	0
P04406	GAPDH	2	335	334	1	36052.8300	35921.6350	0.003638965374	0.003433105301	M	0.0002336629859	3.075245479e-05	0.00022522019	0.0001618243445	0.0001956640588	0.0002095943759	0.0001312656366	0.0002441498539	0.0003215809274	0.000210856692	-0.003433105301	0.0002123838236	0.0001168877557	8.654986849e-05	0.0001473830094	0.0001867153212	0.0002116426783	0.0003171695898	5.183448594e-05	0.0001379672487
P04424	ASL	2	464	463	1	51657.1050	51525.9100	0.002539728078	0.0024001119	M	0.0001628871006	2.517296237e-05	0.000143799197	0.0001834119158	0.0001029627349	0.000106059699	7.091686402e-05	9.810973015e-05	0.0001214934093	0.0003161313527	-0.0024001119	7.137021004e-05	5.262428975e-05	0.0001457422273	0.0002171573148	0.0001572059395	0.0001237455958	0.0001411709536	8.4860059e-05	7.529034419e-05
P04433	IGKV3-11	2	115	95	20	12574.9200	10350.2900	0.1769100718	0.04544607121	L	-0.0004161798413	0.003555285345	-0.003240122306	-0.001422990968	-0.004021305813	0.001476781874	0	0.007698032003	0.002144879352	-0.04544607121	-0.0101998615	0.003876892537	-0.003916167207	0.00501902125	0.01533502906	0.02312798801	-0.004051887759	0.005156425531	-0.007967720781	0.01329197243
P04439	HLA-A	2	365	341	24	40840.0400	38315.9800	0.06180356337	0.01532185516	L	-0.005521880692	0.0008502670723	0.004483481571	0.004749579515	0.001854811722	0.001366354943	0.001959838934	0.002393337594	0.002257025382	-0.01532185516	-0.00503957569	0.0007417450353	-5.18042236e-06	0.001224107933	0.002926130429	0.001175259015	-0.003192693375	0.0009812798986	-0.001442348117	0.003560314413
P04626	ERBB2	2	1255	1233	22	137908.7400	135660.0200	0.0163058556	0.003926881875	L	-0.002049915156	-2.124065588e-05	0.00090322201	0.0002506948749	0.0006036078754	-0.0001595561968	0.0005669214957	0.0006025461211	0.0005952307693	-0.003926881875	-0.0005869523467	0.0005655298354	-0.0001485438595	0.0009459406579	0.0001876999268	0.0001351770526	0.0008332255668	0.00101513426	-0.0009739125815	0.0006620722256
P04632	CAPNS1	2	268	268	0	28315.4450	28315.4450	0	0	A	0	0	0	0	0	0	0	0	0	0	0	0	0	0	0	0	0	0	0	0
P04746	AMY2A	2	511	496	15	57706.2000	55886.9250	0.03152650842	0.007807554286	F	-0.0001723809475	-0.001168830093	0.002181267844	0.00134743201	-0.007807554286	0.0006869820369	0.0008226147447	-0.0001905772072	-0.0006351861354	-0.00430198691	-0.001583268436	0.002674667989	0.001276345834	0.0009861640425	0.002351030193	0.00162092677	-0.0005749852279	0.002032810139	-0.001379498599	0.001834026237
P04792	HSPB1	1	205	205	0	22782.1300	22782.1300	0	0	A	0	0	0	0	0	0	0	0	0	0	0	0	0	0	0	0	0	0	0	0
P04843	RPN1	2	607	584	23	68568.4200	66289.7350	0.03323228098	0.006371230764	L	-0.004228441388	0.000106911345	0.001937878428	0.001134996901	-0.0004748437919	-0.001939084737	0.001232136486	0.002083394687	0.002579955353	-0.006371230764	-0.001416378358	0.001165824274	-0.003075439237	0.001289536478	0.002228849178	0.0005788620099	0.0004984758801	0.002739382617	-0.002389069993	0.00231828463
P04844	RPN2	2	631	609	22	69282.8500	67053.2400	0.03218126852	0.00239558497	E	-0.002150725378	0.0001011660977	0.001444764764	0.00239558497	0.000158201089	-0.0001788336837	0.001036376365	-0.001720195501	0.001769951645	-0.0009921917578	-0.001414443678	0.001434127127	-0.001750170943	0.001830358226	0.001381807321	-0.001672398083	-0.001995133686	0.001237098631	-0.002276952697	0.001361609171
P04899	GNAI2	2	355	354	1	40450.3600	40319.1650	0.003243358032	0.003104881003	M	0.0001763623262	8.270621125e-05	0.0002634844047	0.000271171386	0.0002142477234	8.711525234e-05	8.472676576e-05	0.0002148941643	0.000269438897	0.0002417559349	-0.003104881003	0.0001262628135	3.929500702e-05	0.0001396612743	0.0002140422549	0.0001506466743	0.0001788900672	0.0001599378119	4.182138279e-05	0.0001484206512
P04920	SLC4A2	2	1241	1241	0	137007.1700	137007.1700	0	0	A	0	0	0	0	0	0	0	0	0	0	0	0	0	0	0	0	0	0	0	0
P05023	ATP1A1	2	1023	1023	0	112894.6000	112894.6000	0	0	A	0	0	0	0	0	0	0	0	0	0	0	0	0	0	0	0	0	0	0	0
P05026	ATP1B1	2	303	303	0	35060.9700	35060.9700	0	0	A	0	0	0	0	0	0	0	0	0	0	0	0	0	0	0	0	0	0	0	0
P05089	ARG1	2	322	322	0	34734.5350	34734.5350	0	0	A	0	0	0	0	0	0	0	0	0	0	0	0	0	0	0	0	0	0	0	0
P05090	APOD	2	189	169	20	21275.2900	19302.8500	0.09271036964	0.02889618405	L	-0.0106758119	0.00256619057	0.003946714682	0.001513143812	-0.001799873801	-0.007223826748	0.001314441951	0.006112049172	0.006811927029	-0.02889618405	-0.01020416664	0.008954641087	0.005852337808	0.004333380042	0.002951669841	-0.001145037458	0.005550562608	0.001204817492	0.003460333036	0.005372691459
P05091	ALDH2	2	517	500	17	56380.6300	54444.2650	0.03434450803	0.01138655481	R	-0.001575718299	0.0005869862632	0.002006144681	0.002138410917	-0.0003810806777	-0.0004271821744	0.0005011055284	0.001765227526	0.002282137608	-0.00565876994	-0.001549017136	0.001493530251	-0.0002655960919	0.002045354614	-0.01138655481	0.001301114126	0.001795431663	0.002900856786	0.000769524543	0.00165809462
P05109	S100A8	2	93	93	0	10834.3600	10834.3600	0	0	A	0	0	0	0	0	0	0	0	0	0	0	0	0	0	0	0	0	0	0	0
P05120	SERPINB2	2	415	415	0	46595.6100	46595.6100	0	0	A	0	0	0	0	0	0	0	0	0	0	0	0	0	0	0	0	0	0	0	0
P05121	SERPINE1	2	402	379	23	45059.3150	42768.5600	0.05083865567	0.007479316182	L	-0.002694649854	-0.002317373434	0.002778031187	-5.031429852e-05	0.0009778514771	-0.002740648524	0.002104864765	0.002053311519	0.002898680393	-0.007479316182	-0.003216326432	0.001792424961	0.0003210736468	0.0004075540931	0.003272274452	-0.001168582217	0.0009537619252	-0.0004468929665	0.0008524861444	0.001701789345
P05141	SLC25A5	2	298	298	0	32851.8150	32851.8150	0	0	A	0	0	0	0	0	0	0	0	0	0	0	0	0	0	0	0	0	0	0	0
P05155	SERPING1	2	500	478	22	55153.3050	52842.5450	0.04189703591	0.0134487192	L	-0.002330748305	0.0003329302778	2.794532519e-05	0.002425752647	0.002723510363	-0.000499942445	0.00106582479	0.00162196344	0.00291239114	-0.0134487192	-0.0009936913842	0.00199675731	0.002530885631	0.002509823312	-0.003995601782	-0.001449860928	0.0006228383814	0.002655768834	0.000420875421	0.0008712971675
P05161	ISG15	2	165	156	9	17887.2600	17014.3050	0.04880317052	0.007982205015	G	0.001563727112	0.000303803821	0.002336200231	-0.004108017767	0.002071036365	-0.007982205015	0.001167097132	0.0009867104787	0.002932524304	0.007893683829	-0.006036783794	0.001325142319	-0.00350322938	0.004397281981	-0.005300638913	-0.001353164972	-0.00332595036	0.004699982519	0.001024146852	0.0009086532573
P05165	PCCA	2	728	676	52	80057.9150	74246.0650	0.07259557034	0.005962085809	R	-0.001331155383	-0.0002847919341	0.004463787156	0.00579781728	0.001273711352	-0.0009452175022	0.0002857230776	0.004728990108	0.003823743499	-0.005655885961	-0.002303191529	0.001461814423	-0.001391023296	-0.001888219984	-0.005962085809	0.001021150516	0.0005386144638	0.001354079063	-0.003528410739	-0.001459448802
P05166	PCCB	2	539	511	28	58214.9600	55481.7000	0.04695116169	0.008523341959	A	-0.008523341959	0.000982590679	0.003140137924	0.002711826709	0.003288275583	0.0002796109546	0.001258244832	0.00338472394	0.002586721055	-0.006660159148	-0.0009871965631	0.002045542701	0.002122018685	0.001616147714	-0.006408166921	-0.002318311316	0.002371205202	-0.002927590445	0.0003011264871	0.001736593885
P05198	EIF2S1	2	315	315	0	36111.7500	36111.7500	0	0	A	0	0	0	0	0	0	0	0	0	0	0	0	0	0	0	0	0	0	0	0
P05386	RPLP1	2	114	113	1	11513.7850	11382.5900	0.01139460221	0.01088961119	M	0.001610695306	0.0001991365659	0.0007656633313	0.001330012349	0.0005430070868	0.000678610936	0.000127500983	0.0006467665075	0.0008409641052	0.0008623553433	-0.01088961119	0.0005428756002	0.0007569030318	0	0	0.0006045346318	0.0002936754836	0.0007701831857	0.0001678263019	0.000148900439
P05387	RPLP2	2	115	115	0	11664.7600	11664.7600	0	0	A	0	0	0	0	0	0	0	0	0	0	0	0	0	0	0	0	0	0	0	0
P05388	RPLP0	2	317	317	0	34273.0400	34273.0400	0	0	A	0	0	0	0	0	0	0	0	0	0	0	0	0	0	0	0	0	0	0	0
P05413	FABP3	2	133	132	1	14857.8600	14726.6650	0.008830006475	0.008505766462	M	0.0002708253235	6.138585737e-05	0.0007417879975	0.0005963487088	0.0005021622538	0.0003803430433	0.0002358207933	0.00046520205	0.001036942711	0.0009304041	-0.008505766462	0.000200816263	5.833075074e-05	0.0002221260118	0.0003530345445	0.0003194638371	0.00114669349	0.0005935418613	0.0002069366093	0.0001836002558
P05455	SSB	2	408	408	0	46836.4850	46836.4850	0	0	A	0	0	0	0	0	0	0	0	0	0	0	0	0	0	0	0	0	0	0	0
P05546	SERPIND1	2	499	480	19	57069.7900	54959.2550	0.03698165001	0.004114043199	L	-0.001553225655	0.0002123013114	0.0024099715	0.002406198345	0.0002967248473	-4.054193336e-05	-0.001171229241	-0.003506907982	0.0005187556922	-0.004114043199	-0.0006906354031	0.0004688282513	0.001143166748	0.001792505741	0.002238427275	-0.001402508556	0.0003531221278	0.001984323375	-0.002615186188	0.001269952942
P05556	ITGB1	2	798	778	20	88414.7050	86190.9950	0.02515090674	0.00234762952	I	-0.0002184916322	-0.0006550971935	0.001402895796	0.002326161441	-0.002095370548	0.0004187493812	0.0003893586684	-0.00234762952	0.002091176019	-0.0009725635123	-0.0009276126555	0.0006043556861	-0.0001378912841	-0.000395080488	0.001267780935	-0.0005418356878	0.001315332131	-0.0008392123149	-0.001730852895	0.001045827673
P05783	KRT18	2	430	429	1	48057.0350	47925.8400	0.002729985318	0.002610151437	M	0.0001627539215	0	0.0001535706432	0.0003041505432	6.353201739e-05	9.744264993e-05	4.475297762e-05	0.000145037819	0.0001475896377	0.0002837696459	-0.002610151437	0.0001143299401	2.213947927e-05	0.0001686161818	0.0002931130138	0.0001869312982	0.0001718006669	0.0001351675496	1.96357355e-05	9.581771637e-05
P05787	KRT8	1	483	483	0	53703.4600	53703.4600	0	0	A	0	0	0	0	0	0	0	0	0	0	0	0	0	0	0	0	0	0	0	0
P05976	MYL1	1	194	193	1	21144.8450	21013.6500	0.006204585562	0.005838399876	M	0.0005735913941	3.000264785e-05	0.0003295933004	0.0008015382198	0.0003681515069	0.0002044840419	7.683906922e-05	0.0002923326664	0.0006878149115	0.0004547397033	-0.005838399876	0.0003271665429	0.0003706228376	0.0002533188238	0.000215684271	0.0002081860853	0.0002064824024	0.0003481158992	0	8.973555238e-05
P05997	COL5A2	2	1499	1203	296	144909.3100	112230.6900	0.2255108385	0.0386291097	G	-0.003091777523	-0.002932800382	-0.007696754002	0.003083343735	-0.004413913586	0.0386291097	-0.001437897194	-0.008206151472	-0.008201507174	-0.007142214875	-0.004115629571	-0.007933407052	0.0367225794	0.0002922166478	0.006978567597	-0.005548587019	-0.005091377756	-0.005402767563	-0.005602930624	-0.008888101282
P06312	IGKV4-1	2	121	101	20	13379.8200	11158.1800	0.1660440873	0.02030788216	L	0.001119941235	0.003106310337	0.008531072671	0.005658197094	-0.006393723895	-0.003886558535	0	-0.01015394108	0.007496063193	-0.02030788216	-0.007687942953	0.006774607491	0.008855138061	-0.003819277539	0.006699231522	0.008030763816	0.003024449602	-0.006065143631	-0.007904390664	0.00692308543
P06396	GSN	2	782	755	27	85696.3050	82957.9600	0.0319540615	0.006700152228	L	-0.00404362738	-0.00222605428	0.002049917032	0.00251230179	0.001714532981	0.001784535374	-0.0008798406119	0.001010096232	0.002202574346	-0.006700152228	-0.000896112675	0.001238588356	-0.003151220193	0.002006103596	-0.001159204288	-0.0005585742345	0.001635192694	0.001100696352	0.001025628139	0.001334618997
P06576	ATP5F1B	2	529	482	47	56559.0800	51768.5250	0.08470001634	0.008795005654	A	-0.008795005654	0	0.002871226559	0.007685651236	0.0009980759796	0.001466701026	-0.0003768439265	0.006666758651	0.00474704355	-0.00630432252	0.0004802112564	0.001678760679	-0.006229018439	0.002533556967	-0.008018087506	-0.001359229936	0.001607618568	1.957586661e-05	0	0.000327327644
P06702	S100A9	2	114	114	0	13241.8250	13241.8250	0	0	A	0	0	0	0	0	0	0	0	0	0	0	0	0	0	0	0	0	0	0	0
P06703	S100A6	2	90	90	0	10179.5750	10179.5750	0	0	A	0	0	0	0	0	0	0	0	0	0	0	0	0	0	0	0	0	0	0	0
P06727	APOA4	2	396	376	20	45371.2250	43374.7250	0.04400366091	0.007790234175	A	-0.007790234175	0	0.002265169251	0.006457528269	-0.001519654918	-0.000421636923	0.001111759292	0.0005874535383	0.0007502435078	-0.00388683469	-0.002174544171	0.001775124529	0.001237481605	0.005628680009	0.0005819236453	0.001788479613	-0.0007757447889	-0.006934176147	0.0001829225609	0.001136059993
P06730	EIF4E	2	217	216	1	25096.9100	24965.7150	0.00522753598	0.005094012643	M	0.0001749120706	8.650025604e-05	0.0003325862023	0.0004726850612	0.0002358695493	0.0001473863413	0.0001384585953	0.0002575285252	0.0004174801066	0.0003979986298	-0.005094012643	0.0003065561649	0.0002260368918	0.0001825850774	0.0003731019627	0.000225082005	0.0003826972371	0.0002509121408	0.0002915992454	0.0001940365804
P06732	CKM	2	381	381	0	43100.6400	43100.6400	0	0	A	0	0	0	0	0	0	0	0	0	0	0	0	0	0	0	0	0	0	0	0
P06733	ENO1	1	434	433	1	47168.4150	47037.2200	0.002781416335	0.002655337424	M	0.0001896887458	3.599603502e-05	0.0001713545158	0.0002112727005	0.0001390518672	0.000141251856	4.609429542e-05	0.0001753648036	0.0002750713845	0.0002338197382	-0.002655337424	0.0001570087866	9.121213847e-05	7.959869337e-05	0.0001466362085	0.0001352941102	0.0001061698834	0.0001914257615	3.033637451e-05	9.868952546e-05
P06737	PYGL	2	847	846	1	97147.2900	97016.0950	0.001350475139	0.001288804118	M	6.217504907e-05	1.003211428e-05	8.344284273e-05	0.0001026806035	7.815898496e-05	4.262288275e-05	3.486908466e-05	8.53360181e-05	0.0001123999683	0.0001303313731	-0.001288804118	7.814005913e-05	4.357863764e-05	5.013052664e-05	9.06642333e-05	4.350754745e-05	5.636114952e-05	8.03721253e-05	2.898776181e-05	7.501315561e-05
P06744	GPI	2	558	557	1	63146.1650	63014.9700	0.002077640028	0.001980610337	M	9.949065696e-05	1.353046133e-05	0.0001003310063	0.0001314451486	0.0001291323733	8.592976438e-05	9.096292625e-05	0.0001171865706	0.0001428496099	0.0001940902576	-0.001980610337	0.0001032808836	7.071385829e-05	0.0001183206234	0.0001313122561	8.50849481e-05	0.0001230494728	0.0001046611783	6.841839252e-05	7.08199489e-05
P06748	NPM1	2	294	294	0	32574.5950	32574.5950	0	0	A	0	0	0	0	0	0	0	0	0	0	0	0	0	0	0	0	0	0	0	0
P06753	TPM3	1	285	284	1	32949.4500	32818.2550	0.003981705309	0.00381182367	M	0.0003499840961	1.252549848e-05	0.0002614372162	0.0009278266104	1.707731178e-05	2.328216832e-05	3.207875685e-05	0.0001627239653	0.0005742976204	0.000461051235	-0.00381182367	9.560978886e-05	0	0.0002266188943	0.0002521226948	0.0001195060333	9.851682929e-05	8.477661796e-05	0	0.000112388333
P06756	ITGAV	2	1048	1018	30	116036.2650	112700.1250	0.02875083923	0.007105593633	L	8.605154147e-05	-0.000419823201	0.002043517602	0.001678057608	0.0005870187369	-0.0003357975822	0.0005104407363	0.001639878461	0.001635272486	-0.007105593633	-0.000451564232	0.001448908155	-0.002979461997	0.001698819589	-0.005990525697	0.000880539074	0.001280215415	0.001875717544	0.0004479201081	0.001470409285
P06865	HEXA	2	529	441	88	60701.9500	50564.7500	0.1669995774	0.01260313608	E	-0.007096547864	0.0006952418817	0.001155458147	0.01260313608	-0.002794916398	0.0008681842707	0.001333135328	0.006739279216	0.005428912601	-0.0003356784839	0.000430301975	0.00152016603	-0.0009654679204	-0.008312476931	-0.007919628785	-0.005071448947	0.003074153256	0.006363719281	-0.004639197158	-0.003076325577
P06899	H2BC11	2	126	125	1	13903.9950	13772.8000	0.009435777271	0.009063467638	M	0.0007196541844	0	0.0002303913505	0.0005942458197	0.0001906253303	0.0003032014795	0.0002685591137	0.0005297847086	0.001686997823	0.0004541011788	-0.009063467638	0.0002286950055	0.0003985718435	0.0002529631252	0.0008040906238	0.0007882638401	0.000549846585	0.0005407532525	0	0.0005227223742
P07099	EPHX1	2	455	455	0	52948.1100	52948.1100	0	0	A	0	0	0	0	0	0	0	0	0	0	0	0	0	0	0	0	0	0	0	0
P07108	DBI	2	87	86	1	10044.3100	9913.1150	0.01306162394	0.01236663992	M	0.0008015044072	0	0.0007484021537	0.001820039816	0.0005573037646	0.0005065293735	0.0003489544527	0.0005900400331	0.002137213886	0.0007375500414	-0.01236663992	0.0004457350528	0.0002589437715	0.0003286896792	0.0003918006166	0.0003545435718	0.0006697946247	0.0003952305589	0.0004593198733	0.0008150442448
P07195	LDHB	2	334	333	1	36638.0350	36506.8400	0.003580841604	0.003388932077	M	0.0001540972152	4.989715749e-05	0.0002082946873	0.0002544878581	6.802997232e-05	0.0001422134881	8.945329795e-05	0.0002592938983	0.0003130671869	0.0003889408474	-0.003388932077	0.0001849967178	0.0001043104278	0.000132406201	0.0001147848773	0.0002250511709	0.0001275482704	0.0003666675075	0.0001009243728	0.0001044669227
P07237	P4HB	2	508	491	17	57115.5750	55293.2600	0.0319057455	0.007204935115	L	-0.004759630969	-0.00146458543	0.002867849097	0.004128564239	0.002731539452	0.001090873014	0.0008551735296	0.001511722716	0.003442907134	-0.007204935115	-0.001953187835	0.0009930465537	0.001211483724	0.0009519677584	-0.006753646661	0.001211153009	0.001372847525	-0.001834292765	0.0005116559875	0.001089495035
P07305	H1-0	2	194	194	0	20862.7050	20862.7050	0	0	A	0	0	0	0	0	0	0	0	0	0	0	0	0	0	0	0	0	0	0	0
P07339	CTSD	2	412	348	64	44551.6650	37851.8450	0.1503831563	0.008336961083	L	-0.007611487279	0.0009897907829	0.006561017311	-0.001436378092	0.004180056935	0.004927029347	-0.0003276558697	0.001416591113	0.001578801973	-0.008336961083	-0.001652923227	0.004980601202	-0.005404397546	0.001886889955	-0.004685614003	-0.005737123465	0.0004699946975	-0.002287387935	0.002799489107	0.007689666078
P07355	ANXA2	2	339	338	1	38603.4900	38472.2950	0.003398526921	0.003249119002	M	0.0001469032697	3.63244526e-05	0.0002992809905	0.0002426072294	8.666856693e-05	0.0001069054483	4.651484666e-05	0.0002261216662	0.0003506287042	0.0003342668109	-0.003249119002	9.902580632e-05	6.040409292e-05	0.0001423941927	0.0002741872576	0.0002047927427	0.0001607078208	0.0001580500437	1.530657748e-05	0.0002580284825
P07357	C8A	2	584	554	30	65162.4750	61710.3450	0.05297726951	0.005843893728	V	-0.0001904004367	0.0009855259967	0.003821611971	0.001521725628	-0.004238820632	0.002047582648	0.001028012074	0.0008738098929	0.001404376375	0.0001059440999	-0.002845447515	0.0003937956642	-8.06460214e-05	-0.002566499359	-0.002802790034	0.002170079173	-0.0006053707678	-0.005843893728	0.001353146154	0.003468258818
P07384	CAPN1	2	714	713	1	81888.9250	81757.7300	0.001602109199	0.001537777667	M	5.785858445e-05	2.219351995e-05	0.0001041717959	0.0001347529131	0.0001210349145	6.375449795e-05	2.325243974e-05	6.989703202e-05	9.007279272e-05	0.0001594526043	-0.001537777667	6.160285421e-05	4.792948378e-05	6.32727469e-05	0.0001508431984	8.574952248e-05	7.141039308e-05	8.973758192e-05	5.441172478e-05	6.637906702e-05
P07437	TUBB	2	444	444	0	49670.2450	49670.2450	0	0	A	0	0	0	0	0	0	0	0	0	0	0	0	0	0	0	0	0	0	0	0
P07451	CA3	1	260	259	1	29556.9850	29425.7900	0.004438713895	0.004302672724	M	0.0001595951583	7.751611284e-05	0.0002724963914	0.000282393835	0.000253645824	0.0001729026455	0.0002382296119	0.0001678406821	0.0003367075762	0.0003692495006	-0.004302672724	0.0002028675239	0.0003093645287	0.000149596629	0.0002674804924	0.0002554922378	0.0001829062931	0.000209861632	0.0002090503871	0.0001854756618
P07476	IVL	2	585	585	0	68477.1000	68477.1000	0	0	A	0	0	0	0	0	0	0	0	0	0	0	0	0	0	0	0	0	0	0	0
P07585	DCN	2	359	329	30	39746.2300	36326.1700	0.08604740626	0.007374434451	F	-0.00325378868	0.001475664376	0.001711853693	0.001593638416	-0.007374434451	0.0001023867558	0.002834466754	-0.0006198897903	0.004550984252	-0.005853621504	-0.00555127336	0.007241181066	0.002649252637	-0.005930699262	0.00047240484	0.003271516075	0.001048445092	0.002695734791	-0.004006218844	0.002942397142
P07686	HEXB	2	556	435	121	63136.4050	49925.9800	0.209236256	0.02213061623	L	-0.01389072761	-0.0006640945184	0.01406653831	-0.001213992048	0.003154408148	0.0009541991982	-0.005518451781	0.009319450774	0.005323261181	-0.02213061623	-0.004898254728	0.001802638268	-0.01123439332	0.004656798381	0.004438699595	0.004016615445	0.003576990416	0.002342923057	0.0026018118	0.003296195658
P07737	PFN1	2	140	139	1	15054.0950	14922.9000	0.008714904483	0.008206691274	M	0.000434884887	0.0001774295193	0.0005847441982	0.0002872807877	0.0003225440992	0.0005863160125	0.0001514701767	0.0003201473265	0.000713613443	0.0007683535836	-0.008206691274	0.0003869591959	0.0002247987296	0.000285347749	0.0004251708796	0.0005129874596	0.0006396210183	0.0007434144558	0.0001993763422	0.0004422314103
P07738	BPGM	2	259	258	1	30004.7400	29873.5450	0.004372475815	0.004250018208	M	0.0001556528515	4.536078962e-05	0.0001827135801	0.0004957526972	0.0001030751188	0.0001405263485	0.0001548965887	0.000261911512	0.0002919024468	0.000523823024	-0.004250018208	0.0002473203831	0.000172412932	0.0002188519576	0.000391309816	0.0001967219124	8.919407823e-05	0.0002192974787	0.0001784006361	0.0001808940568
P07741	APRT	2	180	179	1	19607.4650	19476.2700	0.006691074037	0.006492094961	M	0.0004106773198	0.0001047206422	0.0003451217598	0.0005510567984	0.0003807373805	0.0003676775513	8.939918364e-05	0.0002645357281	0.0003369453215	0.001095933731	-0.006492094961	3.806451867e-05	0.0003648656401	0.0002947263193	0.0006022560537	0.000333047252	0.0002059148712	0.0004387705018	5.883693613e-05	0.0002088074519
P07814	EPRS1	2	1512	1512	0	170588.7550	170588.7550	0	0	A	0	0	0	0	0	0	0	0	0	0	0	0	0	0	0	0	0	0	0	0
P07858	CTSB	2	339	254	85	37821.1900	27814.7250	0.2645729814	0.02221287405	L	0.002007962672	0.005490039149	0.00495073847	0.01024941956	-0.005662407314	0.01205039294	0.004267035535	0.01191807325	-0.004780681968	-0.02221287405	-0.005349843485	-0.006257055783	0.0009074019467	-0.006195579678	-0.00711058553	0.006799141922	-0.0002157790526	0.001874191302	-0.005342695787	0.002613105893
P07900	HSP90AA1	2	732	731	1	84658.6750	84527.4800	0.001549693519	0.001480965634	M	4.7298303e-05	1.324326251e-05	0.0001122301384	0.0002228489809	6.448540697e-05	3.751060573e-05	2.907171879e-05	0.0001024099622	0.0001826187376	0.0001269883532	-0.001480965634	6.395403378e-05	3.775247969e-05	5.704883694e-05	8.160318102e-05	6.892049145e-05	7.998173549e-05	6.951260638e-05	1.275545475e-05	7.073134505e-05
P07902	GALT	2	379	379	0	43362.3300	43362.3300	0	0	A	0	0	0	0	0	0	0	0	0	0	0	0	0	0	0	0	0	0	0	0
P07910	HNRNPC	2	306	305	1	33669.5950	33538.4000	0.003896542266	0.003722436615	M	0.0001913945104	1.183142628e-05	0.0004029188508	0.0004022880237	0.0001129170778	0.0001686056366	3.0301185e-05	0.0001280891536	0.0004139934799	0.0002177515611	-0.003722436615	0.0002064269449	0.0001349110704	0.0001712490561	0.0003061952809	0.0003489137998	8.1425524e-05	0.0002516765843	0	0.0001415474498
P07919	UQCRH	2	91	78	13	10738.6600	9245.9950	0.1389991861	0.02414399341	M	0.003511774176	0.007959863794	-0.0002754547272	0.001019732842	0.006511504952	-0.005087243031	0.008154327287	0	-0.004144250046	-0.005713416276	-0.02414399341	0.003471961718	0.003025484049	-0.007983223828	0.01373332723	-0.004359953719	-0.003376859331	0.007696418318	0	0
P07942	LAMB1	2	1786	1765	21	198036.3950	195704.5300	0.01177493157	0.002529625336	L	-0.001017837573	0.0002637676763	0.0008128620296	0.001165063081	-0.0009821060743	0.0001595435622	0.0003131649589	0.0004752141164	0.0006431220001	-0.002529625336	-0.000408799002	0.0005470352677	0.0005183994496	3.829814633e-05	-0.001503923027	0.000190710052	0.0005733560609	7.920617278e-05	0.0001374036909	0.000525144748
P07951	TPM2	1	284	284	0	32850.2550	32850.2550	0	0	A	0	0	0	0	0	0	0	0	0	0	0	0	0	0	0	0	0	0	0	0
P07954	FH	2	510	466	44	54636.2950	50080.9550	0.08337571206	0.01313395147	R	-0.009985134422	0.0005211556399	0.003244246909	0.006117671535	0.001200632005	0.0006681540538	0.0028918919	0.005077912409	0.006707405568	-0.005187898678	-0.0006122015693	0.003422901174	-0.00719466562	0.003352555748	-0.01313395147	-0.001475495021	0.005294601778	0.002206843582	-0.002615023907	-0.0005016016144
P08123	COL1A2	2	1366	1040	326	129313.1750	93608.3350	0.2761113862	0.04807166156	G	0.01098488931	-0.007085212079	-0.008748880046	-0.004151982341	-0.005965770972	0.04807166156	0.001453507364	-0.006253441879	-0.007148103294	-0.01228554937	-0.003053193746	-0.006967544704	0.03554143234	-0.002712540067	0.003801287018	-0.00556855711	-0.01235838819	-0.0001475921598	-0.006634670458	-0.01077135118
P08133	ANXA6	2	673	672	1	75872.1000	75740.9050	0.001729159994	0.001638363424	M	9.977968296e-05	1.403769112e-05	0.000146500153	0.0001562604576	7.974600379e-05	6.52325111e-05	3.894756398e-05	0.00011904675	0.0001467932808	0.000167172032	-0.001638363424	3.826881296e-05	3.334762667e-05	7.619351943e-05	0.0001412806253	8.117205679e-05	8.740845594e-05	5.881672086e-05	7.887028946e-06	8.047245083e-05
P08134	RHOC	2	193	190	3	22006.1200	21682.6950	0.01469704791	0.004298464719	I	0.0006316711772	0.0004295278922	0.001100999057	0.001477852233	0.000683223269	0.0004879102668	0.0001833422815	-0.004298464719	0.00129565621	-0.0040659574	0.0004408073126	0.0004683825117	-0.003840856134	0.0005180852275	0.001543903904	0.0004967435478	0.000563061104	0.001107498461	0.0002413287833	0.0005352850142
P08174	CD55	2	381	319	62	41399.7400	34963.9000	0.1554560488	0.04459257445	L	-0.004301751986	0.002435188933	0.005120493946	0.009402918823	0.003566581657	-0.003960765501	-0.0008283359107	0.008073991777	0.01068575146	-0.04459257445	-0.005611428818	0.007624188507	0.00179872804	0.007308803012	-0.002119962597	0.008580871469	-0.006182033336	-0.003577969829	-0.001090317497	0.007667622299
P08185	SERPINA6	2	405	383	22	45140.1600	42638.1400	0.05542780531	0.01107231167	L	0.0008867743958	-0.002040840861	0.002972330617	0.002628513921	0.004242292928	0.0003281160882	0.001905607831	0.003222153777	0.002774953125	-0.01107231167	-0.0005140648853	0.003245490257	-0.002850127916	0.0001492188458	0.001945078863	0.002219445276	-0.003359300791	0.001427689209	-0.00687983692	-0.001231182094
P08195	SLC3A2	2	529	528	1	57943.8600	57812.6650	0.002264174323	0.002172738424	M	0.0001463929849	7.963620633e-06	0.0001399746327	0.0001595645742	0.0001140051186	0.0001060855358	4.079087954e-05	6.466169436e-05	0.0001345231413	0.0003534839291	-0.002172738424	7.381400828e-05	9.080735987e-05	0.0001200688675	0.0001316731695	0.0001657768687	8.221012003e-05	0.0001001006606	8.724949601e-05	5.359176214e-05
P08236	GUSB	2	651	629	22	74730.8300	72577.2800	0.02881742381	0.00518144081	A	-0.00518144081	-0.001188637893	0.001404066127	0.001914217186	0.001684496074	-0.002444348162	0.0009820023726	0.001199212422	0.001387936773	-0.003256297493	-0.001149019925	0.00130081294	0.0001255040642	0.00164439949	0.000128642433	0.0002993243613	0.001591682837	0.00070441754	-0.003504321062	0.002357350724
P08237	PFKM	2	780	779	1	85181.5550	85050.3600	0.001540180853	0.001454069209	M	8.655730315e-05	2.758959387e-05	8.486373261e-05	0.0001049769321	7.272379516e-05	9.230946173e-05	4.475073417e-05	9.358950716e-05	9.986768061e-05	0.0001234584988	-0.001454069209	5.816494834e-05	3.845085217e-05	5.102602328e-05	0.0001269358139	6.860008146e-05	9.945855793e-05	0.0001084843052	3.100223869e-05	4.125914917e-05
P08238	HSP90AB1	2	724	723	1	83263.1550	83131.9600	0.001575666932	0.001506330974	M	5.4568205e-05	1.171757191e-05	0.0001094146169	0.0002276667356	6.922838713e-05	4.114077281e-05	3.251039489e-05	0.0001014852366	0.0001767282764	0.0001310850972	-0.001506330974	5.962847589e-05	4.268187142e-05	4.946699288e-05	8.985148133e-05	8.130733789e-05	6.528158861e-05	7.930831006e-05	1.316695574e-05	7.009266606e-05
P08240	SRPRA	2	638	638	0	69810.3250	69810.3250	0	0	A	0	0	0	0	0	0	0	0	0	0	0	0	0	0	0	0	0	0	0	0
P08243	ASNS	2	561	560	1	64369.0600	64237.8650	0.002038168648	0.001951651955	M	9.129883493e-05	3.267472526e-05	0.0001112736744	0.0001626813515	0.0001425562989	6.680870225e-05	8.368246327e-05	9.55104657e-05	0.0001537570199	0.0002087080547	-0.001951651955	7.126088976e-05	8.072620428e-05	6.305822846e-05	0.0001268424421	8.502278503e-05	8.352388999e-05	0.000116895205	3.855218451e-05	0.0001368185351
P08253	MMP2	1	660	551	109	73881.4450	62058.6800	0.1600234673	0.01356756869	L	-0.004263305179	-0.003275190442	0.004959286822	0.002668666734	0.005867170945	0.002723262581	0.001310069894	0.001857642038	-0.003586216761	-0.01356756869	-0.004293381699	-0.002095735424	-0.003081468342	-0.001919793512	0.0004356290045	0.002427343665	-0.0004100600242	0.0002929617559	0.006843155921	0.007107530715
P08311	CTSG	2	255	224	31	28836.7900	25440.7550	0.1177674422	0.03082563601	L	-0.003345908535	0.002920700945	-0.0002402440882	-0.009072425383	-0.005905791944	0.001538647456	0.003740068931	0.006851007565	-0.002613256627	-0.03082563601	-0.006533442283	0.005838991276	-0.004786436592	5.958312251e-05	0.02379598267	0.00633328785	-0.001387195474	0.007530760774	0.002461478818	0.00363982753
P08473	MME	2	750	749	1	85512.7750	85381.5800	0.001534215209	0.001470684723	M	7.19837806e-05	2.216513263e-05	8.725218965e-05	0.000123365507	7.051339224e-05	4.806683536e-05	2.128747314e-05	0.0001019845815	0.0001203486574	0.0001319800467	-0.001470684723	0.0001148082889	4.387916322e-05	7.352124733e-05	8.498219663e-05	7.529897658e-05	6.719179333e-05	7.143846395e-05	4.670026603e-05	9.39167306e-05
P08559	PDHA1	2	390	361	29	43295.1550	40228.5200	0.07083090475	0.007877534557	S	-0.004501014301	0.002220661313	0.00386254429	0.006292179192	0.003279962824	0.00252070914	0.001895760992	0.004006879944	-0.001123393871	-0.002213163503	-0.00319767937	-0.0002049441455	0.0001731009314	-0.0004499005248	-0.007466466675	-0.007877534557	0.003092967966	-0.00591587222	0.0006238354976	0.004981367076
P08572	COL4A2	2	1712	1529	183	167552.0550	149186.6700	0.1096100254	0.005296966865	R	-2.309310969e-05	-0.00185589735	-3.450098663e-05	0.0004594642157	0.001144422277	0.001125925636	0.000943604906	0.004364159887	-0.0001282299552	0.001587089587	0.001460690849	-2.575300284e-05	0.004059197102	-0.004324944778	-0.005296966865	0.001182626003	0.0003836028343	-0.003009817881	-1.990341447e-05	-0.001991675954
P08574	CYC1	2	325	241	84	35421.4700	27351.9900	0.2278132443	0.02861527643	A	-0.02861527643	0.001505422441	0.01366342062	0.01618250839	0.01211259232	-0.01539686177	0.006478313701	0.005770841094	0.005776726927	-0.02238775732	-0.003525071869	0.004843863723	0.003775723289	-0.001726271708	-0.01461754267	-0.01059490299	0.00497387514	-0.001312059581	0.004492342641	0.01860011406
P08579	SNRPB2	2	225	225	0	25486.0400	25486.0400	0	0	A	0	0	0	0	0	0	0	0	0	0	0	0	0	0	0	0	0	0	0	0
P08590	MYL3	1	195	194	1	21931.8400	21800.6450	0.005981942236	0.005591114227	M	0.0003309186262	8.438257818e-05	0.0003398936192	0.0008539127825	0.0003834917489	0.0002091317314	0.000108055109	0.0002131595671	0.0006448274815	0.0004263191342	-0.005591114227	0.0001840314663	0.0004276424002	0.0002374867663	0.0003235269092	0.0001219842239	0.0003041932977	0.0002719659688	0	0.0001261908166
P08603	CFH	2	1231	1213	18	139095.1500	137051.4600	0.01469274809	0.002562738323	L	-0.001352794497	-0.000606888004	0.0006519799199	0.001278231111	0.0004580209077	0.0006660670411	0.0004015042128	-0.001640190937	0.0001608103147	-0.002562738323	-0.001588606929	0.0007204450667	0.0009683005804	0.0005942949976	-0.000210880815	0.0009032846618	0.0008367169602	-5.519907117e-05	-0.0007945864653	0.001172229267
P08621	SNRNP70	2	437	436	1	51556.0100	51424.8150	0.002544708173	0.002460918411	M	7.551302091e-05	5.13478371e-06	0.000236913733	0.0003304760527	4.900548405e-05	0.000139985155	7.890343604e-05	5.003108462e-05	0.0001363023165	0.000111180188	-0.002460918411	5.039343524e-05	0.0001610146286	3.7160645e-05	0.0006792018624	0.0001024358836	5.048328124e-05	4.964839151e-05	1.730976443e-05	9.982526399e-05
P08651	NFIC	2	508	508	0	55674.0950	55674.0950	0	0	A	0	0	0	0	0	0	0	0	0	0	0	0	0	0	0	0	0	0	0	0
P08670	VIM	2	466	465	1	53650.7750	53519.5800	0.002445351442	0.00235333121	M	0.0001142917133	4.710110643e-06	0.0001500541109	0.000314583376	6.421782578e-05	4.085698319e-05	3.618885769e-05	7.648876028e-05	0.0001250294127	0.0002804587877	-0.00235333121	0.0001181321873	4.028124253e-05	0.0001874799752	0.0002911980421	0.0001756716547	0.0001157701345	0.0001184097558	7.939078867e-06	9.156920037e-05
P08697	SERPINF2	2	491	452	39	54564.8100	50449.9650	0.07541206503	0.00517467159	S	0.0005411845529	-0.003193789041	0.003280962177	0.002832933666	0.00339498765	-0.002204597317	0.002415475258	0.001531604365	0.003603635317	-0.005151522942	-0.002771690936	0.002742572488	-0.001737998294	0.002025340367	0.001546117863	-0.00517467159	0.001520887746	-0.001288371882	-0.004853353707	0.0009402942573
P08708	RPS17	2	135	134	1	15549.9600	15418.7650	0.008436999195	0.008097364485	M	0.0002076895267	5.649043227e-05	0.0003723444966	0.0007545874075	0.0002310578039	0.0002800090294	0.0001446763052	0.0006727331628	0.0008860875851	0.0006115756026	-0.008097364485	0.0003696029669	0.0003757527589	0.0003406863557	0.001055861942	0.0002449892509	0.0004998536037	0.0006554494031	0	0.0003379168512
P08727	KRT19	1	400	400	0	44105.2650	44105.2650	0	0	A	0	0	0	0	0	0	0	0	0	0	0	0	0	0	0	0	0	0	0	0
P08754	GNAI3	2	354	353	1	40531.6950	40400.5000	0.003236849582	0.003100798511	M	0.000151625501	8.248263871e-05	0.0002265277157	0.0003004870576	0.0001911771381	9.71009096e-05	5.281108202e-05	0.0002321726978	0.0002786627886	0.000241102417	-0.003100798511	0.0001259214982	3.135102738e-05	0.0001293349015	0.0002371818366	0.0001502394442	0.0001784064892	0.0001674807392	4.170833066e-05	0.0001850242981
P08758	ANXA5	2	320	319	1	35936.2250	35805.0300	0.003650773001	0.003489617136	M	0.0001996362932	1.044230695e-05	0.0002867842224	0.0003677362334	0.0001850820478	0.000142339779	4.01153167e-05	0.0002034905353	0.0002771899866	0.00042959113	-0.003489617136	6.832143915e-05	4.961302408e-05	0.0001511428265	0.0002852587286	0.0001902032254	0.0002361292085	0.0001615472116	1.760092379e-05	0.0001873926969
P08962	CD63	2	238	237	1	25636.4350	25505.2400	0.005117521215	0.004789157864	M	0.00038837934	0.0003047223691	0.0001115839863	0.0002713611884	0.0003877623166	0.0002517388385	5.202781509e-05	0.0003958775156	0.0003186506663	0.0004838502969	-0.004789157864	0.0002879822562	9.651889061e-05	0.0001470192375	0.0001752480578	0.0001762037734	0.0001198366742	0.000569631639	6.848289009e-05	0.0001822801125
P09001	MRPL3	2	348	308	40	38632.1650	34408.2650	0.1093363522	0.01250030214	K	-0.002022978774	0.001670976797	0.002541477923	0.006087425291	0.001331647578	-0.008841051631	0.0008227621382	0.002142819618	0.01250030214	-0.01141209485	-0.0008550001951	0.001429486404	0.00249132258	-0.002077914721	-0.01023923076	0.003478434168	0.001591957744	-0.001044468093	-0.004593633114	0.004997759752
P09012	SNRPA	2	282	281	1	31279.1250	31147.9300	0.004194330884	0.003834959976	M	0.0002223486465	0	0.0001358949804	0.0002336749298	0.0002810980692	0.0001703253389	8.80044503e-05	0.0002529684095	0.0003648574321	0.0002678489042	-0.003834959976	0.0001948474685	0.0004571296587	0.0003149963738	0.0002569060627	0.0001430623941	0.0001621618839	0.0001860600695	0	0.000102774904
P09104	ENO2	2	434	433	1	47267.9550	47136.7600	0.002775559044	0.002658006191	M	0.0001933980962	3.586584557e-05	0.0001970016526	0.0002468031572	0.0001140991339	0.0001444446903	4.592758286e-05	0.0001747305491	0.0001875260359	0.0002653315746	-0.002658006191	0.0001303674347	8.520210466e-05	9.373094905e-05	0.0001718892456	0.0001244351836	0.0001057858911	0.0001849536176	4.030220635e-05	0.0001162112403
P09110	ACAA1	2	424	398	26	44291.4350	41490.1850	0.06324586232	0.005417798742	Q	0.0005040332498	-0.0009219972975	0.0005382498278	0.003810242127	0.001925074789	-0.0001585148001	-0.002386033787	0.004076309059	0.0035966039	-0.002145281628	-0.003816544813	0.002052915883	-0.003522791877	-0.005417798742	-0.001297853777	0.001649666158	0.003547593615	0.0004924206255	-0.003933981844	0.001407689331
P09211	GSTP1	2	210	209	1	23355.4950	23224.3000	0.005617307619	0.005440843194	M	0.0002725929143	9.885840533e-05	0.0003529520856	0.0003001204436	0.0002358718633	0.0002756343034	6.329597882e-05	0.0001872953103	0.0003578436021	0.0008562071329	-0.005440843194	0.0002156020553	0.0002583304107	0.0003875313132	0.000284270951	0.0002143659173	0.0002186862809	0.0003345528033	8.331488749e-05	0.000443516535
P09234	SNRPC	2	159	159	0	17393.5300	17393.5300	0	0	A	0	0	0	0	0	0	0	0	0	0	0	0	0	0	0	0	0	0	0	0
P09382	LGALS1	2	135	134	1	14715.5700	14584.3750	0.0089153869	0.008634120689	M	0.0006398247875	0.0003729190606	0.0006145038829	0.0005283276517	0.0008473987513	0.0004236070385	0.0001591790257	0.0002691525981	0.0005999453887	0.0008074577943	-0.008634120689	0.0008810812998	0.0004134191704	0.0002249025731	0.000446809318	0.000269547596	0.0002444267553	0.0006009610976	0.000104761652	0.0001858952476
P09417	QDPR	2	244	243	1	25789.1550	25657.9600	0.005087215925	0.004774062827	M	0.0004844352797	7.985684002e-05	0.0001973846745	0.0003394080476	0.0001905349534	0.0003092425811	0.0001022597287	0.0001945225226	0.0003372396009	0.000453885886	-0.004774062827	0.000152391053	0.000170735519	0.000168562129	0.0002583351638	0.0003290090604	0.0003336771528	0.0003474622783	0.0002355532913	8.95670653e-05
P09429	HMGB1	2	215	215	0	24893.5400	24893.5400	0	0	A	0	0	0	0	0	0	0	0	0	0	0	0	0	0	0	0	0	0	0	0
P09486	SPARC	2	303	286	17	34631.7700	32697.3750	0.05585608244	0.0082466019	L	-0.007049475604	-0.000516492034	0.004524601773	0.007393577369	-0.005314787808	-0.0004309687959	0.002751740627	-0.001140771414	0.004321376756	-0.0082466019	-0.002841390145	0.002733827265	0.003062918772	0.002159949378	-0.00663454411	0.00108726123	0.002993009367	0.003462954285	-0.004190776904	0.001874591894
P09488	GSTM1	2	218	217	1	25711.4650	25580.2700	0.005102587503	0.004858828522	M	0.000152275099	8.2836013e-05	0.0003184974964	0.0004526616183	0.0003670515287	0.0001411428988	0.0001325933416	0.000313879163	0.0004997440055	0.0006053383858	-0.004858828522	0.0002258231685	0.0002361400671	9.991461654e-05	0.0002977474716	0.0001796227428	0.0001221619248	0.0001201416176	0.0001396233953	0.0003716339682
P09493	TPM1	1	284	284	0	32708.0250	32708.0250	0	0	A	0	0	0	0	0	0	0	0	0	0	0	0	0	0	0	0	0	0	0	0
P09496	CLTA	2	248	248	0	27076.2650	27076.2650	0	0	A	0	0	0	0	0	0	0	0	0	0	0	0	0	0	0	0	0	0	0	0
P09497	CLTB	2	229	229	0	25190.0800	25190.0800	0	0	A	0	0	0	0	0	0	0	0	0	0	0	0	0	0	0	0	0	0	0	0
P09525	ANXA4	2	319	318	1	35882.2200	35751.0250	0.003656267645	0.003456786922	M	0.0001772142879	4.191420131e-05	0.0003223131509	0.0002672160061	0.0001428649495	0.0001623111532	4.025454976e-05	0.0002155410819	0.0002781520633	0.0003516722915	-0.003456786922	9.141142748e-05	1.991408879e-05	0.0001769453188	0.0003615774447	0.0002181295848	0.0001957402887	0.0001722396575	1.766201343e-05	0.000203713362
P09543	CNP	2	421	418	3	47577.9900	47250.5750	0.006881648426	0.004591647221	I	0.0003151008408	0.0001071321637	0.0004203205618	0.0005575515936	0.0004173268436	0.0003224095554	9.799058627e-05	-0.004591647221	0.0007201862823	0.0008284515115	0.0001319345506	0.0001168232212	0.0002763151373	0.0003691999814	0.0006161248902	0.0003185922489	-0.001783978431	0.0003107593178	0.0001289825171	0.0003204238486
P09601	HMOX1	2	288	288	0	32818.0750	32818.0750	0	0	A	0	0	0	0	0	0	0	0	0	0	0	0	0	0	0	0	0	0	0	0
P09619	PDGFRB	2	1106	1074	32	123966.2750	120584.1450	0.02728266216	0.008025652333	L	-0.0009291287944	0.0004527045073	0.001518126642	0.0006166174065	0.001072011998	-0.000694336044	0.0007932810517	0.0004554301537	4.759980847e-05	-0.008025652333	-0.001369968103	0.0009613294391	-0.0007252472739	-0.0008532186408	0.0007076040934	0.0003990963719	0.001475798916	0.002119493423	0.0004819272358	0.001496530141
P09622	DLD	2	509	474	35	54176.6900	50174.1250	0.07387983651	0.008180298231	R	0.002294479051	-0.0005540403331	0.003649814899	0.005685033553	0.0004800122415	0.001590119261	-0.002579247137	0.003978047491	0.004433565318	-0.003053236427	-0.0004963265798	0.001207312655	0.0004780491583	-0.002247308743	-0.008180298231	-0.005284513158	0.00242479812	0.002579093621	-0.002715687632	-0.003689667129
P09651	HNRNPA1	2	372	372	0	38746.4650	38746.4650	0	0	A	0	0	0	0	0	0	0	0	0	0	0	0	0	0	0	0	0	0	0	0
P09661	SNRPA1	2	255	254	1	28415.1800	28283.9850	0.004617074395	0.004481653595	M	0.0002208398069	3.337068758e-05	0.0003116038906	0.0004052351653	0.0001364931631	0.0001964246154	2.136621896e-05	0.0002528939553	0.000422778463	0.0006141710343	-0.004481653595	0.0002547255422	0.0001902591909	0.000201254221	0.0004558034902	0.0001591952011	0.0002296617211	0.0002258635882	0	0.0001497136402
P09669	COX6C	2	75	75	0	8781.3300	8781.3300	0	0	A	0	0	0	0	0	0	0	0	0	0	0	0	0	0	0	0	0	0	0	0
P09874	PARP1	2	1014	1013	1	113082.4250	112951.2300	0.001160171441	0.001105117258	M	5.169598152e-05	1.469062673e-05	7.146983323e-05	9.55686656e-05	4.291983381e-05	4.616127421e-05	2.553044617e-05	5.452915649e-05	0.0001595295848	0.0001022421684	-0.001105117258	4.119306333e-05	4.387268408e-05	4.303294256e-05	4.978690329e-05	7.736300693e-05	4.332983137e-05	6.899287287e-05	2.299294751e-05	5.021543475e-05
P09913	IFIT2	2	472	471	1	54631.4550	54500.2600	0.002401455352	0.00230802105	M	0.0001304467641	5.458587234e-05	0.0001099361391	0.000292763445	9.923011171e-05	6.2005304e-05	8.154917279e-05	8.371883657e-05	0.0002524731754	0.0002708550595	-0.00230802105	0.0001339282129	5.619162627e-05	0.0001261934122	0.0001569636672	0.0001025827848	3.57778646e-05	8.356715909e-05	4.600332968e-05	0.0001292491127
P09914	IFIT1	2	478	478	0	55359.5450	55359.5450	0	0	A	0	0	0	0	0	0	0	0	0	0	0	0	0	0	0	0	0	0	0	0
P09936	UCHL1	2	223	220	3	24824.0400	24553.7150	0.01088964568	0.005548550127	A	-0.005548550127	0.0002870627347	0.0005781453585	0.001278174705	0.0008479952278	0.0004446558165	0.0003675947778	0.0003625758396	-0.00420601108	0.001191320616	0.0003535212169	0.0005738885407	0.0004091639069	0.0006924950156	0.0006190945243	0.0004564785554	0.0002822293905	0.0007864253731	8.064260987e-05	0.0001430969982
P09960	LTA4H	2	611	610	1	69284.2000	69153.0050	0.001893577468	0.001824159061	M	7.853725489e-05	3.091826474e-05	0.0001049832793	0.000139942057	0.0001034691018	5.224573368e-05	5.75883883e-05	9.433207207e-05	0.000135656566	0.0002099649346	-0.001824159061	6.436518495e-05	9.348021676e-05	8.814660962e-05	9.294780719e-05	0.0001097076892	0.0001105370418	0.000103273537	6.158923162e-05	9.247409027e-05
P09972	ALDOC	2	364	364	0	39455.3250	39455.3250	0	0	A	0	0	0	0	0	0	0	0	0	0	0	0	0	0	0	0	0	0	0	0
P0C0S5	H2AZ1	2	128	127	1	13552.5250	13421.3300	0.009680483895	0.009419567524	M	0.0008557032743	0	0.0003196040684	0.0004416167034	9.916490619e-05	0.000675977012	0.0005588268731	0.000708681801	0.001228626714	0.000944909068	-0.009419567524	7.931271509e-05	0.000207340438	0.000438645178	0.000941163145	0.0005677774679	0.0005720696713	0.0005626088146	0	0.0002175396737
P0C7P4	UQCRFS1P1	2	283	283	0	30814.9600	30814.9600	0	0	A	0	0	0	0	0	0	0	0	0	0	0	0	0	0	0	0	0	0	0	0
P0CAP1	MYZAP	1	466	446	20	54204.7450	52246.5050	0.03612672654	0.005856161587	T	-0.00169698392	0.0002979437699	0.001472874059	0.005517548034	0.0003046632429	-0.003044842237	0.0006676746272	0.001370877008	0.003415201365	-0.002014027723	-0.0009165571834	0.001380805598	-0.001131885999	0.003863248203	-0.002033034637	-0.003099537034	-0.005856161587	-7.143485392e-05	0.0001255490193	0.001448080249
P0CAP2	POLR2M	1	368	368	0	41738.8750	41738.8750	0	0	A	0	0	0	0	0	0	0	0	0	0	0	0	0	0	0	0	0	0	0	0
P0CF74	IGLC6	2	106	106	0	11276.3950	11276.3950	0	0	A	0	0	0	0	0	0	0	0	0	0	0	0	0	0	0	0	0	0	0	0
P0CG04	IGLC1	2	106	106	0	11347.5250	11347.5250	0	0	A	0	0	0	0	0	0	0	0	0	0	0	0	0	0	0	0	0	0	0	0
P0CG30	GSTT2B	2	244	243	1	27506.4950	27375.3000	0.00476960078	0.004591743796	M	0.0002890262699	5.360017377e-05	0.0002159018774	0.0003905345114	0.0002192360359	0.0001771218244	0.0001143951106	0.0002707997334	0.0002586929483	0.0007156850098	-0.004591743796	5.844878638e-05	0.0002546627602	0.0003232555874	0.0003596349284	0.0001704667791	0.0001580930843	0.0002245801272	0.0001505753754	0.0001870328722
P0CG47	UBB	2	229	228	1	25761.2600	25658.1150	0.004003880245	0.004056422982	C	7.289079362e-05	-0.004056422982	0.0002722461733	0.0003611321966	0.0001351535548	0.0001842601373	6.346956241e-05	0.0003756179021	0.0004186291157	0.0004829373027	6.103959656e-05	0.0001080966624	0.000141293923	0.0003587022307	0.0002850505387	0.0001289722781	0.0003411115689	0.0001916973055	0	7.412213994e-05
P0CG48	UBC	2	685	684	1	77037.4500	76938.3150	0.001286841659	0.001249038946	V	2.355754267e-05	0	8.798711777e-05	0.0001167141515	4.368021633e-05	5.955095055e-05	2.051269921e-05	0.0001213957801	0.0001352965548	0.0001560802887	1.972735964e-05	3.49357115e-05	4.566471917e-05	0.0001159288119	9.212535487e-05	4.168249229e-05	0.0001102436939	-0.001249038946	0	2.395550093e-05
P0DJ93	SMIM13	2	91	91	0	10350.6500	10350.6500	0	0	A	0	0	0	0	0	0	0	0	0	0	0	0	0	0	0	0	0	0	0	0
P0DME0	SETSIP	2	292	292	0	33644.4850	33644.4850	0	0	A	0	0	0	0	0	0	0	0	0	0	0	0	0	0	0	0	0	0	0	0
P0DMV8	HSPA1A	2	641	640	1	70051.3400	69920.1450	0.001872840691	0.001802170721	M	0.0001140563262	1.360645009e-05	0.0001345259703	0.0001553154491	9.27554263e-05	9.273521203e-05	2.439300944e-05	0.0001237369403	0.0001641735671	0.0001473058813	-0.001802170721	8.902364736e-05	6.206050572e-05	8.86234048e-05	0.0001212901152	8.025200157e-05	0.0001096943112	0.0001184050896	9.173685167e-06	6.104372792e-05
P0DMV9	HSPA1B	2	641	640	1	70051.3400	69920.1450	0.001872840691	0.001802170721	M	0.0001140563262	1.360645009e-05	0.0001345259703	0.0001553154491	9.27554263e-05	9.273521203e-05	2.439300944e-05	0.0001237369403	0.0001641735671	0.0001473058813	-0.001802170721	8.902364736e-05	6.206050572e-05	8.86234048e-05	0.0001212901152	8.025200157e-05	0.0001096943112	0.0001184050896	9.173685167e-06	6.104372792e-05
P0DOY2	IGLC2	2	106	106	0	11293.4150	11293.4150	0	0	A	0	0	0	0	0	0	0	0	0	0	0	0	0	0	0	0	0	0	0	0
P0DOY3	IGLC3	2	106	106	0	11265.4050	11265.4050	0	0	A	0	0	0	0	0	0	0	0	0	0	0	0	0	0	0	0	0	0	0	0
P0DP23	CALM1	1	149	148	1	16837.4000	16706.2050	0.007791879981	0.007119559624	M	0.0003873685972	0	0.0008943957846	0.001221302642	0.0005223679309	0.0003264088067	6.132739911e-05	0.0004147890399	0.0004622856578	0.0004666376698	-0.007119559624	0.0003133448651	9.101673813e-05	0.0003465956599	0.0004131446829	0.0001661591073	0.0005650263448	0.0003241478159	0	0.0001432408823
P0DP24	CALM2	1	149	148	1	16837.4000	16706.2050	0.007791879981	0.007119559624	M	0.0003873685972	0	0.0008943957846	0.001221302642	0.0005223679309	0.0003264088067	6.132739911e-05	0.0004147890399	0.0004622856578	0.0004666376698	-0.007119559624	0.0003133448651	9.101673813e-05	0.0003465956599	0.0004131446829	0.0001661591073	0.0005650263448	0.0003241478159	0	0.0001432408823
P0DP25	CALM3	1	149	148	1	16837.4000	16706.2050	0.007791879981	0.007119559624	M	0.0003873685972	0	0.0008943957846	0.001221302642	0.0005223679309	0.0003264088067	6.132739911e-05	0.0004147890399	0.0004622856578	0.0004666376698	-0.007119559624	0.0003133448651	9.101673813e-05	0.0003465956599	0.0004131446829	0.0001661591073	0.0005650263448	0.0003241478159	0	0.0001432408823
P0DP58	LYNX1	2	116	71	45	12640.8850	8107.3200	0.3586430064	0.123560446	L	-0.02857021353	0.04697766865	0.02064287784	0.005704708145	0.01280990605	-0.01458828734	0.01203133921	-0.01783096269	0.01700478387	-0.123560446	0.002858145208	0.006388113221	-0.01344518371	-0.004266653234	0.0270172	0.02037340376	-0.01162938071	0.006786316101	-0.0138806099	0.04917727507
P0DPI2	GATD3	2	268	227	41	28170.0850	24016.3100	0.1474534067	0.01904964662	R	-0.01019621332	0.003839401856	0.006326647248	0.01398707152	0.0002258754015	0.004566558314	0.004309230766	0.008313211316	0.01312561444	-0.008801958702	-0.002160109953	0.004186709915	-0.00909915081	0.0001998270548	-0.01904964662	-0.0146785883	-0.0003033645727	0.00125947001	0.001078577428	0.002870837002
P0DUB6	AMY1A	2	511	496	15	57767.1800	55908.8750	0.03216887167	0.005295337149	F	-0.0001946754419	-0.001155998452	0.002284508241	0.001443038306	-0.005295337149	0.0007563105071	0.0009130186633	-0.0002223015559	-0.0005345206116	-0.004333441089	-0.001496797962	0.002656434127	0.001242103583	0.0008599970832	0.002391953933	0.001700677481	-0.0004939593709	0.002010744857	-0.004397705779	0.00186595063
P10109	FDX1	2	184	124	60	19392.4450	13560.9750	0.3007083429	0.05227973335	R	-0.04464943682	0.01169816609	0.03855296896	0.01908550428	0.009569594204	-0.02334826193	-0.004688147601	0.02026343276	0.01693781678	-0.01007302094	0.002067600058	0.006933331979	-0.007925252896	0.005644007898	-0.05227973335	-0.02342163634	0.02760288302	0.01003328754	-0.009000762037	0.006997658348
P10155	RO60	2	538	538	0	60669.8550	60669.8550	0	0	A	0	0	0	0	0	0	0	0	0	0	0	0	0	0	0	0	0	0	0	0
P10163	PRB4	2	310	294	16	31325.0950	29715.0750	0.05139713064	0.02450302744	L	-0.00658971714	0	0.0001957121196	0.003245130447	0.0002428977088	0.006071119348	0.001368808506	-0.003362665192	0.003224397607	-0.02450302744	-0.004044537895	0.002136982252	0.0176060329	0.009240111751	0.003586045961	-0.00576435296	0.0003503114604	-0.003003249426	0	0
P10176	COX8A	2	69	44	25	7578.9800	4893.7050	0.3543055926	0.05725466971	R	-0.009042864276	0.007612900493	0	0.03697874049	0.02075891437	0.001814015605	0.01949721874	0.0247255899	-0.007419330612	-0.02345855111	-0.007572599498	0	-0.01029497213	0	-0.05725466971	-0.00406373846	-0.004606266299	-0.01189102649	0.01283184664	0.01138479234
P10253	GAA	2	952	883	69	105322.1250	98006.8100	0.06945658379	0.005317098934	H	-0.00226684632	-0.001012341832	0.0009297505991	0.0006387978628	0.00300973092	6.721441315e-05	-0.005317098934	0.00118254385	0.001345600019	-0.005127058257	0.0005211423249	0.002513259416	-0.001353407392	0.0001861196239	-0.002302601547	-0.001279995644	0.002513296122	-0.0003264299844	0.002631628773	0.003446695986
P10301	RRAS	2	218	215	3	23480.1950	23154.7500	0.01386040448	0.008636130217	L	0.0008226110667	0.0001864548151	0.0008875942734	0.0009811551123	0.0009321150542	0.0009627189231	0.0003183500006	0.0005382915834	0.0007499127714	-0.008636130217	0.0002296213516	0.0002710950827	0.0009449342075	0.0008246219143	0.001340394057	0.0009164386507	0.0004277360047	-0.003255586291	0	0.0005576716398
P10398	ARAF	2	606	606	0	67584.3850	67584.3850	0	0	A	0	0	0	0	0	0	0	0	0	0	0	0	0	0	0	0	0	0	0	0
P10412	H1-4	2	219	218	1	21865.0100	21733.8150	0.006000225932	0.005785064368	M	0.00118582103	0	3.002729655e-05	0.0001991547472	3.726678525e-05	0.000237100587	0	5.918377894e-05	0.002044784447	0.0002663270052	-0.005785064368	8.941862706e-05	0.0005454387355	3.296911434e-05	0.0001571977478	0.0003793320625	0.0002687341522	0.0002114318732	0	4.087637763e-05
P10415	BCL2	2	239	239	0	26265.4700	26265.4700	0	0	A	0	0	0	0	0	0	0	0	0	0	0	0	0	0	0	0	0	0	0	0
P10515	DLAT	2	647	561	86	68995.7600	59620.1500	0.1358867559	0.02266780073	R	-0.001005540903	-0.001356763127	0.006984864714	0.006359525493	0.004816052267	-0.003911392612	0.002110891928	0.01019789859	0.01051321557	-0.002561107827	0.001919667139	-0.001320462899	0.002227503914	-0.0003244095646	-0.02266780073	-0.0008750836444	-0.00108005438	0.002439956976	-0.008543061266	-0.003923899634
P10599	TXN	2	105	104	1	11737.4000	11606.2050	0.01117751802	0.01071947266	M	0.0005803989227	0.0004933293122	0.0007587238695	0.00119814364	0.001210692674	0.000305663845	0.0001263453991	0.0004272697648	0.001428586573	0.0006409046472	-0.01071947266	0.0003227732027	0.0002812661128	0.0005950408194	0	0.000599055533	0.0003880184065	0.001049403794	0.0001663052363	0.0001475509047
P10606	COX5B	2	129	98	31	13695.5100	10612.9150	0.2250807016	0.03839812396	R	-0.03534787574	0.008921889176	0.009801117938	0.0216684971	0.00304103432	-0.004945951963	0.008568614471	0.009658998046	0.01614754431	-0.01347157334	-0.02522752128	0.009728953433	0.007641267032	0.00162841393	-0.03839812396	-0.01002944086	0.001327334524	0.01509655666	0.007519099569	0.006671166638
P10619	CTSA	2	480	452	28	54465.3050	51408.5550	0.0561228841	0.01419845031	L	-0.003620907856	0.001033815272	0.003028520143	0.0003184065649	0.0009839383583	0.001087692902	0.001323839876	-0.0005866426725	0.002910570546	-0.01419845031	-0.0008087862624	0.004133554558	-0.002745383281	0.00360233104	-0.002714257348	-4.331010414e-05	0.001919883055	0.001253125696	-0.001687811145	0.004809870965
P10636	MAPT	2	758	757	1	78926.5350	78795.3400	0.001662241982	0.001591146609	M	9.323856441e-05	8.453462389e-06	9.98301859e-05	0.0001514149005	2.593233548e-05	0.0001073731359	5.412490466e-05	4.575935381e-05	0.0001631973148	9.83826107e-05	-0.001591146609	2.995899815e-05	0.0001867612715	8.41198349e-05	9.115589808e-05	0.0001448117667	0.0001038891177	8.378022424e-05	0	1.896272925e-05
P10644	PRKAR1A	2	381	381	0	42981.1200	42981.1200	0	0	A	0	0	0	0	0	0	0	0	0	0	0	0	0	0	0	0	0	0	0	0
P10768	ESD	2	282	281	1	31462.3650	31331.1700	0.004169902676	0.004018165064	M	0.0002101132952	0.0001224636091	0.0002541161442	0.000198284041	0.0002782789093	0.0001939096989	0.0001742436902	0.0002209688512	0.0003611982414	0.0003388189052	-0.004018165064	0.0001632174282	0.0002068777421	0.0001969498386	9.781904876e-05	0.0002360460123	0.0001739135088	0.0001710373367	0.0001146762694	0.0003052324933
P10809	HSPD1	2	573	547	26	61053.9900	57962.2600	0.05063927845	0.01002676853	R	0.001108739497	0.0002674725713	0.003623919258	0.004655522435	-0.001220909345	0.003093521767	-0.001945891572	0.004150512321	0.005701541227	-0.003105689955	-0.002425201384	0.001944452301	-0.003484679467	-0.0003273357483	-0.01002676853	0.0003832684952	-0.0005336284978	-0.0002699648619	0.0001502785532	-0.00173915906
P10909	CLU	2	449	427	22	52493.8700	50061.8800	0.04632902851	0.0110227977	L	0.001152948693	0.0009799869771	0.002583749092	0.002568868944	0.0002119581185	-0.00305059607	0.0016313839	0.001379237036	0.0008970422284	-0.0110227977	-0.0032376895	0.00235099814	0.001862428205	0.0006603285267	0.00408608304	0.001069850327	-0.001524934907	-0.001499715618	-0.002711214484	0.001612085048
P10915	HAPLN1	2	354	339	15	40165.0150	38479.8500	0.0419560406	0.01088083377	L	0.000101416793	-0.001461665741	0.003639966545	0.001664960059	0.002803997338	0.002194570052	0.001463096996	-0.003907027701	-0.0005228838179	-0.01088083377	-0.00306643237	0.001495103127	0.001519980019	0.001791570051	0.00344975922	-0.002932005061	0.001684989824	0.000243834173	-0.003041446967	0.00375905123
P10916	MYL2	1	166	165	1	18789.0950	18657.9000	0.006982507673	0.006572558725	M	0.000395696772	0	0.0005489425818	0.0007935159654	0.0007336979433	0.0002619778742	9.844355495e-05	0.0003745264903	0.0007420670731	0.0003745264903	-0.006572558725	0.0004191544467	0.0002556772329	0.0002781799765	0.000331592664	0.0001000203015	0.000377911578	0.0003716616971	0	0.0001149660826
P11021	HSPA5	2	654	636	18	72332.1250	70477.7850	0.02563646513	0.00745041076	L	-0.00414176878	7.663340885e-05	0.001978357609	0.002977899886	0.001201546197	0.001187039865	0.0002943960065	0.001742258906	0.001035572623	-0.00745041076	-0.003123879573	0.001169918155	0.0009830625526	0.001109198386	-0.0005839995331	-0.001635189665	0.001845906287	0.0004593752128	0.0001291686593	0.0007449145574
P11047	LAMC1	2	1609	1576	33	177601.0700	174280.1650	0.01869867676	0.003677541395	A	-0.003677541395	0.0005353553982	0.001319592323	0.00185776537	0.0007570694002	-0.0003178885903	-0.000373785116	0.0006011549925	0.001107537767	-0.001141366707	-0.0004292534025	0.001235732374	-0.0009397908581	0.001011478562	-0.00273383181	0.0004545196059	0.001080717736	-0.0003124573744	-0.0007976184555	0.0007626101802
P11055	MYH3	1	1940	1940	0	223901.3450	223901.3450	0	0	A	0	0	0	0	0	0	0	0	0	0	0	0	0	0	0	0	0	0	0	0
P11137	MAP2	2	1827	1827	0	199523.4500	199523.4500	0	0	A	0	0	0	0	0	0	0	0	0	0	0	0	0	0	0	0	0	0	0	0
P11142	HSPA8	2	646	645	1	70897.2550	70766.0600	0.001850494776	0.001768927346	M	9.779052714e-05	1.06393986e-05	0.0001344106592	0.0001582687378	8.703477658e-05	8.734541435e-05	2.384227231e-05	0.0001267024518	0.0001733042646	0.0001267024518	-0.001768927346	9.861552837e-05	6.318679644e-05	8.341425492e-05	0.0001070789258	8.074716071e-05	0.0001229080608	0.0001183035967	8.966564801e-06	5.966550324e-05
P11166	SLC2A1	1	492	492	0	54083.0650	54083.0650	0	0	A	0	0	0	0	0	0	0	0	0	0	0	0	0	0	0	0	0	0	0	0
P11171	EPB41	2	864	864	0	97015.4550	97015.4550	0	0	A	0	0	0	0	0	0	0	0	0	0	0	0	0	0	0	0	0	0	0	0
P11172	UMPS	2	480	479	1	52220.8450	52089.6500	0.002512310936	0.002397846197	M	0.0001475554964	3.915541465e-05	0.0001236654742	0.000190192676	0.0001067692794	0.0001213022853	6.267500188e-05	0.0001695614308	0.000171260907	0.0003020312986	-0.002397846197	6.404605542e-05	7.9064222e-05	0.0001121670453	0.0001759262863	0.0001358482181	0.0001154884366	0.0001987623666	1.649950227e-05	6.587480008e-05
P11177	PDHB	2	359	329	30	39232.9200	35904.0000	0.08485017174	0.01447899803	R	-0.003795453525	0.001472625821	0.004044373077	0.003932378304	0.001068766216	0.0009713939079	-0.001510529812	0.006908595458	0.002130404513	-0.006702539935	0.0006631174742	0.003479315514	-0.0003760158424	0.003552484938	-0.01447899803	-0.001194761615	0.0002880866759	-0.0005739197769	-0.002815661786	0.002936338424
P11182	DBT	2	482	421	61	53516.4250	46399.0800	0.1329936557	0.01008686082	E	-0.001274040141	-0.004658823449	0.007821428138	0.01008686082	-0.00681142612	0.001524800783	-0.007701146867	0.009131389359	0.00383984588	0.001335863464	-0.0007804492267	-0.00119833555	0.001492807367	0.003017104084	-0.008889045114	0.002391869485	-0.0003711351953	4.57225114e-05	-0.001784162725	-0.007219127506
P11216	PYGB	2	843	842	1	96694.6700	96563.4750	0.001356796605	0.001298228981	M	6.382378566e-05	1.735972583e-05	8.740637239e-05	0.0001071601767	7.692202548e-05	4.302392268e-05	4.260709918e-05	7.517580842e-05	9.774803694e-05	0.000125293014	-0.001298228981	6.467773058e-05	5.361119192e-05	4.885730255e-05	0.0001102367425	4.015260454e-05	5.120230788e-05	9.231846604e-05	2.926050849e-05	7.139215903e-05
P11217	PYGM	2	842	841	1	97090.6950	96959.5000	0.001351262343	0.001290437374	M	6.867718942e-05	1.149527723e-05	8.208269311e-05	0.0001081840218	8.032260924e-05	4.273442366e-05	4.232040488e-05	7.778121464e-05	7.975275525e-05	0.0001213386948	-0.001290437374	7.207698218e-05	4.778886841e-05	5.199487706e-05	0.0001301544131	3.73897744e-05	5.085777821e-05	8.336115845e-05	2.906362062e-05	7.306061775e-05
P11233	RALA	2	206	203	3	23566.5450	23237.0900	0.01397977514	0.004317825929	C	0.0007927876564	-0.004317825929	0.001045077058	0.001617333302	0.0008646946113	0.0004322530838	8.12139772e-05	-0.004262586964	0.001607000309	-0.003919279281	0.0004686279422	0.0006915881836	0.0001807959754	0.0005354835604	0.001367786803	0.0006601180945	0.0004364773622	0.001042485957	0.0001068998932	0.0005690684059
P11234	RALB	2	206	203	3	23408.2950	23078.8400	0.01407428435	0.008776823672	L	0.0007077705835	-0.004406452774	0.0009164181844	0.001792261441	0.0008748952198	0.0004771115744	0.0001643440806	0.0005557721701	0.001780810848	-0.008776823672	0.0003951302008	0.000489822686	0.000182928785	0.0005418005399	0.001107137822	0.0008905404796	0.0005678053558	0.001054783931	0.0001081609672	0.0005757815783
P11277	SPTB	2	2137	2136	1	246463.5400	246332.3450	0.0005323099717	0.0005123991574	M	3.014077648e-05	3.34162859e-06	3.646464402e-05	6.330306625e-05	2.004635159e-05	1.338892795e-05	1.854269227e-05	2.146506359e-05	3.575007534e-05	6.15010249e-05	-0.0005123991574	1.579027072e-05	9.949334149e-06	4.379901681e-05	4.580278044e-05	2.29940784e-05	1.883609145e-05	2.218641703e-05	1.577085419e-05	1.332606326e-05
P11279	LAMP1	2	417	389	28	44881.7800	41984.1700	0.0645609421	0.02145933967	L	-0.004723738197	-0.001027721081	0.002647948118	0.002731929122	0.003943632303	-0.0002778897645	-0.001316036033	0.002783522	0.003490039387	-0.02145933967	-0.003916577208	0.00490644295	-0.001495056009	0.002325897148	-0.002724208858	0.001562308836	0.005213612889	0.004661264042	0.0002708559803	0.002403114047
P11310	ACADM	2	421	396	25	46587.7600	43642.3650	0.06322250737	0.01156447935	R	0.001772513968	-0.003576570204	0.002959721336	0.005816362638	-0.00283558648	0.000844395918	-0.005154941745	0.001953042667	0.005237402205	0.001790997986	-0.0005433163628	0.002611492665	0.002133438001	0.0007316305365	-0.01156447935	-0.004393638241	0.0008906752141	0.0007312206105	-0.002761936554	0.003357575188
P11387	TOP1	2	765	764	1	90724.6400	90593.4450	0.001446079037	0.001391251214	M	4.877236736e-05	1.326582115e-05	0.0001038335726	0.0001711610913	5.878167906e-05	2.671312214e-05	5.096216947e-05	6.462817695e-05	0.0002681065045	8.437567546e-05	-0.001391251214	6.509624715e-05	5.830088063e-05	5.200287292e-05	0.0001001341757	4.458697123e-05	4.4018307e-05	4.810037184e-05	3.633511259e-05	5.207609443e-05
P11413	G6PD	2	515	514	1	59255.9600	59124.7650	0.002214038892	0.0021159617	M	9.081213077e-05	3.087551286e-05	0.0001229535244	0.0001780941935	0.0001473352665	7.891240588e-05	6.424806627e-05	0.0001253489504	0.0001350456478	0.000192201724	-0.0021159617	0.0001052139928	8.80166176e-05	0.0001070685368	0.0001886652851	8.034106091e-05	8.347804972e-05	0.0001306096501	4.553666707e-05	0.0001212044174
P11532	DMD	1	3685	3685	0	426770.3300	426770.3300	0	0	A	0	0	0	0	0	0	0	0	0	0	0	0	0	0	0	0	0	0	0	0
P11586	MTHFD1	2	935	935	0	101529.9100	101529.9100	0	0	A	0	0	0	0	0	0	0	0	0	0	0	0	0	0	0	0	0	0	0	0
P11717	IGF2R	2	2491	2451	40	274371.9800	270332.2800	0.01472344224	0.002566028217	L	-0.001674983559	0.0007009269382	0.0009845920158	0.001018609557	0.0007833167423	-0.0002500479741	-0.0001475885927	0.0005846770244	0.0009913051432	-0.002566028217	-0.0002975970963	0.0006452967021	-0.001142665884	-0.0007704745899	-0.001274111305	0.0001137070427	0.0005927564116	0.0005940637428	0.0002808341551	0.0008334117423
P11766	ADH5	2	374	373	1	39723.9250	39592.7300	0.003302669613	0.003140235615	M	0.0002102098503	0.0001261234119	0.0001293157069	0.0002654726407	0.0001604933255	0.0002083874662	7.536939114e-05	0.0002548811611	0.0003246480745	0.0002002637694	-0.003140235615	8.251943798e-05	0.0001278361475	6.085069465e-05	0.0001088017416	0.0001531531289	0.0001901330906	0.0003170677618	5.668960751e-05	8.801920709e-05
P11908	PRPS2	2	318	317	1	34768.6150	34637.4200	0.003773374349	0.003576975805	M	0.0002605632592	7.751603414e-05	0.0002554651076	0.000228604301	0.0001358815535	0.0001166405551	0.0001276228768	0.0003836354553	0.0002538665656	0.0002757379835	-0.003576975805	0.0001811315338	0.0001052259233	0.0001335682831	0.0002388216257	0.0002305190783	0.0001415344878	0.0003105092423	3.733038837e-05	8.280155064e-05
P11940	PABPC1	2	636	636	0	70669.9050	70669.9050	0	0	A	0	0	0	0	0	0	0	0	0	0	0	0	0	0	0	0	0	0	0	0
P12004	PCNA	2	261	261	0	28768.4200	28768.4200	0	0	A	0	0	0	0	0	0	0	0	0	0	0	0	0	0	0	0	0	0	0	0
P12081	HARS1	2	509	508	1	57409.7800	57278.5850	0.002285237811	0.002196361465	M	9.622914297e-05	4.089657566e-05	0.0001482585253	0.0002383801853	8.921367228e-05	9.882315241e-05	1.571088737e-05	0.00013282611	0.0002121845717	0.000283362368	-0.002196361465	4.013643132e-05	6.606403669e-05	0.0001183880931	0.0001940393322	8.158623814e-05	6.433278432e-05	0.0001581721307	1.378656105e-05	0.0001039706663
P12109	COL6A1	1	1028	1009	19	108528.2750	106476.7900	0.01890276981	0.003854048516	L	-0.003251633118	-0.0006057386349	0.001428796676	0.001512669933	0.0008241983105	0.001770618677	0.0003284080866	0.0008329478966	0.00119356329	-0.003854048516	-0.000949011091	0.0005593203532	0.0006254874453	-0.0002445257708	-0.001215064289	0.0008580037357	-0.0002173253149	0.001151303106	-0.001515025383	0.0007670546079
P12110	COL6A2	2	1019	999	20	108578.3100	106508.8000	0.01906006826	0.003937008186	L	-0.000609244242	-0.0005819750042	0.001453316651	0.001470748577	0.0009907685342	-1.963352267e-05	0.0004772056981	-0.00126011326	0.00119156402	-0.003937008186	-0.0009002834805	0.0006095560764	0.001575804573	-0.001336501884	0.001821716989	2.854886356e-05	-0.0001325133005	0.000139923029	-0.001483449003	0.0005015688714
P12111	COL6A3	2	3177	3152	25	343665.0300	340803.6050	0.008326203571	0.001025662774	H	-1.312966958e-05	-0.0002292226395	0.0005061342886	0.000559485634	-0.000735046948	0.0002838338957	-0.001025662774	0.0004170254543	0.0001122571119	-0.0005510858824	-0.0002605868023	0.0003569016306	-7.916848122e-05	0.0004463988351	-0.000192183658	0.0002095368304	-0.0001858732156	0.0001214916146	2.546162614e-05	0.0002334331493
P12235	SLC25A4	2	298	297	1	33064.0650	32932.8700	0.003967902918	0.003778187036	M	0.0003074717073	4.91944987e-05	0.0002161699497	8.96086158e-05	0.0003521278145	0.0002362247473	7.87442893e-05	0.000226350117	0.000341305106	0.0002929236808	-0.003778187036	9.387801291e-05	8.180574952e-05	0.0001928456019	0.0003006037233	0.0001493436327	0.000108823948	0.0002972895099	0.0001243789269	0.0002390974039
P12236	SLC25A6	2	298	298	0	32865.8550	32865.8550	0	0	A	0	0	0	0	0	0	0	0	0	0	0	0	0	0	0	0	0	0	0	0
P12268	IMPDH2	2	514	513	1	55804.2450	55673.0500	0.002350986023	0.002225353182	M	0.0001480068238	3.42613265e-05	0.0001740743177	0.0001300158099	0.0001051020484	0.0001247151449	6.032528565e-05	0.0001715501747	0.0001911940233	0.0002040056131	-0.002225353182	6.538099455e-05	6.511235589e-05	0.0001136440508	0.0001354645796	0.0001225830023	0.0001136850536	0.0001573550957	0	0.000108877482
P12270	TPR	2	2363	2362	1	267288.4900	267157.2950	0.0004908366986	0.0004711302403	M	2.022619526e-05	1.318832635e-06	2.462960221e-05	7.435616402e-05	6.164919012e-06	1.073956335e-05	1.037415222e-05	1.713350381e-05	4.000946229e-05	4.813698689e-05	-0.0004711302403	1.910662124e-05	1.432223754e-05	4.999472279e-05	3.819439579e-05	3.235630817e-05	3.074858631e-05	2.532150263e-05	9.526906597e-07	7.043793484e-06
P12273	PIP	2	146	118	28	16572.2550	13522.5050	0.1840274604	0.05748997868	L	-0.01012771102	-0.0005711689026	0.01419853902	0.01046346629	0.001179239839	-0.002133480935	0	0.02021161259	0.00797468222	-0.05748997868	-0.006009096369	0.005641162369	0.002186496709	-0.008306564642	-0.00783672079	-0.001741029066	0.006498010439	0.01055623377	0.002420590732	0.01288571643
P12277	CKB	2	381	380	1	42643.7000	42512.5050	0.003076538856	0.002923812581	M	0.0001197668326	3.701810588e-05	0.000252130087	0.0002337542454	0.0001716001246	0.0001467916386	0.0001232480499	0.0001122141124	0.0001875952705	0.0003366423371	-0.002923812581	0.0001291735133	0.0001407030218	0.0001160906866	0.0002235385192	0.0001412761975	0.0001237423987	0.0001789646378	4.99163921e-05	9.964641043e-05
P12429	ANXA3	2	323	322	1	36374.6800	36243.4850	0.003606767125	0.003475031534	M	0.0001724936953	3.059827549e-05	0.0003361365523	0.0002724835865	0.0001529652812	0.0001390290412	9.142526988e-05	0.0002650099568	0.0003199686619	0.0003864728537	-0.003475031534	7.785437742e-05	5.815086592e-05	0.0001353250572	0.0002786237818	0.0002123191001	0.0002005538999	0.0001282041478	3.438307374e-05	0.0001830340553
P12694	BCKDHA	2	445	400	45	50470.1600	45512.4550	0.09823041972	0.01172449444	R	-0.007709379113	0.001134082271	0.005730878269	0.007436700497	0.002431854396	8.315815611e-05	0.000831814348	0.003158804854	0.004926125402	-0.009319480487	0.0005206406983	0.001945012427	-0.001381162058	-0.008704370345	-0.01172449444	0.001520315276	0.003121964875	0.0001596178032	-0.001963569178	0.007801486353
P12814	ACTN1	1	892	892	0	103055.8450	103055.8450	0	0	A	0	0	0	0	0	0	0	0	0	0	0	0	0	0	0	0	0	0	0	0
P12821	ACE	2	1306	1277	29	149712.2150	146826.6900	0.01927381143	0.005414421007	L	-0.001014763329	0.0001965197531	0.001033169953	0.001363672653	0.001110019622	-0.001107293295	0.0007909032603	0.0007142517052	0.0008976611818	-0.005414421007	-0.0003600614616	0.0008878006691	-0.00298744701	0.0004092512913	-0.0006792735401	0.0003308205897	0.0008556482839	0.0008279250774	0.0009700654523	0.00117555015
P12829	MYL4	1	197	196	1	21564.3600	21433.1650	0.006083880996	0.005732355584	M	0.0004883822245	5.77553625e-05	0.0002855115085	0.0008065515399	0.000393719393	0.0002326016665	0.000110936916	0.0002188444879	0.0005923380635	0.0004376889757	-0.005732355584	0.0002204294712	0.0005488094161	0.0002438204883	0.0002491164777	0.0001252375174	0.000283914608	0.0003071411682	0	0.0001295562991
P12882	MYH1	1	1939	1939	0	223142.1500	223142.1500	0	0	A	0	0	0	0	0	0	0	0	0	0	0	0	0	0	0	0	0	0	0	0
P12883	MYH7	1	1935	1935	0	223093.9700	223093.9700	0	0	A	0	0	0	0	0	0	0	0	0	0	0	0	0	0	0	0	0	0	0	0
P12955	PEPD	2	493	492	1	54547.5600	54416.3650	0.002405148828	0.002269814454	M	0.0001259230489	6.309282525e-05	0.0001287194212	0.0002079588976	0.0001474645636	0.0001256526362	0.0001096473288	9.757918559e-05	0.0001033151337	0.0002000373305	-0.002269814454	5.897154228e-05	8.992914706e-05	6.522934596e-05	0.0001879052107	0.0001211757624	0.0001107687789	0.0001873714525	3.79805239e-05	0.000101092319
P12956	XRCC6	2	609	608	1	69842.1100	69710.9150	0.001878451267	0.001795514537	M	5.916382263e-05	1.387262155e-05	0.0001188699095	0.0001920460417	0.0001134839066	5.501050905e-05	3.908172592e-05	8.410500084e-05	0.0001975144835	0.0002132662521	-0.001795514537	5.748458966e-05	7.909317853e-05	8.031739502e-05	0.0001276519339	0.0001058871692	7.365084239e-05	8.852898855e-05	9.353142199e-06	8.713302452e-05
P13010	XRCC5	2	732	731	1	82703.3150	82572.1200	0.001586333027	0.001517525828	M	6.518230718e-05	1.969915152e-05	0.0001103663011	0.0001387450457	0.0001181747482	4.638080354e-05	4.540592641e-05	0.0001087659483	0.0001497429799	0.0001386232674	-0.001517525828	5.15546761e-05	5.802811385e-05	9.504239031e-05	7.647159891e-05	9.226636429e-05	6.197591096e-05	8.952171773e-05	1.328148142e-05	3.82970951e-05
P13073	COX4I1	2	169	147	22	19576.4500	17199.5600	0.1214157827	0.01773171207	R	-0.001819537099	-0.005360357511	0.005764712748	0.01183439779	-0.0001537643706	-0.000534358705	0.004799802419	-0.002556864096	0.01071818816	-0.003490550406	-0.0001388896528	0.003269867332	0.004274067051	0.004521064296	-0.01773171207	-0.005495255521	-0.008329112194	-0.01275851726	0.007581429456	0.005605389625
P13473	LAMP2	2	410	382	28	44960.2050	42010.5450	0.06560601759	0.008685933895	V	-0.0002766723436	-0.003321685426	0.00413448224	0.002583210674	-0.002074701676	-0.002174662465	0.001676320307	0.003365916661	0.003553901694	-0.006687295684	-0.002045347814	0.005888405968	-0.002223426043	0.002763200367	-0.005011082096	0.0003832930233	0.006596047595	-0.008685933895	0.001103248898	0.0004527800143
P13533	MYH6	1	1939	1939	0	223731.4300	223731.4300	0	0	A	0	0	0	0	0	0	0	0	0	0	0	0	0	0	0	0	0	0	0	0
P13535	MYH8	1	1937	1937	0	222759.2000	222759.2000	0	0	A	0	0	0	0	0	0	0	0	0	0	0	0	0	0	0	0	0	0	0	0
P13591	NCAM1	2	858	839	19	94572.9650	92406.4000	0.0229089254	0.003461487849	L	0.0003430302484	0.0003855364177	6.072006551e-05	0.002434505285	-0.002197147747	0.0001934975285	0.0003291293893	0.0003937505421	0.0004388380861	-0.003461487849	-0.001039780308	0.001121097645	0.001147892575	-8.833905829e-05	0.0009238533616	0.0005161033011	-0.001782737365	0.0005753306854	-0.001293153941	0.0009993611378
P13611	VCAN	2	3396	3376	20	372814.9150	370511.0850	0.00617955427	0.0008953594756	I	3.05645908e-05	-0.0002205537673	0.0003826731896	0.0007748213344	-9.145050972e-05	0.0001923257932	-0.0001940970713	-0.0008953594756	-2.683290891e-05	-0.0002255124613	-0.0005750849918	-0.0001540030451	0.000388360867	0.0002579226008	0.0002479400943	4.817554097e-05	0.0001292067076	0.0001102222661	-0.0003804721821	0.0002011534284
P13639	EEF2	2	858	857	1	95337.0350	95205.8400	0.001376117896	0.001297901997	M	6.725327717e-05	2.507846723e-05	8.427023451e-05	0.0001110671756	7.039545185e-05	6.032580901e-05	3.022487866e-05	8.624244924e-05	0.0001156974604	0.0001165870147	-0.001297901997	4.343353051e-05	6.448209509e-05	5.160121223e-05	9.332406136e-05	5.629980257e-05	5.946498927e-05	9.842018727e-05	1.740560467e-05	4.632829561e-05
P13667	PDIA4	2	645	625	20	72931.5800	70670.6900	0.0310001511	0.0119790998	L	-0.000522734194	0.0002751906711	0.002771174904	0.003453155351	-1.562988625e-05	4.973254393e-05	0.0005285882217	0.001390323112	0.001812395013	-0.0119790998	-0.001369720407	0.0009502663667	0.0003377663176	-0.0006223616059	-0.00273664423	0.001392363496	0.001082228879	0.000964552329	0.0003865373532	0.001851915563
P13674	P4HA1	2	534	517	17	61048.3850	59108.9700	0.03176848986	0.007820214693	I	0.0001879152401	0.0002814976011	0.002473907607	0.00280304791	0.001535179555	5.369469335e-05	0.0008651241889	-0.007820214693	0.00298893019	-0.004378884792	-0.001487947171	0.001227846255	-0.0005061250291	-0.0007103556366	0.002104587215	-0.00012016219	0.001715899342	0.001524213323	-0.001941621045	-0.0007965325634
P13693	TPT1	2	172	172	0	19595.1450	19595.1450	0	0	A	0	0	0	0	0	0	0	0	0	0	0	0	0	0	0	0	0	0	0	0
P13716	ALAD	2	330	330	0	36294.3450	36294.3450	0	0	A	0	0	0	0	0	0	0	0	0	0	0	0	0	0	0	0	0	0	0	0
P13747	HLA-E	2	358	337	21	40056.8950	37815.2800	0.05596077779	0.01553822038	L	-0.002773435427	0.0006226080665	0.0002147509981	0.002127539751	0.001909948908	0.001181973628	0.002989775138	0.00168511679	0.002441498746	-0.01553822038	-0.002634566237	0.0008486606321	0.002514391577	4.804710303e-05	0.004699622047	0.001519629936	-0.004167384606	0.0007910181488	-0.001507003672	0.003026028851
P13797	PLS3	2	630	630	0	70810.0550	70810.0550	0	0	A	0	0	0	0	0	0	0	0	0	0	0	0	0	0	0	0	0	0	0	0
P13798	APEH	2	732	732	0	81223.4050	81223.4050	0	0	A	0	0	0	0	0	0	0	0	0	0	0	0	0	0	0	0	0	0	0	0
P13804	ETFA	2	333	314	19	35079.0700	32964.5750	0.06027796632	0.01508023588	R	-0.005187192511	0.001126764653	0.003713413058	0.003420701623	-0.005741911194	0.0009642483162	0.001202387587	0.004269495036	0.005891334932	-0.003891108116	-0.002940133767	0.001638254055	-0.0004841205978	-0.001067541978	-0.01508023588	0.001024072635	0.003692643489	0.005447362131	0.0003165344414	0.001685032086
P13805	TNNT1	1	278	278	0	32947.7050	32947.7050	0	0	A	0	0	0	0	0	0	0	0	0	0	0	0	0	0	0	0	0	0	0	0
P13807	GYS1	2	737	737	0	83784.3400	83784.3400	0	0	A	0	0	0	0	0	0	0	0	0	0	0	0	0	0	0	0	0	0	0	0
P13861	PRKAR2A	2	404	403	1	45517.8150	45386.6200	0.002882278071	0.002763009732	M	0.0001196445419	3.905120494e-05	0.0002144979935	0.0003082405463	0.0001242326395	0.0001048488539	5.0006557e-05	0.0001691101536	0.0001727683838	0.0002254802048	-0.002763009732	9.936204572e-05	0.0001298768429	0.0001491580262	0.0002713751474	0.0001411319442	0.0001087821229	0.0002076730573	1.097039324e-05	0.0001167990727
P13929	ENO3	2	434	433	1	46986.3150	46855.1200	0.002792195983	0.002663965568	M	0.0002042758812	3.623604722e-05	0.0001724970631	0.0001980137283	0.0001317449684	0.0001534195041	5.41352469e-05	0.0001765340906	0.0002696185024	0.0002484553867	-0.002663965568	0.000151470027	9.755908714e-05	9.469842528e-05	0.0001476139406	0.0001100046361	0.0001009401412	0.00018686268	3.053864957e-05	9.934756158e-05
P13987	CD59	2	128	77	51	14177.1650	8961.0600	0.3679229945	0.05451406621	L	-0.008789876367	0.03634248661	0.02400386153	0.01759820907	-0.006265367679	-0.02920774952	-0.02267284355	-0.003235402635	0.02275869012	-0.05451406621	-0.009062214737	0.04765424772	-0.005679528938	0.006937573381	0.01256640925	-0.030714652	0.004075044624	-0.02289889242	-0.005037233561	0.02614130531
P13995	MTHFD2	2	350	315	35	37894.5750	34137.1700	0.09915416653	0.01227054942	L	-0.01035053576	-0.002137536536	0.005314934775	0.007711172719	-0.002914325358	0.0046838861	-0.003538321275	0.008511532614	0.00802675945	-0.01227054942	-0.00340285477	0.002615168192	-3.96185381e-05	-0.0003898727651	-0.009249819286	-0.00584243557	0.002060554743	0.007874003782	0.001529042045	0.001808814861
P14209	CD99	2	185	163	22	18847.6500	16728.0100	0.1124617658	0.03612442857	L	-0.01536771828	0.0007001061163	0.01307469552	0.01020204155	-0.002680975199	-0.001052389562	0.002689537734	0.003789737507	0.01013686165	-0.03612442857	-0.005008192814	0.007634369436	0.006114632128	0.002533348659	-0.003833794647	0.007894222292	0.001376636523	-0.003125671132	0	0.001046981076
P14314	PRKCSH	2	528	514	14	59424.6450	57815.5150	0.0270784958	0.01142095691	L	0.0001067010997	-0.0009772468435	0.002090676132	0.004740621924	0.0009314421513	0.0008163460181	0.0004374152484	0.0005811273326	0.001943012993	-0.01142095691	-0.00378917927	0.000691760908	-0.001486264522	0.001471476092	0.001403208624	0.001354426583	0.001631201832	0.0008492956442	-0.002469700674	0.001094635636
P14324	FDPS	2	419	419	0	48274.7000	48274.7000	0	0	A	0	0	0	0	0	0	0	0	0	0	0	0	0	0	0	0	0	0	0	0
P14406	COX7A2	2	83	60	23	9395.8300	6721.7250	0.2846055112	0.07375000725	R	0.006367818323	0	0.01456972117	0.02684251285	0.01808243607	0.004052443692	-0.01426921216	-0.009769067775	0.03733942592	-0.01475198397	-0.008278509873	-0.007330317837	0.01260264462	-0.0108839793	-0.07375000725	-0.01549580447	-0.008871627303	0.01709835047	0	0.02644515682
P14543	NID1	2	1247	1219	28	136375.3800	133455.8600	0.02140796968	0.004416461131	L	-0.001890113091	6.074987312e-05	0.001403334341	0.001490025155	0.001191671635	0.0002106682243	0.0007102892225	0.0001567547936	0.0005881460291	-0.004416461131	-0.000794579974	0.0008248036687	-9.218254502e-05	0.001196163703	-0.001622971209	-0.0006729320227	0.0008364247644	0.0006600701524	-0.0009458648476	0.001106003259
P14550	AKR1A1	2	325	324	1	36572.4800	36441.2850	0.003587260148	0.003468639373	M	0.0002150961043	6.052239463e-05	0.0001883790337	0.0002694818398	0.0001100219475	0.0001124979242	0.0001162518512	0.0001638065885	0.0002434183138	0.0004040562515	-0.003468639373	0.0001319943674	0.0002396260899	0.0001581677888	0.0002320458049	0.0001399867602	0.0001190067291	0.0002340772047	0.0001190150545	0.0002111873247
P14618	PKM	2	531	530	1	57936.1800	57804.9850	0.002264474461	0.002137545503	M	0.0001579714656	3.978461807e-05	0.0001267453345	0.0001787552837	9.221224661e-05	0.0001010662615	6.113486457e-05	0.0001679790242	0.0001776132326	0.0001636718697	-0.002137545503	7.375193427e-05	9.073099527e-05	7.198073726e-05	0.000177323287	9.662185074e-05	0.0001134327892	0.0001731054476	2.011756694e-05	5.354669406e-05
P14621	ACYP2	2	99	98	1	11139.4700	11008.2750	0.01177749031	0.01129174065	M	0.000161508572	0.0001098236535	0.0004825859453	0.0008001826086	0.0005989359302	0.0005443685487	0	0.0004755882678	0.001192605474	0.0003566912009	-0.01129174065	0.0005987909006	0.0002087157021	0.0005298655902	0.0009474057665	0.001333601424	0.0007558216842	0.001168077345	0.0003702242741	0.0006569477644
P14625	HSP90B1	2	803	782	21	92467.6900	90176.8350	0.02477465372	0.004123847867	L	-0.0007704571532	-0.002179411166	0.002071879012	0.003734909468	-0.0003582475268	-0.0008289902977	0.0003715564107	0.001287927316	0.002730770784	-0.004123847867	-0.0007523891152	0.0008859303406	0.0006341460909	0.000804951878	-0.001756801607	0.0003257690587	0.0003122065264	-0.001912457799	-0.001518846444	0.001041402092
P14649	MYL6B	2	208	208	0	22763.7650	22763.7650	0	0	A	0	0	0	0	0	0	0	0	0	0	0	0	0	0	0	0	0	0	0	0
P14672	SLC2A4	2	509	509	0	54786.4800	54786.4800	0	0	A	0	0	0	0	0	0	0	0	0	0	0	0	0	0	0	0	0	0	0	0
P14678	SNRPB	2	240	240	0	24609.8650	24609.8650	0	0	A	0	0	0	0	0	0	0	0	0	0	0	0	0	0	0	0	0	0	0	0
P14735	IDE	2	1019	1019	0	117966.7700	117966.7700	0	0	A	0	0	0	0	0	0	0	0	0	0	0	0	0	0	0	0	0	0	0	0
P14854	COX6B1	2	86	85	1	10192.2650	10061.0700	0.01287201618	0.01239923528	M	0.0004898264847	0.000532920659	0.0008781578868	0.000808936701	0.0007265860322	0.000330194403	0.0001706063062	0.0004327121338	0.0009645221749	0.0002884747559	-0.01239923528	0.0007264100927	0.0005063977837	0.001124891003	0.0009577704977	0.0004622369764	0.0009169085554	0.0003864620452	0.0008982589715	0.0007969618208
P14866	HNRNPL	2	589	589	0	64132.1000	64132.1000	0	0	A	0	0	0	0	0	0	0	0	0	0	0	0	0	0	0	0	0	0	0	0
P14868	DARS1	2	501	501	0	57135.4100	57135.4100	0	0	A	0	0	0	0	0	0	0	0	0	0	0	0	0	0	0	0	0	0	0	0
P14923	JUP	1	745	745	0	81743.4900	81743.4900	0	0	A	0	0	0	0	0	0	0	0	0	0	0	0	0	0	0	0	0	0	0	0
P14927	UQCRB	2	111	110	1	13530.2600	13399.0650	0.009696413816	0.009432210482	M	0.0004462559813	0	0.0005833661155	0.001289716853	0.0003102916667	0.0002350182156	9.71442018e-05	0.0004927775037	0.001189942902	0.0009034254235	-0.009432210482	0.0004963464496	0.0002162593352	0.0002745082884	0.001090719945	0.0001316001826	0.0001491694144	0.0002200536882	0.000511473771	0.0007941405444
P15090	FABP4	2	132	131	1	14718.7850	14587.5900	0.008913439526	0.008428585102	M	0.0002758524849	0.0001250506494	0.0007555573449	0.0006833456522	0.0005114835782	0.0003874031137	8.006606247e-05	0.0005415283488	0.001056190831	0.000338455218	-0.008428585102	0.0002727251866	5.941350804e-05	0.0001508327988	0.0005393815565	0.0004880907673	0.0007376708498	0.001027750994	0.0002107778444	0.0001870083127
P15104	GLUL	2	373	372	1	42063.9600	41932.7650	0.003118940775	0.002956444258	M	0.0001401753629	8.387927562e-05	0.0001591601639	0.0002500159527	0.0001767402219	0.0001606379134	0.0001074106109	0.0001485968985	0.0001748131057	0.0001733630483	-0.002956444258	0.0001663034589	0.000166655274	0.0001103705154	0.0002631250004	0.0001388939753	0.0001499399639	0.0001253412252	8.997027196e-05	0.0001710520193
P15121	AKR1B1	2	316	315	1	35852.9150	35721.7200	0.003659256158	0.003528246605	M	0.0001469837187	7.364512024e-05	0.000173362829	0.0002938432656	0.0001577840536	0.0001042973009	0.0001212497803	0.0002050188035	0.0003173542697	0.0003872577399	-0.003528246605	0.0001720863785	0.0001999425245	0.0001649677785	0.0001663901092	0.0001551304257	0.0001551538707	0.0002543132409	0.0001063986685	0.0001730667272
P15151	PVR	2	417	397	20	45301.9800	43209.3600	0.04619268297	0.01054886272	L	-0.008151352262	0.00100633053	0.001228335291	0.00298718961	0.001829379776	0.002216946785	0.001431827351	0.001694733555	0.001214224663	-0.01054886272	-0.004826093143	0.00219472416	0.001113089632	0.00283222187	-0.0005665018287	0.001597926029	0.003407887526	-0.0003294929769	-0.002171869808	0.001839355962
P15153	RAC2	2	192	189	3	21428.5250	21115.1400	0.01462466502	0.009045925957	L	0.000752082785	0.0005114061636	0.001043350098	0.0007984585904	0.0005976455042	0.0004073967673	0.0001871071695	0.0007909393303	0.001234111374	-0.009045925957	0.0001799436723	0.000398333858	0.0009024860763	0.0007049653044	0.0009453645514	-0.003591996559	0.0009337630627	0.001130240665	0.0002462844096	0.0008740431334
P15170	GSPT1	2	499	499	0	55755.3600	55755.3600	0	0	A	0	0	0	0	0	0	0	0	0	0	0	0	0	0	0	0	0	0	0	0
P15172	MYOD1	1	320	320	0	34500.8050	34500.8050	0	0	A	0	0	0	0	0	0	0	0	0	0	0	0	0	0	0	0	0	0	0	0
P15259	PGAM2	2	253	253	0	28765.7800	28765.7800	0	0	A	0	0	0	0	0	0	0	0	0	0	0	0	0	0	0	0	0	0	0	0
P15311	EZR	2	586	586	0	69411.7350	69411.7350	0	0	A	0	0	0	0	0	0	0	0	0	0	0	0	0	0	0	0	0	0	0	0
P15374	UCHL3	2	230	230	0	26182.2250	26182.2250	0	0	A	0	0	0	0	0	0	0	0	0	0	0	0	0	0	0	0	0	0	0	0
P15382	KCNE1	1	129	129	0	14674.5600	14674.5600	0	0	A	0	0	0	0	0	0	0	0	0	0	0	0	0	0	0	0	0	0	0	0
P15502	ELN	2	786	760	26	68397.2050	65750.0050	0.0387033359	0.008319016428	L	0.002584117829	0.0001151654063	0.0001897719822	0.0003496262426	0.001256135587	0.006137150825	-0.001805981075	-0.0005917473684	0.00243174759	-0.008319016428	-0.001807751925	0	-0.0003266043839	0.0006250926553	-0.00339313011	-0.001897144986	-0.0008204520365	0.003981330286	0	0.001291689912
P15529	CD46	2	392	358	34	43746.9050	39896.3950	0.08801788378	0.0107682769	L	-0.002389539849	0.001521235764	0.001671149556	0.0009039674859	-0.005683942168	0.0004612304708	0.001765655039	0.005224643248	0.007763874834	-0.0107682769	-0.005026448982	0.002255349762	-0.003254092717	0.001108745633	-0.006654779511	-0.0008254248475	0.00497061577	0.004359494924	-0.002084070266	0.004680612754
P15531	NME1	2	152	151	1	17148.5450	17017.3500	0.007650503293	0.00728246736	M	0.0002714231699	0.0001384230747	0.0004055048144	0.0007284043984	0.000503270776	0.0004288304811	0.0002363413672	0.0004995310528	0.0005567312999	0.0005494841581	-0.00728246736	0.0002515744557	0.0002630678209	0.0002782704432	0.0005307208014	0.0002801479213	0.0002268206869	0.000624594709	0.0002333175992	0.0002760083295
P15559	NQO1	2	274	274	0	30867.1650	30867.1650	0	0	A	0	0	0	0	0	0	0	0	0	0	0	0	0	0	0	0	0	0	0	0
P15586	GNS	2	552	516	36	62081.3150	58307.7050	0.06078495599	0.01395910537	L	-0.0001268345318	-0.002044080008	0.003507342892	0.002673827611	0.003752545224	-0.002893395986	-0.0007448458107	0.002383782829	0.003586605443	-0.01395910537	-3.842201071e-05	0.00420183295	-0.004646642564	0.002655836111	-0.008297016389	-0.001131586663	0.003788391924	0.001566579121	0.001484534968	0.004280650256
P15735	PHKG2	2	406	406	0	46441.4550	46441.4550	0	0	A	0	0	0	0	0	0	0	0	0	0	0	0	0	0	0	0	0	0	0	0
P15848	ARSB	2	533	497	36	59686.3100	56011.7500	0.06156453632	0.01579073767	L	-0.001546934697	0.001047827239	0.003709060894	0.002968987983	0.002857223203	-0.002533173891	0.002981739411	0.002394837387	0.00323097362	-0.01579073767	-0.00115037224	0.002666095917	-0.008760454253	0.002106436018	-0.005539548391	0.00191632955	0.0033194841	-0.0004555316765	0.002747351439	0.003830406061
P15880	RPS2	2	293	292	1	31324.1400	31192.9450	0.004188303334	0.003978287219	M	0.0002493142303	6.781212737e-05	0.0001787876029	0.0001646945906	0.0002034016813	0.0003613374468	6.94688119e-05	0.000249609747	0.000392741693	0.0002789755995	-0.003978287219	5.915707011e-05	0.0002061990155	9.81518418e-05	0.0004679909906	0.0001646901131	0.0002800155049	0.0002753846239	6.858002304e-05	0.0001419745056
P15924	DSP	2	2871	2871	0	331768.7800	331768.7800	0	0	A	0	0	0	0	0	0	0	0	0	0	0	0	0	0	0	0	0	0	0	0
P15927	RPA2	2	270	270	0	29246.4550	29246.4550	0	0	A	0	0	0	0	0	0	0	0	0	0	0	0	0	0	0	0	0	0	0	0
P15954	COX7C	2	63	47	16	7245.4100	5356.1800	0.2607485291	0.07599194164	R	0.01125236981	0.005100973273	0	0.01858301909	0.008064704494	0.0005044438315	0.01306398157	-0.01568580086	0.02461905852	0.02297103843	-0.01156118171	0.01112480338	0.01454131032	-0.01132331007	-0.07599194164	-0.007436480917	-0.01845945936	-0.01322203011	0.008597893378	0.01525660857
P16070	CD44	2	742	722	20	81536.3550	79209.6050	0.02853635044	0.005704119253	W	-0.001749563502	-0.0009791920863	0.000436939801	0.00225955957	-0.0006246973262	0.0003617285933	-6.252915593e-05	0.00136982785	-0.0006875526285	-0.004159785904	-0.0009767365218	0.001663814779	0.0003072233131	0.00121195201	0.00181919655	0.001668409097	0.003329497039	-0.0002631109956	-0.005704119253	0.0007791387722
P16083	NQO2	2	231	231	0	25918.2000	25918.2000	0	0	A	0	0	0	0	0	0	0	0	0	0	0	0	0	0	0	0	0	0	0	0
P16118	PFKFB1	2	471	470	1	54680.5500	54549.3550	0.002399299202	0.002306912711	M	8.019583821e-05	4.544340815e-05	0.0001048356472	0.0002372910297	8.054502782e-05	6.475985717e-05	8.728802544e-05	0.0001525133437	0.0001315953484	0.0002115507671	-0.002306912711	9.415292062e-05	9.068165335e-05	0.0001205878117	0.0002156123936	0.0001143065245	0.0001072278398	0.0001406060156	3.063866891e-05	0.0001970805898
P16152	CBR1	2	277	276	1	30374.5500	30243.3550	0.004319240943	0.004149748154	M	0.0002136960837	7.265522926e-05	0.000223482592	0.000317622565	0.000198116826	0.0002160803457	0.0001116453498	0.0002045104382	0.0003155933037	0.0004247524487	-0.004149748154	0.0001109185577	0.0001933099235	0.0002453775055	0.0003551686958	0.0002142633654	0.0002285821303	0.0003653030089	7.347796758e-05	6.519181738e-05
P16157	ANK1	1	1881	1881	0	206261.6200	206261.6200	0	0	A	0	0	0	0	0	0	0	0	0	0	0	0	0	0	0	0	0	0	0	0
P16219	ACADS	2	412	388	24	44296.4750	41720.4550	0.05815406305	0.01351621427	R	-0.008036420011	-0.001619545404	0.002544924363	0.004395599192	0.002566279453	0.001598143885	0.001112448389	0.004075535756	0.00384341418	-0.001341262761	-0.0002113934922	0.001578866486	-0.002389968914	-3.240317175e-05	-0.01351621427	0.0009813797901	0.003131729237	0.002099956958	-0.002729808207	0.001948738546
P16284	PECAM1	2	738	711	27	82521.1850	79563.6800	0.03583934235	0.007542266541	L	-0.0004727925974	-0.000557304798	0.001606115415	0.00167136965	0.001478933309	-0.001561896106	0.001087079451	0.002604004293	0.003357427775	-0.007542266541	-0.00212770962	0.001902861986	0.0001874751247	-0.001116868359	-0.0001909972132	0.0006695089997	-0.0003539489716	0.001832419074	-0.004025061375	0.001551650505
P16298	PPP3CB	1	524	523	1	59023.5150	58892.3200	0.002222758167	0.002122834357	M	0.0001109050347	4.640857215e-05	0.0001104610328	0.0001972460075	0.000152911253	7.667858504e-05	7.428493283e-05	0.0001130462027	0.0001026592396	0.000200971027	-0.002122834357	0.0001096477209	0.0001433213227	6.997099635e-05	0.000177932723	9.727854942e-05	9.505662476e-05	0.0001196602669	2.60744982e-05	9.831976739e-05
P16402	H1-3	2	221	220	1	22349.6900	22218.4950	0.005870103791	0.005670583237	M	0.0008882066729	0	2.884730833e-05	0.0001913285263	3.580230551e-05	0.0002765938875	0	0.0001137160461	0.001932745818	0.0002842901152	-0.005670583237	8.590472675e-05	0.0005489571253	6.334704192e-05	0.0001510203189	0.0003644253803	0.0003614431192	0.0003046847938	0	3.927005106e-05
P16403	H1-2	2	213	212	1	21364.5600	21233.3650	0.006140777063	0.005924854688	M	0.00101206512	0	3.150041798e-05	0.0002089251614	3.909507172e-05	0.0002842658305	0	6.208730017e-05	0.002041305185	0.0002793928508	-0.005924854688	9.380545207e-05	0.0005721976376	3.458655961e-05	0.0001236823324	0.0003730705025	0.0003101099	0.0004158836176	0	4.288174857e-05
P16435	POR	2	677	676	1	76688.6600	76557.4650	0.001710748369	0.001631023741	M	8.598996807e-05	1.834416315e-05	0.0001032786529	0.000155932957	8.753675378e-05	6.393336781e-05	5.578970096e-05	6.702656072e-05	9.960217439e-05	0.0001613602388	-0.001631023741	6.251111226e-05	5.665138153e-05	7.191030051e-05	0.0001252796121	8.949990173e-05	7.665001681e-05	0.0001086393168	3.478479386e-05	0.0001063027676
P16615	ATP2A2	2	1042	1042	0	114755.4950	114755.4950	0	0	A	0	0	0	0	0	0	0	0	0	0	0	0	0	0	0	0	0	0	0	0
P16671	CD36	2	472	471	1	53052.7650	52921.5700	0.002472915408	0.002365753398	M	8.79704573e-05	4.785498084e-05	0.0001051419272	0.000139469858	0.0001761632846	8.302183519e-05	2.45120511e-05	0.0001813303271	0.0001732234974	0.000212415526	-0.002365753398	0.0001617700579	0.0001045885694	0.0001096706925	0.0001169674317	0.0001369756008	0.0001176230876	0.0002035930045	4.033073699e-05	0.0001431304717
P16930	FAH	2	419	418	1	46373.6800	46242.4850	0.002829083221	0.002645135895	M	0.0001101034113	4.367348802e-05	0.0001713478416	0.0001136457157	0.0001786337938	0.0001468962085	9.587240013e-05	0.0001485996455	0.0001430315487	0.0002769357029	-0.002645135895	0.0001156586344	0.0002074995327	0.0001279318259	0.0001614660532	0.000156935055	0.0001165463991	0.0001447818456	7.361340149e-05	0.0001119633914
P16949	STMN1	2	149	148	1	17302.2600	17171.0650	0.007582535461	0.007303510503	M	0.0005038316973	0	0.0003010887817	0.001664131948	0.0001868401798	2.830294872e-05	0.0002339790858	0.0002472690677	0.001267683305	0.0006428995761	-0.007303510503	0.0002988718996	0.000260438403	0.0003305868863	0.000591093153	0.0004358322324	8.98214267e-05	0.0002208399122	0	0
P16989	YBX3	2	372	371	1	40089.4350	39958.2400	0.003272557969	0.003179879067	M	0.0003108810608	0	0.0001366043234	0.0002818735963	9.042090934e-05	0.0001951844174	5.307828896e-05	3.589960251e-05	0.0001400363659	7.179920502e-05	-0.003179879067	0.0001536783244	0.0003466061875	0.000189984353	0.0004886828945	0.0001294282346	0.0001874595849	0.0001683281374	1.397312043e-05	0.000185960461
P17050	NAGA	2	411	394	17	46563.8400	44702.4450	0.03997511803	0.01031331074	L	7.68203874e-05	0.0008460925942	0.003098242662	0.001712413384	0.001794435731	0.0002977240576	-0.002153508916	0.002544430817	-0.001348553388	-0.01031331074	-0.003331697751	0.00215280146	0.002143955989	-0.0005543430246	0.002568135127	0.00203853194	-0.0008215595353	-0.005059984681	0.00205995505	0.002249418835
P17066	HSPA6	2	643	643	0	71027.2100	71027.2100	0	0	A	0	0	0	0	0	0	0	0	0	0	0	0	0	0	0	0	0	0	0	0
P17152	TMEM11	2	192	192	0	21540.4550	21540.4550	0	0	A	0	0	0	0	0	0	0	0	0	0	0	0	0	0	0	0	0	0	0	0
P17174	GOT1	2	413	412	1	46246.8500	46115.6550	0.002836841861	0.002741433151	M	0.0001573502424	2.517554009e-05	0.0001313684866	0.0001987165887	0.0001973654501	0.0001091902819	7.253603789e-05	0.0001294635942	0.0001594764285	0.0002521133149	-0.002741433151	0.000171580573	0.0001435354868	0.0001138727745	0.0001990812558	0.0001473956601	0.0001361340941	0.000188652918	9.54773423e-05	0.0001129470809
P17301	ITGA2	2	1181	1152	29	129294.6900	126377.1550	0.02256500248	0.005136507215	L	-0.001329230377	-0.001233176377	0.001240357757	0.0003938354262	0.001462433982	-0.0005048242601	0.0004096550967	0.0008196899053	0.001316931909	-0.005136507215	-0.0005275879994	0.0006409427456	-0.001507361538	0.0004365813222	-0.0003183320085	0.0009505141226	0.0006518821461	0.0008230546624	0.0002854686639	0.001125672036
P17480	UBTF	2	764	764	0	89404.6850	89404.6850	0	0	A	0	0	0	0	0	0	0	0	0	0	0	0	0	0	0	0	0	0	0	0
P17540	CKMT2	2	419	380	39	47503.8900	43342.9750	0.08759103728	0.008828386198	L	-0.003493651392	-0.0004942174573	0.006564518108	0.006997320444	-0.002220550512	-0.0002574875594	0.002459580568	0.002699616337	0.0006098978107	-0.008828386198	-0.003319859928	-0.001310568516	0.004461469715	0.0006909688993	0.003488332912	-0.004861526124	-0.006835747321	0.001314153007	0.001798601868	0.0005375353391
P17568	NDUFB7	2	137	136	1	16401.7200	16270.5250	0.007998856218	0.007536037228	M	0.0003770284847	0.000205099433	0.0005632786095	0.0008094495594	0.0003495416736	0.0001906175442	0.0003282970558	5.551108581e-05	0.0006805429746	0.0007771552013	-0.007536037228	5.591312538e-05	0.0004385066843	0.0004947710653	0.001253263166	8.894808275e-05	0.0001008230623	0.0002974669682	8.64258134e-05	0.0003833976381
P17655	CAPN2	2	700	681	19	79994.1750	78140.0500	0.02317825017	0.00483814192	A	-0.00483814192	0.0004769731486	0.0002391562137	-0.0006683025013	0.001734151963	-0.001486728921	0.000407188203	0.0002012630435	-0.0016615822	-0.0005958080548	-0.00121997247	0.0009362153047	0.0007251755511	0.0009972082395	-5.274229789e-05	0.001103226768	0.001125461369	0.0007686448273	0.0008575543648	0.0009510593684
P17661	DES	1	470	469	1	53534.9150	53403.7200	0.002450643659	0.00235495715	M	0.0001526046538	4.716777686e-06	0.0001191768862	0.0003264842485	7.717046939e-05	6.137222283e-05	3.624008211e-05	9.191643383e-05	0.0001252063887	0.0002502169588	-0.00235495715	0.0001028690439	4.482028846e-05	0.0001820560954	0.0002916102256	0.0001472821229	0.0001159340042	0.0001185773618	7.950316433e-06	9.87525692e-05
P17693	HLA-G	2	338	338	0	38223.5250	38223.5250	0	0	A	0	0	0	0	0	0	0	0	0	0	0	0	0	0	0	0	0	0	0	0
P17812	CTPS1	2	591	591	0	66689.5300	66689.5300	0	0	A	0	0	0	0	0	0	0	0	0	0	0	0	0	0	0	0	0	0	0	0
P17844	DDX5	2	614	614	0	69147.2050	69147.2050	0	0	A	0	0	0	0	0	0	0	0	0	0	0	0	0	0	0	0	0	0	0	0
P17858	PFKL	2	780	779	1	85017.4550	84886.2600	0.001543153697	0.001449577439	M	9.498623733e-05	2.583574479e-05	6.892720338e-05	0.0001120482105	6.290098514e-05	9.375921309e-05	4.25361296e-05	8.590860354e-05	8.238593514e-05	0.0001378533406	-0.001449577439	6.03703238e-05	3.507132596e-05	5.119536274e-05	0.0001247038019	7.523032455e-05	8.70882588e-05	0.0001141973306	3.110512546e-05	6.347398231e-05
P17931	LGALS3	2	250	249	1	26152.0050	26020.8100	0.005016632568	0.004822468661	M	0.0003842354596	1.935369904e-05	0.0001913485976	0.0001410123674	0.000237482155	0.0004077087682	0.000123915748	0.0002095266345	0.0001868152699	0.0003142899517	-0.004822468661	0.0003798794397	0.0006620575218	0.0002100952971	0.0002504352043	0.0002350142229	0.0001331948532	0.000261984168	9.7864289e-05	0.0003762550139
P17980	PSMC3	2	439	439	0	49202.8900	49202.8900	0	0	A	0	0	0	0	0	0	0	0	0	0	0	0	0	0	0	0	0	0	0	0
P17987	TCP1	2	556	556	0	60342.7550	60342.7550	0	0	A	0	0	0	0	0	0	0	0	0	0	0	0	0	0	0	0	0	0	0	0
P18031	PTPN1	2	435	435	0	49966.1500	49966.1500	0	0	A	0	0	0	0	0	0	0	0	0	0	0	0	0	0	0	0	0	0	0	0
P18077	RPL35A	2	110	110	0	12537.5450	12537.5450	0	0	A	0	0	0	0	0	0	0	0	0	0	0	0	0	0	0	0	0	0	0	0
P18085	ARF4	2	180	179	1	20510.4850	20379.2900	0.00639648453	0.006087604288	M	0.0002137093357	6.4586431e-05	0.0003902318984	0.0003921509406	0.0003082008408	0.000260112842	4.135269383e-05	0.0003845733893	0.0004286100768	0.0008740304302	-0.006087604288	0.0002817153933	9.2058053e-05	0.0003895122576	0.0004643015962	0.0002240801596	0.0004444928163	0.0003746929874	0.0002177259977	0.0002414661487
P18124	RPL7	2	248	248	0	29225.4650	29225.4650	0	0	A	0	0	0	0	0	0	0	0	0	0	0	0	0	0	0	0	0	0	0	0
P18206	VCL	1	1134	1134	0	123797.3550	123797.3550	0	0	A	0	0	0	0	0	0	0	0	0	0	0	0	0	0	0	0	0	0	0	0
P18510	IL1RN	2	177	152	25	20054.7400	17126.2250	0.1460260766	0.02234786691	L	0.005877585884	-0.006880810029	0.008781082963	-0.0008060254555	-0.003326780614	0.002270689374	-0.01108576191	-0.01117393345	0.009644677073	-0.02234786691	-0.0009555944751	0.007747936763	0.006751589158	0.008570114128	-0.004785189266	-0.0005757168159	-0.003272168458	0.008587560474	0.002994027486	0.003984584077
P18564	ITGB6	2	788	767	21	85935.2150	83530.3700	0.02798439499	0.003928483786	L	0.000916079095	0.0007969591286	0.0003052400932	0.0007156359566	-0.003817714133	-0.0008772612173	-0.0005748127742	0.0003008139972	0.001879021255	-0.003928483786	-0.001021610647	0.0001520437049	0.001216723067	-0.0002909812893	-0.0005458778536	0.001891051927	0.001360962595	0.0004025072419	0.0002916552437	0.0008280483966
P18583	SON	2	2426	2425	1	263826.1750	263694.9800	0.0004972781795	0.0004569501098	M	2.658115097e-05	1.338875898e-06	2.080157739e-05	5.133062208e-05	8.8663667e-06	1.208786515e-05	8.572408202e-06	1.263128029e-05	2.607829108e-05	3.892919173e-05	-0.0004569501098	1.06370637e-05	4.361970913e-05	1.914829961e-05	4.372484654e-05	5.590804574e-05	3.272027552e-05	3.088458592e-05	1.934338791e-06	1.115531533e-05
P18621	RPL17	2	184	183	1	21396.7650	21265.5700	0.00613153437	0.00582207733	M	0.0002631931965	0.0001193118857	0.0001310697589	0.0004708786948	0.0001220027055	0.0001663310691	0.0002291751288	0.0002906306958	0.0008997505659	0.000419799894	-0.00582207733	0.0002602094146	0.0002550911947	0.0003957548464	0.0006432856498	0.0002587175237	0.0002346060057	0.0002884076306	0.0001508286974	0.0002230327725
P18669	PGAM1	2	254	253	1	28803.4750	28672.2800	0.00455483236	0.004372083619	M	0.0002999359404	3.263238392e-05	0.000250937538	0.0004358965757	0.0001334733452	0.0001718600282	0.0001462545417	0.0002649630529	0.0003543640958	0.0004239408847	-0.004372083619	0.0001601292302	0.0002325622954	0.0001574412871	0.0003988013443	0.0001556731161	0.0001604147232	0.0002050903313	0.0001925111345	0.000195201771
P18859	ATP5PF	2	108	76	32	12587.3350	8960.0350	0.2881706096	0.04532847061	R	-0.0109064242	0	0.01869240872	0.037192978	-0.001663336043	0.001153733407	-0.01068898666	-0.01605787027	0.0410615061	-0.00868932556	-0.001897801806	0.002030521616	0.01616872289	0.01456023041	-0.04532847061	-0.01715353192	0.001830727633	-0.03048352659	0	0.01017844489
P19022	CDH2	2	906	747	159	99807.8750	82028.8100	0.1781328878	0.01135929234	I	-0.002612222186	-0.002002259899	0.009977420997	-0.01068431229	-0.003498497342	0.00260420404	-0.003033379282	0.01135929234	-0.01109269767	-0.006013739277	0.001320113942	0.009872918036	0.006566776963	-0.002346404691	0.0002036330311	-0.006334947457	0.006627809517	-0.002998637297	0.0009034034895	0.001181525036
P19075	TSPAN8	2	237	237	0	26043.5300	26043.5300	0	0	A	0	0	0	0	0	0	0	0	0	0	0	0	0	0	0	0	0	0	0	0
P19105	MYL12A	2	171	171	0	19793.8900	19793.8900	0	0	A	0	0	0	0	0	0	0	0	0	0	0	0	0	0	0	0	0	0	0	0
P19174	PLCG1	2	1290	1289	1	148529.9250	148398.7300	0.0008832900171	0.0008453391531	M	3.518026354e-05	1.410790828e-05	4.986379197e-05	8.416958876e-05	5.519544201e-05	2.698362492e-05	2.434944129e-05	3.785165744e-05	5.328754217e-05	7.902363571e-05	-0.0008453391531	3.344368284e-05	4.021731958e-05	4.365124566e-05	7.760797464e-05	5.107497373e-05	3.316827619e-05	3.973677548e-05	1.964388575e-05	4.678212316e-05
P19237	TNNI1	1	187	186	1	21692.0700	21560.8750	0.006048062725	0.005708196001	M	0.000319849476	8.699733419e-05	0.0003185689771	0.0007747281587	7.907499524e-05	0.0001078060396	0.0001485378717	0.0001255798429	0.0008397583549	0.000690689136	-0.005708196001	9.486701711e-05	0.0001928910025	0.0001399118567	0.0007921860259	0.0002766811058	0.0001710650784	0.0003645113627	9.775831181e-05	8.673405404e-05
P19256	CD58	2	250	222	28	28147.0650	25338.6950	0.09977487884	0.009086744851	V	-0.006647906047	-0.00778246516	6.887355947e-05	0.006622470623	-0.004976606011	-0.007382335613	-0.002068473112	0.00324700285	0.006073994094	-0.006995078778	-0.0009560353634	0.006861756103	0.005182118146	0.003541951387	-0.0005130065474	-0.0009284476131	0.007423909055	-0.009086744851	0.001414176841	0.006900846438
P19320	VCAM1	2	739	715	24	81275.2200	78744.1300	0.03114221038	0.003916660497	M	-0.002914902023	0.0007874588108	0.001456944522	0.003170711775	-0.0005601056927	-0.0004320384423	0.0004245772775	-0.002007304551	0.001004533519	0.0003219618512	-0.003916660497	-0.000222004614	0.0002791343394	-0.0002955528875	0.001370537641	0.0004017400229	0.002241105778	-0.0003536267806	-0.001810164308	0.00105365426
P19338	NCL	2	710	709	1	76613.6950	76482.5000	0.001712422303	0.001649733034	M	0.0001199893591	2.266420777e-06	0.0001817532535	0.0002834782467	8.034121206e-05	0.0001095323226	2.902238227e-06	4.171235579e-05	0.00024611691	6.870270365e-05	-0.001649733034	5.190021274e-05	6.676232872e-05	3.827175845e-05	8.472328314e-05	7.076934419e-05	8.467389926e-05	8.108215732e-05	7.640284767e-06	2.711474286e-05
P19367	HK1	2	917	917	0	102484.7800	102484.7800	0	0	A	0	0	0	0	0	0	0	0	0	0	0	0	0	0	0	0	0	0	0	0
P19387	POLR2C	2	275	274	1	31440.7300	31309.5350	0.00417277207	0.004101785642	M	0.0001513049913	8.230828487e-05	0.0003616782012	0.0003998025075	0.0001496259005	6.799695108e-05	0.0001053988973	0.0002970281095	0.0002317281203	0.000341582326	-0.004101785642	0.0002243845039	0.0002216003607	0.0001654634746	0.0003352973407	0.0002379712132	0.0001888190279	0.0002652804988	6.936694427e-05	0.000205147988
P19404	NDUFV2	2	249	217	32	27391.2500	23760.0700	0.1325671519	0.01521511512	R	-0.00954444391	0.002893493202	0.006357278725	0.01124383373	-0.004847078548	0.001741402411	-0.01238656316	0.008144624533	0.00588508746	-0.001700960569	-0.005803534969	-0.001352535555	0.0109979489	0.0002989862067	-0.01521511512	-0.0002869407499	0.0004874125762	0.001598442987	-0.005434706045	0.006923367886
P19429	TNNI3	1	210	209	1	24007.1450	23875.9500	0.005464831407	0.005285560348	M	0.0004158671842	4.713068063e-05	0.0003365393558	0.0006009453526	0.0001285162947	0.0001460094171	9.052895055e-05	0.0002296103599	0.0006539732033	0.0005612697685	-0.005285560348	0.0001027881401	0.0001567476346	0.0002558150338	0.0008470374469	0.0002452771489	0.0001853485202	0.0001367124274	3.972031858e-05	0.0001057231102
P19474	TRIM21	2	475	475	0	54168.9500	54168.9500	0	0	A	0	0	0	0	0	0	0	0	0	0	0	0	0	0	0	0	0	0	0	0
P19525	EIF2AK2	2	551	550	1	62093.4600	61962.2650	0.002112863416	0.002037884737	M	6.937547334e-05	2.795519254e-05	0.0001343567024	0.0001867098146	0.0001095783673	8.010901211e-05	4.474711253e-05	0.0001021436843	0.0002487613551	0.0002042873687	-0.002037884737	9.526246387e-05	4.980730002e-05	8.42970419e-05	0.000130627536	0.0001636697383	0.0001133735801	8.108990112e-05	1.766984593e-05	9.406324702e-05
P19623	SRM	2	302	302	0	33824.2250	33824.2250	0	0	A	0	0	0	0	0	0	0	0	0	0	0	0	0	0	0	0	0	0	0	0
P19793	RXRA	2	462	462	0	50810.6550	50810.6550	0	0	A	0	0	0	0	0	0	0	0	0	0	0	0	0	0	0	0	0	0	0	0
P19823	ITIH2	2	946	648	298	106461.9950	72451.2250	0.3194639552	0.01323042518	F	0.009858416499	-0.002087111367	0.005600939566	-0.000805951484	-0.01323042518	-0.003088882687	-0.001227434322	-0.006029646571	-0.0109012305	0.002854891579	0.003652812448	0.004124917404	-0.001007894939	0.004562635705	0.004386840154	-4.934363007e-05	0.002693059428	0.004002946722	-0.000315498548	-0.002994040278
P19827	ITIH1	2	911	638	273	101387.6600	71413.9450	0.2956347449	0.01071160898	E	0.004494891456	-0.0009209638368	-0.002443477003	0.01071160898	-0.00273595013	-0.009194082515	-0.004509039881	-0.002641289862	0.01044692427	0.0002857910128	0.0003979839075	5.524978085e-05	-0.007153557572	0.007569438783	-0.0007835846659	0.004268823154	0.000155722004	-0.003094254731	-0.004745953782	-0.0001642793775
P19961	AMY2B	2	511	496	15	57709.1600	55889.8850	0.03152489137	0.007807303372	F	-0.0001724262734	-0.001227202254	0.002181071706	0.00134731085	-0.007807303372	0.00068686901	0.0008973172101	-0.0002538686079	-0.0006352288314	-0.004301868749	-0.001511314364	0.00273810433	0.001276231066	0.0009860753675	0.002350818791	0.001620781018	-0.000575014855	0.002032627351	-0.001379513987	0.001746534593
P19971	TYMP	2	482	472	10	49954.6550	49023.5250	0.01863950417	0.004648088901	M	-0.001160029448	0.0002795781536	0.001053016618	0.001358016961	0.0004356318935	-0.00120019459	0.0003068661312	0.0004756342622	0.0005300981382	0.0007458868385	-0.004648088901	0.0001306579222	-0.0007115944922	0.001348879213	0.001837570697	0.0009353433952	-0.003475142025	0.001428860875	0.0002692800572	5.972829982e-05
P20020	ATP2B1	2	1220	1219	1	134683.0450	134551.8500	0.0009741018255	0.0009298409125	M	4.500855295e-05	1.253707388e-05	5.509027842e-05	8.328603413e-05	4.725737673e-05	4.158108402e-05	1.794293071e-05	7.584834743e-05	7.919461864e-05	9.021961326e-05	-0.0009298409125	4.503442179e-05	4.064475381e-05	3.558091346e-05	5.513653799e-05	4.79745218e-05	5.14791103e-05	6.560215702e-05	1.615956342e-05	2.426302272e-05
P20042	EIF2S2	2	333	332	1	38387.9900	38256.7950	0.00341760535	0.003283503364	M	9.485477472e-05	5.528568785e-05	0.0003340367101	0.0003916259682	0.0001884417872	8.563669088e-05	4.719695427e-05	0.0001496332056	0.0005225378167	0.0002394131289	-0.003283503364	0.0001406691305	0.0001225797532	0.0001667103504	0.0001987200153	0.0001198822412	0.0001993010413	0.0001425490994	1.553103771e-05	6.889797087e-05
P20073	ANXA7	2	488	488	0	52738.5450	52738.5450	0	0	A	0	0	0	0	0	0	0	0	0	0	0	0	0	0	0	0	0	0	0	0
P20231	TPSB2	2	275	245	30	30650.8000	27580.1400	0.1001820507	0.02116206875	L	-0.01356604702	0.003075942911	0.006758138022	0.004202161732	0.00209687607	0.0005456218253	0.005415935507	0.004578847957	0.003711390674	-0.02116206875	-0.002298803446	-0.00119695908	-0.001667679297	-0.002184185185	-0.002050753851	0.000381906205	0.004158209717	0.002710303622	0.005832702161	0.0006584602273
P20339	RAB5A	2	215	215	0	23658.3700	23658.3700	0	0	A	0	0	0	0	0	0	0	0	0	0	0	0	0	0	0	0	0	0	0	0
P20340	RAB6A	2	208	207	1	23592.4850	23461.2900	0.005560880933	0.005281314684	M	0.0001790577983	4.87027564e-05	0.0004280182817	0.0004139935279	0.0003320076069	0.0002112315241	0	0.0003427221329	0.0003819665213	0.0003954486148	-0.005281314684	0.0001858792391	0.0001156971844	0.0003230918992	0.0005251745727	0.0003379447124	0.0003830618912	0.0003767268347	8.209043341e-05	0.0002184991523
P20472	PVALB	2	110	109	1	12058.6050	11927.4100	0.01087978253	0.01006871464	M	0.000683342084	0	0.001531364318	0.000789966153	0.001140342923	0.0005182247303	0.0002380076873	0.0004024423893	0.001794100873	0.0009054953759	-0.01006871464	0.0001013392706	8.830752512e-05	0.0001120929534	0.0001336156595	0.0007254593966	0.0003654718107	0.0005391414871	0	0
P20591	MX1	2	662	662	0	75519.1650	75519.1650	0	0	A	0	0	0	0	0	0	0	0	0	0	0	0	0	0	0	0	0	0	0	0
P20592	MX2	2	715	715	0	82087.4600	82087.4600	0	0	A	0	0	0	0	0	0	0	0	0	0	0	0	0	0	0	0	0	0	0	0
P20618	PSMB1	2	241	213	28	26489.0300	23548.6800	0.1110025546	0.01087035936	M	-0.005378552761	0.00197974784	0.003292306546	0.001235250589	0.007422788054	-0.001789137006	-0.002500130274	0.008037415117	0.007763394225	-0.007919011849	-0.01087035936	0.003777958881	-0.008387537522	-0.002354940627	-0.00205619134	-0.002933892373	0.002459899461	0.0066997863	0	0.001521206104
P20671	H2AC7	2	130	129	1	14107.2850	13976.0900	0.00929980503	0.00908088383	M	0.0007950035067	0	0.0001484663918	0.0005744065423	9.213059075e-05	0.0005861578077	0.0003461241275	0.00043894072	0.001141473424	0.001170508587	-0.00908088383	0.0004421197524	0.0003210543893	0.0004075296486	0.001165868315	0.0002930565949	0.0003321810028	0.0005226998586	0	0.0003031625717
P20674	COX5A	2	150	109	41	16761.9350	12500.9900	0.2542036465	0.03204746293	R	-0.03013392509	-0.01030485576	0.01447375244	0.02880220108	0.008819353811	-0.004901328245	-0.002456217003	0.01192952596	0.01821157321	-0.003637632129	-0.005017577827	0.009405032795	-0.003419054602	-0.002313577524	-0.03204746293	-0.003327410181	-0.003537546983	-0.001394196889	0.00726875491	0.00358059097
P20700	LMNB1	2	586	582	4	66407.3050	65960.6850	0.006725464917	0.003720378067	M	-0.0007649410874	5.343098568e-05	0.0003639181083	0.001025161395	5.827840557e-05	0.0001589064679	9.578858038e-05	-0.001473318834	0.0005028589568	0.000751989527	-0.003720378067	0.0002330571749	0.0001320066391	0.0003995716931	0.0007374851929	0.0004727107569	0.0003677194874	0.0003099755681	7.204804157e-05	0.0002237310072
P20774	OGN	2	298	278	20	33921.7150	31733.9250	0.06449526505	0.01814556805	L	-0.0002223126222	0.001284367935	0.004703130081	0.005718772965	0.003794076166	0.001193679856	0.0008223410579	0.001990148621	-0.0009878801039	-0.01814556805	-0.003535763518	0.004668501474	-0.001998438258	-0.001913844317	0.00307770571	0.0004804390343	-0.003330439809	-0.001120239108	0	0.00352132289
P20807	CAPN3	1	821	821	0	94252.3600	94252.3600	0	0	A	0	0	0	0	0	0	0	0	0	0	0	0	0	0	0	0	0	0	0	0
P20839	IMPDH1	2	514	513	1	55405.0950	55273.9000	0.002367923022	0.00221730805	M	0.0001370897423	3.035043011e-05	0.0001524177616	0.0001316281535	9.458260718e-05	0.0001396938558	6.107338767e-05	0.0001689836026	0.0001726390953	0.0002112295033	-0.00221730805	4.2551867e-05	7.003981196e-05	0.0001202830645	0.0001309106535	0.0001353852771	0.0001321459702	0.0001760755804	0	0.0001102276863
P20908	COL5A1	2	1838	1568	270	183558.4850	153485.7150	0.1638320887	0.02145286399	P	-0.002531908708	-0.004043822722	-4.976108959e-05	0.003522832539	-0.007009712636	0.01990389469	-0.001074618998	0.001000044441	-0.0001582780296	-0.005916766252	-0.002702364853	-0.004011426763	0.02145286399	-5.382413115e-05	-0.0006825131369	-0.004459998622	-0.0004667104757	-0.004701132698	-0.005474475938	-0.002542320604
P20929	NEB	1	8525	8525	0	986650.4600	986650.4600	0	0	A	0	0	0	0	0	0	0	0	0	0	0	0	0	0	0	0	0	0	0	0
P20962	PTMS	2	102	101	1	11529.7950	11398.6000	0.01137877993	0.01117735673	M	0.0009806955437	0	0.0009016332792	0.004858785566	0	0.000317832505	0	0	0.001609247744	0.0003332097217	-0.01117735673	0.0002237486642	0.0001949756563	0.0001237459499	0.0005900244825	0.0004449316365	0.0002017328253	0.000396793158	0	0
P21266	GSTM3	2	225	225	0	26559.2200	26559.2200	0	0	A	0	0	0	0	0	0	0	0	0	0	0	0	0	0	0	0	0	0	0	0
P21281	ATP6V1B2	2	511	511	0	56499.9700	56499.9700	0	0	A	0	0	0	0	0	0	0	0	0	0	0	0	0	0	0	0	0	0	0	0
P21283	ATP6V1C1	2	382	381	1	43940.9950	43809.8000	0.002985708448	0.002876375566	M	0.0001394633427	2.107404323e-05	0.0002006405689	0.0002217899843	0.0001436621493	4.787694695e-05	5.397223188e-05	0.0001292857881	0.0003220835986	0.0003574371789	-0.002876375566	0.0001915031495	7.342577464e-05	0.000135567764	0.0001413980869	0.0001340452472	0.0001035960725	0.0002309343611	7.104227647e-05	0.0001575770012
P21291	CSRP1	1	193	193	0	20567.3300	20567.3300	0	0	A	0	0	0	0	0	0	0	0	0	0	0	0	0	0	0	0	0	0	0	0
P21333	FLNA	1	2647	2646	1	280736.3000	280605.1050	0.0004673246744	0.0004485661757	M	2.342939133e-05	8.049686159e-06	2.708156991e-05	3.258364489e-05	1.737703964e-05	3.148382508e-05	1.395865531e-05	2.051593944e-05	3.237547099e-05	2.541797807e-05	-0.0004485661757	1.426400933e-05	3.346464681e-05	1.901408377e-05	2.242381727e-05	2.690986796e-05	2.885367793e-05	4.524024442e-05	4.805356799e-06	2.131727055e-05
P21397	MAOA	2	527	527	0	59680.9500	59680.9500	0	0	A	0	0	0	0	0	0	0	0	0	0	0	0	0	0	0	0	0	0	0	0
P21399	ACO1	2	889	889	0	98397.6100	98397.6100	0	0	A	0	0	0	0	0	0	0	0	0	0	0	0	0	0	0	0	0	0	0	0
P21695	GPD1	2	349	349	0	37567.2500	37567.2500	0	0	A	0	0	0	0	0	0	0	0	0	0	0	0	0	0	0	0	0	0	0	0
P21796	VDAC1	2	283	282	1	30772.2600	30641.0650	0.004263417767	0.004126989582	M	0.0002180814594	2.82461819e-05	0.0002172083829	0.0002572545029	0.0002695766549	0.0002800186035	5.425546948e-05	0.0001681890412	0.0004260182126	0.0004281175595	-0.004126989582	0.0002926123535	8.052120143e-05	0.0001362792018	0.0001421401213	0.0002204978648	0.0004165589123	0.0001638679536	9.522012656e-05	0.0002323257786
P21817	RYR1	1	5038	5038	0	565167.7050	565167.7050	0	0	A	0	0	0	0	0	0	0	0	0	0	0	0	0	0	0	0	0	0	0	0
P21912	SDHB	2	280	252	28	31629.3350	28806.9950	0.08923172112	0.01284269234	R	-0.00997338521	0.0009837253616	0.005799104947	0.005609087318	0.002249141027	-0.003690884996	0.001267464969	0.005715015747	0.009952234601	-0.01074848774	-0.0004137828973	0.003957529678	0.0009347664318	-0.0004052693024	-0.01284269234	-0.001727542914	-0.001958177866	-0.003839857709	0.002224442548	0.006907568349
P21953	BCKDHB	2	392	342	50	43121.8850	37864.9250	0.1219093275	0.01790506087	A	-0.01790506087	0.004055275896	0.003657921687	0.003572875081	0.006843576346	-0.003744001841	-0.003156282757	0.0106099274	0.006524053959	-0.007639482539	-0.00172580978	0.003316583761	0.002795793571	-0.000527305002	-0.0175051162	0.005862343786	0.003273716238	0.001489853103	-0.00586336695	0.006064505114
P21964	COMT	2	271	271	0	30036.6100	30036.6100	0	0	A	0	0	0	0	0	0	0	0	0	0	0	0	0	0	0	0	0	0	0	0
P21980	TGM2	2	687	686	1	77327.9000	77196.7050	0.00169660627	0.001635965042	M	6.621537817e-05	4.502556527e-05	9.397916144e-05	0.0001585620098	7.673503143e-05	6.974391682e-05	3.747701959e-05	7.799278172e-05	8.692357063e-05	0.00017060921	-0.001635965042	8.592242444e-05	6.845550781e-05	6.788581326e-05	0.0001262358391	7.81072409e-05	7.525468033e-05	0.0001240757937	4.933004795e-05	7.743404999e-05
P22033	MMUT	2	750	718	32	83133.2750	79339.8650	0.04563046506	0.005837362861	L	0.00204770973	0.0004751447374	0.002609845021	0.00237201196	0.000476800417	0.001320668204	-0.0005408953464	0.001921806685	0.0003422783013	-0.005837362861	0.000138102897	0.0001870507922	0.0007838057511	-0.003900534045	-0.003966318462	-0.002444284789	0.002160543828	0.001429259048	0.0007007659375	-0.0002763978059
P22059	OSBP	2	807	806	1	89419.3900	89288.1950	0.001467187374	0.001404590553	M	8.379124059e-05	2.513687425e-05	6.443277689e-05	0.0001424492031	5.026517315e-05	7.372003173e-05	4.721013145e-05	5.805575078e-05	0.0001152532738	0.0001215542282	-0.001404590553	6.761312951e-05	5.891840449e-05	5.457498387e-05	0.0001108323984	8.721142672e-05	8.402637147e-05	5.67114937e-05	4.519381499e-05	5.763984575e-05
P22061	PCMT1	2	227	226	1	24636.0300	24504.8350	0.005325330421	0.004980360473	M	0.0003242886426	6.61535727e-05	0.0003875884462	0.0002409997149	0.0001202587067	0.0003142440304	0.0002258991263	0.0003342222346	0.0004257066487	0.0005013333519	-0.004980360473	0.0001442755039	0.0002514447284	0.0002659756552	0.0002536360155	0.0002677701809	0.0001517593679	0.0003624632654	0.0001115044785	0.0002308368022
P22087	FBL	2	321	321	0	33783.9700	33783.9700	0	0	A	0	0	0	0	0	0	0	0	0	0	0	0	0	0	0	0	0	0	0	0
P22102	GART	2	1010	1009	1	107765.7950	107634.6000	0.001217408548	0.00116225847	M	8.894058906e-05	2.510424258e-05	5.515639959e-05	9.422699147e-05	5.756395891e-05	6.928794308e-05	3.360816442e-05	7.165189641e-05	9.500182191e-05	0.000127243885	-0.00116225847	3.608541799e-05	4.66253535e-05	5.643105076e-05	5.578176413e-05	6.03748972e-05	5.721633534e-05	9.268015603e-05	1.538698166e-05	2.389062096e-05
P22105	TNXB	2	4244	4221	23	458383.6850	455951.7600	0.005305435336	0.001043769236	L	-0.0004818248879	0.0001490872416	0.0003302218755	0.0004695350546	0.0001850878366	0.0003642371657	0.0001350352448	8.135838357e-05	0.0001754991493	-0.001043769236	-0.0004788673638	7.666067907e-05	0.0002684739611	-1.155343915e-05	0.0001657269827	-0.0002814480039	-7.126867717e-05	-1.149128314e-05	0.0001041944416	-0.0001248951254
P22234	PAICS	2	425	424	1	47078.6100	46947.4150	0.002786722038	0.002682202659	M	0.0001380163115	7.87122598e-05	0.000133029456	0.000227930631	0.0001320819585	0.0001162968291	3.876694234e-05	0.0001769856466	0.0002556969069	0.0002622009579	-0.002682202659	0.0001056399803	0.0001150689802	0.0001387594175	0.0001392861382	0.0001575514523	0.0001309625521	0.000169777469	0.0001020558809	6.338288878e-05
P22314	UBA1	2	1058	1057	1	117847.3450	117716.1500	0.001113262246	0.001062649238	M	5.752374852e-05	1.835042245e-05	6.790335468e-05	7.740666767e-05	6.847314852e-05	4.129036365e-05	2.844545056e-05	4.182420658e-05	6.176276593e-05	0.0001118797526	-0.001062649238	4.94993646e-05	5.506465926e-05	6.873126162e-05	7.22078968e-05	5.863982063e-05	4.652795512e-05	7.750925926e-05	1.627914056e-05	4.332999918e-05
P22392	NME2	2	152	152	0	17297.8450	17297.8450	0	0	A	0	0	0	0	0	0	0	0	0	0	0	0	0	0	0	0	0	0	0	0
P22460	KCNA5	1	613	613	0	67226.8800	67226.8800	0	0	A	0	0	0	0	0	0	0	0	0	0	0	0	0	0	0	0	0	0	0	0
P22528	SPRR1B	2	89	89	0	9887.4500	9887.4500	0	0	A	0	0	0	0	0	0	0	0	0	0	0	0	0	0	0	0	0	0	0	0
P22570	FDXR	2	491	459	32	53836.0200	49994.6900	0.07135241424	0.01481187355	W	-0.0001674442241	-0.002987096423	0.003705410715	0.005342603585	-0.002672991689	0.00151122011	-0.003261708185	0.002381531	0.00318508211	0.005845188252	-0.001297509339	0.001119430322	-0.001914309934	0.003537769718	-0.003529046395	-0.00378259329	-0.0001973180964	0.006239150057	-0.01481187355	0.001754505256
P22626	HNRNPA2B1	2	353	353	0	37429.5400	37429.5400	0	0	A	0	0	0	0	0	0	0	0	0	0	0	0	0	0	0	0	0	0	0	0
P22694	PRKACB	2	351	350	1	40622.1500	40490.9550	0.003229641956	0.003118739977	M	0.0001453343339	1.647089825e-05	0.0001718935894	0.0002700181908	0.0002694778159	0.0001122579535	8.436645306e-05	0.0001783169134	0.000337850532	0.0002853070615	-0.003118739977	0.0001257258628	0.0001017325384	0.0001192005812	0.0002012913423	0.0001142903068	0.0001376453771	0.0001672205362	8.328706273e-05	0.0001970526282
P22695	UQCRC2	2	453	439	14	48442.2800	46783.3200	0.03424611723	0.004542903617	R	0.001562605697	0.000224542257	0.001233351535	0.001999592412	-0.004001793079	0.0002500749342	0.001150139689	0.00145856097	-0.0005064170639	-0.00131392833	-0.001991686626	0.001877214781	0.001280202214	0.001986137668	-0.004542903617	-0.001312365546	-0.0002654694341	0.002532957492	0.0001261583023	-0.001746974254
P22735	TGM1	2	817	817	0	89785.6300	89785.6300	0	0	A	0	0	0	0	0	0	0	0	0	0	0	0	0	0	0	0	0	0	0	0
P22830	FECH	2	423	369	54	47861.4400	42186.0600	0.1185793825	0.01898770023	A	-0.01898770023	0.000493059484	0.002175768063	0.006740403713	0.004867439723	-0.0001895052341	0.001393315479	0.007085863503	0.005620442061	0.001380636607	-0.002083015932	0.001835330726	0.003198631949	-0.0007277561177	-0.006293581296	-0.003022604291	-0.0005932004156	-0.0005833900998	-0.008538843849	0.00622870616
P23109	AMPD1	2	747	747	0	86488.6900	86488.6900	0	0	A	0	0	0	0	0	0	0	0	0	0	0	0	0	0	0	0	0	0	0	0
P23142	FBLN1	2	703	674	29	77213.5000	74290.0050	0.03786248519	0.009523985683	L	-0.004881133568	0.00387121277	0.0008814245433	0.001561958358	0.001686036103	-0.0006073553126	0.00137700988	0.002153731318	0.001102863765	-0.009523985683	-0.001196969676	0.00187617707	-0.002362007496	0.002140120975	-0.002723540961	0.001255560721	0.001797292998	-0.0002679582267	9.062615457e-05	0.001768936269
P23193	TCEA1	2	301	301	0	33969.2700	33969.2700	0	0	A	0	0	0	0	0	0	0	0	0	0	0	0	0	0	0	0	0	0	0	0
P23246	SFPQ	2	707	707	0	76148.4900	76148.4900	0	0	A	0	0	0	0	0	0	0	0	0	0	0	0	0	0	0	0	0	0	0	0
P23258	TUBG1	2	451	451	0	51169.1100	51169.1100	0	0	A	0	0	0	0	0	0	0	0	0	0	0	0	0	0	0	0	0	0	0	0
P23284	PPIB	2	216	183	33	23742.3450	20289.1600	0.1454441421	0.03228848662	L	-0.0149239548	0.0007535129513	0.01241654513	0.004737477252	0.002419252655	0.005301269074	0.0028947062	0.003407810344	0.01743570794	-0.03228848662	-0.008022341883	-0.0006758830662	-0.004041981235	0.001817734941	-0.005032432365	-0.007494959078	0.008889910475	0.005358564415	0.002540152112	0.004507395565
P23297	S100A1	2	94	94	0	10545.7050	10545.7050	0	0	A	0	0	0	0	0	0	0	0	0	0	0	0	0	0	0	0	0	0	0	0
P23327	HRC	1	699	671	28	80242.3600	77182.7900	0.03812911285	0.008608507145	E	-0.002996172929	0.0007297515082	0.004409166322	0.008608507145	0.0006396081125	0.0002555966387	0.0007256286302	0.0003950210686	0.0008805081957	-0.005768141284	-0.003022571571	0.0006252431625	-0.002383865874	0.0003116590156	0.001195882004	0.0001317504639	-0.0004634285008	-0.001062728503	-0.004224777154	0.001013363548
P23352	ANOS1	2	680	656	24	76110.8950	73799.0750	0.03037436362	0.005139100775	L	-0.002708303928	-0.001731691602	0.0009660062265	0.001868706748	0.00149863419	-0.00165028133	0.001463851434	0.001047198651	0.002546424347	-0.005139100775	-0.001472397741	0.001102727679	-0.0006428058153	0.001962197426	0.00233895437	-5.284774261e-05	0.0005968420318	-0.001895139671	-0.001348254249	0.00124927975
P23368	ME2	2	584	566	18	65442.6950	63413.2450	0.03101110063	0.004607027891	R	0.0005152831871	-0.002731486232	0.001681602916	0.002292593732	0.001669625759	0.001264592346	-0.00145485831	0.002430587928	0.002093248192	-0.002143248007	-0.001084968493	0.001224095742	0.001600024328	0.001353991461	-0.004607027891	-0.001572564298	-0.003200505549	-0.001506348436	0.0003440189807	0.001831342644
P23381	WARS1	2	471	470	1	53164.6200	53033.4250	0.00246771255	0.002350490242	M	0.0001227834302	2.862551269e-05	0.0002044021319	0.0001390449548	0.0002146547246	7.685683969e-05	6.720277764e-05	0.0001652826455	0.0002014783888	0.0001704477282	-0.002350490242	8.844234418e-05	0.000113336885	0.0001208456874	0.00013718951	0.0001406964267	0.0001219553316	0.0001060993902	2.412472021e-05	0.0001070208122
P23396	RPS3	2	243	242	1	26688.0400	26556.8450	0.004915872428	0.00468979773	M	0.0002494213045	5.653437582e-05	0.0001656151738	0.0004119133071	0.0001798514218	0.000268550728	7.239442397e-05	0.0003060256717	0.0004547573677	0.0004284359403	-0.00468979773	6.164841312e-05	0.0003044174252	0.0001818407325	0.0004876999802	0.0001634532176	0.0002408574695	0.000455527273	3.17636465e-05	0.0001690898573
P23434	GCSH	2	173	125	48	18884.3400	13813.2200	0.2685357285	0.05253911434	R	-0.01637606637	-0.0069456402	0.008958572975	0.04951445687	0.008338842992	0.00112389956	0.002610673548	0.01324300545	0.02213915111	-0.02124923082	-0.001766097274	0.01556207106	-0.02891167013	-0.001729759772	-0.05253911434	0.01165884537	-0.002225422252	-0.0142335179	-0.002417213224	0.01524421335
P23490	LORICRIN	2	312	312	0	25760.8650	25760.8650	0	0	A	0	0	0	0	0	0	0	0	0	0	0	0	0	0	0	0	0	0	0	0
P23497	SP100	2	879	878	1	100415.4200	100284.2250	0.001306522444	0.001258968341	M	4.334925175e-05	2.679718845e-05	7.653875071e-05	0.0001594510123	6.028338953e-05	3.65274254e-05	3.603056271e-05	4.641779081e-05	0.0001600489506	7.687946604e-05	-0.001258968341	6.574777329e-05	6.747833289e-05	5.817971292e-05	0.0001155844395	9.180967573e-05	5.005739574e-05	4.793403483e-05	1.580870452e-05	2.404448288e-05
P23508	MCC	2	829	829	0	93025.7800	93025.7800	0	0	A	0	0	0	0	0	0	0	0	0	0	0	0	0	0	0	0	0	0	0	0
P23526	AHCY	2	432	431	1	47715.5150	47584.3200	0.002749524971	0.002580649824	M	0.0001688839922	5.889171276e-05	0.0001682078748	0.0001930900609	8.83225011e-05	0.0001350091057	8.295439219e-05	0.0002040231354	0.0002060680135	0.0002422774732	-0.002580649824	0.0001284379843	8.953717913e-05	9.234372213e-05	0.0001439434782	7.151289313e-05	0.0001389603333	0.0001765220276	5.955859481e-05	0.0001321053496
P23527	H2BC17	2	126	125	1	13905.9650	13774.7700	0.009434440544	0.009062383786	M	0.0006680866156	0	0.0003071132167	0.0005092287855	0.0001905786336	0.0003031272055	0.0002684933259	0.0005296549294	0.001686584566	0.0004539899395	-0.009062383786	0.000228638983	0.000398474207	0.0002529011579	0.000803893649	0.0008486915687	0.0005497118914	0.0005406207864	0	0.000522594325
P23528	CFL1	2	166	165	1	18502.3150	18371.1200	0.007090734322	0.006802303519	M	0.0003773466201	0.0001579019194	0.0005203882173	0.0007190525771	0.0002691050889	0.0002201289076	5.054985719e-05	0.0003846317945	0.001190764361	0.0005983161247	-0.006802303519	0.0001291391647	0.0002250649717	9.522856758e-05	0.0002270263648	0.0004108760162	0.000271675752	0.0005343655867	6.653749169e-05	0.0003542041363
P23588	EIF4B	2	611	611	0	69150.1700	69150.1700	0	0	A	0	0	0	0	0	0	0	0	0	0	0	0	0	0	0	0	0	0	0	0
P23634	ATP2B4	1	1241	1241	0	137918.4100	137918.4100	0	0	A	0	0	0	0	0	0	0	0	0	0	0	0	0	0	0	0	0	0	0	0
P23786	CPT2	2	658	633	25	73775.8750	71128.6900	0.03588144498	0.006453293413	P	-0.001207704475	0.0004781450817	0.002217785659	0.002064472642	0.002824920817	-0.001445574314	0.001224566019	0.001380395958	0.002435898464	-0.002390027047	-0.0008923199146	0.001506259614	-0.006453293413	0.001922420002	-0.005694762929	0.001214759761	0.001932610468	-0.0009388632296	-0.001848132412	0.001668443247
P23919	DTYMK	2	212	211	1	23818.9450	23687.7500	0.005508010535	0.005343538174	M	0.0003854351148	7.147927813e-05	0.0003140934935	0.0004918693883	0.0002923653505	0.0001919152149	0.0001830638825	0.0001547695099	0.0004599782401	0.0006964627947	-0.005343538174	0.0001039269531	0.0001358436661	0.0002586492664	0.0005138531797	0.0002893270682	0.0001874020383	0.0003455677382	0.0001606415558	0.0001068944404
P23921	RRM1	2	792	792	0	90068.9550	90068.9550	0	0	A	0	0	0	0	0	0	0	0	0	0	0	0	0	0	0	0	0	0	0	0
P24043	LAMA2	2	3122	3100	22	343901.8150	341912.3950	0.005784848795	0.001822823516	L	-0.0003968493533	0.0002960561689	0.0003651374608	0.00044994419	0.0002575397907	-0.0008364746569	0.0001628084965	0.0003244484537	0.0004076222259	-0.001822823516	-0.0002722514054	0.0003228370835	1.08468731e-05	-0.0001045330078	0.000417825921	4.140880336e-05	0.0003446428235	-0.000311600222	8.265883536e-05	0.0002607550355
P24298	GPT	2	496	495	1	54636.1150	54504.9200	0.002401250528	0.002287008558	M	0.0001682435415	4.48640557e-05	9.857058127e-05	0.0001852334512	0.000128452427	0.0001056304862	5.170512065e-05	8.742714373e-05	8.661177026e-05	0.0002671384947	-0.002287008558	5.870689045e-05	0.0001406830292	0.0001623415261	0.0002386652233	9.728383157e-05	7.939560388e-05	0.0001778547286	7.562015067e-06	0.000100638638
P24310	COX7A1	2	79	58	21	9117.3900	6742.6950	0.2604577626	0.04275581063	R	-0.02239972494	0.004079902428	0.01344589831	0.00990881552	0.0009890116967	0.0126394138	0	0.0007853300094	0.01476826352	0.01040461184	-0.009155560424	0.005239983672	0.007753700338	-0.01301329819	-0.04275581063	-0.02933215418	0.0007131852613	0.004646261635	0.006876837849	0.02440533248
P24311	COX7B	2	80	56	24	9160.3750	6362.0650	0.3054798521	0.03703192242	Q	-0.0020413375	0.005029930894	0.01105123476	0.01221613953	-0.001892516229	0.01246605851	0.01288203662	-0.001502762599	0.004394205094	-0.02629026321	-0.02819656146	0.003971286525	0.003460598074	-0.03703192242	-0.02768284533	-0.006770737152	0.01841625243	0.007042631189	0.02543444587	0.01504412642
P24534	EEF1B2	2	225	224	1	24763.3800	24632.1850	0.00529794398	0.005100177724	M	0.0003383414416	6.573360656e-05	0.0006017623414	0.000532155031	0.0001493690776	0.0002036407166	5.611625981e-05	0.0002134931621	0.0005816306558	0.0004507077866	-0.005100177724	7.167979613e-05	0.0002082070574	0.0002114297186	0.0001575161531	0.0003420903622	0.0001292536681	0.0003813482342	0.0001107966089	0.0002949060459
P24539	ATP5PB	2	256	214	42	28908.2050	24625.2650	0.1481565528	0.01326955276	A	-0.01326955276	0.0006403378746	0.004220648949	0.01321904503	-0.003750218498	-0.002754784644	-0.005162239983	0.009705378558	0.01031621945	-0.009626884289	0.0002777428862	0.0009441933043	-0.004833303865	0.004405850009	-0.002113452697	-0.004967218852	-0.008556414577	-0.002223461226	0.001079314962	0.01244880038
P24593	IGFBP5	2	272	252	20	30569.9650	28572.5450	0.06533929627	0.01771851019	L	-0.01005844042	0.004382577033	0.002407234248	0.007982938579	0.001991740674	0.0005979088982	0.002494247558	0.001581552298	0.006169283805	-0.01771851019	-0.00181003182	0.001062004471	0.0009169741768	-0.00118544048	0.007701381195	0.0006258256303	-0.001205639996	-0.003783911729	0.0004103893298	-0.002562083268
P24666	ACP1	2	158	157	1	18042.2650	17911.0700	0.007271537138	0.006994843548	M	0.0003381153751	0.0003344202193	0.0005051426245	0.0005076267628	0.0003419623392	0.0001813041444	0.000160589191	0.000452561697	0.0005043835823	0.000452561697	-0.006994843548	0.0003646715036	0.0002383323695	0.0004537899654	0.0006010234628	0.0003988387559	0.0002876908176	0.0003637710035	7.045982295e-05	0.0004375982139
P24821	TNC	2	2201	2179	22	240850.9400	238643.3000	0.009166001179	0.0016283423	L	-0.001177396829	0.0004007423061	0.0005958728358	0.0003504099365	-0.0008191626314	-0.0003213870087	0.0002021562257	0.0004294685125	0.0004004997527	-0.0016283423	-0.0009592609902	0.000414922659	0.0004308015539	-0.0001548425853	0.0006809335712	0.0004880304567	-0.0001051764842	0.0001811602797	0.0001910411998	0.0003995295391
P24844	MYL9	1	172	171	1	19826.9450	19695.7500	0.006617005293	0.006129239913	M	0.0003059781627	3.467683821e-05	0.0006856946929	0.0007158637711	0.0006618994442	0.0002148555831	0.0001776200544	0.000300334161	0.0005857683864	0.0003754177012	-0.006129239913	0.0003403230008	0.0001977060606	0.0002091314434	0.0004487153099	0.0002105424438	0.0003750227356	0.0001341165928	0	0.0001555735304
P24928	POLR2A	2	1970	1970	0	217203.3350	217203.3350	0	0	A	0	0	0	0	0	0	0	0	0	0	0	0	0	0	0	0	0	0	0	0
P25205	MCM3	2	808	807	1	90979.4950	90848.3000	0.001442028228	0.001376030437	M	7.532379452e-05	1.788605786e-05	0.0001196783353	0.000130319034	5.09887389e-05	3.828359331e-05	3.33145878e-05	7.041370419e-05	0.0001196768591	0.0001179429545	-0.001376030437	3.546183806e-05	4.480734221e-05	7.844978829e-05	0.0001239043923	8.603078954e-05	7.513550751e-05	9.275919823e-05	0	6.565392137e-05
P25311	AZGP1	2	298	278	20	34258.2150	32144.4650	0.06170052935	0.01898948218	L	0.0004481160292	0.0008151893262	0.004029858426	0.005197084262	0.00250072244	0.0001250533017	0.001826791779	0.001985711983	0.004917981496	-0.01898948218	-0.006781272442	0.002444558748	-0.005427932971	0.004916299444	-0.0008818670283	0.0005285948312	0.001803293523	-0.007692644692	0.002748068079	0.005485875645
P25325	MPST	2	297	296	1	33177.9000	33046.7050	0.003954288849	0.003829332381	M	0.0002699475557	6.118690061e-05	0.0002419801526	0.0003120683434	0.0002168983715	0.0001895551596	0.0001723747506	0.0001457324914	0.000147654556	0.000344458616	-0.003829332381	4.00330801e-05	0.0002558234617	0.0001771248661	0.0004222683956	0.0002016713376	0.0001203133642	0.0002011501682	0.0001443861372	0.0001647046726
P25398	RPS12	2	132	131	1	14514.8150	14383.6200	0.009038695981	0.008684425749	M	0.0006593801639	0.0004483696299	0.0006332853602	0.0009333861763	8.732983442e-05	0.0003968672843	0.0002460661749	0.0004854130436	0.001236563811	0.0008321366461	-0.008684425749	0.0002793878013	0.0001217299333	0.0003090352201	0.0004604654385	0.0001666715715	0.0001259486637	0.0008670601213	0.0001079635498	0.0002873653254
P25685	DNAJB1	2	340	339	1	38043.7150	37912.5200	0.003448532826	0.003310793031	M	0.0001026387138	2.791717715e-05	0.0002351239529	0.000305109677	0.0002537492293	0.0002133335317	7.149801973e-05	0.0002216400209	0.0003143885209	0.0001813418353	-0.003310793031	0.0001217701369	0.0002299073395	8.979456958e-05	0.0003478663991	0.0001452863724	0.0001555337307	0.0001529615224	1.56851709e-05	0.0001252471111
P25686	DNAJB2	2	324	320	4	35579.5650	35108.9050	0.01322837983	0.005579346711	L	0.0007146749878	7.775509846e-05	0.0008114677636	0.001416322339	0.001060115939	0.0007949136801	0.0002987051054	-0.002915941962	0.0007505459124	-0.005579346711	-0.003460610193	0.0002119718473	0.0007388531269	0.0007502892102	0.00150921645	0.001247678615	0.0006497902962	0.000451089953	6.552965585e-05	0.0004069788875
P25705	ATP5F1A	2	553	510	43	59749.7600	55208.5350	0.07600407098	0.008392504552	R	-0.006332635352	0.0002870974561	0.004573157275	0.005403846609	-0.00200042578	0.002203880912	-0.003533219487	0.004023437281	0.005196117998	-0.001950812156	-0.0001963272516	-0.003652201565	0.0006669412605	0.004328617349	-0.008392504552	-0.003306069008	0.001960240967	-0.002713885308	0	0.003434743353
P25786	PSMA1	2	263	263	0	29555.1300	29555.1300	0	0	A	0	0	0	0	0	0	0	0	0	0	0	0	0	0	0	0	0	0	0	0
P25787	PSMA2	2	234	233	1	25898.2550	25767.0600	0.00506578532	0.004859032173	M	0.0003392367572	4.011763923e-05	0.0001542489455	0.0004384497717	0.0002187861612	0.0002485664557	0.0001027443335	0.0002605924763	0.0003388377662	0.0004343207938	-0.004859032173	0.0001531132282	0.0001906051421	0.0002661386174	0.0003172392716	0.0002435765842	0.0002563740979	0.0003685038267	6.761987688e-05	0.0004199604272
P25788	PSMA3	2	255	254	1	28432.9000	28301.7050	0.004614196934	0.004356113292	M	0.000294136302	6.66695745e-05	0.0003112686659	0.0004655190934	0.0002045194848	0.000196213301	0.0001067161654	0.0002526218909	0.0003619916881	0.0003247995741	-0.004356113292	0.0001635759691	7.918937884e-05	8.041508433e-05	0.0003115300397	0.0003035911548	0.000114707325	0.0003384309048	5.618711004e-05	0.0003240305849
P25789	PSMA4	2	261	261	0	29483.4300	29483.4300	0	0	A	0	0	0	0	0	0	0	0	0	0	0	0	0	0	0	0	0	0	0	0
P25815	S100P	2	95	95	0	10399.7800	10399.7800	0	0	A	0	0	0	0	0	0	0	0	0	0	0	0	0	0	0	0	0	0	0	0
P25940	COL5A3	2	1745	1716	29	172119.4000	169089.8450	0.01760147316	0.003850736722	L	-0.0009889569524	-0.0004789707666	0.0002171662723	0.00129673466	0.0006630863613	0.001308788657	0.0003113924843	0.0004349573014	0.00109709599	-0.003850736722	-0.0005898582707	-0.0003839482022	0.001762116864	-0.001197557947	-0.001336291305	0.0006327599646	0.0001008039054	0.0006849290809	0.0001425662641	0.0001739223603
P26038	MSN	2	577	576	1	67819.0100	67687.8150	0.0019344871	0.001842497603	M	0.0001067301887	5.924497201e-06	9.762511276e-05	0.0002841780727	7.269733603e-05	3.303704229e-05	3.413945059e-05	8.017459329e-05	0.0002216009378	0.0001699701378	-0.001842497603	6.783441719e-05	4.222231116e-05	0.0001607843799	0.0001746201053	5.395639497e-05	7.572168526e-05	6.874098849e-05	3.495091502e-05	5.75890369e-05
P26196	DDX6	2	483	483	0	54416.0500	54416.0500	0	0	A	0	0	0	0	0	0	0	0	0	0	0	0	0	0	0	0	0	0	0	0
P26232	CTNNA2	2	953	953	0	105311.4100	105311.4100	0	0	A	0	0	0	0	0	0	0	0	0	0	0	0	0	0	0	0	0	0	0	0
P26368	U2AF2	2	475	474	1	53500.3300	53369.1350	0.002452227865	0.002318107416	M	9.347612224e-05	2.82500018e-05	0.0001551698266	0.0001600911156	0.0001283871959	9.91866672e-05	5.426280677e-05	8.665455666e-05	0.0001590683082	0.0001784064402	-0.002318107416	9.755064173e-05	0.0001476421665	0.0001476557676	0.0002707797025	0.00012251538	0.0001110973989	0.000177547624	1.587216729e-05	8.449352634e-05
P26373	RPL13	2	211	211	0	24261.1400	24261.1400	0	0	A	0	0	0	0	0	0	0	0	0	0	0	0	0	0	0	0	0	0	0	0
P26440	IVD	2	426	394	32	46650.2050	43068.0250	0.076788087	0.01151642061	R	-0.00480940591	0.001665136387	0.003658462415	0.002682883859	0.0004897004939	0.002049964967	0.002606108557	0.0044066163	0.005357682149	-0.001048512482	-0.002533069291	0.004035028419	-0.002130316016	0.0008795481849	-0.01151642061	-0.0008212098843	-0.002204145261	-2.099214111e-05	-0.006897303095	0.004150242957
P26447	S100A4	2	101	100	1	11728.4100	11597.2150	0.01118608575	0.0105362531	M	0.0003671327709	0.0003994325426	0.0007678922498	0.001212621946	0.001225322622	0.000247485977	0.0001278721504	0.0001081082177	0.00144584954	0.001189190394	-0.0105362531	0.0005444559625	0.0003795532241	0.0003613387573	0.0005742914239	0.0006062944894	0.0002945304008	0.000386212631	0	0.0002986678045
P26583	HMGB2	2	209	209	0	24033.5300	24033.5300	0	0	A	0	0	0	0	0	0	0	0	0	0	0	0	0	0	0	0	0	0	0	0
P26599	PTBP1	2	557	557	0	59632.1400	59632.1400	0	0	A	0	0	0	0	0	0	0	0	0	0	0	0	0	0	0	0	0	0	0	0
P26639	TARS1	2	723	723	0	83434.0500	83434.0500	0	0	A	0	0	0	0	0	0	0	0	0	0	0	0	0	0	0	0	0	0	0	0
P26640	VARS1	2	1264	1263	1	140473.7950	140342.6000	0.0009339464346	0.0008990721075	M	6.19245904e-05	1.494150842e-05	4.551142031e-05	6.845289593e-05	3.889068048e-05	3.913468685e-05	2.261192969e-05	3.014608184e-05	4.670947869e-05	0.0001014672998	-0.0008990721075	2.073667375e-05	6.453584535e-05	4.915105588e-05	8.59297051e-05	4.064648373e-05	3.538938805e-05	6.172806241e-05	3.663200997e-05	3.453231077e-05
P26641	EEF1G	2	437	436	1	50118.0800	49986.8850	0.002617717997	0.002540593485	M	0.0001665518848	3.235801095e-05	0.000106640424	0.0002554095574	0.0002426436865	7.017089457e-05	4.834161135e-05	6.422417087e-05	0.0002082279133	0.0001985110736	-0.002540593485	8.821270235e-05	0.0001332395494	0.0001431077279	0.0001705855084	0.0001169425887	0.0001378571625	0.0001355772884	0.0001090814294	0.0001129103005
P26678	PLN	2	52	52	0	6108.4750	6108.4750	0	0	A	0	0	0	0	0	0	0	0	0	0	0	0	0	0	0	0	0	0	0	0
P26885	FKBP2	2	142	121	21	15649.0950	13300.2400	0.1500952611	0.01701102542	K	-0.006340340813	-0.004311346351	0.006453267104	0.0156937056	-0.002674453872	0.01237504875	0.004513408225	0.0004202125701	0.01701102542	-0.01231047279	-0.005309474984	0.001281150488	0.007814804646	0.00708550304	-0.007329849359	-0.01223758291	-0.006167328005	-0.01023398795	-0.009247240618	0.003513951815
P27105	STOM	2	288	288	0	31730.2550	31730.2550	0	0	A	0	0	0	0	0	0	0	0	0	0	0	0	0	0	0	0	0	0	0	0
P27144	AK4	2	223	223	0	25267.6300	25267.6300	0	0	A	0	0	0	0	0	0	0	0	0	0	0	0	0	0	0	0	0	0	0	0
P27169	PON1	2	355	354	1	39730.7800	39599.5850	0.003302099783	0.003183560102	M	0.0001129153086	2.559362964e-05	0.0001593229498	0.00026935556	0.0001861037385	0.0001268612596	0.0001310944747	0.0001754847903	0.0002058728247	0.0004248579134	-0.003183560102	0.0002139674755	0.0001621324188	8.232096478e-05	7.359541569e-05	0.0001775922442	0.0001593637892	0.0002227190773	5.751877456e-05	0.0002168874926
P27338	MAOB	2	520	519	1	58762.1950	58631.0000	0.002232642943	0.002118514484	M	9.763628123e-05	3.514836501e-05	8.580476473e-05	0.0001991837383	7.454442043e-05	0.0001016293294	6.501274238e-05	0.0001183847888	0.0001460772935	0.0002198574649	-0.002118514484	7.239704499e-05	0.000107619224	6.123726827e-05	0.0001740656989	6.774772897e-05	0.000134386636	0.0001510447511	7.240929361e-05	0.0001343276493
P27348	YWHAQ	2	245	245	0	27763.8500	27763.8500	0	0	A	0	0	0	0	0	0	0	0	0	0	0	0	0	0	0	0	0	0	0	0
P27361	MAPK3	2	379	378	1	43134.9100	43003.7150	0.00304150397	0.002906943644	M	0.0001389705922	4.361452192e-05	0.0001756796015	0.0002295066027	0.0001288391072	0.0001080931714	0.0001023917737	0.0002046107597	0.0001841864011	0.0003383947179	-0.002906943644	0.0001030463275	0.0001519608754	0.0001490522807	0.0002403790353	0.0001134891905	0.0001357872169	0.0001265130714	3.675700589e-05	0.0001956713906
P27482	CALML3	2	149	149	0	16890.5500	16890.5500	0	0	A	0	0	0	0	0	0	0	0	0	0	0	0	0	0	0	0	0	0	0	0
P27635	RPL10	2	214	213	1	24576.5950	24445.4000	0.005338208975	0.005084991543	M	0.0002648348715	0.0001800841454	0.0002472887066	0.0002733552773	0.0003376001772	0.0002371054654	0.0002306046151	0.0003411840984	0.0006247003219	0.000292443513	-0.005084991543	0.0001227339741	0.0002352921388	0.0001629095639	0.0007120279784	0.0001952484611	8.852601271e-05	0.0002611859232	7.58847478e-05	0.0002019815511
P27694	RPA1	2	616	616	0	68137.3850	68137.3850	0	0	A	0	0	0	0	0	0	0	0	0	0	0	0	0	0	0	0	0	0	0	0
P27695	APEX1	2	318	317	1	35554.0050	35422.8100	0.003690020294	0.003589673651	M	0.0002115461987	7.458814516e-05	0.0002224048015	0.0003105453133	0.0001307491172	0.0001650512916	8.186825488e-05	9.228625195e-05	0.0003728448654	0.0004268239153	-0.003589673651	0.0001278126245	0.0002126279255	0.0001285232223	0.0002604411322	0.0001848433753	0.0001152364505	0.0001545418314	0.0001257212859	0.0001912176487
P27797	CALR	2	417	400	17	48140.9000	46465.7450	0.03479691904	0.01729423227	L	-0.002374743829	0.0002412713561	0.004859213608	0.005273758527	0.00197370165	-0.001452901902	0.0007209000668	0.001654296555	0.004075606088	-0.01729423227	-0.002285766627	0.001403181317	-8.242484664e-05	0.001455075767	0.0009250461149	-0.0005635346238	0.001186045062	-0.002889412777	0.001491132386	0.001683788374
P27816	MAP4	2	1152	1151	1	121003.4050	120872.2100	0.001084225688	0.001020540266	M	8.014805378e-05	8.107378068e-06	6.135477908e-05	0.0001061088532	1.473817303e-05	3.572111788e-05	1.153534085e-05	4.096023698e-05	0.000122821603	7.704425527e-05	-0.001020540266	3.045151545e-05	0.0001052863979	3.911562334e-05	2.978891179e-05	8.907275703e-05	8.945089911e-05	6.61964252e-05	4.555102754e-06	8.0828427e-06
P27824	CANX	2	592	572	20	67567.4050	65394.6950	0.03215618537	0.006532999828	L	-0.001058152431	-0.001186150452	0.003816061914	0.0005190417636	0.001413761996	-0.0008916320911	0.0005975260497	6.848175215e-06	0.001509015234	-0.006532999828	-0.003176916905	0.001130735728	0.002561854158	0.0007504346925	0.001490873175	0.001079282631	-0.0003505977235	-0.001541823131	-0.001300185245	0.00116302229
P27986	PIK3R1	2	724	723	1	83597.1350	83465.9400	0.001569371965	0.001520381154	M	5.419132933e-05	1.163664443e-05	8.948383634e-05	0.0001577950178	5.024057522e-05	3.845330239e-05	3.725291727e-05	7.978759309e-05	0.0001287056477	0.0001595751862	-0.001520381154	8.036545551e-05	7.003084236e-05	8.655418593e-05	0.0001171155844	8.579239999e-05	7.055107861e-05	6.938430876e-05	2.615203614e-05	0.000107313213
P28065	PSMB9	2	219	199	20	23264.0100	21275.7800	0.08546377	0.006299426546	Y	-0.00239552051	0.000842473117	0.000658028172	0.001238916939	0.003445893055	-0.005301342736	-0.003548235452	0.004560382913	0.002033033096	-0.002351333298	-0.001856115683	0.001837364612	-0.005666251421	0.002540422196	-0.006150885204	0.005115124621	-0.005034335529	0.003022943587	0.000710010977	0.006299426546
P28066	PSMA5	2	241	241	0	26410.6700	26410.6700	0	0	A	0	0	0	0	0	0	0	0	0	0	0	0	0	0	0	0	0	0	0	0
P28070	PSMB4	2	264	219	45	29203.8450	24391.4700	0.1647856644	0.01563724853	P	-0.004263787855	0.000708798095	-5.63562977e-05	0.007715378295	-0.008802317354	-0.004047859834	0.002722928964	-5.553911022e-05	0.004276130468	0.0045208369	0.0008097159107	0.006183321513	-0.01563724853	0.002533861963	-0.00524295411	-0.005029537161	0.001343290802	0.01165076631	-0.002432649496	0.003103220524
P28072	PSMB6	2	239	205	34	25357.3700	21903.6000	0.136203794	0.01268259689	W	-0.01257595145	0.002598891637	0.003361460357	-0.006210355812	0.0006285594557	-0.001272799891	0.00249598488	0.009144222532	0.003135787127	0.0009982219723	0.001367896035	0.002125488381	-0.01059542761	0.007053107903	-0.001476766625	0.0007997495393	-0.00311170389	0.005471517545	-0.01268259689	0.0087447148
P28074	PSMB5	2	263	204	59	28479.9000	22458.0850	0.2114408758	0.0284544724	L	0.004054400248	0.002970119563	-6.35075014e-05	-0.006906350228	-0.004551959521	-0.01199084145	-0.0008698653453	0.006767426079	0.009556548451	-0.0284544724	-0.001673124179	0.002498048157	-0.01798443307	0.001568970178	0.005610673429	0.001936837855	0.009733703156	0.003773193985	-0.001144981636	0.02516961423
P28161	GSTM2	2	218	218	0	25744.2650	25744.2650	0	0	A	0	0	0	0	0	0	0	0	0	0	0	0	0	0	0	0	0	0	0	0
P28289	TMOD1	1	359	359	0	40568.6300	40568.6300	0	0	A	0	0	0	0	0	0	0	0	0	0	0	0	0	0	0	0	0	0	0	0
P28331	NDUFS1	2	727	704	23	79466.5100	76974.3950	0.03136056938	0.003327724252	R	0.001066211538	-0.0005875546235	0.002098472926	0.002216575312	0.001041763314	-0.0002809663899	0.0004892232525	0.0005587728022	-0.002843871098	-0.001356813205	-0.0004099185451	0.001249813267	-0.001156962139	0.001433639425	-0.003327724252	-0.0007983340598	0.0005491755675	-0.001458058387	0.0005008516549	0.00101570364
P28370	SMARCA1	2	1042	1042	0	121140.3450	121140.3450	0	0	A	0	0	0	0	0	0	0	0	0	0	0	0	0	0	0	0	0	0	0	0
P28482	MAPK1	2	360	359	1	41389.0550	41257.8600	0.003169799359	0.003039854714	M	0.0001455600876	5.54281834e-05	0.0002087673785	0.0002019267569	0.0001403461315	8.340434534e-05	0.0001318161045	0.0002400302019	0.0002197449194	0.0003686178101	-0.003039854714	0.0001640572799	0.0001504845247	0.0001146103106	0.0002163092504	0.000109889125	0.0001089898515	0.0001148436251	4.003988922e-05	0.0002249889384
P28827	PTPRM	2	1452	1432	20	163680.3550	161795.0650	0.01151812018	0.003351953703	L	-0.001439090172	-0.0004090461398	0.0005876117218	0.0008444170279	0.0005834264783	-0.001155807189	0.000371834542	0.000670091166	0.0005993015181	-0.003351953703	-0.0004849242682	0.0005999504958	0.0006389774501	0.0005990965446	-4.977114929e-05	0.0006561617976	-0.001086272767	0.0008127356931	0.0002704779846	0.0007427829679
P28838	LAP3	2	519	519	0	56165.6000	56165.6000	0	0	A	0	0	0	0	0	0	0	0	0	0	0	0	0	0	0	0	0	0	0	0
P28907	CD38	2	300	300	0	34328.0050	34328.0050	0	0	A	0	0	0	0	0	0	0	0	0	0	0	0	0	0	0	0	0	0	0	0
P29144	TPP2	2	1249	1248	1	138347.9900	138216.7950	0.0009482971166	0.000912238498	M	4.835260608e-05	1.818844983e-05	5.302616515e-05	7.135815209e-05	3.528974751e-05	3.814276409e-05	3.314488968e-05	5.452932087e-05	7.005817702e-05	8.482338802e-05	-0.000912238498	4.729588195e-05	4.520229562e-05	3.290764351e-05	4.626675667e-05	5.52161165e-05	5.089551091e-05	5.478862303e-05	2.358258136e-05	4.916942808e-05
P29218	IMPA1	2	277	277	0	30188.5000	30188.5000	0	0	A	0	0	0	0	0	0	0	0	0	0	0	0	0	0	0	0	0	0	0	0
P29279	CCN2	2	349	323	26	38091.3100	35492.1200	0.06823577346	0.0098691626	V	-0.00750528123	0.00497895168	0.004235014654	0.00418864368	-0.0006808216109	-0.0001159308695	0.001039285893	0.002196634395	0.005875599278	-0.00491678168	-0.003978536592	0.001991289187	-0.0001777956708	0.00171313033	-0.002019358668	-0.001570200041	0.00150389283	-0.0098691626	0.0006839927974	0.002427434237
P29317	EPHA2	2	976	953	23	108265.1150	105960.4000	0.02128769733	0.006079398963	A	-0.006079398963	-0.001415377315	0.001051308876	0.0006126493111	-0.0002399897083	0.0003916515879	0.0005174223005	0.0009900171907	0.0012316822	-0.00253508191	-0.0005048652573	0.0006493313301	0.001172077313	-0.000212313675	0.0002055681209	0.001309662832	0.001212697382	0.001583334882	-0.001085300046	0.001144923547
P29373	CRABP2	2	138	138	0	15692.8950	15692.8950	0	0	A	0	0	0	0	0	0	0	0	0	0	0	0	0	0	0	0	0	0	0	0
P29475	NOS1	1	1434	1434	0	160968.0450	160968.0450	0	0	A	0	0	0	0	0	0	0	0	0	0	0	0	0	0	0	0	0	0	0	0
P29508	SERPINB3	2	390	390	0	44564.0250	44564.0250	0	0	A	0	0	0	0	0	0	0	0	0	0	0	0	0	0	0	0	0	0	0	0
P29536	LMOD1	1	600	600	0	67029.3650	67029.3650	0	0	A	0	0	0	0	0	0	0	0	0	0	0	0	0	0	0	0	0	0	0	0
P29590	PML	2	882	882	0	97548.9250	97548.9250	0	0	A	0	0	0	0	0	0	0	0	0	0	0	0	0	0	0	0	0	0	0	0
P29692	EEF1D	2	281	280	1	31121.3300	30990.1350	0.00421559747	0.004074474747	M	0.0002959584314	2.775830992e-05	0.0003354320036	0.000488768257	0.0001324602448	0.0001461904818	8.88639358e-05	0.0002103615268	0.0003349279736	0.0003455939369	-0.004074474747	0.0001210771841	0.0001582608561	0.0002845914081	0.0003192801313	0.0002407659945	0.0001091637464	0.0002818158062	7.018160349e-05	8.302291474e-05
P29728	OAS2	2	719	718	1	82429.4100	82298.2150	0.001591604259	0.001554825939	M	4.538350873e-05	3.384664316e-05	7.873865154e-05	0.0001160512677	0.0001112948393	4.687674299e-05	2.804476994e-05	7.975238128e-05	0.0001465395717	0.0001767485207	-0.001554825939	7.81589079e-05	7.945938726e-05	9.605865712e-05	8.873955799e-05	8.634532192e-05	7.438334388e-05	7.700336446e-05	6.376161218e-05	4.763888897e-05
P29992	GNA11	2	359	359	0	42122.7300	42122.7300	0	0	A	0	0	0	0	0	0	0	0	0	0	0	0	0	0	0	0	0	0	0	0
P30038	ALDH4A1	2	563	539	24	61718.5600	59033.3500	0.04350733394	0.007558995081	L	-0.001978868167	0.0006120172512	0.00243719605	0.002786999572	0.002920493183	-5.162340009e-05	0.001273531069	0.002236210565	0.003323032426	-0.007558995081	-0.001417396882	0.001334759314	-0.002481335867	0.002030047483	-0.007279096019	0.00119143995	0.0002975056849	0.003032777587	-0.004653595984	0.001944901264
P30040	ERP29	2	261	229	32	28993.0300	25852.2800	0.1083277602	0.02297297352	L	-0.01062090496	0.0004463841276	0.007355611677	0.01084128371	-0.003724258654	-0.003938105627	-0.004035399491	0.004349371526	0.01454222665	-0.02297297352	-0.001681992353	0.002920581261	-0.009857130423	0.006461001295	-0.0006801020749	-0.004328285242	0.003510946007	0.002563901306	0.00150479641	0.007343048373
P30041	PRDX6	2	224	223	1	25034.6550	24903.4600	0.00524053557	0.00505642022	M	0.0002532975966	4.305973847e-05	0.0003784253015	0.0004183149106	0.000352246857	0.0001867568667	8.270945556e-05	0.0002797034943	0.0004675976272	0.0005827156132	-0.00505642022	0.0001643420623	0.000388708675	5.193752212e-05	0.0003714595465	0.0001680683858	0.0002963431193	0.0003330768149	0.0001088683533	0.0001287882802
P30043	BLVRB	2	206	205	1	22119.0450	21987.8500	0.005931313942	0.005612568649	M	0.0004013537348	5.458302672e-05	0.0004497153056	0.0001657065187	0.0001116280561	0.0002874641502	0.0003145304117	0.0002068239902	0.000296366103	0.0005318331176	-0.005612568649	5.952054713e-05	0.0003111989369	0.0002962647397	0.0004316275825	0.0002603888786	0.0004829759928	0.0006597063367	4.600093148e-05	0.0002448802892
P30044	PRDX5	2	214	162	52	22086.1950	17030.5850	0.2289036206	0.03158120214	A	-0.03158120214	-0.0004581684244	0.01234943903	0.005712844639	0.0108704695	-0.01241597782	0.003598826945	0.004067866427	0.02204145229	0.01068230334	-0.00229476191	0.009193883648	0.01201739128	0.001142285752	-0.030217034	-0.01579144793	0.009670789107	0.01089922738	-0.005509305507	-0.01397888162
P30046	DDT	2	118	117	1	12711.5650	12580.3700	0.01032091643	0.009863796979	M	0.0007948928586	0.0001663127499	0.0003654048697	0.0007068635037	0.0007936300018	0.0004637086629	0.0002129698179	0.0006301861332	0.0004013413817	0.001350398857	-0.009863796979	0.0003627144356	0.000553124415	0.000300903086	0.000836917164	0.0006491427119	0.0005722937576	0.000562829195	0.0001401633781	0
P30048	PRDX3	2	256	195	61	27692.2550	21539.2500	0.22219227	0.02354688261	S	-0.02192190879	-0.007996844381	0.01433058647	0.01320097162	0.01415133748	-0.0005444276573	0.0001334329913	0.001289708539	0.01121200063	-0.006078110797	-0.003282736739	0.007762060636	0.005263929675	0.00202966393	-0.01916268146	-0.02354688261	-0.004070237599	0.01013664514	-0.002660672976	0.009754165897
P30049	ATP5F1D	2	168	146	22	17489.6550	15019.6750	0.1412251986	0.0369655213	R	0.003104807745	0	0.006333440625	0.01283524958	0.007860413651	-0.001966354892	-0.005108082205	0.005201336131	0.004637544127	-0.01743181356	-0.004912516569	0.00628680823	-0.005754848606	0.008112926485	-0.0369655213	0.00750091595	0.009447025385	0.008221039384	0	-0.007402370156
P30050	RPL12	2	165	165	0	17818.3400	17818.3400	0	0	A	0	0	0	0	0	0	0	0	0	0	0	0	0	0	0	0	0	0	0	0
P30084	ECHS1	2	290	263	27	31387.0050	28342.2600	0.09700654777	0.02024313967	R	0.00179701049	-0.00450022586	0.005050145677	0.008588428983	0.0012713785	0.002768806353	0.000905658096	0.006508275642	0.01024026996	-0.006298493578	-0.0005935799482	0.004241737106	-0.01371485733	0.005118383789	-0.02024313967	0.0008088211551	0.004867379612	-0.004475403286	-0.004984749581	0.00264415389
P30085	CMPK1	2	196	196	0	22222.1050	22222.1050	0	0	A	0	0	0	0	0	0	0	0	0	0	0	0	0	0	0	0	0	0	0	0
P30086	PEBP1	2	187	186	1	21056.4900	20925.2950	0.006230620583	0.00607573715	M	0.0001796144397	6.106769985e-05	0.0005031432104	0.0003337075607	0.0001248898977	0.000283778819	0.0002345985548	9.916948898e-05	0.0005526258898	0.0006280734302	-0.00607573715	0.0001331836333	0.0004352132067	0.0002578038775	0.0003951053971	0.0003972601051	0.0002701776975	0.0004723724686	0.0002573300938	0.0004566216794
P30101	PDIA3	2	505	481	24	56781.7000	54264.6000	0.04432942304	0.01076664095	L	-0.008475087447	0.0006037229274	0.003221345724	0.004503498839	0.0007843212198	0.0004633071105	0.000993973152	0.002240918824	0.004995043423	-0.01076664095	-0.001522027913	0.002633340151	0.0002188215835	0.0009362503154	-0.00822377876	0.002169400593	0.001780673699	0.0005562275616	0.0004361138621	0.002450576082
P30153	PPP2R1A	2	589	588	1	65307.5800	65176.3850	0.002008878602	0.001915526664	M	0.0001317856796	4.402016908e-05	0.0001243497631	0.0001794582791	7.716505397e-05	3.896375623e-05	4.42903254e-05	0.0001055262775	0.0001214037357	0.0002757299509	-0.001915526664	7.200327756e-05	7.768304823e-05	7.964395233e-05	0.0001220608306	0.0001063629576	8.346662536e-05	0.0001580920542	2.649919507e-05	4.702173299e-05
P30405	PPIF	2	207	178	29	22040.0500	18897.2450	0.1425951847	0.02821056474	R	-0.009819612039	-0.0008009416823	0.008577661656	0.005689097037	0.0117102804	0.005780548799	0.004999339616	0.005917297638	0.01507399979	-0.02720300317	-0.002909544233	0.007663054787	-0.007476945551	0.002825408282	-0.02821056474	0.0006248927063	0.008444388896	0.002226013765	-0.006614421964	0.003503049997
P30419	NMT1	2	496	496	0	56805.4850	56805.4850	0	0	A	0	0	0	0	0	0	0	0	0	0	0	0	0	0	0	0	0	0	0	0
P30519	HMOX2	2	316	315	1	36032.4050	35901.2100	0.003641028125	0.003423426591	M	0.0002684298602	3.129063246e-05	0.0001604131301	0.0004559713523	0.0002417500077	0.00012278741	8.013769603e-05	6.775160547e-05	0.0003272086952	0.0003613418958	-0.003423426591	0.0001592320266	9.911110693e-05	0.000201290328	0.000209947162	0.0001085616562	0.000143564328	0.0001311050641	3.516107054e-05	0.000218371563
P30533	LRPAP1	2	357	323	34	41465.2600	37770.8000	0.08909771698	0.01306159722	E	-0.004316159742	0	0.00522105482	0.01306159722	-0.004854105148	-0.003636930203	0.002525197205	0.002978885431	0.006906626531	-0.01274119427	-0.002808371271	0.003000460038	-0.007716955091	0.003620569978	-0.004843043718	0.0006003228907	0.002459298707	0.0004555389541	-0.002157253379	0.002244461045
P30566	ADSL	2	484	483	1	54888.4150	54757.2200	0.002390212944	0.002263668961	M	0.0001285105371	5.825695615e-05	0.0001427648278	0.0001795809842	0.0001221965435	6.663813441e-05	7.460025376e-05	0.0001261400617	0.0001405840941	0.0002668347459	-0.002263668961	5.864013799e-05	7.664894513e-05	0.0001459412426	0.0002190646189	0.0001166078584	0.0001145521396	0.0001213236582	3.776708353e-05	6.701613813e-05
P30622	CLIP1	2	1438	1438	0	162243.8850	162243.8850	0	0	A	0	0	0	0	0	0	0	0	0	0	0	0	0	0	0	0	0	0	0	0
P30626	SRI	1	198	198	0	21676.1250	21676.1250	0	0	A	0	0	0	0	0	0	0	0	0	0	0	0	0	0	0	0	0	0	0	0
P30711	GSTT1	2	240	239	1	27334.5450	27203.3500	0.00479960431	0.004626468285	M	0.0003201949832	5.443206893e-05	0.0002989810323	0.0002864302683	0.0002721139213	0.0001011773378	0.0001394046797	0.0001964304633	0.0003502772821	0.000707149668	-0.004626468285	5.935593386e-05	0.0002758562384	0.0002845029526	0.0003130427999	9.442499379e-05	0.0002140623325	0.0003157832721	0.0001529123627	0.0001899356938
P30740	SERPINB1	2	379	379	0	42741.2100	42741.2100	0	0	A	0	0	0	0	0	0	0	0	0	0	0	0	0	0	0	0	0	0	0	0
P30837	ALDH1B1	2	517	500	17	57248.6400	55323.3150	0.03363092992	0.007256735815	L	-0.0005406807851	0.0005054205676	0.001735088869	0.002838615818	-0.0001567169465	0.0006333804539	0.0007281115978	0.001504737897	0.002363105002	-0.007256735815	-0.001619831464	0.001377850887	-0.0002292912482	-0.0004434565604	-0.005491703171	-0.0005928820323	1.121766542e-05	0.002565637193	0.0007454181642	0.001322713908
P30876	POLR2B	2	1174	1174	0	133894.7450	133894.7450	0	0	A	0	0	0	0	0	0	0	0	0	0	0	0	0	0	0	0	0	0	0	0
P31025	LCN1	2	176	158	18	19249.7650	17445.5050	0.09372893643	0.0259101424	L	-0.01173202504	0.001703450422	0.005613962972	0.01172193032	0.002322490717	0.001574440077	0.004362666442	-0.001552077867	0.001010676966	-0.0259101424	-0.003863357105	0.002476723559	-0.001362283486	-0.004468754097	0.005714722805	0.0002340295622	0.006140819735	0.0008099104359	0.0009570778179	0.00424573817
P31040	SDHA	2	664	622	42	72690.6350	68082.3050	0.06339647466	0.007056053568	R	-0.0002922194591	0.001743988587	0.001939755916	0.004706229426	-0.001261649133	-0.0005929405132	0.0007722761553	0.002937003192	-0.0002982071165	-0.003949494397	-9.252421999e-05	0.0004463364834	0.000941337144	0.0009611560121	-0.007056053568	-0.0006997221816	-0.002200600851	-3.056888225e-05	-0.00159641666	0.003622314066
P31150	GDI1	2	447	447	0	50582.1800	50582.1800	0	0	A	0	0	0	0	0	0	0	0	0	0	0	0	0	0	0	0	0	0	0	0
P31151	S100A7	2	101	100	1	11470.8300	11339.6350	0.01143727176	0.01073089077	M	0.0004579244877	0.0002075883224	0.001140228034	0.0007562513175	0.0008490801002	0.0003858613906	0.0003987371437	0.0006742165793	0.001502839395	0.0007865860092	-0.01073089077	0.0005659163329	0.0002958853197	0.0003755813483	0.0004476958455	0.0008102472401	0.00051023277	0.0001003589137	0	0.0004656602196
P31153	MAT2A	2	395	395	0	43660.0800	43660.0800	0	0	A	0	0	0	0	0	0	0	0	0	0	0	0	0	0	0	0	0	0	0	0
P31323	PRKAR2B	2	418	418	0	46301.5150	46301.5150	0	0	A	0	0	0	0	0	0	0	0	0	0	0	0	0	0	0	0	0	0	0	0
P31327	CPS1	2	1500	1462	38	164937.4150	160547.1950	0.02661749003	0.002323975697	R	0.0004960682629	0.0003428504132	0.001412390331	0.002019242071	-0.002086913771	-2.621242272e-05	-0.0001936712785	0.0004334360253	-0.0009781537852	0.0003253750052	4.596695746e-05	0.0006575781281	0.0005404380139	0.0002311128971	-0.002323975697	0.0009393736153	-0.002291046311	0.0001414211261	-0.0006594461869	0.0009741666069
P31415	CASQ1	1	396	362	34	45159.4550	41688.2750	0.07686496659	0.01335588508	E	-0.001646771318	0	0.007594367305	0.01335588508	0.005891011162	-0.005476604177	0.001257491899	0.004252535285	0.002653870407	-0.01326963789	-0.004015527231	0.002570000588	-0.003434485264	-0.001137327775	-0.008302787141	-0.001635716106	-0.002240279147	-0.00159574139	0.001655204612	0.0035245111
P31431	SDC4	1	198	180	18	21641.2850	19765.9650	0.08665474347	0.01590871797	F	-0.01177818459	0	0.007582763237	0.01173488157	-0.01590871797	-0.001683475302	0.001178528141	0.005978248258	0.006107571117	-0.01235951688	-0.003656510728	0.002508977408	0.001114049854	0.002220175346	-0.002945677708	0.006386156483	0.002262105577	-0.002182197427	0	0.003440823619
P31689	DNAJA1	2	397	394	3	44867.7700	44551.4650	0.007049715196	0.002366813319	Q	0.0001597546362	0.0002172620015	0.0004773452031	0.0007509034821	0.0002962158306	0.000445262408	0.0002568113331	0.0004523303061	0.0007259410012	0.0004885167306	0.000246979175	0.0002551395351	0.0002858526146	-0.002366813319	0.0006007161647	-0.001861441149	-0.002093521063	0.0003878240112	0	0.0002749210978
P31749	AKT1	2	480	480	0	55685.7350	55685.7350	0	0	A	0	0	0	0	0	0	0	0	0	0	0	0	0	0	0	0	0	0	0	0
P31751	AKT2	2	481	481	0	55768.0600	55768.0600	0	0	A	0	0	0	0	0	0	0	0	0	0	0	0	0	0	0	0	0	0	0	0
P31930	UQCRC1	2	480	446	34	52645.0250	49127.8750	0.06680878203	0.01192145294	R	-0.008252249832	-0.0004054814291	0.003610502507	0.005379286659	0.002922380569	0.001696595298	0.002378794313	0.003094042491	0.002586251077	-0.00420603514	-0.0008513123294	0.002337338343	-0.001177955691	0.001062138898	-0.01192145294	-0.00142693175	-0.0003758374808	-0.00131435087	0.001445144524	0.003419132783
P31937	HIBADH	2	336	300	36	35328.4650	31537.0850	0.1073179941	0.0222301997	R	-0.008942969629	-0.0008158354729	0.005803949166	0.005988024328	0.001288774656	0.00175703699	0.0009020613204	0.006482428353	0.008499667704	-0.005941468204	0.003332915907	0.005377134332	0.001567598051	0.003398704257	-0.0222301997	-0.00760629963	0.00450175984	0.001146830481	-0.004343524094	-0.000166588657
P31939	ATIC	2	592	592	0	64614.9650	64614.9650	0	0	A	0	0	0	0	0	0	0	0	0	0	0	0	0	0	0	0	0	0	0	0
P31942	HNRNPH3	2	346	346	0	36926.2550	36926.2550	0	0	A	0	0	0	0	0	0	0	0	0	0	0	0	0	0	0	0	0	0	0	0
P31943	HNRNPH1	2	449	449	0	49228.9800	49228.9800	0	0	A	0	0	0	0	0	0	0	0	0	0	0	0	0	0	0	0	0	0	0	0
P31944	CASP14	2	242	242	0	27679.1650	27679.1650	0	0	A	0	0	0	0	0	0	0	0	0	0	0	0	0	0	0	0	0	0	0	0
P31946	YWHAB	2	246	246	0	28081.9950	28081.9950	0	0	A	0	0	0	0	0	0	0	0	0	0	0	0	0	0	0	0	0	0	0	0
P31948	STIP1	2	543	543	0	62638.4300	62638.4300	0	0	A	0	0	0	0	0	0	0	0	0	0	0	0	0	0	0	0	0	0	0	0
P31949	S100A11	2	105	105	0	11740.3000	11740.3000	0	0	A	0	0	0	0	0	0	0	0	0	0	0	0	0	0	0	0	0	0	0	0
P32119	PRDX2	2	198	197	1	21891.6650	21760.4700	0.005992920136	0.005865030019	M	0.0002892372288	8.429032273e-05	0.0004938502016	0.000375310848	0.000459686973	0.0003133546316	0.0001079369724	0.0003041807426	0.0004746165729	0.0005171072625	-0.005865030019	0.0002144686422	0.0002936827155	0.0001355583555	0.0004039664966	0.0002437017172	0.0002762370211	0.0004890035313	9.471646148e-05	0.0002941233219
P32121	ARRB2	2	409	409	0	46105.1900	46105.1900	0	0	A	0	0	0	0	0	0	0	0	0	0	0	0	0	0	0	0	0	0	0	0
P32322	PYCR1	2	319	318	1	33360.1000	33228.9050	0.003932692048	0.003700184374	M	0.0003668013359	4.750856529e-05	0.0002087616388	0.0002163441486	0.0001457400526	0.0002060521292	0.0001673004559	0.0002185929239	0.0002436235385	0.0004629026624	-0.003700184374	5.180613772e-05	0.0001805764649	0.0001432589496	0.0002390720721	0.0002575455558	0.0002101889348	0.0002985852159	0	3.552359254e-05
P32418	SLC8A1	1	973	938	35	108545.6600	104542.9550	0.03687577191	0.003874708218	E	0.001046166861	0.0005501347011	0.0009183289218	0.003874708218	-0.001031125029	0.001017876726	-0.002847037365	0.001857949998	0.00216836437	-0.00334488645	-0.002828370032	0.0001516949508	6.248702548e-05	0.0009732183751	-0.0007600646818	-0.002418762122	0.000598060902	-0.0007740587412	0.0007418191394	4.349423277e-05
P32455	GBP1	2	592	589	3	67929.7250	67628.3900	0.00443598145	0.001464553296	I	0.0001802902657	6.304883259e-05	0.0002385695574	0.0004848990868	0.0002196781511	0.0001085129824	8.97071492e-05	-0.001464553296	0.000456443158	0.0005005572196	0.0001552907942	0.0001527825788	0.00013313547	0.0003886889643	0.0002719488273	-0.001094370656	-0.001316236401	0.0002167542126	4.72316958e-05	0.0001676214075
P32456	GBP2	2	591	588	3	67208.0600	66867.6450	0.005065091895	0.001489895231	N	0.0002273693213	7.135757352e-05	0.0002961387726	0.0005488003633	0.0002486279154	0.0001326381573	9.137609386e-05	-0.001444847574	0.000554860692	-0.001118668261	0.0001659912331	-0.001489895231	0.0001808164948	0.0003347152093	0.0002393898568	0.0002750804226	0.0001870829571	0.0002529848606	8.018401928e-05	0.0001659971227
P32856	STX2	2	288	288	0	33340.5650	33340.5650	0	0	A	0	0	0	0	0	0	0	0	0	0	0	0	0	0	0	0	0	0	0	0
P33121	ACSL1	2	698	698	0	77942.4250	77942.4250	0	0	A	0	0	0	0	0	0	0	0	0	0	0	0	0	0	0	0	0	0	0	0
P33176	KIF5B	2	963	962	1	109683.3800	109552.1850	0.0011961247	0.001145739068	M	5.77475457e-05	1.45850912e-05	6.778713472e-05	0.0001457778514	2.753358679e-05	2.711050173e-05	2.873348529e-05	5.587260013e-05	0.0001326631405	0.0001032428481	-0.001145739068	6.239435124e-05	1.918967158e-05	9.066724885e-05	8.549299912e-05	6.033365197e-05	5.735807409e-05	6.834226603e-05	5.673173412e-06	3.523384601e-05
P33240	CSTF2	2	577	577	0	60958.6900	60958.6900	0	0	A	0	0	0	0	0	0	0	0	0	0	0	0	0	0	0	0	0	0	0	0
P33316	DUT	2	252	183	69	26562.8950	19345.6100	0.2717055125	0.02528899204	R	-0.004010176658	-0.008778123754	0.01441070788	0.01827641139	0.008596425011	0.002354026055	-0.006249514308	0.01155995283	0.01934528361	-0.02377614929	-0.006010248339	0.0005178731889	-0.01162490472	-0.01177317462	-0.02528899204	-0.006378071805	0.003799855109	0.01314299987	0.002456761635	0.009429058949
P33778	H2BC3	2	126	125	1	13950.0150	13818.8200	0.009404649386	0.009038215899	M	0.0006133309881	0	0.0002290783324	0.0005908591668	0.0001895389418	0.0003014735108	0.0002670285745	0.000602017628	0.001677383492	0.000451513221	-0.009038215899	0.0002273916549	0.0003963003517	0.0002515214688	0.000799508049	0.0009043516885	0.0005467129667	0.0004704625256	0	0.0005197433389
P33897	ABCD1	2	745	745	0	82935.5700	82935.5700	0	0	A	0	0	0	0	0	0	0	0	0	0	0	0	0	0	0	0	0	0	0	0
P34896	SHMT1	2	483	482	1	53081.9300	52950.7350	0.002471556705	0.002363112794	M	0.0001536890217	4.750293848e-05	0.0001200237253	0.0001730548202	0.0001101016647	0.0001206733817	9.732691851e-05	0.0001131405824	0.0001719491889	0.0002622804411	-0.002363112794	0.0001036000038	9.930529279e-05	9.740454794e-05	0.000163915719	0.0001236072253	0.0001167578002	0.0001377922394	1.601361851e-05	0.0001349736638
P34897	SHMT2	2	504	475	29	55992.0950	52559.0500	0.06131302999	0.004296859846	R	-0.001044933915	-0.001018435213	0.003841276	0.004099762756	-0.001955112011	0.001535509569	-0.0006865395172	0.0005944060495	0.003200661946	-0.001277414752	-0.003250880787	0.002235202867	0.00086544316	-0.004121533795	-0.004296859846	-0.0003025498919	0.002845085917	0.001346966699	-0.002529551625	-8.050360965e-05
P34913	EPHX2	2	555	555	0	62614.9200	62614.9200	0	0	A	0	0	0	0	0	0	0	0	0	0	0	0	0	0	0	0	0	0	0	0
P34932	HSPA4	2	840	840	0	94329.8250	94329.8250	0	0	A	0	0	0	0	0	0	0	0	0	0	0	0	0	0	0	0	0	0	0	0
P34949	MPI	2	423	422	1	46655.1700	46523.9750	0.002812014188	0.002666615562	M	0.0001584788626	6.157913824e-05	0.0001352952014	0.0001869457455	0.0001595187348	8.012352597e-05	7.885443461e-05	0.0001333333701	0.0001857513664	0.0003533334309	-0.002666615562	9.400932686e-05	0.0001755432367	0.0001782603221	9.739018215e-05	0.0001709171776	0.0001392473257	0.0001548067821	3.113822617e-05	9.208917182e-05
P35030	PRSS3	2	304	224	80	32528.4850	24279.2550	0.2536001907	0.03486467077	R	-0.0160958805	-0.001835270513	-0.01603144157	0.001644513115	0.003097482143	-0.01475411453	0.002909221832	0.01773777864	0.00426985904	-0.001797826833	-0.001237615472	0.0166751617	-0.009798329589	0.006692701657	-0.03486467077	0.01800066072	0.006615016452	0.005618353145	-0.00154671073	0.01470111205
P35052	GPC1	2	558	535	23	61679.2750	59208.3200	0.04006134962	0.006196390369	A	-0.006196390369	-0.00217498468	0.002567521167	0.0007865298987	0.001544990357	-0.000426080967	0.0008162370925	0.0009967813603	0.001709108756	-0.002255739585	-0.001208428751	0.001467385432	0.002086278276	0.002306507677	-0.002806854945	0.002457216487	0.001740791393	0.0002838618808	-0.004859792238	0.001165061759
P35080	PFN2	2	140	139	1	15046.1450	14914.9500	0.008719509216	0.008137373805	M	0.0005223367912	0.0003551819824	0.0006503070576	0.0003594277888	0.000403547043	0.0007335619957	7.580401201e-05	0.0004486141527	0.0006428365881	0.0004486141527	-0.008137373805	0.0002582075686	0.0001125016552	0.0002856074332	0.0005106693738	0.0003594180171	0.0004074019811	0.0007440910093	0.0001995577871	0.0006196874157
P35221	CTNNA1	2	906	905	1	100069.7450	99938.5500	0.001311035618	0.001237723061	M	0.0001061453543	1.603942472e-05	9.39736956e-05	0.000110371876	3.280231804e-05	3.147011205e-05	2.053909495e-05	6.51171387e-05	0.0001193431956	0.0001244460873	-0.001237723061	5.83011113e-05	3.048232036e-05	8.705849188e-05	9.416564975e-05	7.071955248e-05	4.599398146e-05	9.175905207e-05	9.011696147e-06	2.998290859e-05
P35222	CTNNB1	1	781	780	1	85495.2200	85364.0250	0.001534530235	0.001433639803	M	0.0001061328372	2.009766829e-05	8.429873739e-05	0.0001064967112	3.238327959e-05	6.339400166e-05	6.3169766e-05	6.527429388e-05	5.731716985e-05	0.0001859328371	-0.001433639803	6.176237428e-05	6.076454819e-05	0.0001079838748	0.000102448707	6.655863496e-05	8.622230845e-05	9.539591475e-05	2.155708509e-05	4.644905368e-05
P35232	PHB1	2	272	271	1	29803.5950	29672.4000	0.004401985734	0.004301777738	M	0.0003440019671	1.509140026e-05	0.0002486792723	0.000366523229	0.000267483735	0.0001589591788	5.797534049e-05	0.0003431026612	0.0002185089275	0.0004411319929	-0.004301777738	0.0001151958618	0.0001290628608	0.0002730427412	0.0004122607841	0.0002225259105	0.0002077222383	0.000364798106	2.543715551e-05	9.027437484e-05
P35237	SERPINB6	2	376	376	0	42621.4250	42621.4250	0	0	A	0	0	0	0	0	0	0	0	0	0	0	0	0	0	0	0	0	0	0	0
P35241	RDX	2	583	583	0	68562.9000	68562.9000	0	0	A	0	0	0	0	0	0	0	0	0	0	0	0	0	0	0	0	0	0	0	0
P35244	RPA3	2	121	120	1	13568.5800	13437.3850	0.009669029478	0.009031288461	M	0.0002711799733	0.0001475189833	0.0007292546638	0.0008061250089	0.0007039477798	0.0004570093297	0.0003778073665	0.0008783869077	0.0006229803615	0.0007985335525	-0.009031288461	0.0002412950818	0.00049061994	0.0003558670225	0.0004241962182	0.0003198821797	0.000362587927	0.0007131829357	0	0.0003309132295
P35268	RPL22	2	128	127	1	14786.8650	14655.6700	0.008872401283	0.008661587548	M	0.0002299847209	6.255460498e-05	0.0004810343798	0.0009875170634	0.0004264359193	0.000310067626	8.010355697e-05	0.0003386137147	0.001434073096	0.0007449501724	-0.008661587548	0.000477492579	0.0001783239932	0.0003772585825	0.000539634146	0.000325546225	0.0003690081485	0.0007258110241	0.0001054382753	0.0004677397192
P35269	GTF2F1	2	517	516	1	58239.7300	58108.5350	0.002252671844	0.002160436851	M	0.0001022331291	3.972408616e-06	0.0001440080089	0.0003135517594	8.123995286e-05	8.368352841e-05	2.543410353e-05	4.300601173e-05	0.0002923762904	0.000124717434	-0.002160436851	8.230321805e-05	0.0001132411862	0.0001054111216	0.000211321909	0.0001791675628	0.0001015436297	7.29777626e-05	2.678261101e-05	5.346522329e-05
P35270	SPR	2	261	261	0	28048.0400	28048.0400	0	0	A	0	0	0	0	0	0	0	0	0	0	0	0	0	0	0	0	0	0	0	0
P35321	SPRR1A	2	89	89	0	9877.3800	9877.3800	0	0	A	0	0	0	0	0	0	0	0	0	0	0	0	0	0	0	0	0	0	0	0
P35443	THBS4	2	961	935	26	105868.0700	103145.8100	0.02571370197	0.005585721641	L	-0.004274733417	0.001229641896	0.003161493331	0.001207275427	0.001391136961	7.777453897e-05	-0.0008911939742	0.001076315624	0.001104859972	-0.005585721641	-0.0009537327881	0.001683224741	0.0004822675585	-0.0005743975441	-0.001023227989	0.001248089159	0.001260382296	-0.0002580799073	-0.001261252152	0.0008998779088
P35498	SCN1A	1	2009	2009	0	228968.7300	228968.7300	0	0	A	0	0	0	0	0	0	0	0	0	0	0	0	0	0	0	0	0	0	0	0
P35499	SCN4A	2	1836	1836	0	208058.4250	208058.4250	0	0	A	0	0	0	0	0	0	0	0	0	0	0	0	0	0	0	0	0	0	0	0
P35520	CBS	2	551	551	0	60585.7000	60585.7000	0	0	A	0	0	0	0	0	0	0	0	0	0	0	0	0	0	0	0	0	0	0	0
P35555	FBN1	2	2871	2827	44	312296.6600	307513.2400	0.01531691053	0.001940774202	R	-0.0013743872	0.001869380857	0.0006127885413	3.24705561e-05	0.000132174958	0.0001472201547	-0.000114576678	0.0004693549274	-0.0001221979006	-0.001405312362	-8.468129512e-05	0.0003243640695	0.0008611085031	0.0006245977672	-0.001940774202	-0.0001025697562	-0.0001519013516	-0.0001129446881	0.0001134678821	0.0002224172182
P35568	IRS1	2	1242	1242	0	131589.0450	131589.0450	0	0	A	0	0	0	0	0	0	0	0	0	0	0	0	0	0	0	0	0	0	0	0
P35573	AGL	2	1532	1532	0	174761.3450	174761.3450	0	0	A	0	0	0	0	0	0	0	0	0	0	0	0	0	0	0	0	0	0	0	0
P35579	MYH9	2	1960	1959	1	226528.8050	226397.6100	0.0005791537195	0.0005539716282	M	3.376116644e-05	5.805253397e-06	3.072721198e-05	8.683798983e-05	1.762865055e-05	1.144468099e-05	9.46126152e-06	2.28540799e-05	6.590634802e-05	6.427709971e-05	-0.0005539716282	2.273185578e-05	8.525240854e-06	4.901500594e-05	4.666513192e-05	1.853897192e-05	2.049514578e-05	2.143190694e-05	4.447720703e-06	1.341690602e-05
P35580	MYH10	2	1976	1976	0	228995.4250	228995.4250	0	0	A	0	0	0	0	0	0	0	0	0	0	0	0	0	0	0	0	0	0	0	0
P35606	COPB2	2	906	905	1	102485.7250	102354.5300	0.001280129501	0.001229233894	M	6.31964818e-05	1.924153271e-05	7.750502929e-05	0.0001183869868	5.946368374e-05	4.212417664e-05	3.778059173e-05	7.221493122e-05	8.512742473e-05	0.0001222098836	-0.001229233894	5.735107483e-05	3.900565927e-05	5.724795359e-05	7.192864804e-05	6.787039345e-05	5.549150467e-05	8.062037044e-05	4.108100055e-05	6.138656652e-05
P35609	ACTN2	1	894	894	0	103852.0450	103852.0450	0	0	A	0	0	0	0	0	0	0	0	0	0	0	0	0	0	0	0	0	0	0	0
P35611	ADD1	2	737	737	0	80954.0700	80954.0700	0	0	A	0	0	0	0	0	0	0	0	0	0	0	0	0	0	0	0	0	0	0	0
P35612	ADD2	2	726	726	0	80853.1150	80853.1150	0	0	A	0	0	0	0	0	0	0	0	0	0	0	0	0	0	0	0	0	0	0	0
P35613	BSG	2	385	364	21	42199.7300	40200.3650	0.04737862067	0.009412980505	L	-0.006670057903	0.0008783904418	0.003308412049	0.003961912498	-0.005186548408	-0.004014272391	-0.001230502693	0.00203777427	0.002573930903	-0.009412980505	-0.002419676146	0.00177886182	0.002146304353	0.002573050566	0.003427930817	0.001343341579	0.0001655969536	0.001497501817	0.00211508862	0.001125941358
P35625	TIMP3	2	211	188	23	24144.7500	21689.9350	0.1016707566	0.01858819971	W	-0.004188520158	0.005960706903	-0.0009461074368	-0.001649032171	0.004063425113	-0.006135449807	0.0031803802	-0.0003946244619	0.01018881893	-0.01541722385	-0.00228406833	0.004333270584	0.0001256359085	0.00479309842	0.00571341005	-0.002355696198	0.001106714181	0.0006081258209	-0.01858819971	0.01188533602
P35637	FUS	2	526	526	0	53425.4550	53425.4550	0	0	A	0	0	0	0	0	0	0	0	0	0	0	0	0	0	0	0	0	0	0	0
P35658	NUP214	2	2090	2089	1	213616.3450	213485.1500	0.0006141618049	0.0005846961899	M	4.740851638e-05	3.725182074e-06	1.731353034e-05	2.992571763e-05	4.258485164e-05	3.195831024e-05	9.907416746e-06	1.489088959e-05	3.319202788e-05	4.405221502e-05	-0.0005846961899	1.74985265e-05	5.336904893e-05	3.387193959e-05	1.812782561e-05	8.699100011e-05	5.071098862e-05	3.491063316e-05	4.829955832e-06	9.427614013e-06
P35659	DEK	2	375	374	1	42673.8600	42542.6650	0.003074364494	0.002955718876	M	8.191737779e-05	3.713514234e-05	0.0001468609673	0.0005231004004	9.113434709e-05	6.442438411e-05	2.853177947e-05	9.648761876e-05	0.0006004105195	0.0002170971422	-0.002955718876	0.0001052853006	0.0001482052619	8.95828607e-05	0.0001601751848	0.0002705618167	0.0001387375783	0.0001005370534	0	5.553414031e-05
P35754	GLRX	2	106	105	1	11775.5850	11644.3900	0.01114127239	0.01091741079	M	0.0003597557791	0.0004892581682	0.0004299786212	0.0005941280479	0.0005336451423	0.0004850262223	0.0001253027481	0.0009534234818	0.0007083986623	0.001271231309	-0.01091741079	0.0003201095535	0.000464908327	0.001416312751	0.0007034398555	0.0003394925117	0.0006734285753	0.000756904515	0	0.0002926665153
P35813	PPM1A	2	382	381	1	42447.2750	42316.0800	0.003090775556	0.002934059023	M	0.0001151528956	8.203110455e-05	0.0002293837754	0.000289786282	0.0001220089273	0.0001478573791	0.0001241428587	0.0001453227586	0.0002069531836	0.0002260576245	-0.002934059023	0.0001626391779	0.0001204658739	0.0001079386442	0.0002037175109	0.0001811115023	9.531355028e-05	0.0002235273124	5.02787964e-05	0.0001003698659
P35914	HMGCL	2	325	298	27	34359.7500	31546.3550	0.08188054337	0.01539691227	R	-0.005135305465	0.002156545481	0.002665200801	0.005564927703	0.003307772504	0.0009414978314	0.001380769361	0.005253108776	0.003518786476	-0.004881339478	-0.008148225493	0.003527436312	0.0004658050692	0.003901752517	-0.01539691227	-0.005547501458	0.001277036434	0.001469248314	0.0004543679001	0.003225028687
P35998	PSMC2	2	433	432	1	48633.2100	48502.0150	0.002697642208	0.00256768108	M	0.0001381946334	3.986626819e-05	0.0002189749214	0.0002282251253	0.0001242373031	9.88035904e-05	2.917158661e-05	0.0001911368796	0.0002198952883	0.0002281311144	-0.00256768108	8.073469273e-05	0.0001352934566	0.0001236487948	0.0002538388689	7.409705214e-05	0.0001399822509	0.0001486806108	9.599454429e-06	8.516918754e-05
P36404	ARL2	2	184	183	1	20877.6350	20746.4400	0.006283997206	0.006057237561	M	0.0002059906864	9.338059478e-05	0.0004787207008	0.0004157861671	0.0002546309087	0.00027000423	0.0001195774124	0.0004717790708	0.0004131297476	0.0009435581416	-0.006057237561	0.0002715405344	8.873314524e-05	0.0003003552354	0.0005370386138	0.0003509787806	0.0003060277443	0.0001805800046	0.0002623278456	9.309799697e-05
P36405	ARL3	2	182	181	1	20455.1950	20324.0000	0.006413774105	0.006251722709	M	0.0002854102516	9.703756338e-05	0.0003553345352	0.0005106272067	0.0002205022985	0.0002404955392	8.284020006e-05	0.0004902548714	0.0005854209884	0.0008054187172	-0.006251722709	0.0003527182479	0.0001536801842	0.0004291618924	0.000372046738	0.0003086124488	0.0002862111559	0.000312753124	0.0002180808979	0.0001451158477
P36507	MAP2K2	2	400	400	0	44423.5250	44423.5250	0	0	A	0	0	0	0	0	0	0	0	0	0	0	0	0	0	0	0	0	0	0	0
P36542	ATP5F1C	2	298	273	25	32995.5250	30165.2600	0.08577723797	0.01065144247	W	-0.000666376046	0.0002956105604	0.005195875285	0.006461515943	-0.001083590716	-0.001168026296	0.001135621784	0.004900168801	0.009273671209	0.0008394046038	-0.004869918343	-0.0002219603317	-0.001597909034	-0.008937367802	-0.003560444983	0.000928911577	0.00154367931	-0.002680236287	-0.01065144247	0.004862813238
P36543	ATP6V1E1	2	226	225	1	26144.9150	26013.7200	0.005017992983	0.004720195147	M	0.0002783344473	1.992249212e-05	0.0003501728228	0.0004838554416	0.0001358120037	9.875084076e-05	2.551151083e-05	0.0003450951854	0.0005528787539	0.000517642778	-0.004720195147	0.0002172465879	9.465485794e-05	0.0004805997026	0.0004010149701	0.0001036804901	0.000117522314	0.0002889468412	0	0.0002085531069
P36551	CPOX	2	454	344	110	50151.3150	39248.0050	0.2174082574	0.02067289142	G	-0.01621137732	-0.002417708626	0.01359584414	0.01570800544	0.01243387625	-0.02067289142	0.003734748787	0.007656399598	0.01242592968	-0.006878984434	-3.715276677e-05	0.005141234098	-0.003180400372	-0.003289795592	-0.0116776343	-0.004973921048	-0.004724341709	0.002491344458	-0.007055227028	0.007932052164
P36578	RPL4	2	427	426	1	47696.7500	47565.5550	0.002750606698	0.00262919461	M	0.0002173711222	2.956188705e-05	5.196021348e-05	0.0001364136157	5.642670328e-05	0.0001062349207	6.813922248e-05	0.0001408186199	0.000406626245	0.0002176287762	-0.00262919461	0.0001418385001	0.0001404531221	7.131353867e-05	0.000348525767	9.743564788e-05	0.0001104437565	0.0001486341231	5.979328398e-05	7.957554444e-05
P36776	LONP1	2	959	892	67	106487.8700	99357.6750	0.06695781407	0.009424999323	W	-0.00566660477	-0.001463086368	0.002654058277	0.007644333418	0.002603729699	-0.003868337686	0.00190203916	0.002692147711	0.005461928612	0.0006848825563	-0.0004952237902	0.001851092777	-0.001761808624	0.000282786464	-0.007381373244	0.001062243667	3.282377166e-05	0.002220751202	-0.009424999323	0.0009686164897
P36871	PGM1	2	562	562	0	61448.2850	61448.2850	0	0	A	0	0	0	0	0	0	0	0	0	0	0	0	0	0	0	0	0	0	0	0
P36873	PPP1CC	2	323	322	1	36983.3100	36852.1150	0.003547410981	0.003414275648	M	0.0001165999894	0.0001288404362	0.0002504121868	0.0002527377408	0.0002432236646	0.0001350948104	7.614696525e-05	0.0002253218886	0.0002750395011	0.0004184549359	-0.003414275648	0.0001404951999	0.0001600984014	0.0001554039398	0.0002564898746	0.0001203480332	9.743932217e-05	0.0001341590264	5.011515708e-05	0.0001778545747
P36915	GNL1	2	607	607	0	68659.8600	68659.8600	0	0	A	0	0	0	0	0	0	0	0	0	0	0	0	0	0	0	0	0	0	0	0
P36952	SERPINB5	2	375	375	0	42099.7900	42099.7900	0	0	A	0	0	0	0	0	0	0	0	0	0	0	0	0	0	0	0	0	0	0	0
P36955	SERPINF1	2	418	399	19	46311.4450	44387.0700	0.04155290339	0.009157945878	L	-0.001636722046	-0.004403140382	0.002609240753	0.003124636048	0.002428740496	-0.001501789741	-0.001995454888	-0.000187050468	0.003224083538	-0.009157945878	-0.002162812418	0.001187096723	0.002727164647	-0.0009246158851	0.002561211904	-0.0008147558572	0.002821678562	0.0001200126637	0.0005004312046	0.001479991022
P36957	DLST	2	453	386	67	48754.7500	41389.1950	0.1510735877	0.01614933458	R	0.008635234853	-0.007762268143	0.008299531508	0.01330285201	-0.007821107432	-0.0005116009771	0.00241861817	0.00628277196	0.003230852242	-0.001302880934	0.00296001452	-0.004345222855	0.004469403423	-0.0005806297774	-0.01614933458	-0.01540233749	0.005097573634	-0.0005333290419	0.0006367131197	-0.0009248542157
P36959	GMPR	2	345	345	0	37418.4600	37418.4600	0	0	A	0	0	0	0	0	0	0	0	0	0	0	0	0	0	0	0	0	0	0	0
P37108	SRP14	2	136	135	1	14569.7550	14438.5600	0.009004612638	0.00862073479	M	0.001113467638	0.0001261904993	0.0003465656045	0.0004597162801	0.0003440972034	0.0002345606004	0	0.0002049241639	0.001522597317	0.0007513886008	-0.00862073479	0.0003440138818	0.0002997753422	0.0003044153115	0.0005442980764	0.0003830864849	0.0009925263967	0.0003660420187	0	0.0002830693699
P37198	NUP62	2	522	521	1	53254.0850	53122.8900	0.002463566879	0.002359277645	M	0.0002411120204	1.385517686e-05	7.61028409e-05	0.0001345996812	0.0001700118025	0.0001430763903	2.957013715e-05	8.999918534e-05	0.0001058772912	0.0002099980991	-0.002359277645	9.065100531e-05	0.0001492103594	0.0001504057438	7.304195528e-05	0.0002163150352	0.000367791136	5.358646318e-05	2.335345179e-05	2.071987039e-05
P37235	HPCAL1	2	193	192	1	22312.8900	22181.6950	0.005879785182	0.005587375545	M	0.0001610460624	5.47545766e-05	0.0004812039713	0.0005319274253	0.0005225681707	0.0001865908168	0.0001051729848	0.0002963914581	0.00052852899	0.0004445871872	-0.005587375545	0.0002089766533	0.0001821032553	0.0002641741111	0.0003936219563	0.0003799378313	0.0002960796336	0.0002117695163	9.229101712e-05	0.0002456499274
P37802	TAGLN2	2	199	198	1	22391.1400	22259.9450	0.00585923718	0.005515484943	M	0.000277787284	8.095354778e-05	0.0002964376915	0.0003604535334	0.000257535534	0.0003176694008	0	0.0003213531569	0.0003907097771	0.0004674227737	-0.005515484943	0.0003825315713	0.0002307737361	0.0006835082561	0.0004267722798	0.0001638380608	0.0002653017115	0.0002087313332	0.0001819339004	0.0002017713949
P37837	TALDO1	2	337	337	0	37539.5400	37539.5400	0	0	A	0	0	0	0	0	0	0	0	0	0	0	0	0	0	0	0	0	0	0	0
P38117	ETFB	2	255	254	1	27843.3000	27712.1050	0.004711905557	0.004517407268	M	0.0003049575735	6.912234746e-05	0.0003037366935	0.0004616609475	7.068125151e-05	0.000182018093	4.425690083e-05	0.0002619158477	0.000521262998	0.0005051234205	-0.004517407268	7.537507879e-05	0.0002134671637	0.0001875904975	0.0003726821845	8.993150579e-05	0.0002548444421	0.0005179683335	2.912711662e-05	5.168487181e-05
P38159	RBMX	2	391	391	0	42331.3600	42331.3600	0	0	A	0	0	0	0	0	0	0	0	0	0	0	0	0	0	0	0	0	0	0	0
P38435	GGCX	2	758	757	1	87559.4250	87428.2300	0.001498353832	0.001437441206	M	4.41990809e-05	1.767928216e-05	6.409104575e-05	8.587496812e-05	0.0001060575993	4.710209608e-05	4.301409039e-05	4.210780101e-05	5.759526658e-05	0.0002181949689	-0.001437441206	5.205203243e-05	7.727725713e-05	7.889985219e-05	0.000124551681	9.660671263e-05	5.56211579e-05	8.034253181e-05	5.363844012e-05	9.253534146e-05
P38606	ATP6V1A	2	617	617	0	68303.2400	68303.2400	0	0	A	0	0	0	0	0	0	0	0	0	0	0	0	0	0	0	0	0	0	0	0
P38646	HSPA9	2	679	633	46	73679.5500	68758.1700	0.06679438189	0.009976844431	R	-0.006944318512	0.0005060248803	0.001347959588	0.004677750783	0.0005605077555	0.0007014561982	-0.002835023056	0.002636400799	0.006349852125	0.0003491255301	0.0003816507184	0.001331176558	0.0006791530418	0.002449001433	-0.009976844431	-0.004268572945	0.002692709364	0.002164981462	-0.002207004408	-0.0005959868846
P38919	EIF4A3	2	411	411	0	46870.3900	46870.3900	0	0	A	0	0	0	0	0	0	0	0	0	0	0	0	0	0	0	0	0	0	0	0
P39019	RPS19	2	145	144	1	16060.3000	15929.1050	0.008168900955	0.007805141872	M	0.0005776177226	0	0.0004027136844	0.0003815687306	0.0002856038361	0.0004867186265	0.0002682452641	0.0001133926242	0.000947827308	0.0006803557452	-0.007805141872	0.0002284277428	0.0002488162847	0.0005053350034	0.0009035447954	0.0003179652975	0.0003089272561	0.0006582728407	0.0001765422102	0.0003132668991
P39023	RPL3	2	403	402	1	46108.4200	45977.2250	0.00284535883	0.00272619416	M	9.835271256e-05	3.184691418e-05	0.0001259472384	0.0001624271478	0.000147628689	0.0001302322202	0.0001304998015	0.0001310165648	0.0004303717754	0.0001792858255	-0.00272619416	6.250995166e-05	9.078578482e-05	0.0001075561448	0.0002747308906	0.0001049670717	0.0001440292202	0.0002155501979	5.367924079e-05	0.0001047767682
P39059	COL15A1	2	1388	1361	27	141718.5050	138763.9600	0.02084798312	0.002159770227	L	0.0001250799437	-0.001331040457	0.0009759859986	0.001804307305	0.0008980277294	0.001637665855	0.0004903761356	0.000895500467	0.0009610778055	-0.002159770227	-0.001261910902	-0.0009837483932	0.000664567541	-0.0001560749202	-0.001098859415	2.796822056e-05	-0.0003447955099	-0.000472390904	-0.0009926668933	0.0003207006196
P39060	COL18A1	2	1754	1754	0	178185.4250	178185.4250	0	0	A	0	0	0	0	0	0	0	0	0	0	0	0	0	0	0	0	0	0	0	0
P39656	DDOST	2	456	414	42	50800.0850	46115.5250	0.09221559373	0.01261635049	R	-0.008705348059	-0.003898683931	0.006417928138	0.002573596661	0.0001342873051	-0.001082134976	0.002671840589	0.005421313516	0.002557154189	-0.004078610099	-0.004030411914	0.003867909014	0.0002606603617	0.003523350932	-0.01261635049	0.00349549105	0.002288782727	0.004873605553	-0.00621969928	0.002545318713
P39687	ANP32A	2	249	249	0	28585.0900	28585.0900	0	0	A	0	0	0	0	0	0	0	0	0	0	0	0	0	0	0	0	0	0	0	0
P39748	FEN1	2	380	380	0	42592.3950	42592.3950	0	0	A	0	0	0	0	0	0	0	0	0	0	0	0	0	0	0	0	0	0	0	0
P40123	CAP2	2	477	476	1	52823.1700	52691.9750	0.002483663892	0.002370994726	M	0.0001201848367	2.40364912e-05	0.0001056208973	0.0002218332455	9.17600392e-05	8.042146526e-05	8.002707318e-05	0.0001561340319	0.0001856134513	0.0001873608383	-0.002370994726	0.0001100853839	0.0001644495945	0.0001391624757	0.0001244120532	0.0001876358018	0.0001039798453	0.0001533903486	4.861735458e-05	8.626949834e-05
P40222	TXLNA	2	546	546	0	61890.2250	61890.2250	0	0	A	0	0	0	0	0	0	0	0	0	0	0	0	0	0	0	0	0	0	0	0
P40227	CCT6A	2	531	530	1	58023.4100	57892.2150	0.002261070144	0.002144654776	M	0.0001517277353	3.174548193e-05	0.0001482141424	0.0001975685282	7.033310301e-05	9.097054841e-05	6.097695017e-05	0.0001503610105	0.0002154581134	0.0002491696746	-0.002144654776	7.788857225e-05	5.278970235e-05	8.136744842e-05	0.0001426332678	8.948853799e-05	0.0001092384147	0.0001764951589	6.688534088e-06	4.153985133e-05
P40261	NNMT	2	264	264	0	29573.6250	29573.6250	0	0	A	0	0	0	0	0	0	0	0	0	0	0	0	0	0	0	0	0	0	0	0
P40337	VHL	2	213	213	0	24152.4700	24152.4700	0	0	A	0	0	0	0	0	0	0	0	0	0	0	0	0	0	0	0	0	0	0	0
P40429	RPL13A	2	203	202	1	23576.9800	23445.7850	0.005564537952	0.005361543645	M	0.0002887257394	2.454120172e-05	0.0001347983637	0.0002682132972	0.0002007574008	0.0001976725336	0.0001885556676	0.0001859812315	0.0008291102001	0.0006110811893	-0.005361543645	0.0001605670306	0.0002098783179	0.0001776057058	0.0007762603292	6.38585727e-05	0.000193023965	0.0004745793632	8.273034362e-05	0.0002936031918
P40616	ARL1	2	181	180	1	20417.2700	20286.0750	0.006425687665	0.006066291375	M	0.000238971457	6.499894878e-05	0.0003213199106	0.0005130523248	0.0003544792456	0.0002819106767	0	0.0004222142016	0.0004313476376	0.0006333213024	-0.006066291375	0.000177196705	9.264603383e-05	0.0002744000686	0.000467267121	0.000394644905	0.0004792840941	0.0004085100241	0.0002191166279	0.0002916100907
P40763	STAT3	2	770	769	1	88066.4750	87935.2800	0.001489726936	0.001408184494	M	5.638932809e-05	2.440071681e-05	6.126935637e-05	0.0001248729958	7.128863387e-05	4.211592147e-05	2.901418772e-05	7.73630636e-05	9.883956113e-05	0.0001547261272	-0.001408184494	7.222165661e-05	5.63096342e-05	0.0001261350076	8.770643919e-05	7.7098664e-05	8.053744115e-05	6.909417474e-05	4.406612025e-05	5.473546401e-05
P40855	PEX19	2	299	295	4	32805.9900	32317.2900	0.01489666978	0.007176282198	M	0.0009741931209	0.0002365850715	0.0009356396738	0.002355825726	0.0007741463447	0.0005277120234	0.0002423649643	-0.003179935678	0.001027657129	-0.001796826857	-0.007176282198	0.0003095835555	0.0008992419705	0.001198523258	0.000340154502	0.00106706975	0.0006978048957	0.0002745058547	7.975470998e-05	0.0002122821844
P40925	MDH1	2	334	333	1	36425.6650	36294.4700	0.003601718733	0.003417751382	M	0.000222352253	4.031907656e-05	0.0002546813904	0.0002203256504	0.0001649135422	0.0001436433657	5.163011495e-05	0.0002182507953	0.0003770254619	0.0003492012725	-0.003417751382	0.0001538820352	0.0001245154314	0.0001094215678	0.0001449237194	0.0002185710917	0.0001387407511	0.0003118771752	6.795940752e-05	0.0001055172796
P40926	MDH2	2	338	314	24	35502.8750	33000.1050	0.07049485429	0.01034230769	R	-0.007485706413	0.001771054323	0.003161579002	0.004301340749	-0.0006532430963	0.003840670751	0.001417439121	0.005033110254	0.006945022304	-0.002754493072	-0.002225856315	-0.00370042104	0.00122762984	-0.001378984608	-0.01034230769	-0.009374608573	0.002140792492	0.006421643301	0	0.001655338668
P40937	RFC5	2	340	340	0	38495.9550	38495.9550	0	0	A	0	0	0	0	0	0	0	0	0	0	0	0	0	0	0	0	0	0	0	0
P40939	HADHA	2	763	727	36	82998.6800	79008.9600	0.04806968014	0.008356587613	R	-0.0009471213803	-0.001811215666	0.002633726575	0.003524261296	-0.002714912534	0.0002125803542	0.000727115367	-0.002555637589	0.005404867462	-0.0005748333796	-0.0001440483902	-0.000265146149	0.001978388042	0.002435163441	-0.008356587613	-0.003079257275	0.001063548829	0.002632038405	0.0001063426077	-0.0002692724029
P41091	EIF2S3	2	472	471	1	51108.8850	50977.6900	0.002566970498	0.002459785184	M	0.0001200773966	5.10318827e-05	0.0001289401638	0.0001797138545	7.653476704e-05	0.0001359618915	7.188309889e-05	0.0002209921444	0.0002216677398	0.0002486161625	-0.002459785184	7.790743876e-05	0.000121230205	9.848529994e-05	0.0001614184444	0.0001195108905	0.0001304488813	0.0002171087344	1.720325369e-05	6.105293382e-05
P41218	MNDA	2	407	407	0	45835.6000	45835.6000	0	0	A	0	0	0	0	0	0	0	0	0	0	0	0	0	0	0	0	0	0	0	0
P41226	UBA7	2	1012	1012	0	111692.3150	111692.3150	0	0	A	0	0	0	0	0	0	0	0	0	0	0	0	0	0	0	0	0	0	0	0
P41236	PPP1R2	2	205	204	1	23014.8200	22883.6250	0.005700457357	0.005307643037	M	0.0003190195568	2.552105901e-05	0.0005326857555	0.0008057754104	3.479550791e-05	0.0001423142382	0.0001634034461	0.0002210364682	0.0005234871368	0.0004144433778	-0.005307643037	0.000222637327	0.0002182581357	0.0003078282902	0.000330240313	0.000486993876	0.000276004903	4.935279074e-05	4.301676025e-05	0.0001908286845
P41240	CSK	2	450	449	1	50703.7550	50572.5600	0.002587480947	0.002460420724	M	0.0001272332797	5.243449481e-05	0.000138244264	0.0002164900673	0.0001072340813	0.0001072107117	7.3858807e-05	9.650309973e-05	0.0002214336067	0.0002611260346	-0.002460420724	8.576649209e-05	9.466728653e-05	8.22186381e-05	0.0001583161678	0.0001091516882	0.0001134136138	0.0001875866123	7.070434156e-05	0.0001568274367
P41250	GARS1	2	739	703	36	83164.4700	79184.5600	0.04785589327	0.01370274362	L	-0.001134090202	0.0008230065047	0.002920976054	0.004382044075	0.00327995587	0.0009084372159	0.001216028321	0.00246738926	0.003972113599	-0.01370274362	-6.553493747e-05	0.001725874549	-0.005176149893	0.002290820224	-0.009273736895	-0.001071963392	0.002053994495	0.001968571871	0.0004268339091	0.001988172995
P41252	IARS1	2	1262	1262	0	144496.2450	144496.2450	0	0	A	0	0	0	0	0	0	0	0	0	0	0	0	0	0	0	0	0	0	0	0
P41567	EIF1	2	113	112	1	12732.3000	12601.1050	0.01030410845	0.01011594592	M	0.0004937984076	0.000167888133	0.001014381873	0.0005096851478	0.0006866979371	0.000468101103	0.0004299743122	0.0008179142358	0.001215429159	0.0008179142358	-0.01011594592	0.0003661502167	0.0002392987878	0.0009112600932	0.000482768451	0.0002184305533	0.0004126534005	0.0004869947535	0	0.000376605119
P42025	ACTR1B	2	376	376	0	42292.8250	42292.8250	0	0	A	0	0	0	0	0	0	0	0	0	0	0	0	0	0	0	0	0	0	0	0
P42126	ECI1	2	302	261	41	32815.4650	28735.7300	0.1243235468	0.02724988475	R	-0.01422909219	0.002284183728	0.002541449287	0.005028371166	0.005605676445	-0.008930713617	0.001754990618	0.006429536044	0.00661455568	-0.0008306651956	-0.0005265415308	0.004483455245	-0.0008125558132	0.008265366706	-0.02724988475	0.00398784046	0.001825366312	-0.003420492603	0.003080066035	0.00409908798
P42224	STAT1	2	750	749	1	87333.4250	87202.2300	0.001502231248	0.001440388023	M	3.535762338e-05	1.780941307e-05	7.434503915e-05	0.0001405739778	8.255683076e-05	2.979343122e-05	3.648901206e-05	7.1338929e-05	0.0001181872692	0.0001735271246	-0.001440388023	8.739194824e-05	5.923070357e-05	0.0001159987222	8.705974888e-05	7.723634945e-05	6.303438616e-05	7.748990869e-05	4.502771135e-05	4.793989434e-05
P42226	STAT6	2	847	846	1	94133.5200	94002.3250	0.001393711826	0.001323215785	M	5.563651405e-05	1.967268168e-05	5.652205201e-05	0.0001102588436	7.221256066e-05	5.813250708e-05	4.069415383e-05	5.570246102e-05	7.486218016e-05	0.0001802138445	-0.001323215785	3.6303809e-05	9.490593847e-05	0.0001131675048	8.267852024e-05	8.662959328e-05	5.653654036e-05	6.877032847e-05	3.315908759e-05	2.715666399e-05
P42229	STAT5A	2	794	794	0	90645.3950	90645.3950	0	0	A	0	0	0	0	0	0	0	0	0	0	0	0	0	0	0	0	0	0	0	0
P42345	MTOR	2	2549	2549	0	288886.8200	288886.8200	0	0	A	0	0	0	0	0	0	0	0	0	0	0	0	0	0	0	0	0	0	0	0
P42357	HAL	2	657	657	0	72696.5900	72696.5900	0	0	A	0	0	0	0	0	0	0	0	0	0	0	0	0	0	0	0	0	0	0	0
P42566	EPS15	2	896	895	1	98654.1550	98522.9600	0.001329847689	0.001283070755	M	6.567363658e-05	1.511474065e-05	0.0001041539862	0.0001384930811	7.868316001e-05	3.235182333e-05	2.111454736e-05	4.909047205e-05	9.947585172e-05	0.0001323955155	-0.001283070755	6.143292185e-05	8.356361672e-05	7.458137169e-05	4.938975924e-05	0.0001156063997	6.214286419e-05	6.510091951e-05	1.621231606e-05	1.849377137e-05
P42677	RPS27	2	84	83	1	9461.0550	9329.8600	0.01386684677	0.01343062035	M	0.0003368026194	0.0009160849784	0.0003354542495	0.0007416286061	0.0006244968537	0.0004730005731	0.0007820544976	0.0001652950185	0.001842226023	0.001157065129	-0.01343062035	0.0001664921692	0.0008704924361	0.0007366383776	0.001097598239	0.0007945804752	0.0009006606357	0.001033393153	0	0.0004566563146
P42704	LRPPRC	2	1394	1335	59	157902.6950	151837.5600	0.03841058571	0.005339082484	R	-0.004375455039	0.0005635226764	0.002122478939	0.003845174733	0.001939065415	-0.001940487266	-2.312563008e-05	0.002266010713	0.003302559688	-0.004950997148	0.0002090880691	0.001902018598	-0.003332984234	0.002006751656	-0.005339082484	-0.0004816104534	0.00166210353	0.001513369024	-0.0007541272135	-0.000134273572
P42765	ACAA2	2	397	397	0	41923.6300	41923.6300	0	0	A	0	0	0	0	0	0	0	0	0	0	0	0	0	0	0	0	0	0	0	0
P42766	RPL35	2	123	122	1	14551.3000	14420.1050	0.009016032932	0.00882844729	M	0.000430299806	0	0.0002857180837	0.0005527120804	8.86509584e-05	0.0001611484339	8.326288635e-05	0.0002815750642	0.0020398146	0.001126300257	-0.00882844729	0.0002836143743	0.0001853571919	0.0004705654481	0.001402294051	0.0002255906343	0.0003196350313	0.0005029582796	0	0.0003889501096
P42898	MTHFR	2	656	656	0	74595.5250	74595.5250	0	0	A	0	0	0	0	0	0	0	0	0	0	0	0	0	0	0	0	0	0	0	0
P43007	SLC1A4	2	532	532	0	55722.3050	55722.3050	0	0	A	0	0	0	0	0	0	0	0	0	0	0	0	0	0	0	0	0	0	0	0
P43034	PAFAH1B1	2	410	410	0	46637.4050	46637.4050	0	0	A	0	0	0	0	0	0	0	0	0	0	0	0	0	0	0	0	0	0	0	0
P43121	MCAM	2	646	623	23	71606.5350	69256.5400	0.03281816387	0.006678776664	C	-0.003252082716	-0.006678776664	0.001153821344	0.00382633511	-0.001234734067	-0.000471471783	0.000640461456	0.001137090501	0.001931118226	-0.002622256668	-0.00142326001	0.001418022531	-0.0006755399255	0.002111438157	-0.001453600747	0.00216906524	0.001819397641	-0.0001070762485	0.0005901161906	0.001121932432
P43155	CRAT	2	626	626	0	70856.5350	70856.5350	0	0	A	0	0	0	0	0	0	0	0	0	0	0	0	0	0	0	0	0	0	0	0
P43243	MATR3	2	847	846	1	94621.8400	94490.6450	0.001386519222	0.001326751418	M	5.514268898e-05	1.349866287e-05	0.0001070977604	0.0001256722246	4.498786788e-05	6.04044243e-05	4.609480676e-05	4.708921964e-05	0.0001194402156	0.0001266537632	-0.001326751418	6.378552715e-05	7.268547916e-05	7.055416998e-05	0.0001099783764	0.0001066753856	4.571254023e-05	4.060591501e-05	1.011223701e-05	6.056015334e-05
P43246	MSH2	2	934	933	1	104741.6850	104610.4900	0.001252557661	0.001189844775	M	6.215868127e-05	1.592672053e-05	6.460156443e-05	0.0001100922372	7.850645257e-05	4.326781997e-05	1.882594426e-05	7.560197076e-05	0.0001034759563	0.0001233505839	-0.001189844775	6.14539976e-05	3.259644803e-05	8.718561936e-05	6.517388608e-05	5.844506204e-05	5.781621604e-05	7.936715961e-05	6.195027934e-06	4.580342733e-05
P43251	BTD	2	523	502	21	58912.4800	56770.8550	0.03635265397	0.004003370901	L	-0.00216416467	-0.002664018235	0.002014678191	0.00255697684	0.0005454329367	-0.001907762914	0.001913543443	0.001764857423	-0.0007466444538	-0.004003370901	-0.001263963875	0.00177763942	0.001807217409	0.001310849858	-0.0006943836262	-0.001603698437	0.001936629523	-0.001065301801	0.000801420002	-0.0003159361321
P43304	GPD2	2	727	685	42	80851.5700	76360.2400	0.05555031275	0.003985803002	E	-0.003440010273	0.0006869860424	0.00368957949	0.003985803002	-0.00174807522	-0.001867779433	-0.0003810590058	0.001909067932	-0.002541421159	-0.001528174269	-0.001484967999	0.0005078709621	0.002103452174	-0.00236576088	0.0009002643854	0.00199294855	0.0003904716316	-0.001077108183	0.001157942304	-0.0008900300518
P43307	SSR1	2	286	268	18	32234.9050	30160.2250	0.06436128786	0.02605276982	L	-9.441581038e-05	0	0.005375388722	0.007832643719	0.000431423867	0.002480550428	0.0002848137286	0.003371100451	0.002952021327	-0.02605276982	-0.002623315147	0.003152978845	-0.002780198059	0.003755833041	-0.00484620916	0.002700838198	9.243131864e-05	0.001596294239	0.000374893069	0.001995697048
P43487	RANBP1	2	201	200	1	23309.8100	23178.6150	0.005628317005	0.005420561868	M	0.0003506524797	7.529651466e-05	0.0003860116799	0.001005795132	0.0002737588039	9.330652617e-05	0.0002249801358	0.0001902071828	0.0007570978787	0.0004347592749	-0.005420561868	0.000246323263	0.0001907975731	0.0001210942297	0.0003608631246	0.0001523890588	0.0002714386736	0.0001213407435	0.0001269152709	3.753432236e-05
P43490	NAMPT	2	491	491	0	55520.5000	55520.5000	0	0	A	0	0	0	0	0	0	0	0	0	0	0	0	0	0	0	0	0	0	0	0
P43652	AFM	2	599	578	21	69068.4100	66576.3450	0.03608111147	0.007412969933	F	0.001165121515	0.001924076846	0.002051522229	0.001868121018	-0.007412969933	-0.0004142923511	0.000942061735	1.129661759e-05	-0.0003162262529	-0.006855265918	-0.001311295407	0.002036417106	0.001505673364	0.001842965048	0.00195273641	0.0003526430476	-0.002751106841	0.001969831261	0	0.001438690507
P43686	PSMC4	2	418	418	0	47365.5450	47365.5450	0	0	A	0	0	0	0	0	0	0	0	0	0	0	0	0	0	0	0	0	0	0	0
P43897	TSFM	2	325	280	45	35390.2000	30503.6450	0.1380765014	0.01925440014	R	-0.004567595916	0.002827474994	0.005176858722	0.01373411673	-0.003516180303	0.003296757379	-0.0007460636875	0.003061075395	0.01307777195	-0.003905084817	0.0004431895984	0.003597119474	-0.006692408819	0.002573354843	-0.01925440014	-0.01221758434	0.000244318765	0.004341120454	0.002382910792	-0.003856751069
P45378	TNNT3	1	269	268	1	31824.0700	31692.8750	0.004122508529	0.004021060121	M	0.0002583297135	0	0.0002671914864	0.0008696593287	7.369122904e-05	7.534960511e-05	0.0001038185803	0.000146287283	0.0006358494917	0.0002779458377	-0.004021060121	5.893870804e-05	8.987907621e-05	0.00026077211	0.0004856911775	9.376125988e-05	9.299396819e-05	0.0001045211875	4.555125248e-05	8.082882614e-05
P45379	TNNT2	1	298	297	1	35923.0150	35791.8200	0.003652115503	0.003549571376	M	0.0001957932966	0	0.0002106102054	0.0009183081418	8.712922572e-05	4.619482296e-05	5.455576153e-05	0.0001383708522	0.0004240923682	0.0001844944696	-0.003549571376	0.0001509874215	7.084600995e-05	0.0002055502157	0.0005053484543	7.390609061e-05	6.28296711e-05	0.0001029843291	5.385777129e-05	6.371226833e-05
P45381	ASPA	2	313	313	0	35734.6300	35734.6300	0	0	A	0	0	0	0	0	0	0	0	0	0	0	0	0	0	0	0	0	0	0	0
P45877	PPIC	2	212	212	0	22763.0750	22763.0750	0	0	A	0	0	0	0	0	0	0	0	0	0	0	0	0	0	0	0	0	0	0	0
P45880	VDAC2	2	294	293	1	31566.1950	31435.0000	0.004156186705	0.004016778874	M	0.0002064719534	0.000120341269	0.0002497122166	0.0001948477045	0.0002734562319	0.0002816813839	6.848959279e-05	0.0001881874614	0.000371072111	0.000332947047	-0.004016778874	0.0002187120125	8.894045718e-05	0.0001290244162	0.0001345733314	0.0002667485337	0.0004075296311	0.0001939306106	9.01511095e-05	0.0001999618002
P45954	ACADSB	2	432	399	33	47484.7750	43695.2700	0.07980463212	0.01304741187	R	0.003529746654	-0.001247926517	0.003114529536	0.004222637808	0.001390918699	0.001498413591	-0.0008719179304	0.003764585069	0.003739548497	-0.009457194198	-0.0003730024544	0.0007002525008	-0.00201243278	0.00455955268	-0.01304741187	-0.003345994372	0.002675443209	-0.0005857145973	-0.003059176179	0.004805142655
P45973	CBX5	2	191	191	0	22224.7500	22224.7500	0	0	A	0	0	0	0	0	0	0	0	0	0	0	0	0	0	0	0	0	0	0	0
P45974	USP5	2	858	857	1	95785.0150	95653.8200	0.001369681886	0.001300079897	M	6.133222925e-05	2.341338373e-05	0.0001012753005	0.0001279436296	7.381938334e-05	5.621381254e-05	3.185558882e-05	6.178514372e-05	9.00477318e-05	0.0001140648807	-0.001300079897	3.98927072e-05	8.064945444e-05	5.824625116e-05	8.836542626e-05	7.742409947e-05	5.323182362e-05	7.923467039e-05	2.219860671e-05	5.908577344e-05
P45985	MAP2K4	2	399	398	1	44287.1700	44155.9750	0.002962370366	0.002806935273	M	0.0001057343369	5.477937137e-05	0.0001805332039	0.0001829328533	0.000140037002	0.0001315212422	7.014707385e-05	0.0001705022628	0.0002395981478	0.0002446336814	-0.002806935273	0.0001045356426	0.0001951989835	0.0001073693312	0.0001969001009	0.0002197510245	0.0001077140759	0.0001655198538	4.616640484e-05	0.0001433606803
P46019	PHKA2	2	1235	1235	0	138405.9000	138405.9000	0	0	A	0	0	0	0	0	0	0	0	0	0	0	0	0	0	0	0	0	0	0	0
P46020	PHKA1	2	1223	1223	0	137309.8500	137309.8500	0	0	A	0	0	0	0	0	0	0	0	0	0	0	0	0	0	0	0	0	0	0	0
P46060	RANGAP1	2	587	586	1	63541.0700	63409.8750	0.002064727585	0.001968994034	M	0.0001649680674	2.639436795e-05	0.0001051085557	0.0002924732224	0.0001034602692	7.972472647e-05	2.957412028e-05	7.14375463e-05	0.0001592354181	0.0002643189213	-0.001968994034	8.994366678e-05	7.524224782e-05	8.357000203e-05	9.48724599e-05	0.0001058827302	8.758111378e-05	0.0001148436029	5.56109465e-06	1.480190098e-05
P46063	RECQL	2	649	649	0	73456.3900	73456.3900	0	0	A	0	0	0	0	0	0	0	0	0	0	0	0	0	0	0	0	0	0	0	0
P46087	NOP2	2	812	812	0	89300.5650	89300.5650	0	0	A	0	0	0	0	0	0	0	0	0	0	0	0	0	0	0	0	0	0	0	0
P46108	CRK	2	304	303	1	33830.1850	33698.9900	0.003878045597	0.003783303069	M	0.0001383131226	1.175638254e-05	0.000206639091	0.000342631211	0.0001602869621	0.0001893887634	9.03269768e-05	0.0001654597316	0.0001560359954	0.0003054641198	-0.003783303069	0.0001794779272	0.0003351384093	0.0002268838224	0.0003549620223	0.0002855182466	9.246750007e-05	0.0002500802635	9.907925235e-05	0.0001933932691
P46109	CRKL	2	303	303	0	33776.5100	33776.5100	0	0	A	0	0	0	0	0	0	0	0	0	0	0	0	0	0	0	0	0	0	0	0
P46199	MTIF2	2	727	698	29	81316.2800	77710.0350	0.04434837649	0.005913613775	L	0.001516788623	-0.0007551720517	0.002966680537	0.002718813764	-0.0005493516249	0.001745993202	-0.002009230507	0.001152731455	0.001648591716	-0.005913613775	-0.0007131062143	-0.001775004566	0.001394644147	-0.002661794367	-0.004765089019	0.0007707757507	0.0008736778707	0.003746460204	0.001385355403	-0.0007781505463
P46379	BAG6	2	1132	1132	0	119406.8150	119406.8150	0	0	A	0	0	0	0	0	0	0	0	0	0	0	0	0	0	0	0	0	0	0	0
P46459	NSF	2	744	744	0	82593.2050	82593.2050	0	0	A	0	0	0	0	0	0	0	0	0	0	0	0	0	0	0	0	0	0	0	0
P46734	MAP2K3	2	347	347	0	39317.9000	39317.9000	0	0	A	0	0	0	0	0	0	0	0	0	0	0	0	0	0	0	0	0	0	0	0
P46736	BRCC3	2	316	315	1	36071.3350	35940.1400	0.003637098544	0.003471661987	M	0.0001301367251	7.287512253e-05	0.0001601135492	0.0004045509325	0.0001135522472	8.385554029e-05	0.0002133014245	0.0002254169179	0.0001758602536	0.0003155836851	-0.003471661987	6.811485065e-05	8.903341003e-05	0.0002888144594	0.0002694279515	0.000261867368	0.0001637671008	0.000271786606	7.019081037e-05	9.341303201e-05
P46776	RPL27A	2	148	148	0	16561.2250	16561.2250	0	0	A	0	0	0	0	0	0	0	0	0	0	0	0	0	0	0	0	0	0	0	0
P46777	RPL5	2	297	296	1	34362.2900	34231.0950	0.003817993504	0.003617108048	M	0.0002371126792	4.606669373e-05	0.0001897741706	0.0002797042196	0.000157018759	0.0001355775571	7.373769739e-05	0.0001620860573	0.0004863551264	0.0001870223738	-0.003617108048	0.0001632599672	9.849151132e-05	0.0001528021889	0.0003973993751	9.989164832e-05	0.0001358731733	0.0002338456929	1.941181123e-05	0.000361677346
P46778	RPL21	2	160	159	1	18564.6850	18433.4900	0.007066912258	0.006718856717	M	0.0002040576305	3.96446972e-05	0.0001742063122	0.00043328094	0.0002702586468	0.0003193269763	0.0003553658253	0.0003862805743	0.001148033995	0.0002575203829	-0.006718856717	0.0002593854768	0.0003390446178	0.0002869103358	0.0007979984114	0.0001375457652	0.0003507947092	0.0005366562221	6.682271428e-05	0.0003557224836
P46779	RPL28	2	137	136	1	15747.3100	15616.1150	0.008331264197	0.007928392014	M	0.0004452244183	5.504483772e-05	0.000120938724	0.0001336868104	0.0001500966778	0.0001705272354	0.0002114610409	0.0004767402683	0.0009298288838	0.0004171477348	-0.007928392014	0.0005402171974	0.0003138319	0.0002655745323	0.001582834389	0.000620671888	0.0004870623112	0.0005854533685	9.278026377e-05	0.0003292695327
P46781	RPS9	2	194	193	1	22591.1150	22459.9200	0.005807371615	0.00569092248	M	0.0001967451883	2.67568156e-05	0.000323329925	0.0004223959527	0.0002553624016	0.0002652537665	0.0001370524906	0.0003186415197	0.0006134037519	0.0006662504502	-0.00569092248	0.0001167088305	0.0001779761081	0.0002259135624	0.001038692691	0.000162455565	0.0001315315234	0.0003621975344	9.019935427e-05	0.0001600550485
P46782	RPS5	2	204	204	0	22876.0650	22876.0650	0	0	A	0	0	0	0	0	0	0	0	0	0	0	0	0	0	0	0	0	0	0	0
P46783	RPS10	2	165	165	0	18897.5300	18897.5300	0	0	A	0	0	0	0	0	0	0	0	0	0	0	0	0	0	0	0	0	0	0	0
P46821	MAP1B	2	2468	2467	1	270630.9550	270499.7600	0.0004847745521	0.0004645963049	M	2.183711137e-05	3.826107651e-06	3.002257512e-05	6.969320138e-05	1.440755786e-05	1.298203818e-05	8.632411402e-06	1.755509366e-05	5.100165588e-05	2.840374705e-05	-0.0004645963049	1.152325531e-05	3.531809723e-05	1.670172471e-05	1.676512324e-05	4.661890127e-05	3.26012835e-05	2.677715957e-05	2.763881424e-06	1.716537913e-05
P46926	GNPDA1	2	289	289	0	32668.1200	32668.1200	0	0	A	0	0	0	0	0	0	0	0	0	0	0	0	0	0	0	0	0	0	0	0
P46939	UTRN	2	3433	3433	0	394459.4900	394459.4900	0	0	A	0	0	0	0	0	0	0	0	0	0	0	0	0	0	0	0	0	0	0	0
P46940	IQGAP1	2	1657	1656	1	189248.9800	189117.7850	0.0006932401961	0.000662967035	M	3.713769054e-05	4.14603616e-06	4.140561038e-05	6.178970748e-05	2.415253648e-05	1.704788126e-05	1.544482152e-05	4.162131775e-05	6.094016141e-05	7.548964493e-05	-0.000662967035	3.699067107e-05	1.826584704e-05	5.046301766e-05	4.497874968e-05	2.74613456e-05	2.853359848e-05	3.389271637e-05	8.258910502e-06	3.494677068e-05
P46976	GYG1	2	350	349	1	39383.1850	39251.9900	0.003331244032	0.003192141061	M	0.0001406697667	5.217466177e-05	0.0002483707969	0.0001583950558	0.0002371171007	9.698131047e-05	0.0001002174658	0.0001129704586	0.0001888597013	0.0003671539906	-0.003192141061	0.0001137886483	0.0001239449655	0.0001468406391	0.0001500301433	0.000233814916	0.0002137341019	0.0002354233046	0.000102599546	0.0001690544879
P46977	STT3A	2	705	705	0	80528.5000	80528.5000	0	0	A	0	0	0	0	0	0	0	0	0	0	0	0	0	0	0	0	0	0	0	0
P47755	CAPZA2	2	286	285	1	32948.6450	32817.4500	0.00398180259	0.003887206722	M	0.0001840353811	5.005663211e-05	0.0002199583273	0.000395109028	0.000221804052	0.0001007980518	0.0001281988523	0.0002709610611	0.0003170876527	0.0002574130081	-0.003887206722	0.0002456311493	0.0001070220793	0.0002566022113	0.0002339019665	0.0001302521823	0.0002337656287	0.0002419996059	0.000105465556	0.0001871442962
P47756	CAPZB	1	272	271	1	30628.3050	30497.1100	0.004283456104	0.004095489843	M	0.0001376222142	8.638269409e-05	0.0004112137548	0.00026224591	9.814540853e-05	0.0001605665776	7.374422245e-05	0.0001870389235	0.0003995413491	0.0004831838856	-0.004095489843	0.0001883935547	0.0001231252836	0.0002257504813	0.0002897960195	0.0002997014633	0.0001415470799	0.0002366505095	9.706764492e-05	0.0001937728666
P47813	EIF1AX	2	144	144	0	16460.2150	16460.2150	0	0	A	0	0	0	0	0	0	0	0	0	0	0	0	0	0	0	0	0	0	0	0
P47914	RPL29	2	159	158	1	17751.8100	17620.6150	0.007390513981	0.007085275406	M	0.0008520996103	4.291972279e-05	0.0001414480465	0.0002084773461	0.0001170338232	0.0001595567971	0.0002748017081	0.0002323283278	0.001657163229	0.00041819099	-0.007085275406	0.0003276153551	0.0004486202091	0.0003623804723	0.0009256292147	0.0002978166833	0.0002109853656	0.0002074961012	7.23429002e-05	0.0001283695043
P47985	UQCRFS1	2	274	274	0	29667.5850	29667.5850	0	0	A	0	0	0	0	0	0	0	0	0	0	0	0	0	0	0	0	0	0	0	0
P48047	ATP5PO	2	213	190	23	23277.0400	20875.2350	0.1031834374	0.01183014674	R	-0.004143456533	-0.003952843875	0.001709214031	0.008817113063	-0.003268021947	0.0004428937277	0.0006641236087	0.005614765952	0.01126386172	0.007511588468	-0.002313185727	0.003958801665	-0.004555328612	-0.0003889236565	-0.01183014674	-0.007866314892	0.001722569933	-0.007264652716	0	0.003877942528
P48059	LIMS1	2	325	324	1	37251.0800	37119.8850	0.003521911311	0.003402750573	M	0.0001724380903	0.0003224528416	0.0001180765743	0.0003085088216	0.0002797667204	0.0001331932146	0.0002002003196	0.0001269430032	0.0003419075318	0.0002538860064	-0.003402750573	0.0001811383846	0.0001299898804	0.0001296447075	0.0002388306584	4.237643327e-05	6.724743575e-05	0.0001606143033	4.940973567e-05	0.0001461259101
P48163	ME1	2	572	572	0	64148.7250	64148.7250	0	0	A	0	0	0	0	0	0	0	0	0	0	0	0	0	0	0	0	0	0	0	0
P48444	ARCN1	2	511	510	1	57209.7400	57078.5450	0.002293228391	0.002171305844	M	9.670566325e-05	3.287927422e-05	0.0001038433911	0.0002495423209	0.0001176727813	8.403366912e-05	4.736605991e-05	0.0001379333179	0.0001884404937	0.0001779784747	-0.002171305844	0.0001075604913	8.982336304e-05	8.427349298e-05	0.0001654547168	0.0001212029749	0.0001333434217	0.0001510076191	2.078224676e-05	6.14620718e-05
P48449	LSS	2	732	731	1	83307.4650	83176.2700	0.001574828858	0.001508264773	M	8.582382938e-05	4.085133358e-05	7.906922074e-05	0.0001110265314	7.691471412e-05	7.231782323e-05	6.227582186e-05	5.686250157e-05	5.163783507e-05	0.000164269449	-0.001508264773	4.454670017e-05	6.839398485e-05	7.743026079e-05	0.0001426415357	6.242963491e-05	7.076427929e-05	6.959398354e-05	7.541431436e-05	9.600101924e-05
P48507	GCLM	2	274	274	0	30726.5050	30726.5050	0	0	A	0	0	0	0	0	0	0	0	0	0	0	0	0	0	0	0	0	0	0	0
P48509	CD151	2	253	253	0	28294.8000	28294.8000	0	0	A	0	0	0	0	0	0	0	0	0	0	0	0	0	0	0	0	0	0	0	0
P48556	PSMD8	2	350	350	0	39611.2950	39611.2950	0	0	A	0	0	0	0	0	0	0	0	0	0	0	0	0	0	0	0	0	0	0	0
P48594	SERPINB4	2	390	390	0	44853.3750	44853.3750	0	0	A	0	0	0	0	0	0	0	0	0	0	0	0	0	0	0	0	0	0	0	0
P48637	GSS	2	474	473	1	52383.9450	52252.7500	0.002504488732	0.002401746162	M	0.000179620418	1.465673578e-05	0.0001127078303	0.0002254455	0.0001132372761	9.383931936e-05	5.004935746e-05	0.0001163627399	0.0001296871918	0.0003120637116	-0.002401746162	9.056788497e-05	9.749100306e-05	0.0001767856856	0.0002037055624	0.0001356026291	8.165642187e-05	0.000155888103	2.470451123e-05	8.767428048e-05
P48643	CCT5	2	541	540	1	59670.2300	59539.0350	0.002198667577	0.002043500029	M	0.0001327714958	3.009427626e-05	0.0001611674425	0.0001964284286	6.154597428e-05	8.623881727e-05	5.29881939e-05	0.0001791933327	0.0001951734655	0.0001954836357	-0.002043500029	6.973521403e-05	6.434216374e-05	0.0001088967696	0.0001352143582	7.504536597e-05	0.0001072549474	0.0001454912704	1.268127496e-05	3.375360215e-05
P48681	NES	2	1621	1621	0	177436.1700	177436.1700	0	0	A	0	0	0	0	0	0	0	0	0	0	0	0	0	0	0	0	0	0	0	0
P48730	CSNK1D	2	415	415	0	47329.4300	47329.4300	0	0	A	0	0	0	0	0	0	0	0	0	0	0	0	0	0	0	0	0	0	0	0
P48735	IDH2	2	452	413	39	50908.5950	46613.7500	0.08436384858	0.01252000953	R	-0.006795606765	-0.0007237081594	0.006672592766	0.00211764741	0.005175833955	0.00133772177	0.0002885777419	0.005959352883	0.008244925834	-0.000912034007	4.377244827e-05	0.00310474839	-0.005095520252	-0.001287940659	-0.01252000953	-0.00415724989	0.001376209614	0.000802857634	-0.0008999016058	-0.002732269574
P48739	PITPNB	2	271	271	0	31539.6800	31539.6800	0	0	A	0	0	0	0	0	0	0	0	0	0	0	0	0	0	0	0	0	0	0	0
P48788	TNNI2	1	182	181	1	21338.2550	21207.0600	0.006148347182	0.005732545733	M	0.0002873285084	9.017516102e-05	0.0003632261837	0.0009125310499	0.0001229451539	0.000130367958	0.0001924545536	0.000162708758	0.0008341648953	0.0005532097772	-0.005732545733	0.0001638871778	0.0001428120707	0.0002900450761	0.0007346889013	0.0002607160689	0.0001182091469	0.0002325084211	5.066460709e-05	8.990226381e-05
P49023	PXN	2	591	591	0	64504.5300	64504.5300	0	0	A	0	0	0	0	0	0	0	0	0	0	0	0	0	0	0	0	0	0	0	0
P49069	CAMLG	2	296	296	0	32952.1250	32952.1250	0	0	A	0	0	0	0	0	0	0	0	0	0	0	0	0	0	0	0	0	0	0	0
P49137	MAPKAPK2	2	400	400	0	45567.1150	45567.1150	0	0	A	0	0	0	0	0	0	0	0	0	0	0	0	0	0	0	0	0	0	0	0
P49189	ALDH9A1	2	494	494	0	53801.3950	53801.3950	0	0	A	0	0	0	0	0	0	0	0	0	0	0	0	0	0	0	0	0	0	0	0
P49207	RPL34	2	117	116	1	13292.8400	13161.6450	0.009869598972	0.009509912702	M	0.0005672855434	0.0003085972227	8.475216727e-05	0.000187371696	0.0001051856537	0.0003346086881	9.879262774e-05	0.000334092916	0.001489396764	0.0007517090611	-0.009509912702	0.0002523844404	0.0002932386782	0.0004652773	0.001774765144	0.0005353331485	0.0004551019459	0.0008951509899	0	0.0005768687148
P49247	RPIA	2	311	311	0	33268.5500	33268.5500	0	0	A	0	0	0	0	0	0	0	0	0	0	0	0	0	0	0	0	0	0	0	0
P49257	LMAN1	1	510	480	30	57548.1450	54208.1250	0.05803870829	0.01472970279	R	-0.001697041269	-0.001367423011	0.003326342601	0.005174995659	-0.0008235898205	-0.001790831079	0.002441326468	0.003642343759	0.00405942086	-0.008396734969	-0.0009934511541	0.002812687993	0.001045057128	0.002408682843	-0.01472970279	-0.0006212202191	0.002425674506	-4.19037375e-05	0.000945134104	0.00218023213
P49321	NASP	2	788	787	1	85236.7750	85105.5800	0.001539183058	0.001473813934	M	0.0001064158045	9.159659965e-06	8.452349147e-05	0.0003403633178	1.998130379e-05	6.469807427e-05	1.407515263e-05	3.768236935e-05	0.0001370438144	0.0001031306951	-0.001473813934	5.393645661e-05	5.74450388e-05	7.954661185e-05	4.741008548e-05	9.851518203e-05	6.844131794e-05	0.000115134567	6.175588504e-06	3.013540224e-05
P49327	FASN	2	2511	2511	0	273422.2700	273422.2700	0	0	A	0	0	0	0	0	0	0	0	0	0	0	0	0	0	0	0	0	0	0	0
P49356	FNTB	2	437	437	0	48772.8700	48772.8700	0	0	A	0	0	0	0	0	0	0	0	0	0	0	0	0	0	0	0	0	0	0	0
P49368	CCT3	2	545	545	0	60533.0600	60533.0600	0	0	A	0	0	0	0	0	0	0	0	0	0	0	0	0	0	0	0	0	0	0	0
P49406	MRPL19	2	292	292	0	33534.4750	33534.4750	0	0	A	0	0	0	0	0	0	0	0	0	0	0	0	0	0	0	0	0	0	0	0
P49411	TUFM	2	455	409	46	49874.3500	45044.5100	0.09684015932	0.01936842856	L	-0.006973433646	-0.0009600621407	0.004704599269	0.01040101714	-0.002925213286	-5.254723073e-06	0.001368281541	0.005612460983	0.005368696457	-0.01936842856	-0.002087075718	0.002949448323	-0.001451761021	-0.0003423939219	-0.004549176743	0.0003402904068	-0.00427628069	0.008063711796	0.0007598349185	0.003370739616
P49419	ALDH7A1	2	539	513	26	58486.4600	55584.0400	0.04962550307	0.004475694022	R	-0.00216841551	-0.0009452171432	0.001827723342	0.004040765369	0.002142360598	0.002220573581	-0.001447110258	0.003702509149	-0.00116570848	-0.00176904576	-0.001164046302	0.002419021367	-0.003221510873	0.001895299823	-0.004475694022	-0.00237937439	0.0006155732688	0.002214091596	-0.004276978882	0.001935183526
P49448	GLUD2	2	558	505	53	61433.1850	56052.1000	0.08759247954	0.01421189941	A	-0.01421189941	0.0009895015475	0.00507273353	0.00720957557	0.00517151218	-0.00170427303	-0.001174095114	0.006606055306	0.00471999721	-0.008612600326	0.0001462679997	0.001927866244	-0.002996162348	-0.001901585883	-0.007985676421	-0.001161404012	0.004377784826	0.005581054969	0.001111896149	-0.003166548983
P49458	SRP9	2	86	85	1	10111.6250	9980.4300	0.01297467024	0.01215005535	M	0.0006953513185	0.0002701883032	0.0008904439539	0.001148356039	0.0003683757494	8.370351568e-05	0.0003459864249	0.0001462553637	0.001467024812	0.001170042909	-0.01215005535	0.0002946292391	0.0002567413284	0.0008147350327	0.000971170403	0.0003515280057	0.0006640976947	0.00117560679	0.0002277065668	0.0008081118959
P49585	PCYT1A	2	367	367	0	41730.4800	41730.4800	0	0	A	0	0	0	0	0	0	0	0	0	0	0	0	0	0	0	0	0	0	0	0
P49588	AARS1	2	968	968	0	106808.9850	106808.9850	0	0	A	0	0	0	0	0	0	0	0	0	0	0	0	0	0	0	0	0	0	0	0
P49589	CARS1	2	748	747	1	85472.1550	85340.9600	0.001534944334	0.001467239443	M	7.209545351e-05	2.219951878e-05	9.348435516e-05	0.0001505147589	8.323399549e-05	4.814140443e-05	4.500993963e-05	5.207279824e-05	0.0001473209976	0.0001522127949	-0.001467239443	5.648454645e-05	5.801035111e-05	7.363530541e-05	0.0001063925435	7.702038389e-05	5.456435037e-05	7.691548769e-05	3.429999104e-05	6.363046699e-05
P49591	SARS1	2	514	514	0	58776.5150	58776.5150	0	0	A	0	0	0	0	0	0	0	0	0	0	0	0	0	0	0	0	0	0	0	0
P49593	PPM1F	2	454	454	0	49829.9750	49829.9750	0	0	A	0	0	0	0	0	0	0	0	0	0	0	0	0	0	0	0	0	0	0	0
P49641	MAN2A2	2	1150	1150	0	130536.4250	130536.4250	0	0	A	0	0	0	0	0	0	0	0	0	0	0	0	0	0	0	0	0	0	0	0
P49674	CSNK1E	2	416	416	0	47314.4450	47314.4450	0	0	A	0	0	0	0	0	0	0	0	0	0	0	0	0	0	0	0	0	0	0	0
P49720	PSMB3	2	205	204	1	22948.6400	22817.4450	0.005716896513	0.005162195787	M	0.0003017524871	0.0001282422667	0.0003944645755	0.0002803145631	0.0003147227804	0.0002383743883	6.568764504e-05	0.000388744691	0.000371364879	0.0004720471247	-0.005162195787	0.0001678115049	0.0002193476222	0.0002474919097	0.0003687653164	0.0001779726617	0.0003278158544	0.0003471940272	4.323148847e-05	0.0003068500008
P49721	PSMB2	2	201	201	0	22835.9300	22835.9300	0	0	A	0	0	0	0	0	0	0	0	0	0	0	0	0	0	0	0	0	0	0	0
P49748	ACADVL	2	655	615	40	70389.2100	66174.3200	0.05987977419	0.01118209603	R	-0.0021404169	0.0006595561465	0.002277168689	0.005034407651	0.003982354472	-0.001628443028	0.001327207821	0.00295819626	0.004547493895	-0.004951721318	-0.001427011782	0.001952165499	-0.003634683698	-0.002494246084	-0.01118209603	-0.0005677471251	0.001422052252	0.004008569675	0.000794077231	-0.0009368836223
P49750	YLPM1	2	2146	2146	0	241641.3850	241641.3850	0	0	A	0	0	0	0	0	0	0	0	0	0	0	0	0	0	0	0	0	0	0	0
P49753	ACOT2	2	483	483	0	53217.7200	53217.7200	0	0	A	0	0	0	0	0	0	0	0	0	0	0	0	0	0	0	0	0	0	0	0
P49754	VPS41	2	854	854	0	98564.6750	98564.6750	0	0	A	0	0	0	0	0	0	0	0	0	0	0	0	0	0	0	0	0	0	0	0
P49755	TMED10	2	219	188	31	24975.6300	21749.6750	0.1291641092	0.03239168742	L	-0.004603155055	0.001894720146	0.007631946091	0.01533895538	-0.001097612576	-0.006084759558	0.004043768991	0.008888785461	0.01295481277	-0.03239168742	-0.001273506595	0.003443524068	-0.01811626455	0.002285361523	-0.008092612954	-0.000150470412	0.006209394292	0.001442806812	0.00106454206	0.00661145153
P49756	RBM25	2	843	843	0	100184.1600	100184.1600	0	0	A	0	0	0	0	0	0	0	0	0	0	0	0	0	0	0	0	0	0	0	0
P49770	EIF2B2	2	351	351	0	38989.0700	38989.0700	0	0	A	0	0	0	0	0	0	0	0	0	0	0	0	0	0	0	0	0	0	0	0
P49773	HINT1	2	126	125	1	13801.6950	13670.5000	0.009505716508	0.009032910921	M	0.0005206418395	0.0001416117752	0.00077783622	0.0005158965126	0.0003861480546	0.000570321672	0.0007253571121	0.0009198687631	0.000768900746	0.0006899015723	-0.009032910921	0.0001544218203	0.000470973695	0.0004270209812	0.0005090122822	0.0003684874907	0.0001392274238	0.0006161619974	0.0001193461404	0.000211774823
P49790	NUP153	2	1475	1474	1	153936.4900	153805.2950	0.0008522670616	0.0008171154773	M	4.043077652e-05	1.55512472e-05	2.56256727e-05	4.856033347e-05	6.739407064e-05	4.370368586e-05	7.823343407e-06	2.705795445e-05	6.500358805e-05	4.148886349e-05	-0.0008171154773	4.118370427e-05	6.174791468e-05	3.885483111e-05	3.274009509e-05	0.0001286235768	7.262468383e-05	4.135051731e-05	6.553061456e-06	1.079755702e-05
P49792	RANBP2	2	3224	3224	0	358194.6650	358194.6650	0	0	A	0	0	0	0	0	0	0	0	0	0	0	0	0	0	0	0	0	0	0	0
P49815	TSC2	2	1807	1807	0	200604.9500	200604.9500	0	0	A	0	0	0	0	0	0	0	0	0	0	0	0	0	0	0	0	0	0	0	0
P49821	NDUFV1	2	464	444	20	50816.4850	48504.7050	0.04549271757	0.007599727055	R	-0.0003760262205	0.001162638886	0.002341558811	0.00376491822	-0.0005467557573	0.001912620791	0.001240669522	0.002727169934	0.002922550395	-0.005512698741	-0.001567717045	0.001267809918	7.925900735e-05	0.001402344395	-0.007599727055	-0.001620063107	0.0002725163879	-0.001337579845	-0.001982388986	0.001448900488
P49841	GSK3B	2	420	420	0	46743.6850	46743.6850	0	0	A	0	0	0	0	0	0	0	0	0	0	0	0	0	0	0	0	0	0	0	0
P49862	KLK7	2	253	224	29	27524.4200	24447.8550	0.111775834	0.02647314439	L	-0.00760096875	0.005733076132	0.002671846754	-0.01144517635	0.002605499192	0.001237817803	0.004282496515	-0.0009874894397	0.004087523704	-0.02647314439	-0.001123300292	0.005209736565	0.002765096268	-0.003929148061	0.00212308154	0.0009040343035	0.004739773743	0.008314995076	0.004026386623	0.002857863058
P49903	SEPHS1	2	392	391	1	42910.0850	42778.8900	0.00305743976	0.002834824693	M	0.0001763194884	6.539720574e-05	0.0001436838574	0.0002117726616	0.0001188837286	0.000144070085	8.374361564e-05	0.0001809338285	0.0001578147492	0.0002832007751	-0.002834824693	0.0001505495925	0.0001449990703	0.0001752897481	0.0001671573785	8.823621008e-05	0.0001928882919	0.0002248276337	4.899092974e-05	7.606584311e-05
P49914	MTHFS	2	203	202	1	23255.3000	23124.1050	0.005641509677	0.005362296765	M	0.0002402508657	7.54003166e-05	0.000276102733	0.0005798924922	0.000239869176	0.0001868703126	0.0001287373074	0.0003809387955	0.0004245592934	0.0005169883654	-0.005362296765	0.0001370349102	0.000191060602	0.0003637835018	0.0005781769628	0.0003705979081	0.0001235513056	0.0002430160419	4.236341107e-05	0.0002631024638
P49915	GMPS	2	693	692	1	76714.5100	76583.3150	0.001710171909	0.001639468177	M	6.529427826e-05	2.959948649e-05	8.50429922e-05	0.0001493057573	9.002503747e-05	7.335864809e-05	4.956581608e-05	0.0001331097409	0.0001318683169	0.0001478997121	-0.001639468177	6.703689475e-05	8.221549218e-05	5.767265667e-05	0.0001145770812	8.097049765e-05	9.625752706e-05	0.0001298900441	1.151333354e-05	4.426486429e-05
P49959	MRE11	2	708	707	1	80592.1150	80460.9200	0.001627888783	0.001557795694	M	5.350066766e-05	1.247305144e-05	0.0001233201413	0.0001539902658	0.0001105377343	5.152151271e-05	4.791665397e-05	8.777307714e-05	0.0001128736004	0.000121531953	-0.001557795694	8.160809955e-05	4.740912555e-05	8.023821891e-05	0.0001554224293	0.000113596288	7.7665918e-05	8.442163946e-05	1.401588294e-05	2.797943452e-05
P50135	HNMT	2	292	292	0	33294.5850	33294.5850	0	0	A	0	0	0	0	0	0	0	0	0	0	0	0	0	0	0	0	0	0	0	0
P50213	IDH3A	2	366	339	27	39591.2550	36639.8100	0.07454790206	0.00512823042	E	-0.00097611102	0.00168921742	0.004871174079	0.00512823042	-0.003989493261	-0.000822501451	-0.001467926305	0.003102302454	-0.0007281188149	0.000261078915	0.0004085291892	0.001052495974	-0.001977923898	-0.001382679666	-0.003599917413	-0.001255999205	0.001364129129	-0.0001751537561	-0.003711721047	0.002210388258
P50225	SULT1A1	2	295	295	0	34164.8700	34164.8700	0	0	A	0	0	0	0	0	0	0	0	0	0	0	0	0	0	0	0	0	0	0	0
P50238	CRIP1	2	77	77	0	8532.8100	8532.8100	0	0	A	0	0	0	0	0	0	0	0	0	0	0	0	0	0	0	0	0	0	0	0
P50395	GDI2	2	445	445	0	50662.6900	50662.6900	0	0	A	0	0	0	0	0	0	0	0	0	0	0	0	0	0	0	0	0	0	0	0
P50402	EMD	2	254	254	0	28993.3450	28993.3450	0	0	A	0	0	0	0	0	0	0	0	0	0	0	0	0	0	0	0	0	0	0	0
P50416	CPT1A	2	773	772	1	88366.3400	88235.1450	0.001484671652	0.001403504321	M	6.618117821e-05	2.077029681e-05	7.225432431e-05	9.037990542e-05	8.495490252e-05	5.254902807e-05	5.097788437e-05	7.308046761e-05	9.189090623e-05	0.0001405393608	-0.001403504321	4.529830991e-05	5.592031559e-05	6.054374663e-05	0.0001194514924	8.557333143e-05	7.487546857e-05	8.033147148e-05	5.251374234e-05	8.541818849e-05
P50440	GATM	2	423	380	43	48454.7500	43723.3750	0.0976452257	0.01396792775	R	-0.001683295556	-0.0002780389257	0.00698262736	0.003950510683	0.002509626451	-0.005409500454	0.0005483387446	0.00530603768	0.006817198723	-0.004007563628	0.000527345305	0.004107386713	0.006487293528	-0.005265381619	-0.01396792775	-0.001744443419	-0.005764383618	-0.001489384264	0.0003249610078	0.002048593037
P50452	SERPINB8	2	374	374	0	42766.4450	42766.4450	0	0	A	0	0	0	0	0	0	0	0	0	0	0	0	0	0	0	0	0	0	0	0
P50453	SERPINB9	2	376	376	0	42403.0250	42403.0250	0	0	A	0	0	0	0	0	0	0	0	0	0	0	0	0	0	0	0	0	0	0	0
P50454	SERPINH1	2	418	400	18	46439.8050	44522.4550	0.04128677974	0.01206517362	L	-0.003813419622	-0.0021483476	0.002566640396	0.0003465703285	-0.001070886335	0.001447616037	0.001745241549	0.001264711573	0.003993671244	-0.01206517362	-0.001207066771	0.00116771532	0.001387571886	0.001526469683	-0.0004294638203	-0.001278107651	0.001818502966	0.002635579084	0.0006563477355	0.001455827615
P50461	CSRP3	1	194	194	0	20968.8150	20968.8150	0	0	A	0	0	0	0	0	0	0	0	0	0	0	0	0	0	0	0	0	0	0	0
P50479	PDLIM4	1	330	330	0	35397.5150	35397.5150	0	0	A	0	0	0	0	0	0	0	0	0	0	0	0	0	0	0	0	0	0	0	0
P50502	ST13	2	369	369	0	41331.1600	41331.1600	0	0	A	0	0	0	0	0	0	0	0	0	0	0	0	0	0	0	0	0	0	0	0
P50552	VASP	2	380	379	1	39829.2050	39698.0100	0.003293939711	0.0031262058	M	0.0002572975894	2.499412787e-05	7.321928954e-05	0.0003035148592	6.815417602e-05	0.0002168069372	4.26745784e-05	7.215758233e-05	0.0002010504872	0.0001623545602	-0.0031262058	0.0001090202765	0.000443337022	0.0002311289823	0.0002755075183	0.000216790434	0.0001228664787	0.0001852795968	7.021432808e-05	4.983697622e-05
P50570	DNM2	2	870	870	0	98062.7350	98062.7350	0	0	A	0	0	0	0	0	0	0	0	0	0	0	0	0	0	0	0	0	0	0	0
P50579	METAP2	2	478	477	1	52891.0250	52759.8300	0.002480477548	0.002379573518	M	0.0001304238665	7.190795063e-05	0.0002053851551	0.0002444989021	7.189568505e-05	0.0001247504423	6.752597334e-05	0.0001297480726	0.0002545052412	0.0001505077642	-0.002379573518	8.886768649e-05	0.0001047713955	6.938678049e-05	0.0001723116127	9.147669401e-05	0.0001319681425	0.0001297856606	3.232098972e-05	0.0001075355033
P50583	NUDT2	2	147	146	1	16828.9600	16697.7650	0.007795787737	0.007608607681	M	0.0005306563411	0.0001924475543	0.0003171191335	0.001051639476	0.0003279796497	0.0002682885051	0.0003696546473	0.000572954776	0.0004644091773	0.0008854755629	-0.007608607681	0.0002098561478	0.0002285870638	0.0004642503397	0.0005533899629	0.0001251917721	0.0002365090858	0.0002791172538	0.0002432835065	0.000287797725
P50747	HLCS	2	726	726	0	80758.8350	80758.8350	0	0	A	0	0	0	0	0	0	0	0	0	0	0	0	0	0	0	0	0	0	0	0
P50851	LRBA	2	2863	2862	1	319103.1300	318971.9350	0.0004111366755	0.0003912021456	M	1.848752809e-05	6.186907789e-06	2.241435646e-05	3.117111713e-05	2.099839668e-05	1.304977186e-05	1.163100899e-05	2.280189922e-05	2.160096211e-05	4.261104917e-05	-0.0003912021456	1.937844186e-05	1.601087235e-05	2.079969273e-05	2.498265569e-05	2.94576175e-05	2.161313054e-05	2.609231871e-05	7.543861554e-06	1.437055714e-05
P50895	BCAM	2	628	597	31	67403.8850	64247.2800	0.04683120268	0.007888744652	A	-0.007888744652	0.001067858254	-0.001036309807	0.002020722619	0.001247933111	0.001881709436	-0.0005063211901	0.0006606186258	0.001380496258	-0.004797972671	-0.0009566079536	0.001330806325	-0.004270415007	-0.001689848222	-4.031286712e-05	0.003771052307	0.003074644087	0.00212522713	0.001028524325	0.00159693989
P50897	PPT1	2	306	279	27	34193.0050	31288.5300	0.08494354328	0.01479884982	L	-0.007868550679	-0.004394486887	0.004386284043	0.00588763417	0.005443803615	0.001996059998	-0.001352814753	0.005248970122	0.005850018618	-0.01479884982	-0.0005985663958	0.004042989171	-0.001465716488	0.002165757497	-0.0006988155362	-0.0008431518335	-0.0007582565274	0.002287655235	-0.008368515257	0.003838551708
P50914	RPL14	2	215	214	1	23431.5000	23300.3050	0.0055990867	0.00531790005	M	0.0008078270499	4.882769004e-05	0.0001877383576	0.0001185872901	0.0002662874255	0.0001361400306	9.378857844e-05	0.0002114469496	0.001089924233	0.0001850160809	-0.00531790005	0.0001064891781	0.0003247831271	0.0004122627134	0.0004563188629	0.0001058786304	0.0002160250492	0.0003540873981	0.000123451521	7.30198841e-05
P50990	CCT8	2	548	547	1	59619.9050	59488.7100	0.002200523466	0.002069122822	M	0.0001518019446	3.753573733e-05	0.0001278278357	0.0001959996867	7.676454832e-05	9.535335082e-05	5.767913153e-05	0.0001341016573	0.0001856894413	0.0002031843292	-0.002069122822	0.0001023279468	6.420172491e-05	6.791192621e-05	9.714184382e-05	9.116016656e-05	0.0001070208434	0.0001814671355	1.898039356e-05	7.297317861e-05
P50991	CCT4	2	539	538	1	57923.4500	57792.2550	0.002264972131	0.002138415168	M	0.0001427873125	3.566698134e-05	0.0001349597701	0.0001588106983	3.782216402e-05	9.330707879e-05	3.044861976e-05	0.0002016494106	0.0001864862662	0.0002445535405	-0.002138415168	8.642972699e-05	6.025222203e-05	8.604114648e-05	0.000153842559	0.0001409320695	0.0001402657913	0.0001686007685	0	3.555904231e-05
P50993	ATP1A2	2	1020	1020	0	112264.0050	112264.0050	0	0	A	0	0	0	0	0	0	0	0	0	0	0	0	0	0	0	0	0	0	0	0
P50995	ANXA11	2	505	505	0	54389.0400	54389.0400	0	0	A	0	0	0	0	0	0	0	0	0	0	0	0	0	0	0	0	0	0	0	0
P51114	FXR1	1	621	620	1	69719.9800	69588.7850	0.001881741791	0.00180371326	M	7.734467067e-05	1.660842134e-05	0.0001185933949	0.000211767653	6.793195251e-05	8.060873631e-05	4.253543367e-05	8.390935619e-05	0.0001269167966	0.0001168737461	-0.00180371326	9.960940454e-05	6.312735389e-05	7.011424095e-05	0.0002149115466	0.0001152445691	9.252976108e-05	0.000128469895	1.866276993e-05	5.79535574e-05
P51116	FXR2	2	673	673	0	74222.4400	74222.4400	0	0	A	0	0	0	0	0	0	0	0	0	0	0	0	0	0	0	0	0	0	0	0
P51149	RAB7A	2	207	206	1	23489.4600	23358.2650	0.005585271011	0.005394779106	M	0.0003251868131	0.0001228459182	0.0003508753587	0.0004176964002	0.0004019726094	0.0001217833355	0	0.0002659904109	0.0005039623	0.0003989856163	-0.005394779106	0.0003482919037	0.0001634248167	0.0003259817223	0.0003532479193	0.0002557255374	0.0003140215832	0.0003800963834	0.0001242370093	0.000220453469
P51151	RAB9A	2	201	200	1	22837.2800	22706.0850	0.005744773458	0.005579228876	M	0.0002294741786	0.0001300327921	0.0004571109839	0.0004105520322	0.0004964041548	0.0001772485618	0.0001332095589	0.0002252413515	0.0003765498952	0.000422327534	-0.005579228876	0.0002552317471	0.0001482734436	0.0002509474049	0.0004113054411	0.0004060294324	0.0003323928368	0.0003520415687	0.0001315052664	0.0002333506926
P51452	DUSP3	2	185	185	0	20478.0000	20478.0000	0	0	A	0	0	0	0	0	0	0	0	0	0	0	0	0	0	0	0	0	0	0	0
P51532	SMARCA4	2	1647	1647	0	184642.9400	184642.9400	0	0	A	0	0	0	0	0	0	0	0	0	0	0	0	0	0	0	0	0	0	0	0
P51553	IDH3G	2	393	354	39	42793.7800	38814.0750	0.09299727671	0.008553816651	A	-0.008553816651	-0.0009188418387	0.003874069779	0.0005214115297	0.002747483468	-0.0007714884967	0.001726445484	0.004732086731	-0.0003937211496	-0.006064600633	0.0007297101366	0.004216995279	-0.003576772471	0.002734468723	0.0002551769276	0.0005909122419	0.002811444786	-0.003955038492	-0.004096224982	0.003390299629
P51570	GALK1	2	392	392	0	42271.5850	42271.5850	0	0	A	0	0	0	0	0	0	0	0	0	0	0	0	0	0	0	0	0	0	0	0
P51571	SSR4	2	173	150	23	18998.2900	16765.6050	0.1175203137	0.03347414892	L	-0.01705755676	-0.00399067422	0.00573836495	0.008155598064	0.006104457483	0.000301551192	0.003822291819	0.008078795004	0.004501940389	-0.03347414892	-0.01258609179	0.004068652878	0.004254532296	0.006300560885	-0.0003731526068	-0.01471785668	0.008070295547	0.01010141929	0.003773389149	0.00892763203
P51572	BCAP31	2	246	245	1	27991.1850	27859.9900	0.004687011286	0.004498056154	M	0.0003052264626	1.729582361e-05	0.000209003098	0.0004830710972	0.0002593931011	9.644748519e-05	6.644388494e-05	0.0001685229337	0.0005217226093	0.0006928165052	-0.004498056154	0.0001886038474	6.574011794e-05	0.0002712029681	0.0002735412447	0.0001950234016	0.0001360368774	0.0003344677676	5.830559752e-05	0.0001551913311
P51589	CYP2J2	2	502	502	0	57609.7350	57609.7350	0	0	A	0	0	0	0	0	0	0	0	0	0	0	0	0	0	0	0	0	0	0	0
P51608	MECP2	2	486	486	0	52440.0450	52440.0450	0	0	A	0	0	0	0	0	0	0	0	0	0	0	0	0	0	0	0	0	0	0	0
P51610	HCFC1	2	2035	2034	1	208729.6800	208598.4850	0.0006285402248	0.0005944063819	M	5.191683954e-05	1.051571324e-05	1.617281285e-05	2.918788641e-05	7.783031347e-06	3.015732775e-05	1.308103545e-05	2.5371173e-05	2.646378452e-05	4.521273138e-05	-0.0005944063819	1.933000659e-05	5.510071561e-05	4.095047767e-05	2.419065363e-05	4.716842689e-05	7.916457859e-05	5.229091286e-05	9.11553583e-06	1.123273877e-05
P51648	ALDH3A2	2	485	485	0	54847.1200	54847.1200	0	0	A	0	0	0	0	0	0	0	0	0	0	0	0	0	0	0	0	0	0	0	0
P51649	ALDH5A1	2	535	488	47	57214.0700	52302.2950	0.08584907524	0.01234722655	R	4.559598786e-05	-0.005371233394	0.003379813272	0.007057035441	0.002655182819	-0.003096967139	0.001532117124	0.002293406776	0.005774545982	-0.002596363786	-0.0005485902567	0.003168543202	-0.00708741111	0.001112002994	-0.01234722655	-0.0005661196965	0.0004684430254	0.005353604866	-0.001327038014	0.0001006584592
P51659	HSD17B4	2	736	736	0	79685.3350	79685.3350	0	0	A	0	0	0	0	0	0	0	0	0	0	0	0	0	0	0	0	0	0	0	0
P51665	PSMD7	2	324	324	0	37024.9650	37024.9650	0	0	A	0	0	0	0	0	0	0	0	0	0	0	0	0	0	0	0	0	0	0	0
P51668	UBE2D1	2	147	147	0	16601.7500	16601.7500	0	0	A	0	0	0	0	0	0	0	0	0	0	0	0	0	0	0	0	0	0	0	0
P51687	SUOX	2	545	466	79	60282.0900	51557.1250	0.1447356089	0.01244153978	E	-0.0009344656335	-0.005451663588	0.002663371093	0.01244153978	-0.0003240055955	0.001173557709	0.001569933172	-0.00117819881	0.00321204471	-0.008228649824	-0.002816147795	0.001017689263	0.005919854992	-0.01032666053	-0.008942459471	-0.004633030097	0.0006839099638	0.006616430338	0.003993658688	0.003543291635
P51692	STAT5B	2	787	787	0	89864.3400	89864.3400	0	0	A	0	0	0	0	0	0	0	0	0	0	0	0	0	0	0	0	0	0	0	0
P51809	VAMP7	2	220	219	1	24934.7250	24803.5300	0.005261537875	0.00503239015	M	0.0002563314025	0.0001307264258	0.0002154137579	0.0003174938763	0.0003267603183	0.0001349954988	0.0001395001442	0.00047175595	0.0003943317965	0.000518931545	-0.00503239015	0.0002851035882	8.281354352e-05	0.000210238361	0.0003445828891	0.0002645710372	0.0003213133839	0.0003159995209	7.344819707e-05	0.0002280789144
P51812	RPS6KA3	2	740	740	0	83734.7550	83734.7550	0	0	A	0	0	0	0	0	0	0	0	0	0	0	0	0	0	0	0	0	0	0	0
P51857	AKR1D1	2	326	326	0	37376.4250	37376.4250	0	0	A	0	0	0	0	0	0	0	0	0	0	0	0	0	0	0	0	0	0	0	0
P51858	HDGF	2	240	240	0	26788.0250	26788.0250	0	0	A	0	0	0	0	0	0	0	0	0	0	0	0	0	0	0	0	0	0	0	0
P51884	LUM	2	338	320	18	38428.4450	36660.3750	0.04600940787	0.005226478347	F	-0.003016294767	0.0008060248894	0.002508793492	0.003425772094	-0.005226478347	-0.004062139491	0.001548218409	-0.0003298223459	0.004052244229	-0.004373449144	-0.002856756701	0.004394685061	0.00229772975	0.001620343311	0.00173831548	-0.003822247317	-0.004165087538	0.0018184789	0.0002264311694	0.003415238865
P51888	PRELP	2	382	362	20	43809.1850	41645.5250	0.04938827326	0.008339698523	L	-0.002686825574	-0.001638999723	0.002340706465	0.002283034486	0.002734158666	-0.0004719080316	0.00176548667	0.0003966626186	0.002117218497	-0.008339698523	-0.002172801916	0.004510269394	0.001053611509	-0.0009186711034	0.001788225579	-0.00186480677	0.001355493214	-0.0004940555275	-0.003818901605	0.002061801674
P51911	CNN1	2	297	297	0	33170.0500	33170.0500	0	0	A	0	0	0	0	0	0	0	0	0	0	0	0	0	0	0	0	0	0	0	0
P51948	MNAT1	2	309	309	0	35822.4900	35822.4900	0	0	A	0	0	0	0	0	0	0	0	0	0	0	0	0	0	0	0	0	0	0	0
P51970	NDUFA8	2	172	171	1	20104.7850	19973.5900	0.006525560955	0.006393845034	M	0.0002239989761	0.0002707845095	0.0004090207168	0.0006576514507	0.0003691886194	0.0001677764372	0.0002600624174	0.0001832226194	0.0006534497763	0.0005496678583	-0.006393845034	0.0001107297666	0.0004502887588	0.0002857864988	0.0005839880516	0.0001761518494	0.0002662252457	0.0002945502307	0.0002282090316	0.0002530922194
P51991	HNRNPA3	2	378	378	0	39594.8550	39594.8550	0	0	A	0	0	0	0	0	0	0	0	0	0	0	0	0	0	0	0	0	0	0	0
P52179	MYOM1	1	1685	1685	0	187624.1600	187624.1600	0	0	A	0	0	0	0	0	0	0	0	0	0	0	0	0	0	0	0	0	0	0	0
P52209	PGD	2	483	483	0	53139.2600	53139.2600	0	0	A	0	0	0	0	0	0	0	0	0	0	0	0	0	0	0	0	0	0	0	0
P52272	HNRNPM	2	730	729	1	77515.0650	77383.8700	0.001692509708	0.001477775224	M	9.560440475e-05	1.101859449e-05	6.052224028e-05	0.0001685926805	7.210940734e-05	0.0001775034095	2.821946079e-05	9.304564629e-05	0.0001063590841	0.0001002030037	-0.001477775224	7.449501126e-05	7.957360477e-05	3.721294747e-05	0.0001710956003	6.116574948e-05	3.033260095e-05	8.310053719e-05	1.114336761e-05	1.647787335e-05
P52294	KPNA1	2	538	538	0	60220.8550	60220.8550	0	0	A	0	0	0	0	0	0	0	0	0	0	0	0	0	0	0	0	0	0	0	0
P52306	RAP1GDS1	2	607	607	0	66315.8100	66315.8100	0	0	A	0	0	0	0	0	0	0	0	0	0	0	0	0	0	0	0	0	0	0	0
P52434	POLR2H	2	150	149	1	17143.0750	17011.8800	0.00765294441	0.007297229742	M	0.0002725648925	4.63351139e-05	0.0009162237198	0.0006189347837	0.0005053877495	0.0003157985062	0.0001186677604	0.0004013058363	0.0004472585211	0.0008026116726	-0.007297229742	0.0002021061489	0.0001761162649	0.000167664581	0.0005995723966	0.0003617052994	0.0002733297508	0.0004480157307	0	0.0006236310135
P52564	MAP2K6	2	334	334	0	37491.8550	37491.8550	0	0	A	0	0	0	0	0	0	0	0	0	0	0	0	0	0	0	0	0	0	0	0
P52565	ARHGDIA	2	204	203	1	23206.7950	23075.6000	0.005653301113	0.00546123857	M	0.0002407980612	2.51906828e-05	0.0004150973771	0.0006729837696	0.0001717253587	0.0001716879344	9.677288965e-05	0.0002727188728	0.0005774999377	0.0004363501965	-0.00546123857	0.0001648164251	0.0002393697021	0.0002430747035	0.0003259652731	0.0003277429253	0.0002476654123	0.000365354303	0.000127379694	0.0003390450508
P52566	ARHGDIB	2	201	200	1	22987.7500	22856.5550	0.005707170123	0.005484690093	M	0.0001323450178	2.5712237e-05	0.0005084299885	0.0006556938761	0.0001752808035	0.0001752426044	0.0001646274996	0.0001670191876	0.0007135527759	0.0005010575627	-0.005484690093	0.000140190688	0.0003420559413	0.0001240536915	0.0002218094265	0.0002230190646	0.0003791897084	0.0003977799359	0.0001300169951	0.0003076130883
P52597	HNRNPF	2	415	415	0	45671.3700	45671.3700	0	0	A	0	0	0	0	0	0	0	0	0	0	0	0	0	0	0	0	0	0	0	0
P52630	STAT2	2	851	851	0	97914.5500	97914.5500	0	0	A	0	0	0	0	0	0	0	0	0	0	0	0	0	0	0	0	0	0	0	0
P52758	RIDA	2	137	136	1	14493.4700	14362.2750	0.009052007559	0.00864984109	M	0.0008408801572	6.353190896e-05	0.0003489640592	0.0004628978095	0.0003464785752	0.0004330038335	0	0.0008253694782	0.0006132538641	0.0006878078985	-0.00864984109	0.0004156736124	0.0003622199742	0.0005364136038	0.0004567208048	0.0006061592229	0.0004996976557	0.0006757213147	0	0.000475047317
P52788	SMS	2	366	365	1	41267.6950	41136.5000	0.003179121102	0.003030919235	M	0.0001048614995	6.338169532e-05	0.0002611042314	0.0002597643802	9.721669718e-05	0.0001472659252	5.072667355e-05	0.0002058544976	0.0002581047696	0.0003430908293	-0.003030919235	9.503330868e-05	9.034088703e-05	0.0001337863294	0.00015947433	0.0001374377344	0.0001324183603	0.0001991728972	6.677023057e-05	0.0002251139589
P52789	HK2	2	917	917	0	102378.7000	102378.7000	0	0	A	0	0	0	0	0	0	0	0	0	0	0	0	0	0	0	0	0	0	0	0
P52888	THOP1	2	689	689	0	78838.6600	78838.6600	0	0	A	0	0	0	0	0	0	0	0	0	0	0	0	0	0	0	0	0	0	0	0
P52895	AKR1C2	2	323	323	0	36734.8000	36734.8000	0	0	A	0	0	0	0	0	0	0	0	0	0	0	0	0	0	0	0	0	0	0	0
P52907	CAPZA1	2	286	285	1	32922.2750	32791.0800	0.003984991924	0.003874446031	M	0.0001935055646	3.759462215e-05	0.0002890963144	0.0003347874124	0.0002562832466	0.0001009380645	0.0001283769259	0.0002442036937	0.000302407715	0.0002306368218	-0.003874446031	0.0002459723413	0.0001190785971	0.0002569586425	0.0002522443174	0.0001739108107	0.0002094492507	0.0002059853905	0.000105612052	0.0001874042475
P52943	CRIP2	2	208	208	0	22492.5850	22492.5850	0	0	A	0	0	0	0	0	0	0	0	0	0	0	0	0	0	0	0	0	0	0	0
P52948	NUP98	2	1817	1817	0	197576.4000	197576.4000	0	0	A	0	0	0	0	0	0	0	0	0	0	0	0	0	0	0	0	0	0	0	0
P53004	BLVRA	2	296	294	2	33428.0650	33182.7650	0.007338145358	0.003710471472	M	0.0002859459951	0.0001143761324	0.0001759066401	0.0009722443262	0.0004990107182	0.0002976403788	0.0002050481985	0.0002724164579	0.0006348215193	0.000965840169	-0.003710471472	-0.003185708859	0.0001956307645	0.0003035064509	0.000493339112	0.0005158707192	0.0001349404249	0.0005087170189	0.0001156713128	0.0002052539924
P53007	SLC25A1	2	311	298	13	34012.3100	32737.7950	0.03747216816	0.01162797236	A	-0.01162797236	0.0007272159908	0.001464615566	0.001618999912	0.002148226207	0.002553278792	0.00108643244	0.002099459041	0.002924829583	0.0004926414711	-0.002872643315	0.001321665246	-0.007110251729	0.001608106077	-0.005313428399	0.001261524075	0.002144915042	0.00304697258	0.0006128757413	0.00181253804
P53041	PPP5C	2	499	498	1	56877.9500	56746.7550	0.002306605635	0.002193882101	M	0.0001106141479	4.178673926e-05	0.0001423046095	0.0002029740161	0.0001253388347	8.543967237e-05	6.956236692e-05	0.0001085737852	0.000196635303	0.0001945280318	-0.002193882101	0.0001048034597	8.735553022e-05	0.0001058443344	0.0001381831871	9.061093656e-05	9.038296499e-05	0.0001090900839	2.112996342e-05	0.000168724134
P53367	ARFIP1	2	373	372	1	41737.5900	41606.3950	0.00314332955	0.003032768684	M	0.0001648053662	7.728650288e-06	0.0001613154813	0.0002815573581	0.0001369845216	9.577249539e-05	9.896831398e-05	0.0001506091701	0.0002797585141	0.0003681557491	-0.003032768684	0.0001685555094	0.0001101600579	0.0002330523591	0.0001666801189	0.0001809962379	0.0001671674653	0.0001419842872	2.605389504e-05	9.246313276e-05
P53384	NUBP1	2	320	320	0	34534.0550	34534.0550	0	0	A	0	0	0	0	0	0	0	0	0	0	0	0	0	0	0	0	0	0	0	0
P53396	ACLY	2	1101	1101	0	120837.7400	120837.7400	0	0	A	0	0	0	0	0	0	0	0	0	0	0	0	0	0	0	0	0	0	0	0
P53582	METAP1	2	386	385	1	43214.6850	43083.4900	0.003035889305	0.002904218809	M	0.0001378302217	0.0001153510083	0.0001663180935	0.0002188685655	0.0001081231242	0.0001340077201	0.0001477113647	0.0001561013511	0.0001913738063	0.0002029317565	-0.002904218809	9.433915001e-05	0.0001438632765	0.0001217416789	0.0002280410224	0.0001375707867	0.0001772012746	0.000188212388	7.291076754e-05	0.000161721452
P53597	SUCLG1	2	346	306	40	36249.3050	32225.7150	0.1109977143	0.0122851457	A	-0.0122851457	0.002511993696	-0.0007690608153	0.008279728124	0.001002584796	0.003812659765	0.0004821200969	0.004311745259	0.009092811779	-0.01076352265	-0.004817841479	0.001193191602	0.003085731039	0.003484022634	-0.007663187169	-0.007704978373	-0.0006535939109	0.004180809194	0	0.003219932116
P53602	MVD	2	400	399	1	43403.9250	43272.7300	0.003022652905	0.002896941668	M	0.0002396102105	6.375588876e-05	0.0001634240166	0.000180650455	0.0001352166957	0.0001185082841	9.071316295e-05	0.0001303772961	0.0001282116399	0.0002837623504	-0.002896941668	8.497277085e-05	0.0001817484848	0.0001110787504	0.0002648134435	0.0001843321875	0.0001601883953	0.0002191849857	7.16420579e-05	8.47505923e-05
P53609	PGGT1B	2	377	377	0	42367.6900	42367.6900	0	0	A	0	0	0	0	0	0	0	0	0	0	0	0	0	0	0	0	0	0	0	0
P53618	COPB1	2	953	952	1	107140.6500	107009.4550	0.001224511892	0.001161531333	M	6.461464413e-05	2.343311343e-05	7.465291724e-05	0.0001024411549	4.472831306e-05	2.105257137e-05	3.300769481e-05	8.498652185e-05	9.754555663e-05	0.0001484092993	-0.001161531333	5.621626347e-05	4.342040262e-05	4.804948691e-05	7.075191115e-05	6.19914738e-05	5.759641119e-05	8.043431658e-05	7.899488981e-06	4.029979115e-05
P53621	COPA	2	1224	1224	0	138343.8450	138343.8450	0	0	A	0	0	0	0	0	0	0	0	0	0	0	0	0	0	0	0	0	0	0	0
P53634	CTSC	2	463	343	120	51853.2400	38609.0600	0.2554166336	0.01326478061	L	-0.008086214294	0.004287278184	0.007064667295	0.003760725302	0.01151304339	0.003368040013	-0.001440927958	-0.004757178291	-0.01175403823	-0.01326478061	-0.0006126984236	-0.000329526807	-0.000349019595	-0.0005215596771	-0.006411370371	-0.0001491638292	-0.002212611517	0.007013895253	0.007116634548	0.005764805609
P53680	AP2S1	2	142	142	0	17017.5050	17017.5050	0	0	A	0	0	0	0	0	0	0	0	0	0	0	0	0	0	0	0	0	0	0	0
P53701	HCCS	2	268	267	1	30601.1450	30469.9500	0.004287257879	0.004071005136	M	0.0002448547268	0.0001013465576	0.0002226679898	0.0003692089557	9.869734151e-05	0.0001255874229	9.269866539e-05	0.0002037649903	0.0003144429547	0.0001880907603	-0.004071005136	0.0002052407602	0.0003301805173	0.0001571677043	0.0003122418468	0.0002637135129	0.0001281087788	0.0001819857331	0.0002928405509	0.0002381653664
P53708	ITGA8	2	1063	1025	38	117471.9900	113764.6400	0.03155943813	0.004309750885	A	-0.004309750885	-0.002101030944	0.001909635373	0.002218264393	0.001888000021	-0.0009020601549	0.0008300320162	0.001176902572	0.001706393889	-0.001994138004	-0.001640300002	0.001799189781	-0.00245020751	-0.000469343938	-0.000686545253	-0.001339454127	0.001419388063	0.002307531804	-0.0009487040418	0.001586196946
P53778	MAPK12	2	367	367	0	41939.6000	41939.6000	0	0	A	0	0	0	0	0	0	0	0	0	0	0	0	0	0	0	0	0	0	0	0
P53814	SMTN	2	917	916	1	99057.1100	98925.9150	0.001324437993	0.001262824416	M	9.668371422e-05	1.219984764e-05	4.765194881e-05	0.0001382716527	3.511478284e-05	5.459242741e-05	1.90940079e-05	2.348048883e-05	6.542297518e-05	0.0001129998525	-0.001262824416	3.251950143e-05	9.402947203e-05	7.684570402e-05	0.0001734565843	0.0001211019816	8.529376623e-05	5.504833859e-05	6.854442844e-06	1.216292722e-05
P53985	SLC16A1	2	500	500	0	53943.5650	53943.5650	0	0	A	0	0	0	0	0	0	0	0	0	0	0	0	0	0	0	0	0	0	0	0
P53990	IST1	2	364	364	0	39749.9750	39749.9750	0	0	A	0	0	0	0	0	0	0	0	0	0	0	0	0	0	0	0	0	0	0	0
P53992	SEC24C	2	1094	1094	0	118323.1650	118323.1650	0	0	A	0	0	0	0	0	0	0	0	0	0	0	0	0	0	0	0	0	0	0	0
P53999	SUB1	2	127	126	1	14395.1400	14263.9450	0.00911383981	0.008629923117	M	0.0001448911646	0	0.0007937110566	0.0007178528583	0.0001791040632	0.0002848761855	0	0.0004266556081	0.001505784965	0.0004977648761	-0.008629923117	0.0001432485552	0.0003744824286	0.0005545731417	0.0007554919258	0.001196388904	0.0001291535565	0.0005080704885	0.0002214215859	0.0001964517538
P54136	RARS1	2	660	660	0	75377.9650	75377.9650	0	0	A	0	0	0	0	0	0	0	0	0	0	0	0	0	0	0	0	0	0	0	0
P54284	CACNB3	2	484	484	0	54530.9350	54530.9350	0	0	A	0	0	0	0	0	0	0	0	0	0	0	0	0	0	0	0	0	0	0	0
P54289	CACNA2D1	2	1103	1079	24	124566.3900	122134.5100	0.01952276212	0.004630302011	L	-0.001051799014	-0.0005164154048	0.001435918732	0.0002799097975	-3.289679578e-05	-0.0003769891287	0.0002391142977	0.0003230579946	0.001351831873	-0.004630302011	-0.0006986880702	0.001425346227	2.546410859e-05	-9.052896691e-05	0.001171522053	-0.001167076024	-0.0006816489146	0.001263845826	0.000486416472	0.001243916949
P54296	MYOM2	1	1465	1465	0	164867.1200	164867.1200	0	0	A	0	0	0	0	0	0	0	0	0	0	0	0	0	0	0	0	0	0	0	0
P54577	YARS1	2	528	528	0	59142.7750	59142.7750	0	0	A	0	0	0	0	0	0	0	0	0	0	0	0	0	0	0	0	0	0	0	0
P54578	USP14	2	494	494	0	56068.3350	56068.3350	0	0	A	0	0	0	0	0	0	0	0	0	0	0	0	0	0	0	0	0	0	0	0
P54619	PRKAG1	2	331	331	0	37578.8700	37578.8700	0	0	A	0	0	0	0	0	0	0	0	0	0	0	0	0	0	0	0	0	0	0	0
P54646	PRKAA2	2	552	552	0	62318.7250	62318.7250	0	0	A	0	0	0	0	0	0	0	0	0	0	0	0	0	0	0	0	0	0	0	0
P54652	HSPA2	2	639	639	0	70020.1300	70020.1300	0	0	A	0	0	0	0	0	0	0	0	0	0	0	0	0	0	0	0	0	0	0	0
P54725	RAD23A	2	363	363	0	39608.5900	39608.5900	0	0	A	0	0	0	0	0	0	0	0	0	0	0	0	0	0	0	0	0	0	0	0
P54727	RAD23B	2	409	409	0	43170.4700	43170.4700	0	0	A	0	0	0	0	0	0	0	0	0	0	0	0	0	0	0	0	0	0	0	0
P54819	AK2	2	239	239	0	26477.3800	26477.3800	0	0	A	0	0	0	0	0	0	0	0	0	0	0	0	0	0	0	0	0	0	0	0
P54868	HMGCS2	2	508	471	37	56634.6250	52382.6200	0.07507783445	0.008319232206	R	9.697713888e-05	0.001340186894	0.004907529315	0.001741109831	0.001548780639	0.003136959597	-0.001024250306	0.0004237561392	0.002808020166	-0.006384019065	0.0001152678659	0.002922837444	-0.00242165207	-0.005295963978	-0.008319232206	0.002228913952	-0.002852762569	-0.001600253492	0.001505958883	0.005121835823
P54886	ALDH18A1	2	795	795	0	87300.9500	87300.9500	0	0	A	0	0	0	0	0	0	0	0	0	0	0	0	0	0	0	0	0	0	0	0
P55010	EIF5	2	431	431	0	49222.2000	49222.2000	0	0	A	0	0	0	0	0	0	0	0	0	0	0	0	0	0	0	0	0	0	0	0
P55011	SLC12A2	2	1212	1212	0	131445.2050	131445.2050	0	0	A	0	0	0	0	0	0	0	0	0	0	0	0	0	0	0	0	0	0	0	0
P55036	PSMD4	2	377	377	0	40736.1100	40736.1100	0	0	A	0	0	0	0	0	0	0	0	0	0	0	0	0	0	0	0	0	0	0	0
P55039	DRG2	2	364	364	0	40745.9150	40745.9150	0	0	A	0	0	0	0	0	0	0	0	0	0	0	0	0	0	0	0	0	0	0	0
P55042	RRAD	2	308	308	0	33244.9050	33244.9050	0	0	A	0	0	0	0	0	0	0	0	0	0	0	0	0	0	0	0	0	0	0	0
P55060	CSE1L	2	971	971	0	110414.8000	110414.8000	0	0	A	0	0	0	0	0	0	0	0	0	0	0	0	0	0	0	0	0	0	0	0
P55061	TMBIM6	2	237	237	0	26537.2800	26537.2800	0	0	A	0	0	0	0	0	0	0	0	0	0	0	0	0	0	0	0	0	0	0	0
P55072	VCP	2	806	805	1	89320.6150	89189.4200	0.00146880986	0.001397862036	M	8.027499592e-05	2.015479974e-05	0.0001143951788	0.0001386909504	7.098775203e-05	6.55609053e-05	2.150749133e-05	0.0001072814184	9.524748141e-05	0.0001254647096	-0.001397862036	5.860794853e-05	6.862698776e-05	5.2672075e-05	0.0001400599996	5.82719243e-05	5.28411961e-05	8.607085936e-05	8.49292919e-06	3.265243352e-05
P55084	HADHB	2	474	441	33	51293.7450	47484.2700	0.07426782739	0.004825523381	V	0.003531906559	-0.001381623098	0.003890820306	0.003909954181	-0.001352977714	0.003491201357	0.001855387929	-0.001771503156	0.001522122214	-0.003470157403	0.00107417538	0.0002489298202	-0.002408803834	8.116291536e-05	-0.004339094275	-0.004595486574	-0.001859165825	0.004825523381	-0.002871491796	-0.0003808803681
P55087	AQP4	2	323	323	0	34829.2900	34829.2900	0	0	A	0	0	0	0	0	0	0	0	0	0	0	0	0	0	0	0	0	0	0	0
P55145	MANF	2	182	158	24	20699.8650	18161.8450	0.1226104615	0.01899496317	K	-0.01280306918	0.005724629187	0.01100535864	0.01129646851	0.002926867867	-0.003605916342	0.00183265149	0.01007107847	0.01899496317	-0.01027715838	-0.01157337966	0.003121236415	-0.0007251849913	-0.003509848237	-0.01255129799	-0.004427230398	-4.678706808e-05	-0.005627189283	-0.007317029688	0.007490837464
P55196	AFDN	2	1824	1824	0	206800.9450	206800.9450	0	0	A	0	0	0	0	0	0	0	0	0	0	0	0	0	0	0	0	0	0	0	0
P55209	NAP1L1	2	391	387	4	45373.5800	44857.9600	0.0113638818	0.005103412092	Q	0.0003664111212	0.0001311340142	0.001210078188	0.001974599449	0.0006793967125	0.0002762494514	0.0002015065267	0.0005678721904	-0.00168234428	0.0007666274571	-0.002653758317	0.0003717902567	0.0005233519978	-0.005103412092	0.0005279128985	0.0002957269004	0.0004641338857	0.0005578931907	0.0001326189587	0.0003922114896
P55210	CASP7	2	303	272	31	34276.3900	31038.1950	0.0944730469	0.01637425213	D	-0.0006927882623	0.0001737888961	-0.01637425213	-0.008944606845	0.007473419273	-0.002673671821	0.002890257209	-0.001369090843	0.009726225803	0.006981539304	-0.001374320983	-0.002433821972	0.0004715300308	-0.003858836487	0.006953862241	-0.002903841406	0.001438898087	-0.0009109905144	0.00108696345	0.004339736967
P55263	ADK	2	362	361	1	40544.8650	40413.6700	0.003235798171	0.003100793592	M	0.0002349543632	5.735182645e-05	0.0001890110953	0.0002885288079	0.0002345810881	9.645171747e-05	0.000104916001	0.0002217504326	0.0003361139453	0.0002394904672	-0.003100793592	0.0001340138774	0.0001089949782	0.0001581171705	0.0001413576593	0.0001137028428	0.0001530482028	0.0001505171001	2.761965287e-05	0.0001102723635
P55265	ADAR	2	1226	1226	0	136064.5150	136064.5150	0	0	A	0	0	0	0	0	0	0	0	0	0	0	0	0	0	0	0	0	0	0	0
P55287	CDH11	2	796	743	53	87964.1350	81901.1800	0.06892530689	0.00764840685	H	-1.933396943e-05	-0.003117286476	0.006613938126	-0.000349803927	0.000220004195	-0.0008583393181	-0.00764840685	0.005384462489	-0.002032067569	-0.003443412165	-0.001950399567	0.002514264887	0.001894501446	-0.001865576152	-0.004500837599	9.641879255e-05	0.00420352608	0.002518313828	0.0005882897001	0.001751744049
P55290	CDH13	2	713	555	158	78285.8400	60813.7800	0.2231828898	0.01761078103	L	-0.0007976538364	-0.003792505333	0.006977450345	0.004215031105	-0.009284312607	0.0009757246799	-0.000709970175	0.004797293903	-0.0008629107163	-0.01761078103	0.001894889625	0.008148370969	0.004222099496	-0.006609678616	-0.004320658736	-0.005063208304	0.007927208489	0.0039504292	0.001929899135	0.004013282406
P55327	TPD52	2	224	224	0	24326.6850	24326.6850	0	0	A	0	0	0	0	0	0	0	0	0	0	0	0	0	0	0	0	0	0	0	0
P55735	SEC13	2	322	321	1	35539.9650	35408.7700	0.00369147803	0.003571585012	M	0.0001796994176	9.562944797e-05	0.0002684700021	0.0002193512083	5.794735523e-05	0.0001777542751	0.0001768825567	0.000241570383	0.0002051292175	0.0001955569767	-0.003571585012	0.0001853866353	0.0001009667505	0.0001666104855	0.0001374929831	0.0003133503497	0.0001566988533	0.0002773932774	0.0003044647846	0.0001112300518
P55769	SNU13	2	128	128	0	14173.3250	14173.3250	0	0	A	0	0	0	0	0	0	0	0	0	0	0	0	0	0	0	0	0	0	0	0
P55786	NPEPPS	2	919	919	0	103274.7900	103274.7900	0	0	A	0	0	0	0	0	0	0	0	0	0	0	0	0	0	0	0	0	0	0	0
P55809	OXCT1	2	520	481	39	56156.9850	52089.3100	0.07243399908	0.008205853399	S	-0.003673814252	-0.004822407262	0.003989551685	0.006350527008	0.001043298531	-8.364347104e-05	-0.003248761244	0.005189846227	0.00184659861	-0.003721219578	0.0002267833762	0.003009734577	0.002898770487	0.002277815201	-0.003800611875	-0.008205853399	-6.636213048e-05	0.003549061893	-0.002382983275	-0.0003763311094
P55822	SH3BGR	2	239	239	0	26085.2900	26085.2900	0	0	A	0	0	0	0	0	0	0	0	0	0	0	0	0	0	0	0	0	0	0	0
P55854	SUMO3	2	103	92	11	11636.8900	10524.7050	0.0955740752	0.02003704528	S	-0.004475062842	0.0009686292663	0.007448595967	-0.0003329603314	-0.006976994679	-0.001370199652	-0.009033676846	0.00524327752	0.009349878669	-0.00449146431	0.004771514454	0.003168751205	-0.004862651476	0.01051501592	0.006963321979	-0.02003704528	0.005713921337	-0.004011397758	0	0.001448546853
P55884	EIF3B	2	814	814	0	92480.2350	92480.2350	0	0	A	0	0	0	0	0	0	0	0	0	0	0	0	0	0	0	0	0	0	0	0
P55957	BID	2	195	195	0	21994.3200	21994.3200	0	0	A	0	0	0	0	0	0	0	0	0	0	0	0	0	0	0	0	0	0	0	0
P56134	ATP5MF	2	94	93	1	10917.7450	10786.5500	0.0120166756	0.01156437311	M	0.00033930893	0.0002307255021	0.0002534628948	0.0005603605666	0.0007864300448	0.0005003464184	0.000443179205	0.0006244689689	0.001391951186	0.001124044144	-0.01156437311	0.0002515966766	0.0005481063688	0.000139147511	0.0008293244979	0.0009005549981	0.0001134203607	0.0007808123473	0.0001944485063	0.001552683986
P56181	NDUFV3	2	108	74	34	11940.3350	8369.1150	0.2990887609	0.03631992601	L	-0.03021899322	-0.008736697736	0.01243903836	0.01230768894	0.003526405613	-0.009223847372	0.01449975057	0	0.02589143805	-0.03631992601	-0.01687049044	0.0164632682	0.02756354475	-0.008851075611	-0.02140394581	0.01758193477	-0.002335833351	-0.01324561326	0	0.01693335357
P56192	MARS1	2	900	900	0	101114.2250	101114.2250	0	0	A	0	0	0	0	0	0	0	0	0	0	0	0	0	0	0	0	0	0	0	0
P56199	ITGA1	2	1179	1151	28	130846.2900	127835.5500	0.02300974678	0.003443685563	R	-0.001567101016	-0.002753371805	0.001242670079	0.001671285444	0.001285228339	0.0004408469565	0.0005311302005	0.001612457013	0.001637859704	-0.0006895157046	-0.0004007564899	0.001459665857	-0.001483030344	0.0009550913881	-0.003443685563	0.0009441915983	0.0007922086074	-0.002302409869	-0.001088729217	0.001155964821
P56211	ARPP19	2	112	111	1	12322.8050	12191.6100	0.01064652082	0.01008887039	M	0.0008512998685	0	0.0006848356351	0.001081462563	0.0002428421135	0.0003862555306	0.0002280825347	9.64150373e-05	0.001719285117	0.0007713202984	-0.01008887039	0.0001942266483	0.000846250152	0.0007519299753	0.0005121750247	0.0005407165807	0.0004377890998	0.0003444391742	0	0.0003995450318
P56277	CMC4	2	68	68	0	7746.8550	7746.8550	0	0	A	0	0	0	0	0	0	0	0	0	0	0	0	0	0	0	0	0	0	0	0
P56377	AP1S2	2	157	157	0	18614.4800	18614.4800	0	0	A	0	0	0	0	0	0	0	0	0	0	0	0	0	0	0	0	0	0	0	0
P56385	ATP5ME	2	69	69	0	7933.0900	7933.0900	0	0	A	0	0	0	0	0	0	0	0	0	0	0	0	0	0	0	0	0	0	0	0
P56524	HDAC4	2	1084	1084	0	119037.6150	119037.6150	0	0	A	0	0	0	0	0	0	0	0	0	0	0	0	0	0	0	0	0	0	0	0
P56537	EIF6	2	245	245	0	26598.7800	26598.7800	0	0	A	0	0	0	0	0	0	0	0	0	0	0	0	0	0	0	0	0	0	0	0
P56539	CAV3	1	151	151	0	17259.0900	17259.0900	0	0	A	0	0	0	0	0	0	0	0	0	0	0	0	0	0	0	0	0	0	0	0
P56556	NDUFA6	2	128	128	0	15136.3750	15136.3750	0	0	A	0	0	0	0	0	0	0	0	0	0	0	0	0	0	0	0	0	0	0	0
P56945	BCAR1	2	870	870	0	93370.2950	93370.2950	0	0	A	0	0	0	0	0	0	0	0	0	0	0	0	0	0	0	0	0	0	0	0
P57053	H2BC12L	2	126	125	1	13944.0250	13812.8300	0.009408689385	0.009041494722	M	0.0006649357639	0	0.0002292485995	0.0005912983349	0.0001896798205	0.0003016975872	0.000267227049	0.0004518488174	0.001594698729	0.0004518488174	-0.009041494722	0.0002275606684	0.0004626940617	0.0002517084172	0.0009001150872	0.0007843540175	0.0005471193223	0.0006053299797	0	0.0005201296487
P57088	TMEM33	2	247	246	1	27977.6600	27846.4650	0.004689277088	0.004454859613	M	0.0002924274631	0.0001037461232	9.497502608e-05	0.0001049862929	0.0004243435643	7.499387897e-05	0.0001328508667	0.0002059152755	0.0001251786542	0.0008236611022	-0.004454859613	0.0001885514718	0.0002300265162	0.0002294157076	0.0003977676825	0.0002999526819	0.000220998537	0.0002173436754	2.914470297e-05	0.0002585803903
P57105	SYNJ2BP	2	145	145	0	15927.8400	15927.8400	0	0	A	0	0	0	0	0	0	0	0	0	0	0	0	0	0	0	0	0	0	0	0
P57737	CORO7	2	925	925	0	100603.4200	100603.4200	0	0	A	0	0	0	0	0	0	0	0	0	0	0	0	0	0	0	0	0	0	0	0
P57740	NUP107	2	925	925	0	106372.3700	106372.3700	0	0	A	0	0	0	0	0	0	0	0	0	0	0	0	0	0	0	0	0	0	0	0
P57772	EEFSEC	2	596	596	0	65303.7350	65303.7350	0	0	A	0	0	0	0	0	0	0	0	0	0	0	0	0	0	0	0	0	0	0	0
P58107	EPPK1	2	5088	5088	0	555648.9450	555648.9450	0	0	A	0	0	0	0	0	0	0	0	0	0	0	0	0	0	0	0	0	0	0	0
P58511	SMIM11	2	58	58	0	6886.1850	6886.1850	0	0	A	0	0	0	0	0	0	0	0	0	0	0	0	0	0	0	0	0	0	0	0
P58546	MTPN	2	118	117	1	12894.6150	12763.4200	0.01017440226	0.009845850023	M	0.0007158621556	0.0002433883117	0.0009803698339	0.0007881527965	0.0003318365403	0.0005026730649	0.0004155573519	0.0003513287647	0.001174676041	0.00149314725	-0.009845850023	0.0003538732667	0.0003083668574	0.0002935685695	0.0002332906565	0.0002111066167	0.0003988172072	0.0005491102263	0.000136746894	0.0003639776181
P58876	H2BC5	2	126	125	1	13936.0050	13804.8100	0.00941410397	0.009045888456	M	0.0006143980198	0	0.0002294768673	0.0005918871034	0.0001898686888	0.000301997994	0.0002674931327	0.000452298733	0.001680301689	0.000452298733	-0.009045888456	0.0002277872555	0.0003969898081	0.0002519590487	0.0008008989789	0.000845530017	0.0006161221134	0.0006059327199	0	0.000520647553
P59998	ARPC4	2	168	167	1	19666.7650	19535.5700	0.006670898849	0.00627518668	M	0.0002862739767	7.078634479e-05	0.0001555243066	0.0008166106935	0.0005308070289	4.385878923e-05	0.0002266115342	0.0004981247235	0.0005551639348	0.0005747592963	-0.00627518668	0.0003087583979	0.0001345267725	0.0002134515605	0.0006106461503	0.0003683857861	0.0002087834943	0.000513326611	0	0.000158787279
P60033	CD81	2	236	236	0	25809.1250	25809.1250	0	0	A	0	0	0	0	0	0	0	0	0	0	0	0	0	0	0	0	0	0	0	0
P60174	TPI1	2	249	248	1	26669.1800	26537.9850	0.004919348851	0.004745914544	M	0.0003857628007	9.368339587e-05	0.0002469975568	0.0003867973698	0.0002043652712	0.000290228315	9.597212856e-05	0.0003042699993	0.00045214842	0.0003042699993	-0.004745914544	0.0001634526281	0.0001780417525	0.0002485965768	0.000215512018	0.0001950185818	0.0002578968729	0.0004529139083	0.0001579070907	0.000112079858
P60228	EIF3E	2	445	444	1	52220.0000	52088.8050	0.002512351589	0.002397791513	M	0.0001028963994	3.49840828e-05	0.0001647071672	0.0001820688618	0.0001703479649	3.406216816e-05	5.759800974e-05	0.0001298550811	0.0001567848886	0.0002813526757	-0.002397791513	0.0001362453727	6.173693214e-05	0.0001507031393	0.0001868248689	0.0001040365211	0.0001179258768	0.0001256402606	5.054319712e-05	0.0001494780447
P60468	SEC61B	2	96	95	1	9974.3550	9843.1600	0.01315323146	0.01227307964	M	0.0008874318005	0.0001340981491	0.0001473131698	0.0001628413724	0.0005484897636	0.001080123182	0.0001717177933	0.0002903541469	0.0006472039756	0.0007258853673	-0.01227307964	0.0002924570396	0.0008919696216	0.0001617456546	0.001542416479	0.001512057349	0.001186562758	0.001037279509	0.0004520555301	0.0004010769831
P60520	GABARAPL2	2	117	116	1	13666.6600	13519.4850	0.01076890769	0.00981752176	F	0.0002995338425	8.147159133e-05	0.0007160032226	0.0008904113329	-0.00981752176	0.0002523965154	0.0002086549587	0.0007938235203	0.001179630103	0.0006174182935	0.0004013329859	8.884142165e-05	0.000387084199	0.0004913444353	0.000702823599	0.0006359908039	0.0003203993384	0.0008665266274	0.0002746472166	0.0006091877531
P60602	ROMO1	2	79	78	1	8182.8300	8051.6350	0.0160329617	0.0133480774	M	0.0008813203344	0.0007990479419	0.0002194480049	0.000242579902	0.001634137457	0.002104112316	0	0.0008650637054	0.0004820601627	0.000648797779	-0.0133480774	0	0.0005694601532	0.0007228429323	0.001436057192	0.0006930665914	0.00078559418	0.0009657525833	0	0.0002987361683
P60660	MYL6	2	151	150	1	16929.9200	16798.7250	0.007749298284	0.007251040651	M	0.0002780312622	0.000141793135	0.0005711437465	0.0009757191792	0.0005155234505	0.0004099861039	0.0002420953549	0.0002046770719	0.0005132569761	0.0006652004836	-0.007251040651	0.0004123188951	0.0001347362466	0.0003420542878	0.0003397761104	0.0001639819584	0.0004182171899	0.0006398011466	0	0.0002827280525
P60842	EIF4A1	2	406	405	1	46153.2750	46022.0800	0.00284259351	0.002666575988	M	0.0001166530559	2.538320215e-05	0.0002021637132	0.0002234736824	0.0001211264367	9.436366716e-05	4.063019781e-05	0.0002335826537	0.0001531351239	0.0002473228098	-0.002666575988	0.0001107173545	7.235972426e-05	0.000160736886	0.0002645899237	0.0001265949497	0.0001559738693	0.0001718017079	3.208829777e-05	0.0001138787322
P60866	RPS20	2	119	118	1	13372.5600	13241.3650	0.009810761739	0.009440309747	M	0.0003352816262	0.0001519913265	0.000417424182	0.0008305643563	0.0002072255466	0.0002825187079	0.0002919460339	0.000987291299	0.001192039272	0.0005759199244	-0.009440309747	0.0001657402943	0.0005054940985	0.0001833279338	0.00109264151	0.0004614120977	0.0008965932724	0.0007348045519	0.0001280937137	0
P60891	PRPS1	2	318	317	1	34833.7450	34702.5500	0.003766319125	0.003571405432	M	0.0002516088448	9.93429438e-05	0.0002667693849	0.0002144650207	0.0001354445435	0.0001162654263	0.0001272124276	0.0003824016415	0.0002663685293	0.0002629011286	-0.003571405432	0.0001805489949	0.0001048875052	0.0001198248416	0.0002539237858	0.0002297777036	0.0001410792974	0.0002988378308	3.721032974e-05	8.253525176e-05
P60900	PSMA6	1	246	246	0	27399.1550	27399.1550	0	0	A	0	0	0	0	0	0	0	0	0	0	0	0	0	0	0	0	0	0	0	0
P60903	S100A10	2	97	97	0	11203.0000	11203.0000	0	0	A	0	0	0	0	0	0	0	0	0	0	0	0	0	0	0	0	0	0	0	0
P60953	CDC42	2	191	188	3	21258.3900	20932.9450	0.01530901446	0.009218280769	L	0.000620036786	0.0004599454504	0.0009263317568	0.001210153328	0.0008361218108	0.0004274691106	0.0001963258959	0.0006639269806	0.0015723977	-0.009218280769	0.0001888094549	0.0004179596739	0.001092636177	0.0005547740848	0.0006612949608	0.000664901334	0.001205869969	-0.003412351751	0.0001292093924	0.0008024686545
P60981	DSTN	2	165	164	1	18505.5600	18374.3650	0.007089490942	0.006758202394	M	0.0004069348135	0.0003162402194	0.0003908304708	0.0007680492485	0.0004850584934	0.0002449256486	0.0001012394149	0.0005135510429	0.001001624207	0.0004707551227	-0.006758202394	8.621174022e-05	0.0002629386299	0.0001430402329	0.0003410101078	0.0003085828263	0.0001554578034	0.0004586605525	6.66294338e-05	0.0002364623859
P61009	SPCS3	2	180	180	0	20313.1550	20313.1550	0	0	A	0	0	0	0	0	0	0	0	0	0	0	0	0	0	0	0	0	0	0	0
P61011	SRP54	2	504	504	0	55704.0750	55704.0750	0	0	A	0	0	0	0	0	0	0	0	0	0	0	0	0	0	0	0	0	0	0	0
P61019	RAB2A	2	212	211	1	23545.2250	23414.0300	0.005572042739	0.005336558067	M	0.0003574645724	7.29213283e-05	0.0002670251127	0.0004722753399	0.0003314040449	0.0003162712843	0.000186757083	0.0004999909817	0.0003519435122	0.0003420990928	-0.005336558067	0.0002915649413	4.619474264e-05	0.0003225045452	0.0003844278896	0.0002108314733	0.000358467672	0.0001880209885	8.194119988e-05	0.0002544522624
P61020	RAB5B	2	215	214	1	23706.4400	23575.2450	0.005534150214	0.005295811784	M	0.000457453895	9.571153444e-05	0.0002365732236	0.0003777370725	0.0002609869325	0.000177906856	9.19217021e-05	0.0002072380649	0.0004041948025	0.000466285646	-0.005295811784	0.0002609237358	0.0001364221149	0.000490640108	0.0003440275111	0.000373575959	0.0002823000491	0.0003007673353	8.066279945e-05	0.0002504824416
P61026	RAB10	2	200	200	0	22540.6850	22540.6850	0	0	A	0	0	0	0	0	0	0	0	0	0	0	0	0	0	0	0	0	0	0	0
P61077	UBE2D3	2	147	147	0	16686.8900	16686.8900	0	0	A	0	0	0	0	0	0	0	0	0	0	0	0	0	0	0	0	0	0	0	0
P61081	UBE2M	2	183	183	0	20899.7300	20899.7300	0	0	A	0	0	0	0	0	0	0	0	0	0	0	0	0	0	0	0	0	0	0	0
P61086	UBE2K	2	200	199	1	22406.3050	22275.1100	0.005855271541	0.005641329152	M	0.0004156146834	5.383093078e-05	0.0002956791386	0.0005229544302	0.0002201798809	0.000116736612	6.893255951e-05	0.000378809184	0.0004546616572	0.000524505024	-0.005641329152	0.0002935020871	0.0003324868595	0.0002921825273	0.0003095856105	0.0002568009973	0.0003175473988	0.0003643451204	0.0001814683507	0.0002415060997
P61088	UBE2N	2	152	152	0	17137.5250	17137.5250	0	0	A	0	0	0	0	0	0	0	0	0	0	0	0	0	0	0	0	0	0	0	0
P61106	RAB14	2	215	214	1	23896.6100	23765.4150	0.005490109267	0.00528939254	M	0.0003644219811	9.44007766e-05	0.0002592593134	0.000458540319	0.0002574127482	0.0002632056648	0.0001208837941	0.000383249934	0.0003417080604	0.0004087999296	-0.00528939254	0.0002573504169	0.000156979469	0.0003415911892	0.0003732477058	0.0002456399211	0.0003248396482	0.0002053719437	7.955813221e-05	0.0003529315928
P61158	ACTR3	2	418	417	1	47370.5850	47239.3900	0.0027695457	0.002659408565	M	0.000106205572	4.81455723e-05	0.0001652818503	0.0002338612761	0.000172309868	0.0001155939785	6.935877133e-05	0.0002150084658	0.0001670138948	0.0001694006094	-0.002659408565	6.56259596e-05	0.0001486856153	0.0001161438418	0.0002163192961	0.0001096194929	0.0001360879345	0.0001920274588	5.07195484e-05	0.0001619995589
P61160	ACTR2	2	394	394	0	44760.3050	44760.3050	0	0	A	0	0	0	0	0	0	0	0	0	0	0	0	0	0	0	0	0	0	0	0
P61163	ACTR1A	2	376	376	0	42613.1350	42613.1350	0	0	A	0	0	0	0	0	0	0	0	0	0	0	0	0	0	0	0	0	0	0	0
P61201	COPS2	2	443	443	0	51595.9100	51595.9100	0	0	A	0	0	0	0	0	0	0	0	0	0	0	0	0	0	0	0	0	0	0	0
P61204	ARF3	2	181	180	1	20600.4900	20469.2950	0.006368537836	0.00606092723	M	0.0002823616807	3.20003566e-05	0.0003866929853	0.000466313549	0.0002617764397	0.0002775811718	0.0001229330305	0.0004157299546	0.0005019455076	0.0007968157463	-0.00606092723	0.0004536359564	9.122320209e-05	0.0002315879224	0.000460090964	0.0001387800212	0.000346077148	0.0003403537432	0.0002157514963	0.0002392763541
P61221	ABCE1	2	599	599	0	67313.5500	67313.5500	0	0	A	0	0	0	0	0	0	0	0	0	0	0	0	0	0	0	0	0	0	0	0
P61224	RAP1B	2	184	181	3	20824.5450	20470.1100	0.01702005974	0.009470750676	L	0.0006362330199	0.000346103907	0.001235687501	0.001260868302	0.0008257888965	0.000643331635	0	0.0008430712392	0.001461614853	-0.009470750676	0.0005327889152	0.0008491771908	0.0003288786961	-0.004597433328	0.001244043013	0.0007504964425	0.0007656220631	0.001422258245	0.000145842976	0.0007763771077
P61247	RPS3A	2	264	263	1	29944.6550	29813.4600	0.004381249341	0.004116271998	M	0.0001442844011	6.03762765e-05	0.0002818863503	0.0002749410354	0.0002057931065	0.0001870438708	9.664265536e-05	0.0001960933358	0.0006920673051	0.0002941400037	-0.004116271998	0.0001645946197	0.0001003999773	0.0002184728222	0.0003038248249	0.0001440128175	0.0002522787532	0.0003356736097	5.088330797e-05	0.0001128629244
P61254	RPL26	2	145	145	0	17258.0400	17258.0400	0	0	A	0	0	0	0	0	0	0	0	0	0	0	0	0	0	0	0	0	0	0	0
P61313	RPL15	1	204	203	1	24145.7150	24014.5200	0.005433469251	0.005308818909	M	0.0002420561508	4.702712062e-05	0.0001291537998	0.0001713213995	0.0001923508597	0.0002622394644	0.0003312101164	0.0002036496339	0.0004823093883	0.0003818430636	-0.005308818909	0.0001025622842	0.0002010898464	0.0002552529327	0.001115632658	0.000183553652	0.0001849412548	0.0002728240598	0.0001981652066	0.0003516360179
P61326	MAGOH	2	146	146	0	17163.3950	17163.3950	0	0	A	0	0	0	0	0	0	0	0	0	0	0	0	0	0	0	0	0	0	0	0
P61353	RPL27	2	136	136	0	15797.5850	15797.5850	0	0	A	0	0	0	0	0	0	0	0	0	0	0	0	0	0	0	0	0	0	0	0
P61457	PCBD1	2	104	103	1	11999.4050	11868.2100	0.01093345878	0.01053494939	M	0.0007700379386	9.520280476e-05	0.0005229239565	0.001040481165	0.001038398899	0.0002949353975	0.0007314649303	0.0004122730901	0.000574352015	0.001030682725	-0.01053494939	0.000622888473	0.0001809293317	0.0004593244598	0.0009581569835	0.0004128781261	0.0003743994091	0.0005523114185	0.0003209362296	0.0001423720386
P61513	RPL37A	2	92	92	0	10275.1950	10275.1950	0	0	A	0	0	0	0	0	0	0	0	0	0	0	0	0	0	0	0	0	0	0	0
P61586	RHOA	2	193	190	3	21767.9100	21442.4650	0.0149506774	0.009366888166	L	0.0007551202821	0.000440118532	0.001208727646	0.001425214914	0.0007000691402	0.0005453895378	0.0001878628542	0.0007941337604	0.001504616182	-0.009366888166	0.0005420112757	0.0004799311691	0.000766726247	0.0004423828152	0.001265576895	0.0004453675522	0.0005769442009	-0.003509067186	0.0002472790982	0.0005484832509
P61604	HSPE1	2	102	101	1	10931.6050	10800.4100	0.01200143986	0.01156316571	M	0.0004963561796	0	0.0009887380926	0.0006831002797	0.0007669498756	0.0009759052972	0	0.000365400382	0.001493219233	0.001218001273	-0.01156316571	0	0.0004276236536	0.0005428030986	0.0006470254535	0.0004879155059	0.0004424435822	0.001522942661	0	0.0005047411392
P61619	SEC61A1	2	476	476	0	52264.0050	52264.0050	0	0	A	0	0	0	0	0	0	0	0	0	0	0	0	0	0	0	0	0	0	0	0
P61626	LYZ	2	148	130	18	16536.8350	14700.5050	0.1110448281	0.02724383044	L	0.003607073083	0.006411919765	0.007043797629	0.002919855217	0.002185508885	-0.002363307851	0.001026338469	-0.002498560624	-0.00278466553	-0.02724383044	-0.005803324955	0.008739918696	0.001523201392	-0.00181697703	0.01613299555	-0.001306597209	-0.002269029058	-0.01745061192	0.006754716152	0.007191579784
P61758	VBP1	2	197	196	1	22625.6300	22494.4350	0.005798512572	0.005475398481	M	0.0002735759165	7.972625926e-05	0.0004671097219	0.0005163475085	0.0002173981639	0.0001317277491	3.403083835e-05	0.0001438551423	0.0007375073796	0.0006329626263	-0.005475398481	0.000347752835	0.0001262639516	0.0002884911405	0.0003438836505	0.000184404811	0.0003396635194	0.0002826544624	8.958785444e-05	0.0002384549507
P61764	STXBP1	2	594	594	0	67567.6650	67567.6650	0	0	A	0	0	0	0	0	0	0	0	0	0	0	0	0	0	0	0	0	0	0	0
P61769	B2M	2	119	99	20	13714.3600	11731.0100	0.1446184875	0.03961945022	L	-0.02054397436	0.002656456803	0.01021385277	0.003614982748	0.009054558006	-0.002270342035	0.00680338846	0.007189820048	0.01282097788	-0.03961945022	-0.007784016642	0.007241892389	0.00631061967	0.004806222315	-0.001448961435	-0.01616912596	0.006529323505	-0.005801666595	0.00447756362	0.01191787904
P61803	DAD1	2	113	112	1	12496.5200	12365.3250	0.01049852279	0.0101734954	M	0.0005100566863	0.0002601237574	0.0002857582709	0.0003158798978	0.001418614839	0.0003760658998	0.0001110327967	0.0007509724497	0.0002092411802	0.001689688012	-0.0101734954	0.0003782056875	0.0003295702452	0.0005229240385	0.0004986635692	0.0009024894573	0.0003409919883	0.0007545435336	0	0.000518673089
P61916	NPC2	2	151	132	19	16570.0000	14578.6350	0.1201789378	0.0270993771	A	-0.0270993771	0.005196803589	0.005708934944	0.006310710731	-0.01241922197	0.003756559258	0.002218235053	0.008439229863	0.01254078436	-0.02652925792	-0.006675565658	0.005666900712	0.01069935617	0.002864155663	-0.009038903086	0.005815901877	-0.008955613057	0.01339948367	0.002919806397	0.005181076496
P61925	PKIA	2	76	75	1	7988.3950	7857.2000	0.0164231989	0.01597619578	M	0.001548717379	0	0.001156887884	0.002301902674	0.0002871619979	0.0009134981431	0.0002697087231	0.0009120900602	0.0007623986767	0.001140112575	-0.01597619578	0.0009186958813	0	0.0007621379206	0.00121129899	0.001826857216	0.001242450652	0.0004073010237	0	0.0003149759816
P61956	SUMO2	2	95	93	2	10871.0900	10608.7800	0.02412913516	0.01407004342	Y	0.000689837183	0.0002345399963	0.002061226379	0.002278499152	0.001279090855	0.001017236899	0.0006006748173	0.001269586139	0.002263942031	0.001269586139	0.001155355327	0.001023024903	0.0008914687943	0.002546063681	0.001686070789	0.0006102956805	0.001383545941	-0.008190001289	0	-0.01407004342
P61960	UFM1	2	85	83	2	9117.4600	8927.2400	0.02086326674	0.01139715842	C	0.001457890453	-0.01139715842	0.0008167803034	0.001203835573	0.001689505864	0.0007677898495	0.0003173640473	0.001878185592	0.001794216567	0.001609873364	0.0003052135965	0.000810766444	0.001648513434	0.000298933818	0.001425325608	-0.008380748085	0.001705645099	0.001677437235	0	0.0003706296599
P61970	NUTF2	2	127	127	0	14478.2100	14478.2100	0	0	A	0	0	0	0	0	0	0	0	0	0	0	0	0	0	0	0	0	0	0	0
P61978	HNRNPK	2	463	463	0	50975.5800	50975.5800	0	0	A	0	0	0	0	0	0	0	0	0	0	0	0	0	0	0	0	0	0	0	0
P61981	YWHAG	2	247	247	0	28302.1800	28302.1800	0	0	A	0	0	0	0	0	0	0	0	0	0	0	0	0	0	0	0	0	0	0	0
P62070	RRAS2	2	204	200	4	23399.2650	22908.6050	0.02096903471	0.004929127677	M	0.0009091913283	0.0003804540658	0.001567300558	0.001963510057	-0.004808633703	0.0009429081121	0.0003653894538	-0.003715349616	0.001491914696	0.001235659289	-0.004929127677	0.0002074347605	0.0005422789277	0.001950298101	0.002188019091	0.0006599854369	0.0009351206733	-0.003042340749	0.0001603176158	0.0009956695799
P62072	TIMM10	2	90	90	0	10332.8350	10332.8350	0	0	A	0	0	0	0	0	0	0	0	0	0	0	0	0	0	0	0	0	0	0	0
P62081	RPS7	2	194	194	0	22126.5550	22126.5550	0	0	A	0	0	0	0	0	0	0	0	0	0	0	0	0	0	0	0	0	0	0	0
P62140	PPP1CB	2	327	326	1	37186.4000	37055.2050	0.003528037132	0.003392924915	M	0.0001079175208	0.000136980593	0.0002472166022	0.0002495124791	0.0002534598046	0.0001576200662	6.264602593e-05	0.0002012611089	0.0002243070939	0.0003919295278	-0.003392924915	0.0001387022988	0.0001673527108	0.0001298175862	0.0002954195192	0.0001272988243	0.0001250546309	0.0001513679807	4.947562262e-05	0.0001755849194
P62166	NCS1	2	190	189	1	21878.4550	21747.2600	0.005996538604	0.005761387181	M	0.0002091848896	2.844858146e-05	0.0005000338319	0.0005872885146	0.0005818035455	0.0002115188191	0	0.0002771905238	0.0005835363825	0.0004619842064	-0.005761387181	0.0002481760701	0.0001892290878	0.0003431392947	0.0002863172683	0.0002220778543	0.0003076654445	0.0003300843167	9.590243159e-05	0.0002978061185
P62191	PSMC1	2	440	439	1	49183.9150	49052.7200	0.002667437108	0.002531300142	M	8.586665952e-05	1.668233483e-05	0.0002076984649	0.000270108058	6.823427426e-05	0.0001171444309	6.408709759e-05	0.0001685655663	0.0003019301578	0.0002709089459	-0.002531300142	6.063800146e-05	0.0001321006113	0.0001006089638	0.0001758924287	0.000101287768	0.000142145903	0.000155925306	0	9.147516979e-05
P62195	PSMC5	2	406	405	1	45625.4450	45494.2500	0.002875478804	0.002691908836	M	0.0001189949371	1.941958905e-05	0.000156444483	0.0002987062761	7.943022242e-05	0.000116311841	6.631339808e-05	0.0001892159745	0.000257745518	0.0003153599575	-0.002691908836	0.0001129400729	0.0001045675523	0.0001249247824	0.0002512878155	0.0001122925395	8.273467268e-05	0.0002065455054	1.091082997e-05	6.776286834e-05
P62241	RPS8	2	208	207	1	24204.9350	24073.7400	0.005420175679	0.005341511647	M	0.0001883987773	0.0001164623917	0.0001535273457	0.0003959913564	9.527115792e-05	0.0002453419275	0.0001193076268	0.0003026022831	0.0008712359664	0.0004286865677	-0.005341511647	0.0002539949025	0.0001549326611	0.0001685686424	0.0007702512689	0.0002020309136	0.0002061026757	0.000202694161	0.0001177811966	0.0003483298243
P62244	RPS15A	2	130	129	1	14839.3450	14708.1500	0.008841023644	0.0083885966	M	0.000273130146	0.0001238165469	0.0004080550279	0.0004510678907	0.0006752477841	0.0004219378917	0.0003171036192	0.0007372531405	0.0008216744424	0.0008042761533	-0.0083885966	0.0004725589932	0.0001764815002	0.0002986885137	0.0009791072431	0.0002684854926	0.0003043295449	0.0006584524313	0.0001043488577	9.258138054e-05
P62249	RPS16	2	146	145	1	16445.1150	16313.9200	0.007977749015	0.007767764139	M	0.0004426898468	0.0001003410443	0.0002755734772	0.0004264701426	0.0002052080362	0.00040410956	0.0001284905334	0.0004888396049	0.0009685610611	0.0007061016515	-0.007767764139	0.0001094177846	0.000333715133	0.0004841148966	0.001009870167	0.0003046132488	0.0001973031562	0.0005821205023	0	0.0006002242926
P62258	YWHAE	2	255	255	0	29173.4700	29173.4700	0	0	A	0	0	0	0	0	0	0	0	0	0	0	0	0	0	0	0	0	0	0	0
P62263	RPS14	2	151	150	1	16272.5300	16141.3350	0.008062360309	0.007676617042	M	0.0005582044116	0.0001518285925	0.0003891787708	0.0005531167252	0.0002760048992	0.0005330750837	0.0001944223021	0.0004383263227	0.000732777218	0.0004931171131	-0.007676617042	0.0001655628395	0.0003366352508	0.0003052194138	0.001091471641	0.0003950726341	0.00049757406	0.0004893452076	0	7.56845567e-05
P62266	RPS23	2	143	142	1	15807.4100	15676.2150	0.008299588611	0.008124454821	M	0.000516542017	0.0001621115141	0.000296811964	0.0003937185057	0.0003683724142	0.000502216547	0.0003459832923	0.0003510096948	0.001304010248	0.0006435177738	-0.008124454821	0.0004124772002	0.0002567390038	0.00026071285	0.0009323151457	0.000234349882	0.0001593820037	0.0007314820467	9.108180208e-05	0.0001616209159
P62269	RPS18	2	152	151	1	17718.4350	17587.2400	0.007404434985	0.007246679174	M	0.0002564439611	0	0.000431016698	0.0003705721742	0.0002377482205	0.0003241314653	0.0002791228011	0.0005191594149	0.0008416105663	0.0006607483462	-0.007246679174	0.0002852287811	0.0001242748621	0.0003154960193	0.00125357891	0.0001134373774	0.0003857453724	0.0005058212489	0.0001469608984	0.0001955820574
P62277	RPS13	2	151	150	1	17222.0200	17090.8250	0.007617863642	0.007432350416	M	0.0004048628306	0	0.0003528367374	0.0002785921926	0.0001251155966	0.0002274333273	0.0002937781465	0.0004470691785	0.0009965242541	0.0009438127102	-0.007432350416	0.0001501023605	0.0003487997731	0.0002213740938	0.0009235786575	0.0004377758292	0.0002706659579	0.0004436494986	0.0001546770817	0.0004117021903
P62280	RPS11	2	158	157	1	18430.5650	18299.3700	0.007118338477	0.00686986977	M	0.0001481062647	0.0001208523181	0.0002212699947	0.0003424315255	0.0004393880141	0.0002745576612	0.0001547560015	0.0005233475919	0.001020731286	0.000392510694	-0.00686986977	0.000263568971	0.0002296752621	0.0003887170191	0.0008108689152	0.0001747052122	0.0004752699943	0.0004674100053	0	0.0004217030389
P62304	SNRPE	2	92	92	0	10803.4550	10803.4550	0	0	A	0	0	0	0	0	0	0	0	0	0	0	0	0	0	0	0	0	0	0	0
P62306	SNRPF	2	86	85	1	9725.1350	9593.9400	0.01349030116	0.01236520714	M	0.000212643636	0.0001445948083	0.0004765327413	0.001931467279	0.0001971411058	0.0008959006484	0.0001851591656	0.0004696228376	0.0008723305967	0.001721950404	-0.01236520714	0.0009460481711	0.0005495939345	0.0001744064483	0.0006236814691	0.0003762496303	0.0002843204615	0.0009786643489	0.0002437203016	0.001081179156
P62308	SNRPG	2	76	76	0	8495.9850	8495.9850	0	0	A	0	0	0	0	0	0	0	0	0	0	0	0	0	0	0	0	0	0	0	0
P62312	LSM6	2	80	80	0	9127.4850	9127.4850	0	0	A	0	0	0	0	0	0	0	0	0	0	0	0	0	0	0	0	0	0	0	0
P62316	SNRPD2	2	118	117	1	13526.7850	13395.5900	0.009698904803	0.009175780399	M	0.000109812382	0.0001493418813	0.0002460886976	0.0009067625865	0.0003054199245	0.0002775939674	9.561898681e-05	0.0003233604254	0.001531647919	0.0009700812761	-0.009175780399	0.0008956815076	0.0004257279001	0.0002701983641	0.0007515165486	0.0005181359625	0.0003670684405	0.0007941953422	0.000125860841	0.0001116674458
P62318	SNRPD3	2	126	125	1	13916.1250	13784.9300	0.009427552569	0.008712947436	M	0.0005132640905	0.0001396050673	0.0002300441703	0.0005933503418	0.0001903380741	0.0006487383872	0.000178769612	0.0007556948115	0.0008422278302	0.0006045558492	-0.008712947436	0.0006089343508	0.0001989856148	0.0005051638626	0.001204318391	0.0003027215359	0.0003431362581	0.0005399383833	0	0.0003131608056
P62328	TMSB4X	2	44	43	1	5052.5950	4921.4000	0.02596586507	0.02493272766	M	0.0008035192708	0	0.001800680463	0.005307971279	0.0007449396585	0.0003385351423	0	0.001183046613	0.005933316533	0.001183046613	-0.02493272766	0.0005958074198	0.001557568307	0.001977095739	0	0.00189565249	0.001611548135	0	0	0
P62333	PSMC6	2	389	389	0	44172.3800	44172.3800	0	0	A	0	0	0	0	0	0	0	0	0	0	0	0	0	0	0	0	0	0	0	0
P62424	RPL7A	2	266	266	0	29995.2650	29995.2650	0	0	A	0	0	0	0	0	0	0	0	0	0	0	0	0	0	0	0	0	0	0	0
P62491	RAB11A	2	216	212	4	24393.1850	23906.6050	0.01994737465	0.004959418246	M	0.001016737268	0.0001728419118	0.0013291252	0.001574172405	0.0008247865957	0.0005890048923	0.0004426613175	-0.003330637865	0.00125129213	0.001496974155	-0.004959418246	-0.003543237042	0.0004927192796	-0.004440423354	0.001863799585	0.001199336845	0.001274487983	0.00142053198	0.0002913319183	0.001033913041
P62495	ETF1	2	437	436	1	49030.2900	48899.0950	0.002675794901	0.002567832585	M	9.885209124e-05	2.240603018e-05	0.000178452121	0.0002380756288	0.0001832907953	0.0001284144218	5.021060804e-05	0.0001698002051	0.0002500719904	0.0002607646007	-0.002567832585	0.0001099478474	5.322726673e-05	0.0001283714257	0.0001449660537	0.0001311809636	0.0001211582596	0.0001624834786	1.888312762e-05	0.0001172756696
P62633	CNBP	2	177	176	1	19462.6300	19331.4350	0.006740866985	0.006548757828	M	0.0002612190523	0.000781551923	0.0003902599153	0.0006039558067	0.0002421751894	0.0005282670806	0.0003639298324	0.0001923005	0.0004715049341	0.0001923005	-0.006548757828	0.0001936932382	0.0001350281715	0.0002142471226	0.0008172294786	0.0004005720425	0.0002444886009	0.0001373972925	5.987894809e-05	0.0003187582001
P62701	RPS4X	2	263	262	1	29597.3800	29466.1850	0.004432655863	0.004272002563	M	0.0001700529151	6.167130224e-05	0.0002709953889	0.0001685029884	0.0002522486568	0.0002197141944	0.0001579449083	0.0004172903967	0.000502279315	0.0003338323174	-0.004272002563	0.0001681250506	0.0002051069627	5.578972501e-05	0.0004876797184	0.0001069831158	0.0002880064067	0.0002385207348	5.197471667e-05	0.0001152837493
P62714	PPP2CB	2	309	309	0	35574.6600	35574.6600	0	0	A	0	0	0	0	0	0	0	0	0	0	0	0	0	0	0	0	0	0	0	0
P62745	RHOB	2	196	193	3	22123.1650	21782.7000	0.01538952496	0.004543861825	K	0.0008147228754	0.0005909339534	0.001298337887	0.001435194991	0.0006042611821	0.0004119064738	0.0001891783651	0.0007197252188	-0.004543861825	-0.003997042335	0.0003638711423	0.0004832918904	0.0007019047753	0.0005345767247	0.001274439106	0.0005125557046	0.0006536072887	-0.003069867703	0.0002490106718	0.0007732536121
P62750	RPL23A	2	156	155	1	17694.8150	17563.6200	0.007414318827	0.007229672621	M	0.0006380706987	0	0.0004289734482	0.000263439617	0.000177465875	8.064872716e-05	0.0002222396877	0.0005166983214	0.001570539153	0.0005166983214	-0.007229672621	0.000283876644	0.000494742931	0.0001570001996	0.0006861999511	0.0001505328313	0.0002986019033	0.0004195194879	0	0.0003244248229
P62753	RPS6	2	249	249	0	28680.3100	28680.3100	0	0	A	0	0	0	0	0	0	0	0	0	0	0	0	0	0	0	0	0	0	0	0
P62820	RAB1A	2	205	204	1	22677.5000	22546.3050	0.005785249697	0.00553310221	M	0.0002502595233	0.0001047219108	0.0003738864357	0.0003815054819	0.0002855564945	0.000275761504	3.352509998e-05	0.000396808399	0.0005370131113	0.000425151856	-0.00553310221	0.0002569386135	9.951001639e-05	0.0002526256196	0.0002634902154	0.0003633286762	0.0004633140726	0.0003290818628	8.825647332e-05	0.0003523668436
P62826	RAN	2	216	215	1	24422.8150	24291.6200	0.005371821389	0.005189314662	M	0.0002837400624	6.809626608e-05	0.0003740348719	0.0003307693506	0.0003404232534	0.0001968961531	0.0001743997306	0.0002457408172	0.0004929841435	0.0004423334709	-0.005189314662	0.0002475205974	0.0002588287591	0.0002464077664	0.000293719946	7.875246619e-05	0.0002454822807	0.0004828450164	0.0001147789655	0.000271560745
P62829	RPL23	2	140	140	0	14865.3250	14865.3250	0	0	A	0	0	0	0	0	0	0	0	0	0	0	0	0	0	0	0	0	0	0	0
P62834	RAP1A	2	184	181	3	20986.9650	20647.5000	0.01617504008	0.0148701038	L	0.0004834370107	0.0004930959835	0.001083378597	0.001397173116	0.0007843370729	0.0005601186726	0	0.0008007519002	0.001685728143	-0.0148701038	0.0005060447046	0.0007169345365	0.0003123700923	0.001387771897	0.001063436617	0.0006415416421	0.000727190412	0.001350865668	0.0001385221494	0.0007374055897
P62837	UBE2D2	2	147	147	0	16734.9800	16734.9800	0	0	A	0	0	0	0	0	0	0	0	0	0	0	0	0	0	0	0	0	0	0	0
P62841	RPS15	2	145	144	1	17039.9000	16908.7050	0.007699282273	0.007192181126	M	0.0001737359579	0	0.0002076484992	0.0005738415418	0.0003221398909	0.0002927906242	0.0003025607123	0.0003581156564	0.0009122805138	0.0007162313128	-0.007192181126	0.0001545897054	0.0003592272233	0.0003989862166	0.001019131346	0.0002869129704	0.0002787575795	0.000411221253	0	0.0004240101229
P62847	RPS24	2	133	133	0	15423.0800	15423.0800	0	0	A	0	0	0	0	0	0	0	0	0	0	0	0	0	0	0	0	0	0	0	0
P62851	RPS25	2	125	125	0	13741.9800	13741.9800	0	0	A	0	0	0	0	0	0	0	0	0	0	0	0	0	0	0	0	0	0	0	0
P62854	RPS26	2	115	114	1	13015.3000	12884.1050	0.01008005962	0.009802752801	M	0.0007686391818	0.0004020494542	0.0003533362981	0.0002929359666	0.0003288934434	0.0001992859196	0.0003089037941	0.0005223191836	0.001261279178	0.0002611595918	-0.009802752801	0.0004384184044	0.0009168957476	9.69882919e-05	0.001849772596	0.0003487238126	0.0002371680306	0.0008552344488	0	0.0003607494582
P62857	RPS28	2	69	69	0	7840.9400	7840.9400	0	0	A	0	0	0	0	0	0	0	0	0	0	0	0	0	0	0	0	0	0	0	0
P62861	FAU	2	133	133	0	14389.5500	14389.5500	0	0	A	0	0	0	0	0	0	0	0	0	0	0	0	0	0	0	0	0	0	0	0
P62873	GNB1	2	340	339	1	37376.4250	37245.2300	0.003510100284	0.003348709629	M	0.0002116370821	0.0001343163409	0.000316184708	0.0001048540708	0.0001438858179	0.0001604987785	9.828411208e-05	0.0001869599466	0.0001157601865	0.0003115999109	-0.003348709629	0.0001778521166	4.558270151e-05	0.0001388647129	0.0003034676371	0.0002330027115	0.0002641096488	0.0001577003895	0.0001293688777	0.0001147798793
P62875	POLR2L	2	67	67	0	7645.0300	7645.0300	0	0	A	0	0	0	0	0	0	0	0	0	0	0	0	0	0	0	0	0	0	0	0
P62877	RBX1	2	108	108	0	12273.8050	12273.8050	0	0	A	0	0	0	0	0	0	0	0	0	0	0	0	0	0	0	0	0	0	0	0
P62879	GNB2	2	340	339	1	37330.4750	37199.2800	0.003514420859	0.003340323935	M	0.0001979467914	0.0001249867839	0.0003168551617	0.0001050764086	0.0001572991861	0.0001846671241	9.849251859e-05	0.0002081737619	9.28045201e-05	0.0003122606429	-0.003340323935	0.0001362929506	5.481522881e-05	0.0001391591686	0.0003317575908	0.0002501751236	0.0002268597257	0.0001580347852	0.0001296431979	0.0001150232642
P62888	RPL30	2	115	115	0	12783.9200	12783.9200	0	0	A	0	0	0	0	0	0	0	0	0	0	0	0	0	0	0	0	0	0	0	0
P62899	RPL31	2	125	125	0	14462.7400	14462.7400	0	0	A	0	0	0	0	0	0	0	0	0	0	0	0	0	0	0	0	0	0	0	0
P62906	RPL10A	2	217	216	1	24831.0100	24699.8150	0.005283514444	0.005059286285	M	0.0002105694363	6.608509864e-05	0.0002661912428	0.0002675002906	0.0002102349018	0.0001091891351	0.0001692489775	0.0002146347571	0.0008239528934	0.0006200559649	-0.005059286285	0.0002642313072	0.0001674563092	0.0002391303148	0.0003483885386	0.000248386374	0.0001732597546	0.0004259859858	3.712968759e-05	0.0001976553157
P62910	RPL32	2	135	134	1	15859.6300	15728.4350	0.00827226108	0.007963649851	M	0.0003612268107	0.000109168607	0.0001199268867	0.0004639891054	0.0002976817793	0.0001691005143	0.000279589128	0.0005318455579	0.001185492142	0.0005909395088	-0.007963649851	0.0006547413334	0.0003112062163	0.0001975144465	0.001334152826	0.0003314117793	0.0001609957634	0.0005277774145	9.200401501e-05	0.0002448860172
P62913	RPL11	2	178	177	1	20252.1650	20120.9700	0.006478072838	0.0062838361	M	0.0002434751151	0.000132447839	0.0002910004518	0.0005629306449	0.0003611597644	0.0003898034133	0.0001272033812	0.0005377140674	0.000639239009	0.0004660188584	-0.0062838361	0.0002166433867	0.0001573200696	0.0002795714145	0.0008093245098	0.0002010411931	0.0002278811202	0.000288144559	5.581152542e-05	0.0002971057769
P62917	RPL8	2	257	256	1	28024.4000	27893.2050	0.00468145616	0.004529914716	M	0.0003134416973	6.820356231e-05	0.0001311184776	0.0002070565806	0.0001627307387	0.0003486327314	0.0002183431556	0.0002953536239	0.0005349076596	0.0002030556164	-0.004529914716	0.000167339658	0.000226832011	0.000102831675	0.0006864264104	0.0001183148294	0.000184401807	0.0003791909221	2.873995439e-05	0.000152993605
P62937	PPIA	2	165	165	0	18012.3800	18012.3800	0	0	A	0	0	0	0	0	0	0	0	0	0	0	0	0	0	0	0	0	0	0	0
P62942	FKBP1A	1	108	107	1	11950.5850	11819.3900	0.01097812367	0.01040085521	M	0.0003488396101	9.488249446e-05	0.0006253974915	0.0008065403587	0.0006468157502	0.0007642520235	0.0003645019565	0.0005136074941	0.0009158713678	0.0007190504918	-0.01040085521	0.0001034654603	0.0006311220791	0.0005722238255	0.0008185142226	0.0004114889956	0.0006529945459	0.000825679746	0.000159928219	0.0004256790815
P62979	RPS27A	2	156	156	0	17964.7550	17964.7550	0	0	A	0	0	0	0	0	0	0	0	0	0	0	0	0	0	0	0	0	0	0	0
P62987	UBA52	2	128	128	0	14728.1450	14728.1450	0	0	A	0	0	0	0	0	0	0	0	0	0	0	0	0	0	0	0	0	0	0	0
P62993	GRB2	2	217	217	0	25206.0100	25206.0100	0	0	A	0	0	0	0	0	0	0	0	0	0	0	0	0	0	0	0	0	0	0	0
P62995	TRA2B	2	288	287	1	33665.1750	33533.9800	0.003897053855	0.003797649087	M	0.0001061750806	2.40658749e-05	0.0002511562852	0.0001607334678	9.843451325e-05	0.0002012994436	0.0001386777171	7.816244992e-05	0.000101631445	6.513537494e-05	-0.003797649087	7.872854223e-05	0.0001372088566	7.256906071e-05	0.00110723682	0.0005427216295	0.000106473024	9.30774924e-05	2.028199477e-05	0.0004138800144
P63000	RAC1	2	192	189	3	21449.8750	21110.4100	0.01582596635	0.01428576384	L	0.0007474347691	0.0005473413889	0.001030766479	0.0008545642679	0.0006396405511	0.000532917628	0.0002002547198	0.0008465166483	0.001603864123	-0.01428576384	0.0002888817926	0.000511588532	0.001040201619	0.0004715634024	0.001011792941	0.0004747450194	0.0009993762453	0.001285263575	0.0002635901958	0.0009354599467
P63010	AP2B1	2	937	936	1	104551.1000	104419.9050	0.001254840934	0.00119416467	M	5.959001501e-05	1.964625821e-05	7.553820887e-05	9.095606645e-05	4.687511917e-05	2.891016783e-05	2.515778278e-05	7.84308877e-05	9.037495653e-05	0.00015021509	-0.00119416467	7.632099454e-05	6.183935834e-05	6.07230476e-05	5.296268643e-05	6.283679186e-05	5.432475781e-05	9.379290442e-05	1.241795617e-05	5.325161987e-05
P63027	VAMP2	2	116	115	1	12662.5050	12531.3100	0.0103609041	0.009815958086	M	0.0009897201177	8.412454362e-05	0.0006469035762	0.0005107809551	0.0002293914388	0.000260615281	0	0.0009107474733	0.0007105246717	0.0009107474733	-0.009815958086	0.0003669374283	0.0006395020605	0.0007102816576	0.0007257095823	0.0004378003445	0.0004962487109	0.0006507223694	0.0002835905298	0.0002516098722
P63098	PPP3R1	2	170	169	1	19299.6950	19168.5000	0.00679777582	0.00640843091	M	0.0001340219584	7.29065012e-05	0.0007608668327	0.0005754685366	0.0005964059888	0.0003162069769	9.335955482e-05	0.0004341144082	0.0006597599091	0.0005525092468	-0.00640843091	0.0003180061716	0.0001039170372	0.0003957205545	0.0003144679558	0.0003161829074	0.0001075184354	0.0004934547401	0	0.0001635431944
P63104	YWHAZ	2	245	245	0	27744.7000	27744.7000	0	0	A	0	0	0	0	0	0	0	0	0	0	0	0	0	0	0	0	0	0	0	0
P63146	UBE2B	2	152	152	0	17312.0950	17312.0950	0	0	A	0	0	0	0	0	0	0	0	0	0	0	0	0	0	0	0	0	0	0	0
P63151	PPP2R2A	2	447	446	1	51691.3900	51560.1950	0.00253804357	0.00244192718	M	8.218789844e-05	4.572545229e-05	0.0001786011577	0.0002159362302	0.0001523921758	5.351451245e-05	7.807091364e-05	0.0001705110184	0.0001839056859	0.0001595103075	-0.00244192718	0.0001717459461	7.241624466e-05	6.740902165e-05	0.0002045325429	0.0001762696813	0.0001248765608	0.0001228113591	5.994494247e-05	0.0001215655288
P63162	SNRPN	2	240	240	0	24613.8050	24613.8050	0	0	A	0	0	0	0	0	0	0	0	0	0	0	0	0	0	0	0	0	0	0	0
P63165	SUMO1	2	101	96	5	11556.8600	11001.2150	0.04807923606	0.009844632603	H	0.0006775078019	0.0004606961796	0.003036579474	0.007272771341	0.001884344715	0.002283556435	-0.009844632603	0.002493789942	0.006114566849	0.003491305919	-0.009467725625	0.001004740496	0.001313303512	0.003889757162	0.001987123006	-0.00546943193	-0.006652565662	-0.006542545897	0	0.002066858884
P63173	RPL38	2	70	70	0	8217.8050	8217.8050	0	0	A	0	0	0	0	0	0	0	0	0	0	0	0	0	0	0	0	0	0	0	0
P63208	SKP1	2	163	162	1	18657.7700	18526.5750	0.007031654908	0.006771019113	M	0.0002012745217	0.0001173119689	0.0008161941181	0.0009022287047	0.0002665726331	0.0001453715666	0.0001001482996	0.0005080162085	0.0008020997699	0.0005080162085	-0.006771019113	0.0003411303472	0.0003715782705	0.0003301634145	0.000168667423	0.0001356698009	0.0003844558636	0.0004159075291	0.0001977339904	5.847847375e-05
P63220	RPS21	2	83	83	0	9111.2700	9111.2700	0	0	A	0	0	0	0	0	0	0	0	0	0	0	0	0	0	0	0	0	0	0	0
P63241	EIF5A	2	154	153	1	16832.0550	16700.8600	0.007794354284	0.007324940891	M	0.000418922062	0.000189907573	0.000678023014	0.0006918397461	0.0003236508747	0.0004118295251	0.0002431838886	0.0005653927448	0.0007447046163	0.0006681914256	-0.007324940891	0.0002070864026	0.0002255701023	0.0002863268892	0.0003413038463	0.0003294385415	0.0003734201072	0.0004131500693	0	0.0002129994624
P63244	RACK1	2	317	317	0	35076.2200	35076.2200	0	0	A	0	0	0	0	0	0	0	0	0	0	0	0	0	0	0	0	0	0	0	0
P63261	ACTG1	1	375	375	0	41792.2900	41792.2900	0	0	A	0	0	0	0	0	0	0	0	0	0	0	0	0	0	0	0	0	0	0	0
P63279	UBE2I	2	158	157	1	18006.5750	17875.3800	0.007285949716	0.007006558716	M	0.0003701224667	0.000167785528	0.0003225606149	0.0005603110186	0.0004003289856	0.0002339075113	0.0001074278832	0.0004087071834	0.0007085670368	0.0005903548204	-0.007006558716	0.0003201856382	0.0006377401068	0.0003541623461	0.0004824734066	0.0002546799025	0.0002474407242	0.0002433485631	0.0002828091823	0.000313645797
P63316	TNNC1	1	161	161	0	18402.3300	18402.3300	0	0	A	0	0	0	0	0	0	0	0	0	0	0	0	0	0	0	0	0	0	0	0
P67775	PPP2CA	2	309	309	0	35593.7400	35593.7400	0	0	A	0	0	0	0	0	0	0	0	0	0	0	0	0	0	0	0	0	0	0	0
P67809	YBX1	2	324	323	1	35923.8050	35792.6100	0.003652035189	0.003536052382	M	0.0002220342799	0	0.0001487012028	0.0003413957204	9.937447946e-05	0.0002516077977	2.666704226e-05	3.381807219e-05	0.0002010160442	4.509076292e-05	-0.003536052382	0.0002384409993	0.0003462977123	0.0003014209389	0.0005838561125	0.0001354708091	0.000133082549	0.0001610850919	1.755057483e-05	0.0002491421921
P67812	SEC11A	2	179	179	0	20625.0700	20625.0700	0	0	A	0	0	0	0	0	0	0	0	0	0	0	0	0	0	0	0	0	0	0	0
P67870	CSNK2B	2	215	214	1	24942.0800	24810.8850	0.005259986336	0.004938510626	M	0.0001772443637	0.0001314804872	0.0002888750883	0.0004257670096	0.0003286451503	0.0001765064409	0.0002244877032	0.0002609624334	0.0002379638382	0.000450753294	-0.004938510626	0.0002150611006	0.0003331649277	0.0003436079828	0.0003150641145	0.0002090763294	0.0001292667187	0.0001906933692	7.387186392e-05	0.0004260184098
P67936	TPM4	1	248	247	1	28521.3950	28390.2000	0.004599880195	0.004443186144	M	0.000368511565	3.34110534e-05	0.0002569253751	0.001095458433	2.277637798e-05	8.280514291e-05	4.278412789e-05	0.000162771339	0.0005039165047	0.00054257113	-0.004443186144	0.000163950212	0	0.0002820967267	0.0004323361631	0.0001014285788	0.0001149697622	0.0001615262837	0	7.494736834e-05
P68032	ACTC1	1	377	376	1	42018.4200	41887.2250	0.003122321115	0.002917371479	M	0.000162426438	4.57025338e-05	0.000184090128	0.0002589935985	0.0001246220132	0.0001321460575	8.778575586e-05	0.0002473919346	0.0001746228333	0.0002226527411	-0.002917371479	9.967346923e-05	0.0001375219016	0.0001010628524	0.0001971289548	0.0001585631983	0.0001947097935	0.0001546647526	5.135562591e-05	0.0001822568967
P68036	UBE2L3	2	154	154	0	17861.3550	17861.3550	0	0	A	0	0	0	0	0	0	0	0	0	0	0	0	0	0	0	0	0	0	0	0
P68104	EEF1A1	2	462	461	1	50140.3750	50009.1800	0.002616554025	0.002481107267	M	0.000152160745	3.183607909e-05	0.0001515515782	0.0001739698781	0.0001012793368	0.0001446532356	6.794552206e-05	0.0001723315655	0.0003009016602	0.0001493540234	-0.002481107267	9.257582855e-05	0.0001260484685	6.399973312e-05	0.000129689893	0.0001058518099	0.0001512835624	0.0002257376655	4.471748152e-05	9.521920058e-05
P68106	FKBP1B	1	108	108	0	11782.4050	11782.4050	0	0	A	0	0	0	0	0	0	0	0	0	0	0	0	0	0	0	0	0	0	0	0
P68133	ACTA1	1	377	376	1	42050.4900	41919.2950	0.003119939863	0.002906179659	M	0.0001622128025	4.564242238e-05	0.0001838479988	0.0002586529506	0.0001244581009	0.000131972249	8.767029341e-05	0.0002470665461	0.0001743931562	0.0002141243399	-0.002906179659	9.954237117e-05	0.0001373410225	0.0001009299269	0.0001968696759	0.0001517565339	0.0002019326848	0.0001544613258	5.128807912e-05	0.0001820171786
P68363	TUBA1B	2	451	451	0	50151.0300	50151.0300	0	0	A	0	0	0	0	0	0	0	0	0	0	0	0	0	0	0	0	0	0	0	0
P68366	TUBA4A	2	448	448	0	49923.7950	49923.7950	0	0	A	0	0	0	0	0	0	0	0	0	0	0	0	0	0	0	0	0	0	0	0
P68371	TUBB4B	2	445	445	0	49830.4500	49830.4500	0	0	A	0	0	0	0	0	0	0	0	0	0	0	0	0	0	0	0	0	0	0	0
P68400	CSNK2A1	2	391	391	0	45142.9400	45142.9400	0	0	A	0	0	0	0	0	0	0	0	0	0	0	0	0	0	0	0	0	0	0	0
P68402	PAFAH1B2	2	229	228	1	25568.8900	25437.6950	0.005131040104	0.004900877761	M	0.0002123851908	6.189388673e-05	0.0003173023785	0.0004008560605	0.0001969015023	0.0002300944574	0.0002377724462	0.0003350371873	0.0003485081496	0.0005807311246	-0.004900877761	0.0002924685377	0.0002352539841	0.0003483889526	0.0002373041723	0.0001431589866	0.000202839215	0.000319175474	0.0001390994778	6.170657718e-05
P68871	HBB	2	147	146	1	15998.2200	15867.0250	0.008200599817	0.007945133604	M	0.0005792408666	0.0001050335966	0.0004038453365	0.0005101879519	0.0005728128035	0.0004230081596	0.0006052478647	0	0.0006970265612	0.001023401385	-0.007945133604	0.0003436044597	0.0003493216648	0.0001900331356	0.000226520954	0.0002277562864	0.0003614279225	0.0009140159504	0.0001770383055	0.0002356103998
P69849	NOMO3	2	1222	1191	31	134131.9750	131340.6500	0.02081028778	0.002791069381	V	-0.002152469191	0.0002892556981	0.001140201551	0.001632307827	0.001299108777	-0.002332600961	-0.0004708122498	0.00114208899	0.001396047887	-0.002119162831	-0.0005785123219	0.0008349391312	-0.00117745304	0.0001311757906	0.001051938483	0.0007289343014	0.0006589648474	-0.002791069381	0.0001720771716	0.001145039519
P69891	HBG1	2	147	146	1	16128.1900	15996.9950	0.008134514784	0.007826754847	M	0.0004569680145	5.178868245e-05	0.0004551385695	0.0005031144833	0.0005648710766	0.0003850554366	0.0004642216786	0.0001682020835	0.0007498501969	0.0009531451396	-0.007826754847	0.0002823671478	0.0001968448666	0.0002498645775	0.0002233803685	0.0004941168622	0.0005600837437	0.0006509704023	0.0002618756536	0.0001548958629
P78318	IGBP1	2	339	338	1	39221.1900	39089.9950	0.003345003046	0.003195151698	M	0.0002013854075	1.766959542e-05	0.0001844034329	0.0004398680693	0.0001084085681	6.568784393e-05	0.0001131329535	0.0001147765351	0.0002131989233	0.0003156354715	-0.003195151698	0.0001059738215	0.0001259264931	0.0002664075061	0.000317559789	0.0001762489642	0.0001129185733	0.0001110511322	5.956561204e-05	0.0001453330057
P78330	PSPH	2	225	225	0	25007.3800	25007.3800	0	0	A	0	0	0	0	0	0	0	0	0	0	0	0	0	0	0	0	0	0	0	0
P78344	EIF4G2	2	907	907	0	102360.2400	102360.2400	0	0	A	0	0	0	0	0	0	0	0	0	0	0	0	0	0	0	0	0	0	0	0
P78347	GTF2I	2	998	997	1	112415.0950	112283.9000	0.00116705857	0.001122166796	M	4.462758887e-05	9.58299768e-06	4.6788342e-05	0.0001370587318	6.823091887e-05	3.430594353e-05	1.363488216e-05	6.570659818e-05	0.0001092034102	7.377582954e-05	-0.001122166796	4.644384481e-05	8.600170064e-05	4.495073074e-05	8.266877827e-05	6.464858757e-05	5.548302908e-05	8.648109659e-05	1.435779895e-05	3.821598657e-05
P78356	PIP4K2B	2	416	415	1	47377.4550	47246.2600	0.0027691441	0.002631113177	M	9.745878363e-05	4.217223827e-05	0.0001720761776	0.0002341103209	0.0001971352745	7.465617901e-05	0.0001002915814	9.783519716e-05	0.0002689606447	0.0002087150873	-0.002631113177	0.000144530862	0.0001087705821	7.266720395e-05	0.000173239728	0.0001619915768	0.0001421560258	0.0001980571644	1.015471219e-05	0.0001261338371
P78357	CNTNAP1	2	1384	1365	19	156264.5850	154250.1200	0.01289137267	0.001684143791	L	-0.0009372831181	-0.0003602619177	0.0007164605551	-0.0001057057783	-3.456778497e-05	-0.0001733968093	-0.0003484706187	-0.0003041524721	0.000276486241	-0.001684143791	-0.0014517296	0.0005670261481	0.0008207239185	0.0004677397611	0.0003690372337	8.503050949e-05	0.0005978831108	0.0001459185375	0.0004308030603	0.0009226028142
P78371	CCT2	2	535	534	1	57487.3500	57356.1550	0.002282154248	0.00215408551	M	0.0001952527795	2.413986547e-05	0.0001458533222	0.00019054176	6.582476687e-05	0.000104698398	8.243204858e-05	0.0001785840656	0.0001796154624	0.0002439196993	-0.00215408551	7.019608288e-05	4.587690181e-05	6.308655114e-05	0.0001503993049	0.0001081801094	0.0001186670838	0.0001439356414	6.781450597e-06	3.610021644e-05
P78406	RAE1	2	368	368	0	40967.5850	40967.5850	0	0	A	0	0	0	0	0	0	0	0	0	0	0	0	0	0	0	0	0	0	0	0
P78410	BTN3A2	2	334	305	29	36427.0450	33283.2100	0.08630496929	0.01875978213	L	-0.0003408391336	-0.001775280241	0.003560984295	0.009184806749	-0.005209141411	0.004351615556	-0.002273314042	0.005264023027	0.001443234859	-0.01875978213	-0.005037890433	-0.00105217884	0.000366547694	0.0007910980609	0.005825727499	-0.002879068158	0.0003792509451	-0.0005599816605	0.002276559644	0.004443627716
P78417	GSTO1	2	241	240	1	27565.5200	27434.3250	0.004759387815	0.00454704813	M	0.0001707347865	8.930565778e-05	0.0001765916927	0.000520549677	0.0003165751418	0.0001659997292	4.574372006e-05	0.0002320413958	0.0004956729359	0.0005220931406	-0.00454704813	0.0001947682982	0.0002715552428	0.000129261758	0.0002311215092	0.0002633661882	0.0001580435946	0.0001726998648	0.000150528239	0.0002403955583
P78527	PRKDC	2	4128	4128	0	469081.7550	469081.7550	0	0	A	0	0	0	0	0	0	0	0	0	0	0	0	0	0	0	0	0	0	0	0
P78559	MAP1A	2	2803	2803	0	305480.5700	305480.5700	0	0	A	0	0	0	0	0	0	0	0	0	0	0	0	0	0	0	0	0	0	0	0
P80188	LCN2	2	198	178	20	22587.7650	20547.2850	0.09033563082	0.03253474281	L	-0.01191063007	0.001406615384	0.004635700916	0.005124347677	0.007031877266	-0.005711511791	-0.004735276552	0.005076090568	0.009051748785	-0.03253474281	-0.004553983979	0.005112854203	0.0004959883181	0.0006295816278	0.004718902827	0.00488019844	0.004609772878	0.005893597721	-0.006232924121	0.007011792712
P80303	NUCB2	2	420	396	24	50221.9650	47354.4550	0.05709673048	0.009841535734	L	-0.001963191544	-0.004194546501	0.004885154223	0.007173359713	-0.0002610231612	0.0007872244875	0.002928575764	-0.002477812658	0.007511833014	-0.009841535734	-0.0008616511375	0.001801126003	0.001810972864	0.001301581305	-0.003290653084	0.001322436468	-0.004187232419	0.002088446687	-0.003106725296	-0.001426338993
P81605	DCD	2	110	91	19	11283.7150	9259.1700	0.1794218482	0.03012303151	L	-0.007882655232	-0.007156463078	0.01748462997	0.01691171605	-0.02493932749	0.00912551849	0.00509530492	0	0.02400524093	-0.03012303151	-0.0225267695	0.004338973161	0.01134300591	0.007199109194	-0.004568406439	0.01207946877	-0.01798397415	0.004622415753	0	0.002975244274
P82650	MRPS22	2	360	360	0	41279.7450	41279.7450	0	0	A	0	0	0	0	0	0	0	0	0	0	0	0	0	0	0	0	0	0	0	0
P82663	MRPS25	2	173	173	0	20116.2100	20116.2100	0	0	A	0	0	0	0	0	0	0	0	0	0	0	0	0	0	0	0	0	0	0	0
P82664	MRPS10	2	201	201	0	22999.1800	22999.1800	0	0	A	0	0	0	0	0	0	0	0	0	0	0	0	0	0	0	0	0	0	0	0
P82675	MRPS5	2	430	430	0	48005.8450	48005.8450	0	0	A	0	0	0	0	0	0	0	0	0	0	0	0	0	0	0	0	0	0	0	0
P82909	KGD4	2	103	103	0	11466.0300	11466.0300	0	0	A	0	0	0	0	0	0	0	0	0	0	0	0	0	0	0	0	0	0	0	0
P82914	MRPS15	2	257	200	57	29841.6800	23527.2350	0.2115981741	0.02483263081	K	-0.001026129534	0.001904423594	0.01255259724	0.01387575982	-0.003097905095	-0.01130331115	0.00487737406	0.007532540046	0.02483263081	-0.01364679038	0.001532539371	0.003433703237	-0.003413379761	-0.005481298511	-0.00938047239	-0.001717348297	-0.003818980577	-0.01211512847	-0.01024982107	0.004708997044
P82921	MRPS21	2	87	87	0	10688.4100	10688.4100	0	0	A	0	0	0	0	0	0	0	0	0	0	0	0	0	0	0	0	0	0	0	0
P82930	MRPS34	2	218	218	0	25650.0450	25650.0450	0	0	A	0	0	0	0	0	0	0	0	0	0	0	0	0	0	0	0	0	0	0	0
P82932	MRPS6	2	125	125	0	14226.3500	14226.3500	0	0	A	0	0	0	0	0	0	0	0	0	0	0	0	0	0	0	0	0	0	0	0
P82933	MRPS9	2	396	396	0	45834.1450	45834.1450	0	0	A	0	0	0	0	0	0	0	0	0	0	0	0	0	0	0	0	0	0	0	0
P82979	SARNP	2	210	209	1	23670.5250	23539.3300	0.005542547113	0.005379063428	M	0.0003196222064	2.414875502e-05	0.000238756963	0.0009970470046	0.0001646225174	0.0001496242192	9.277020488e-05	0.0002352948973	0.0007575765013	0.0004444459172	-0.005379063428	0.0001316661238	0.0001835751842	0.0001747655526	0.0005208046951	0.0002722953503	0.0003323901929	0.000303543632	0	3.611351041e-05
P83111	LACTB	2	547	432	115	60692.9000	49171.8650	0.1898250866	0.02019518009	K	-0.01832737279	-0.003103026605	0.004785824402	0.01157664117	0.007163512356	-0.009152824782	-0.0007233980826	0.006132226649	0.02019518009	-0.01146894493	0.002334691469	0.01028599478	-0.01747091214	-0.004918851152	-0.01220498913	-0.005295728285	0.004686364089	0.006838454086	-0.001643461236	0.01031062004
P83731	RPL24	2	157	157	0	17778.7300	17778.7300	0	0	A	0	0	0	0	0	0	0	0	0	0	0	0	0	0	0	0	0	0	0	0
P84022	SMAD3	2	425	424	1	48080.1300	47948.9350	0.002728673987	0.002613211228	M	8.586630543e-05	8.758189667e-05	8.979867187e-05	0.0002056189112	0.0001194094875	8.682433784e-05	0.0001121519583	0.0001201024707	0.0001338551513	0.0002338837588	-0.002613211228	0.0001591740974	0.0001997353007	0.0001408519685	0.0001846862885	0.000167124128	0.0001320311309	0.0001524297999	8.857366262e-05	0.0001135119017
P84074	HPCA	2	193	192	1	22427.1100	22295.9150	0.00584983977	0.005496780034	M	0.0001596238888	5.427104717e-05	0.000417335215	0.0006260856893	0.0005179534498	0.0001681300558	3.474807267e-05	0.0003231514767	0.0004583789262	0.0004700385115	-0.005496780034	0.000236721385	0.0001804951289	0.0002618412292	0.0004291605339	0.0004001190735	0.0002401077264	0.0001836619851	9.147600902e-05	0.0002434806298
P84077	ARF1	1	181	180	1	20696.4900	20565.2950	0.006338997579	0.006037413883	M	0.0002800945166	3.174341643e-05	0.0003835881148	0.0004625693819	0.0003462327474	0.0002753523919	0.0001219459655	0.0003780259431	0.0004213128964	0.0007560518861	-0.006037413883	0.0004499935814	9.049074447e-05	0.0002680165082	0.0005020364358	0.0001376657161	0.000343298394	0.000337620944	0.0002140191648	0.0002373551346
P84085	ARF5	2	180	179	1	20529.3650	20398.1700	0.00639060195	0.006082924707	M	0.0002133686805	6.448347945e-05	0.0004250289426	0.0003915258473	0.000307709565	0.000259698219	0.0001238603314	0.0003141493974	0.0004279268672	0.0007679207493	-0.006082924707	0.0002109497517	0.0001225484151	0.0004277805074	0.0004635614939	0.0002237229731	0.0004437842894	0.0004364450092	0.0002173789398	0.0002410812488
P84090	ERH	2	104	103	1	12258.7650	12127.5700	0.01070213843	0.01023268589	M	0.0003372043682	0.0002751533141	0.000806050536	0.0007796389064	0.0002500967093	0.0001704833219	0.0002348962071	0.0005957718753	0.0007746578653	0.000893657813	-0.01023268589	0.0004000578393	0.0004357653935	0.0007743929163	0.0007912133924	0.0004773169656	0.0005410409833	0.0004434110645	0.0001545939523	0.001097282469
P84098	RPL19	2	196	196	0	23465.6650	23465.6650	0	0	A	0	0	0	0	0	0	0	0	0	0	0	0	0	0	0	0	0	0	0	0
P84103	SRSF3	2	164	164	0	19329.3550	19329.3550	0	0	A	0	0	0	0	0	0	0	0	0	0	0	0	0	0	0	0	0	0	0	0
P84157	MXRA7	2	204	204	0	21465.4450	21465.4450	0	0	A	0	0	0	0	0	0	0	0	0	0	0	0	0	0	0	0	0	0	0	0
P84243	H3-3A	2	136	135	1	15327.6550	15196.4600	0.008559365408	0.008330430133	M	0.0007650561512	5.780309754e-05	0.0002539977644	0.0004913501831	0.0003152358429	0.0002865155848	0.000148038141	0.0005006294027	0.0009066775568	0.0007509441041	-0.008330430133	6.303190201e-05	0.0003295578055	0.0005577645873	0.001495934241	0.0003008184642	0.0005682985291	0.0002794500197	0	0.0002593267558
P98095	FBLN2	2	1184	1157	27	126571.5450	123927.4000	0.0208905169	0.004731816388	L	-0.003451454463	0.001789597589	0.001070571043	0.001178282105	0.0007247358677	-0.0003152602358	0.0007487562617	0.0006713937753	0.0005344811858	-0.004731816388	-0.000768941421	0.0007728644014	-8.039868382e-06	0.001260944182	0.001426628597	0.000303703924	0.001097488509	-0.0005392839061	-0.002612579108	0.0008479279496
P98160	HSPG2	2	4391	4370	21	468823.7200	466625.0350	0.00468979044	0.001524907312	L	-0.0005548252251	0.000196454151	0.0001962990789	0.0003045485755	0.0001524444531	-0.0001268016328	-6.237695196e-05	0.0001617762081	8.573747211e-05	-0.001524907312	-0.000218276506	0.0001230655271	0.0003495226013	0.0003201451415	-0.0002482461992	0.0003716116705	0.000277391114	0.0003283747459	-0.0003022722748	0.0001703353624
P98179	RBM3	2	157	157	0	17170.2300	17170.2300	0	0	A	0	0	0	0	0	0	0	0	0	0	0	0	0	0	0	0	0	0	0	0
P98194	ATP2C1	2	919	919	0	100576.0300	100576.0300	0	0	A	0	0	0	0	0	0	0	0	0	0	0	0	0	0	0	0	0	0	0	0
P99999	CYCS	2	105	104	1	11748.6500	11617.4550	0.01116681491	0.01058951618	M	0.000434576521	0.0001970041205	0.0003246275392	0.0009569236133	0.000402894239	0.0007934066161	0.0003784069325	0.0008531208479	0.002139322312	0.0006398406359	-0.01058951618	0.00053706224	0.000374398884	0.00023762118	0.0002832462676	0.000170874571	0.0006779049019	0.000285725892	0.0001660291412	0.0007365297249
Q00013	MPP1	2	466	465	1	52295.6950	52164.5000	0.002508715106	0.002392570451	M	0.0001049803538	1.96924763e-05	0.0001081655907	0.0002152210823	0.0001141073843	8.540937082e-05	8.19551421e-05	0.0001439061512	0.0002197862229	0.0002025345832	-0.002392570451	9.663226194e-05	0.0001216306221	0.0001840822323	0.0001274094765	0.000170805739	0.0001210056834	0.0001380452178	4.149056526e-05	9.571029453e-05
Q00059	TFAM	2	246	204	42	29096.2150	24399.7250	0.1614124036	0.02628534857	K	-0.001775099101	-0.005825821314	0.006175930827	0.01609015313	-0.01588589341	-0.009459521145	0.002699649703	0.007607971887	0.02628534857	-0.01131344562	-0.004578276968	0.003831536349	-0.0008615298487	0.01017149359	-0.009826328699	-0.00967357	0.001972477845	-0.002235605706	-0.007450666749	0.004051196675
Q00169	PITPNA	2	270	269	1	31805.9450	31674.7500	0.00412485779	0.003954509085	M	0.0001291656336	5.404977911e-05	0.0002523490327	0.0004430366623	0.0001473833445	0.0001172112018	0.0001384256063	0.0001609169792	0.0004565100731	0.0003072051421	-0.003954509085	0.000162082422	0.0001540793431	0.0002118786137	0.0002331331674	8.204159584e-05	0.0001727041225	0.0002874349945	0.0001822061058	0.000262695265
Q00325	SLC25A3	2	362	313	49	40094.3850	34895.6300	0.1296629191	0.0117725996	K	-0.003723039279	0.003122223227	-0.00228280592	0.008056842148	0.003552092952	-0.0001569217796	-0.008989137519	0.005492784612	0.0117725996	-0.003791459877	0.001604236907	-0.006378070908	-0.008148929389	-0.001564969876	-0.01139719031	-0.004844525486	0.0006429127859	0.004405890133	0.003289144661	0.009338323316
Q00341	HDLBP	2	1268	1267	1	141437.6350	141306.4400	0.0009275819693	0.0008910190442	M	4.832479764e-05	7.37678217e-06	5.009587628e-05	0.0001034236749	3.200124001e-05	3.282528585e-05	2.833875257e-05	8.421850296e-05	8.819808864e-05	5.662968303e-05	-0.0008910190442	2.998247162e-05	4.396960913e-05	5.17683218e-05	7.327853065e-05	4.246188421e-05	3.560356236e-05	6.095160639e-05	4.521403568e-06	1.704897037e-05
Q00536	CDK16	2	496	496	0	55714.8350	55714.8350	0	0	A	0	0	0	0	0	0	0	0	0	0	0	0	0	0	0	0	0	0	0	0
Q00537	CDK17	2	523	523	0	59581.3600	59581.3600	0	0	A	0	0	0	0	0	0	0	0	0	0	0	0	0	0	0	0	0	0	0	0
Q00577	PURA	2	322	321	1	34910.3350	34779.1400	0.003758056174	0.003612733509	M	0.0001933707899	2.191492208e-05	0.000180559351	0.0003858778974	0.0001942127671	0.0003326696387	7.015723344e-05	0.0001067647036	0.0002644224546	0.0003084313659	-0.003612733509	0.000107537948	0.000124945443	0.0003304150208	0.0003308400791	0.0001900824663	0.0001292756117	0.0001589220734	1.84692365e-05	0.0001638645069
Q00587	CDC42EP1	2	391	391	0	40294.1400	40294.1400	0	0	A	0	0	0	0	0	0	0	0	0	0	0	0	0	0	0	0	0	0	0	0
Q00610	CLTC	2	1675	1674	1	191611.8000	191480.6050	0.0006846916526	0.000654697958	M	3.651334606e-05	1.140275687e-05	3.434676882e-05	5.985424254e-05	3.711114712e-05	1.572549817e-05	1.648575078e-05	3.902559202e-05	4.260669085e-05	7.327254012e-05	-0.000654697958	3.730271304e-05	2.481622735e-05	4.214845058e-05	4.336615411e-05	2.64806347e-05	2.386808227e-05	4.12561966e-05	1.115988406e-05	3.795528192e-05
Q00653	NFKB2	2	900	900	0	96747.7350	96747.7350	0	0	A	0	0	0	0	0	0	0	0	0	0	0	0	0	0	0	0	0	0	0	0
Q00688	FKBP3	2	224	223	1	25176.5450	25045.3500	0.005211000953	0.005084744438	M	0.0002351579064	2.132056119e-05	0.0003044814049	0.0004919196862	0.0002325482669	0.0001849412628	0.0001365089579	0.0002077382147	0.0009003784202	0.0004154764295	-0.005084744438	0.0002324919564	0.0002228540632	0.0002057303936	0.0001532701287	0.0002034199036	0.0003353853085	0.0003298387247	0.0001437466162	0.0001275362325
Q00765	REEP5	2	189	189	0	21492.8400	21492.8400	0	0	A	0	0	0	0	0	0	0	0	0	0	0	0	0	0	0	0	0	0	0	0
Q00796	SORD	2	357	356	1	38324.1800	38192.9850	0.003423295684	0.003245943848	M	0.0002065835165	9.969123192e-05	0.0001194714995	0.000264129853	0.0001359194008	0.0001965348054	0.0001160531126	0.0001864202699	0.0002624423517	0.0003335941672	-0.003245943848	0.000138357152	0.0002066830012	6.558814775e-05	0.0001954539369	0.0001572158763	0.000133653691	0.0002891753339	3.055155224e-05	0.0001084249486
Q00839	HNRNPU	2	825	824	1	90583.6000	90452.4050	0.001448330603	0.001379173837	M	7.305672528e-05	2.117405439e-05	7.15713904e-05	0.0001740545235	6.884094992e-05	0.0001130279487	2.711418405e-05	3.526678918e-05	0.0001375679018	8.111361511e-05	-0.001379173837	7.45966394e-05	6.500386841e-05	9.430001196e-05	0.0001053809409	5.650967256e-05	4.323643288e-05	5.512032184e-05	1.647217432e-05	6.576569236e-05
Q00872	MYBPC1	1	1141	1141	0	128292.8700	128292.8700	0	0	A	0	0	0	0	0	0	0	0	0	0	0	0	0	0	0	0	0	0	0	0
Q00978	IRF9	2	393	393	0	43695.6300	43695.6300	0	0	A	0	0	0	0	0	0	0	0	0	0	0	0	0	0	0	0	0	0	0	0
Q00G26	PLIN5	2	463	463	0	50790.5700	50790.5700	0	0	A	0	0	0	0	0	0	0	0	0	0	0	0	0	0	0	0	0	0	0	0
Q01081	U2AF1	2	240	239	1	27871.8050	27740.6100	0.004707086606	0.004529092306	M	0.0001289863681	0.0001578761873	0.0002505164583	0.0005325447395	0.0003109152047	0.0002825885879	0.0001572405939	0.0001329374715	0.0002116569441	0.0002278928082	-0.004529092306	0.0002295433241	8.334381277e-05	0.0001269507318	0.0009079574718	0.0002586575555	0.0001034786587	0.0001865734462	2.956739936e-05	0.0002098645418
Q01082	SPTBN1	1	2364	2363	1	274604.4450	274473.2500	0.0004777599285	0.000456265444	M	2.485388228e-05	2.517066729e-06	3.100881262e-05	5.873012752e-05	1.49527481e-05	8.688972994e-06	1.611599963e-05	2.257875217e-05	3.883095986e-05	4.788252615e-05	-0.000456265444	1.823303403e-05	7.858755281e-06	3.31793568e-05	4.058403576e-05	2.38594403e-05	2.03277801e-05	1.894856037e-05	1.394002435e-05	1.317460897e-05
Q01085	TIAL1	2	375	375	0	41590.2000	41590.2000	0	0	A	0	0	0	0	0	0	0	0	0	0	0	0	0	0	0	0	0	0	0	0
Q01105	SET	2	290	289	1	33488.3850	33357.1900	0.003917626962	0.003841154731	M	0.0001069504536	0	0.0004260891344	0.0007948174997	0.0001983067171	0.000127669678	9.312696639e-05	0.0001574665057	0.000336370521	0.0002361997586	-0.003841154731	0.0001321724653	0.0002188338653	0.0002046772458	0.0001742691755	0.0001892371169	0.000119167303	0.0001171965207	8.172043861e-05	0.0001268833659
Q01130	SRSF2	2	221	220	1	25475.9900	25344.7950	0.005149750805	0.004965118656	M	0.0001233300725	0	0.0002763817372	0.0002291362415	0.0001143388409	0.0001948532777	8.054212346e-05	2.269784152e-05	0.0003035630816	0.0001134892076	-0.004965118656	2.286223085e-05	0.0003386783746	2.52882714e-05	0.001597622106	0.0008728762363	0.0001442888478	0.0002229898107	0	0.0002821803548
Q01432	AMPD3	2	767	767	0	88810.9000	88810.9000	0	0	A	0	0	0	0	0	0	0	0	0	0	0	0	0	0	0	0	0	0	0	0
Q01433	AMPD2	2	825	825	0	94888.6600	94888.6600	0	0	A	0	0	0	0	0	0	0	0	0	0	0	0	0	0	0	0	0	0	0	0
Q01449	MYL7	1	175	174	1	19447.7800	19316.5850	0.006746014198	0.006387622892	M	0.0003936020973	0.0001070576498	0.0004312289674	0.0007366943553	0.0005838512107	0.0002874398344	4.569713428e-05	0.0003477076244	0.000602813386	0.0005408785269	-0.006387622892	0.0002334839335	0.0002034590165	0.0004734770947	0.0003078481775	0.0003404797309	0.0003157652834	0.0002760383773	0	0.0001601004916
Q01469	FABP5	2	135	134	1	15164.3300	15033.1350	0.00865155269	0.008197615903	M	0.0002603302109	0.0003540420737	0.0005185759878	0.0008598582091	0.0003218015305	0.00040216425	7.556072925e-05	0.0003832923309	0.0009967587633	0.0006388205515	-0.008197615903	0.0002573788862	5.607029816e-05	0.000427036222	0.0005090304493	0.0002047225791	0.00098622945	0.0005705407304	0.0001989173333	0.0001764853179
Q01484	ANK2	1	3957	3957	0	433708.4500	433708.4500	0	0	A	0	0	0	0	0	0	0	0	0	0	0	0	0	0	0	0	0	0	0	0
Q01518	CAP1	2	475	474	1	51900.8000	51769.6050	0.00252780304	0.002413745462	M	0.0001386233375	3.968926413e-05	0.0001090013424	0.0001988103409	7.440467662e-05	8.606929435e-05	6.988247217e-05	0.0001289049383	0.00026338688	0.0001987284466	-0.002413745462	0.000108198778	0.0001649986323	0.0001136963438	8.559594517e-05	0.0001807317599	0.0001219406452	0.000191878396	5.017337521e-05	8.903059303e-05
Q01581	HMGCS1	2	520	520	0	57292.8750	57292.8750	0	0	A	0	0	0	0	0	0	0	0	0	0	0	0	0	0	0	0	0	0	0	0
Q01658	DR1	2	176	175	1	19443.2950	19312.1000	0.006747570306	0.006515614896	M	0.0005765896547	0.0001425720723	0.0003523998956	0.0008656581791	0.000145787475	0.0001104209874	9.128448752e-05	0.0004244655125	0.0004300637844	0.0006174043818	-0.006515614896	0.0003498052157	0.000135476417	0.0007738500487	0.000409971195	0.0005255638914	0.0001752144401	0.0002757068054	6.007772492e-05	5.330272734e-05
Q01668	CACNA1D	1	2161	2161	0	245137.6700	245137.6700	0	0	A	0	0	0	0	0	0	0	0	0	0	0	0	0	0	0	0	0	0	0	0
Q01804	OTUD4	2	1114	1114	0	124042.7050	124042.7050	0	0	A	0	0	0	0	0	0	0	0	0	0	0	0	0	0	0	0	0	0	0	0
Q01813	PFKP	2	784	784	0	85595.0150	85595.0150	0	0	A	0	0	0	0	0	0	0	0	0	0	0	0	0	0	0	0	0	0	0	0
Q01844	EWSR1	2	656	656	0	68477.5750	68477.5750	0	0	A	0	0	0	0	0	0	0	0	0	0	0	0	0	0	0	0	0	0	0	0
Q01970	PLCB3	2	1234	1233	1	138796.8950	138665.7000	0.0009452300788	0.0009052261524	M	4.516581034e-05	9.772045394e-06	5.060811558e-05	9.832351584e-05	3.996973041e-05	3.157093553e-05	1.608875582e-05	3.324951926e-05	5.811188087e-05	0.0001020155705	-0.0009052261524	3.577376077e-05	5.372441546e-05	6.061774478e-05	9.333172111e-05	5.509357567e-05	3.980254607e-05	4.454350669e-05	8.235585632e-06	2.922741672e-05
Q01995	TAGLN	2	201	200	1	22610.6500	22479.4550	0.0058023542	0.005398806129	M	0.0002140147369	2.645947971e-05	0.0002906699199	0.0004819639216	0.0002525246795	0.0003278826579	0.0001016471181	0.0002291640775	0.0005427359917	0.0004010371356	-0.005398806129	0.0002019708255	0.0002514262049	0.0004468061827	0.0004184685954	0.0002754004677	0.0001560838506	0.0004093401185	0.000133795517	0.0002374146481
Q02045	MYL5	2	173	173	0	19533.7600	19533.7600	0	0	A	0	0	0	0	0	0	0	0	0	0	0	0	0	0	0	0	0	0	0	0
Q02127	DHODH	2	395	395	0	42866.6500	42866.6500	0	0	A	0	0	0	0	0	0	0	0	0	0	0	0	0	0	0	0	0	0	0	0
Q02218	OGDH	2	1023	983	40	115933.5900	111338.2800	0.03963743381	0.003491700337	R	-0.002148349979	-0.001097752504	0.002326601033	0.002932807762	-0.001307836659	0.001335252546	0.0005580024265	0.00099469151	-2.440948399e-05	0.0007314357777	-1.245686814e-05	0.0007182763841	0.000333843945	-0.002379261192	-0.003491700337	0.0003369586082	-0.002679908284	0.001678751135	0.0008767894449	0.0003182647339
Q02221	COX6A2	2	97	85	12	10815.2200	9495.5700	0.12201786	0.02869631644	L	-0.0001664494136	0.001347418019	0.001480202528	0.003272459774	0.007348299193	0.001529448595	0.01380336122	0.001458739036	0.003251552331	-0.02869631644	-0.01189430403	0.005877215869	-0.006831993919	0.001625220116	-0.0142118496	0.005843519297	-0.001547286546	0.003908468659	0.004542253348	0.008060041956
Q02252	ALDH6A1	2	535	502	33	57839.0300	54388.0650	0.05966498747	0.008122148934	S	-0.006773936384	0.0009166314092	0.00264327795	0.003756734318	0.0006756015887	0.003123665891	0.001320504156	0.001776917151	8.979411606e-05	-0.0008715090885	0.0003280352001	0.003373477456	0.00145075205	0.0005976900307	-0.002199332508	-0.008122148934	0.00172632947	-0.0007783585402	-0.002061681812	-0.0009724435192
Q02318	CYP27A1	2	531	498	33	60233.7600	56907.8050	0.05521745612	0.009879091062	A	-0.009879091062	-0.002955777623	0.002157227427	0.004016201463	0.003804624446	-0.003393770928	-0.0003704956245	0.0001343359687	0.0007732407351	-0.0004696835655	-0.0004835916011	0.001352427795	-5.881037008e-05	0.004363162863	-0.007875248378	0.002151478005	0.00203225854	0.003297771114	-0.001532908621	0.002936649417
Q02338	BDH1	2	343	297	46	38156.6900	33074.7900	0.1331850326	0.02297691156	R	0.0004658667842	-0.0002095366333	0.003005121509	0.006898229221	0.002582409881	-0.001301347192	0.003232529445	0.0004572735143	0.007361798579	-0.01320190743	0.002850723453	0.0006890764083	-0.005194082773	0.002029871536	-0.02297691156	-0.002003492228	-0.003305883686	0.01098362043	0.003545746929	0.00409089381
Q02383	SEMG2	2	582	559	23	65443.3050	62930.1300	0.03840232397	0.008634968861	L	-0.001782325835	0.0001280475547	0.001687995662	0.001249408441	-0.0016523875	0.0009151656856	0.003361380417	-0.003312441647	0.00047434659	-0.008634968861	-0.003773541214	0.001954828334	0.0007300486121	0.003866610472	0.001656924367	0.001396096582	0.001699536428	-0.001724643458	0.0003237438712	0.001436175498
Q02413	DSG1	2	1049	1000	49	113746.3000	107702.2750	0.05313601409	0.004768479007	R	0.001216112976	0.0009061507457	0.001145109207	0.001693739851	-0.004237215658	0.002490731128	-9.470194191e-06	0.0001314766019	-0.001423827045	0.001564511418	-0.0005141866067	0.0005247622339	0.002774502884	-0.0003821655186	-0.004768479007	0.001858336592	0.001816739508	-0.002873237598	-0.002655372254	0.0007417807351
Q02487	DSC2	2	901	766	135	99960.5200	84726.9650	0.1523957158	0.01225521253	L	-0.002855373475	0.000985843173	0.004544435165	0.0006389593684	-0.002411666411	0.00413634904	-0.002228545575	0.002017896072	-0.01039593013	-0.01225521253	0.001479548255	0.0001970017129	0.004491159542	0.003896145029	-0.002584236875	-0.001839458056	0.0035372779	0.002240511324	0.0001335703113	0.006271726162
Q02543	RPL18A	2	176	176	0	20762.1150	20762.1150	0	0	A	0	0	0	0	0	0	0	0	0	0	0	0	0	0	0	0	0	0	0	0
Q02641	CACNB1	2	598	598	0	65712.6250	65712.6250	0	0	A	0	0	0	0	0	0	0	0	0	0	0	0	0	0	0	0	0	0	0	0
Q02750	MAP2K1	2	393	393	0	43438.4300	43438.4300	0	0	A	0	0	0	0	0	0	0	0	0	0	0	0	0	0	0	0	0	0	0	0
Q02790	FKBP4	2	459	459	0	51803.8900	51803.8900	0	0	A	0	0	0	0	0	0	0	0	0	0	0	0	0	0	0	0	0	0	0	0
Q02809	PLOD1	2	727	709	18	83548.9500	81560.4600	0.02380029911	0.009720721086	L	-0.001816406486	0.000307472602	0.001452424846	0.0001948914271	0.001634916281	0.0001946933457	0.001063072056	0.001031913682	0.001335572061	-0.009720721086	-0.001089784491	0.001072915951	-0.0002565344718	0.001112596056	0.0002307489064	0.0009067497981	0.001027805081	0.001337833187	-0.001491560812	0.001471402067
Q02818	NUCB1	2	461	435	26	53878.3900	51144.9300	0.05073388422	0.01970587192	L	-0.0005315870203	0	0.003371679293	0.00873937456	0.001875846559	-0.001365978181	0.002710516036	0.0005728945995	0.003703274199	-0.01970587192	-0.001227179888	0.001500313865	-0.005396637576	0.00446794021	-0.0002785946801	-0.0005889213135	6.082644972e-05	0.0004691494819	0.0003567783338	0.001266176992
Q02878	RPL6	2	288	287	1	32727.5850	32596.3900	0.004008697861	0.003890471039	M	0.0001486723038	1.263689551e-05	0.0001249400555	0.0001994921069	0.0001206043363	0.0001565948738	0.0001294562125	0.0002188948938	0.0007928702807	0.0003283423408	-0.003890471039	8.268009084e-05	0.00021614348	0.0001371806139	0.0003997163944	0.0001534512948	0.000198786001	0.0002810290781	0	0.0001889797868
Q02880	TOP2B	2	1626	1625	1	183264.9950	183133.8000	0.0007158759369	0.0006857590765	M	2.82699045e-05	6.808200473e-06	5.191396645e-05	6.127677911e-05	3.931338133e-05	2.605432729e-05	1.333365695e-05	3.5119125e-05	9.0361498e-05	5.332904166e-05	-0.0006857590765	3.450005645e-05	2.778020934e-05	2.656782132e-05	3.627545341e-05	3.994692753e-05	3.464906392e-05	3.988445546e-05	1.282555071e-05	2.754965763e-05
Q02952	AKAP12	2	1782	1781	1	191479.3750	191348.1800	0.0006851651777	0.0006589458165	M	4.178422973e-05	3.619453937e-06	3.89661879e-05	0.000138890361	1.184346509e-05	2.73596184e-05	1.06601522e-05	1.645764152e-05	6.463431802e-05	3.487452607e-05	-0.0006589458165	7.893731498e-06	3.920822171e-05	4.540317582e-05	2.081574367e-05	5.368355797e-05	4.875161882e-05	4.759540104e-05	4.88058688e-06	1.62382517e-06
Q02978	SLC25A11	2	314	313	1	34061.2950	33930.1000	0.00385173259	0.003616647664	M	0.0002793800424	3.454084832e-05	0.0001264825275	0.0001398149833	0.0002825587355	0.0002425480643	4.423087336e-05	0.0001869727251	0.000236166921	0.0004238048435	-0.003616647664	0.000100441001	0.0001312871531	0.0001249867837	0.0003310782313	0.0001697707212	0.0003056334819	0.0002115185078	3.881331596e-05	0.0002066179038
Q03001	DST	1	7570	7570	0	860647.8550	860647.8550	0	0	A	0	0	0	0	0	0	0	0	0	0	0	0	0	0	0	0	0	0	0	0
Q03013	GSTM4	2	218	218	0	25560.9850	25560.9850	0	0	A	0	0	0	0	0	0	0	0	0	0	0	0	0	0	0	0	0	0	0	0
Q03135	CAV1	2	178	177	1	20471.3250	20340.1300	0.006408720491	0.006226382755	M	0.0002389712544	9.749834049e-05	0.0003927240022	0.0004341208297	0.0004874085493	0.0001812281385	0.0002497006855	0.0006685052523	0.0004705606601	0.0004573983305	-0.006226382755	0.0002480751767	0.0002161738956	0.0001567999062	0.0002336333624	0.0003100778767	0.0002556179667	0.0004713573204	0.0002191164421	0.0004374147651
Q03154	ACY1	2	408	408	0	45884.3550	45884.3550	0	0	A	0	0	0	0	0	0	0	0	0	0	0	0	0	0	0	0	0	0	0	0
Q03252	LMNB2	2	620	617	3	69947.3150	69553.8100	0.005625734169	0.002110213712	Y	0.0003474737435	1.658087476e-05	0.0002732231467	0.0008557331163	0.0001243353488	0.0002003314809	8.492976951e-05	0.0001077045234	0.0003901220087	0.0006193010093	-0.001696922305	0.0001084845744	0.0001339231342	0.000329990336	0.0007390231087	0.0003883053108	0.0002037712323	-0.00117199215	5.589544805e-05	-0.002110213712
Q03518	TAP1	2	748	748	0	80963.3050	80963.3050	0	0	A	0	0	0	0	0	0	0	0	0	0	0	0	0	0	0	0	0	0	0	0
Q03701	CEBPZ	2	1054	1054	0	120972.3450	120972.3450	0	0	A	0	0	0	0	0	0	0	0	0	0	0	0	0	0	0	0	0	0	0	0
Q03938	ZNF90	2	601	601	0	69056.9400	69056.9400	0	0	A	0	0	0	0	0	0	0	0	0	0	0	0	0	0	0	0	0	0	0	0
Q04118	PRB3	2	351	335	16	35122.3800	33512.3600	0.04584028759	0.02185961488	L	-0.006348221314	0	0.0001542850232	0.002728770004	0	0.006178321152	0.0005395339148	-0.003014196532	0.002880794653	-0.02185961488	-0.003601702535	0.002297235605	0.01668185079	0.008131226433	0.00343275483	-0.005782886788	0.0001380798796	-0.002556230236	0	0
Q04323	UBXN1	2	297	296	1	33324.7600	33193.5650	0.003936862561	0.003770088475	M	0.000258966533	2.42887937e-05	0.0001467531481	0.0006931317274	6.623086548e-05	0.0001805902684	4.665408974e-05	7.888645764e-05	0.000175839159	0.0003812845453	-0.003770088475	1.32429656e-05	0.0002538796385	0.0003076132821	0.0006285898111	0.0001790717176	0.0001074592685	0.0001526519411	2.046986402e-05	5.44843991e-05
Q04446	GBE1	2	702	701	1	80472.6850	80341.4900	0.001630304743	0.001561502115	M	7.219560773e-05	1.671218411e-05	0.0001055649744	0.0001090821402	0.0001110790917	7.248337427e-05	8.025220878e-05	8.141810294e-05	8.569994492e-05	0.000151528136	-0.001561502115	6.606181822e-05	6.550680294e-05	4.283531689e-05	0.0001081271139	8.878537467e-05	4.723854152e-05	6.665614492e-05	5.281697092e-05	0.000137458266
Q04637	EIF4G1	2	1599	1599	0	175488.3900	175488.3900	0	0	A	0	0	0	0	0	0	0	0	0	0	0	0	0	0	0	0	0	0	0	0
Q04656	ATP7A	2	1500	1500	0	163370.6250	163370.6250	0	0	A	0	0	0	0	0	0	0	0	0	0	0	0	0	0	0	0	0	0	0	0
Q04759	PRKCQ	2	706	706	0	81863.7950	81863.7950	0	0	A	0	0	0	0	0	0	0	0	0	0	0	0	0	0	0	0	0	0	0	0
Q04760	GLO1	2	184	183	1	20777.4350	20646.2400	0.00631430203	0.005966003369	M	0.0002769524619	0.0001255492958	0.0006206483222	0.0004192653244	0.0003851423604	0.000233368743	0.0001205779955	0.0003058243442	0.0006816872894	0.0005776682057	-0.005966003369	0.00020535952	0.0003579025361	0.0002271513794	0.0002256384876	0.000272242809	0.0003085884804	0.0001820910367	0.0001587137495	0.000281631028
Q04828	AKR1C1	2	323	323	0	36787.8700	36787.8700	0	0	A	0	0	0	0	0	0	0	0	0	0	0	0	0	0	0	0	0	0	0	0
Q04837	SSBP1	2	148	132	16	17259.4350	15194.9350	0.1196157348	0.02210143192	R	0.002399080098	0	0.007168426558	0.009905058223	-0.01325937161	0.004548463595	-0.005704494507	0.00706448168	0.007873420575	-0.003464193025	-0.005486094911	0.005336734693	-0.003457978779	-0.007794913815	-0.02210143192	0.00707484924	0.008019374264	-0.00818992594	0.002749692096	0.007318823487
Q04917	YWHAH	2	246	245	1	28218.3150	28087.1200	0.004649285402	0.004446483758	M	0.0003009825942	5.116602749e-05	0.0003185137295	0.0005799097983	0.000162773227	8.453909284e-05	2.184001641e-05	0.000166179791	0.0004115748629	0.000498539373	-0.004446483758	0.0002603740996	6.48260674e-05	0.0002674321623	0.0002942595572	0.0002514846569	0.0001341454208	0.0002143812632	5.749491655e-05	0.000306067102
Q04941	PLP2	2	152	152	0	16690.4750	16690.4750	0	0	A	0	0	0	0	0	0	0	0	0	0	0	0	0	0	0	0	0	0	0	0
Q05048	CSTF1	2	431	431	0	48356.9700	48356.9700	0	0	A	0	0	0	0	0	0	0	0	0	0	0	0	0	0	0	0	0	0	0	0
Q05086	UBE3A	2	875	875	0	100686.3900	100686.3900	0	0	A	0	0	0	0	0	0	0	0	0	0	0	0	0	0	0	0	0	0	0	0
Q05397	PTK2	2	1052	1051	1	119231.2150	119100.0200	0.001100341047	0.001041412218	M	4.600914192e-05	1.327267742e-05	5.519823158e-05	9.670563037e-05	3.877718218e-05	3.524430131e-05	3.277832698e-05	5.952970786e-05	7.206584026e-05	0.0001026374273	-0.001041412218	3.721708077e-05	6.215968923e-05	6.174959336e-05	8.451057942e-05	6.660665902e-05	4.753637932e-05	5.316692289e-05	2.237162581e-05	5.387522051e-05
Q05469	LIPE	2	1076	1076	0	116595.8950	116595.8950	0	0	A	0	0	0	0	0	0	0	0	0	0	0	0	0	0	0	0	0	0	0	0
Q05639	EEF1A2	2	463	462	1	50469.6400	50338.4450	0.002599483571	0.002473332189	M	0.0001310884764	3.146061116e-05	0.0001267235633	0.0001973874647	9.293595059e-05	0.0001429472261	7.385860575e-05	0.000198682311	0.0002910262329	0.0001419159364	-0.002473332189	9.148400894e-05	0.0001295443549	7.589392068e-05	0.0001356992026	0.0001273432892	0.0001391890558	0.0002078656797	4.419009306e-05	9.409620561e-05
Q05655	PRKCD	2	676	676	0	77504.1150	77504.1150	0	0	A	0	0	0	0	0	0	0	0	0	0	0	0	0	0	0	0	0	0	0	0
Q05682	CALD1	1	793	793	0	93229.9300	93229.9300	0	0	A	0	0	0	0	0	0	0	0	0	0	0	0	0	0	0	0	0	0	0	0
Q05707	COL14A1	2	1796	1768	28	193513.2450	190067.9950	0.0178036909	0.001452179419	F	0.000258506128	-0.000364586388	0.0009755355777	0.001368249666	-0.001452179419	0.0008153693009	0.0003545944113	-0.0007499472823	-0.0003267896832	-0.0004398214935	-0.0009567813665	0.0006039189639	0.0003777799227	-0.0004994376262	-0.0005541472979	0.001101526987	0.0007399323386	0.0002551517028	-0.0006306194681	-0.0008762549753
Q06033	ITIH3	2	890	617	273	99847.9950	69359.3400	0.3053506983	0.02606284994	E	0.003447125921	-0.002216763202	-0.004775862361	0.02606284994	-0.007467824342	-0.002201037094	-0.004980199666	-0.00303174727	0.003688244094	0.0008648520699	0.001340822221	0.007666029835	-0.00297920447	-0.002924228396	-0.003665903306	-0.001448916945	-0.002916908528	-0.006386725865	-0.009024224299	0.01094962167
Q06124	PTPN11	2	593	592	1	68010.0000	67878.8050	0.001929054551	0.001849691231	M	4.733711984e-05	2.926236717e-05	0.0001060821189	0.0001812264577	7.58032009e-05	7.614929674e-05	7.494315394e-05	8.553590866e-05	0.0001588840752	0.0001330558579	-0.001849691231	8.615540331e-05	6.951502831e-05	0.0001094160387	0.0001556682579	8.883408368e-05	0.0001093247447	0.000127322453	3.452601878e-05	0.000100649646
Q06190	PPP2R3A	2	1150	1150	0	130275.7150	130275.7150	0	0	A	0	0	0	0	0	0	0	0	0	0	0	0	0	0	0	0	0	0	0	0
Q06210	GFPT1	2	699	698	1	78805.3900	78674.1950	0.001664797294	0.001582113425	M	6.537617215e-05	3.035945515e-05	0.0001072006064	0.0001264006028	7.687122006e-05	6.583686897e-05	6.38684371e-05	0.0001103415421	0.000117743476	0.0001502523127	-0.001582113425	4.965860699e-05	4.121214064e-05	7.846880352e-05	0.0001371852756	7.523640858e-05	9.380889798e-05	0.0001132251033	1.096544345e-05	6.810205116e-05
Q06323	PSME1	2	249	249	0	28722.7600	28722.7600	0	0	A	0	0	0	0	0	0	0	0	0	0	0	0	0	0	0	0	0	0	0	0
Q06432	CACNG1	2	222	222	0	25028.0550	25028.0550	0	0	A	0	0	0	0	0	0	0	0	0	0	0	0	0	0	0	0	0	0	0	0
Q06830	PRDX1	2	199	198	1	22110.0800	21978.8850	0.005933718919	0.00574309501	M	0.0002433598558	0.0001103209493	0.0004847711574	0.0002344433991	0.0005640449908	0.0002734167602	0.0001412701823	0.0003881652072	0.0006322808107	0.0003583063451	-0.00574309501	0.0001804506912	0.0003406987902	0.000299399001	0.0002379239358	0.0003109878907	0.0002440427603	0.0004000113243	9.297517446e-05	0.0002062257842
Q07020	RPL18	2	188	187	1	21634.2550	21503.0600	0.006064225461	0.005860188908	M	0.0001925229744	5.818356863e-05	0.0002237109231	0.0001766372658	0.0002379830893	0.0002523512997	0.0001490125565	0.0001889717406	0.0006669332373	0.0005669152218	-0.005860188908	0.0001903403703	0.0002764391819	0.0001403589752	0.001254817306	0.0003027985091	0.0003146215485	0.0004500630614	0	0.0002175280786
Q07021	C1QBP	2	282	209	73	31361.8250	23782.8100	0.2416637106	0.04642770081	R	-0.01245547697	-0.01888359365	0.02361116011	0.03250063465	0.007046672756	-0.01122467526	0.006880675227	0.01047095524	0.02074659953	-0.02110896675	-0.001449572382	0.01054679123	-0.02446005995	0.002345381162	-0.04642770081	-0.004261449379	0.01257802492	0.001682076763	0.005434114708	0.006428408865
Q07065	CKAP4	2	602	602	0	66021.2550	66021.2550	0	0	A	0	0	0	0	0	0	0	0	0	0	0	0	0	0	0	0	0	0	0	0
Q07157	TJP1	2	1748	1748	0	195455.9150	195455.9150	0	0	A	0	0	0	0	0	0	0	0	0	0	0	0	0	0	0	0	0	0	0	0
Q07343	PDE4B	1	736	736	0	83342.1350	83342.1350	0	0	A	0	0	0	0	0	0	0	0	0	0	0	0	0	0	0	0	0	0	0	0
Q07507	DPT	2	201	183	18	24004.5500	21964.0400	0.08500513444	0.02628190487	L	-0.001110834534	0.004111356445	-0.0003046251083	0.00698964529	0.004484351081	0.0005923992206	0.00105294974	0.002670617159	0.001984282597	-0.02628190487	-0.007771450929	0.003586612173	-0.001435518912	0.006446712778	0.007093413266	0.0008292957785	-0.0006768424278	-0.005306581675	-0.0092506198	0.01229674273
Q07666	KHDRBS1	2	443	443	0	48226.7400	48226.7400	0	0	A	0	0	0	0	0	0	0	0	0	0	0	0	0	0	0	0	0	0	0	0
Q07812	BAX	2	192	192	0	21184.1050	21184.1050	0	0	A	0	0	0	0	0	0	0	0	0	0	0	0	0	0	0	0	0	0	0	0
Q07866	KLC1	2	573	573	0	65308.6000	65308.6000	0	0	A	0	0	0	0	0	0	0	0	0	0	0	0	0	0	0	0	0	0	0	0
Q07954	LRP1	2	4544	4525	19	504601.1850	502659.7100	0.003847543481	0.001754200681	L	-0.0003096450851	0.0002673499907	0.0003487092926	0.0002304952671	0.0001464631294	0.0001881686096	0.0001334241378	0.000171389221	0.000168599656	-0.001754200681	-0.0001838085933	0.000219311208	-0.0004147334454	0.0001607481421	0.000321677611	3.587746174e-05	2.550257489e-06	-9.206491635e-06	0.0001198047008	0.0001570256111
Q07955	SRSF1	2	248	247	1	27744.3050	27613.1100	0.0047287182	0.004591551933	M	0.0001288529154	3.504729876e-05	0.0003850111806	0.0002340772521	0.0001672426666	0.0003800141347	6.731910369e-05	0.0001327999309	0.0001691503666	0.0001138285122	-0.004591551933	0.0001337617357	0.0002830757824	2.113656421e-05	0.001083382701	0.0004255834332	0.0001206001964	0.0002880424556	2.953680816e-05	0.0003930888946
Q07960	ARHGAP1	2	439	439	0	50434.8500	50434.8500	0	0	A	0	0	0	0	0	0	0	0	0	0	0	0	0	0	0	0	0	0	0	0
Q08043	ACTN3	1	901	901	0	103239.6300	103239.6300	0	0	A	0	0	0	0	0	0	0	0	0	0	0	0	0	0	0	0	0	0	0	0
Q08174	PCDH1	2	1060	1003	57	114741.7850	108845.8500	0.0513843758	0.009070535203	L	-0.001415799354	-0.0006584301977	0.002695130335	0.001999719301	0.001683581019	-0.002192538552	-0.002466184705	0.001372667711	0.002860679227	-0.009070535203	-0.002858394729	0.002746938903	-0.003409489672	0.002005942557	-0.003455055651	0.0002861328644	0.00305939458	0.004202766133	0.000249763968	0.002363711467
Q08188	TGM3	2	693	692	1	76630.8300	76499.6350	0.001712039397	0.001624120578	M	7.04491711e-05	1.368699641e-05	9.773279088e-05	0.0001024945085	8.708421128e-05	7.915021176e-05	2.336896107e-05	9.878526021e-05	9.082998537e-05	0.0001457082588	-0.001624120578	0.0001144258204	6.719668317e-05	6.878706033e-05	0.0001115127962	0.0001246520944	8.522478605e-05	0.0001235173479	6.151993852e-05	5.799369559e-05
Q08209	PPP3CA	1	521	520	1	58687.0900	58555.8950	0.002235500176	0.002129866157	M	0.0001006768212	4.694323363e-05	0.0001375183096	0.0001757662352	0.0001440058082	7.513816786e-05	6.011260068e-05	0.0001143485796	0.0001416026602	0.000220226894	-0.002129866157	0.0001237083614	0.0001040828145	6.605864028e-05	0.0001518603534	0.000118757741	0.000107689958	0.0001096914512	2.637489593e-05	0.0001053026308
Q08211	DHX9	2	1270	1270	0	140956.7750	140956.7750	0	0	A	0	0	0	0	0	0	0	0	0	0	0	0	0	0	0	0	0	0	0	0
Q08257	CRYZ	2	329	328	1	35206.1800	35074.9850	0.003726476431	0.003562989345	M	0.0002683379273	3.219991345e-05	0.0001297014782	0.0002737125525	0.0001317044496	0.0002394104493	0.0001374440567	0.0003253619295	0.0002978651452	0.0003137418606	-0.003562989345	0.0001053380463	0.0001223894366	0.000129462291	0.0001851840516	0.0001955036508	0.0001582887789	0.0002905858812	1.80914117e-05	0.0002086660343
Q08357	SLC20A2	2	652	652	0	70391.4550	70391.4550	0	0	A	0	0	0	0	0	0	0	0	0	0	0	0	0	0	0	0	0	0	0	0
Q08378	GOLGA3	2	1498	1498	0	167351.4850	167351.4850	0	0	A	0	0	0	0	0	0	0	0	0	0	0	0	0	0	0	0	0	0	0	0
Q08379	GOLGA2	2	1002	1002	0	113084.2750	113084.2750	0	0	A	0	0	0	0	0	0	0	0	0	0	0	0	0	0	0	0	0	0	0	0
Q08380	LGALS3BP	2	585	567	18	65329.9500	63275.5000	0.03144729179	0.004164427491	W	0.0006127198693	0.0008274487765	0.001874795343	0.001946815519	-0.0001330646044	-0.0008258795334	0.0005960135869	0.0007838345907	0.001185586206	-0.001324769306	-0.001457647067	0.0009586925604	-0.00175801521	-0.0001800972935	-0.0002146773541	0.002422239169	-0.001412183409	-0.00143883273	-0.004164427491	0.001701448376
Q08431	MFGE8	2	387	364	23	43104.3800	40772.4550	0.05409949059	0.01317102253	L	-0.006212683351	-0.003154842728	0.002006408146	0.003070942004	0.002681696737	0.0008506704271	0.002338799578	0.002129415588	0.003051322039	-0.01317102253	-0.002634692617	0.00490248663	-0.004897249226	0.002202978862	-0.00372794262	0.001312707409	0.002486308785	0.001191664291	0.002841694538	0.002731338032
Q08499	PDE4D	2	809	809	0	91113.3500	91113.3500	0	0	A	0	0	0	0	0	0	0	0	0	0	0	0	0	0	0	0	0	0	0	0
Q08623	PUDP	2	228	228	0	25248.8650	25248.8650	0	0	A	0	0	0	0	0	0	0	0	0	0	0	0	0	0	0	0	0	0	0	0
Q08752	PPID	2	370	369	1	40763.0650	40631.8700	0.003218477315	0.003097506227	M	0.0001839105491	5.647721765e-05	0.0002304450542	0.0002547361445	0.0001980032171	0.0001699657133	9.298443954e-05	0.0002271035144	0.0003796629881	0.0002445730155	-0.003097506227	0.0001407681931	0.0001303327066	0.0001459742829	0.0001392019712	0.0001189669429	0.0001031202662	0.0001560228752	4.079768448e-05	8.445945086e-05
Q08945	SSRP1	2	709	708	1	81073.8500	80942.6550	0.001618215985	0.001549715904	M	4.688247137e-05	1.234043189e-05	0.0001107118173	0.0001848216312	9.814578247e-05	5.989411031e-05	3.423851945e-05	6.457320771e-05	0.0001886040884	0.0001068797921	-0.001549715904	6.279809083e-05	4.885942567e-05	5.457724738e-05	0.0001271558808	0.0001284439736	6.470748307e-05	6.761468892e-05	2.080028888e-05	6.766697313e-05
Q08AM6	VAC14	2	782	782	0	87971.2450	87971.2450	0	0	A	0	0	0	0	0	0	0	0	0	0	0	0	0	0	0	0	0	0	0	0
Q08J23	NSUN2	2	767	767	0	86469.5500	86469.5500	0	0	A	0	0	0	0	0	0	0	0	0	0	0	0	0	0	0	0	0	0	0	0
Q09013	DMPK	2	629	629	0	69384.1200	69384.1200	0	0	A	0	0	0	0	0	0	0	0	0	0	0	0	0	0	0	0	0	0	0	0
Q09028	RBBP4	2	425	424	1	47654.9200	47523.7250	0.002753021094	0.002662011044	M	0.0001089922776	2.964531228e-05	0.000234480816	0.0002519973883	0.000121255591	9.184027703e-05	0.0001518478112	0.0001476349275	0.0001645402916	0.0002118240264	-0.002662011044	0.000142238776	0.0001352155089	9.296922611e-05	9.377079464e-05	0.0002057065611	0.0001224139016	0.0001547864064	0.0001299177183	7.093343192e-05
Q09161	NCBP1	2	790	790	0	91837.9850	91837.9850	0	0	A	0	0	0	0	0	0	0	0	0	0	0	0	0	0	0	0	0	0	0	0
Q09666	AHNAK	1	5890	5890	0	629096.1750	629096.1750	0	0	A	0	0	0	0	0	0	0	0	0	0	0	0	0	0	0	0	0	0	0	0
Q0VAK6	LMOD3	1	560	560	0	64913.3850	64913.3850	0	0	A	0	0	0	0	0	0	0	0	0	0	0	0	0	0	0	0	0	0	0	0
Q0VDG4	SCRN3	2	424	419	5	48543.7250	47952.0500	0.01218849604	0.002290672891	F	0.0005067739339	0.0002120611994	0.0006988778221	-0.001364258822	-0.002290672891	0.000377751514	0.0003733846216	0.0006600461715	0.000959513043	0.001061813406	-0.002232302312	0.0006359210596	-0.001621684367	0.0004476196059	0.0007622371438	-0.001319321397	0.0005212266853	0.0007432796672	0.0003127578894	0.0005549760256
Q0VF96	CGNL1	2	1302	1302	0	149076.7950	149076.7950	0	0	A	0	0	0	0	0	0	0	0	0	0	0	0	0	0	0	0	0	0	0	0
Q0ZGT2	NEXN	1	675	675	0	80657.3200	80657.3200	0	0	A	0	0	0	0	0	0	0	0	0	0	0	0	0	0	0	0	0	0	0	0
Q10471	GALNT2	2	571	571	0	64731.9500	64731.9500	0	0	A	0	0	0	0	0	0	0	0	0	0	0	0	0	0	0	0	0	0	0	0
Q10567	AP1B1	2	949	949	0	104605.1500	104605.1500	0	0	A	0	0	0	0	0	0	0	0	0	0	0	0	0	0	0	0	0	0	0	0
Q10570	CPSF1	2	1443	1443	0	160881.6700	160881.6700	0	0	A	0	0	0	0	0	0	0	0	0	0	0	0	0	0	0	0	0	0	0	0
Q10588	BST1	2	318	261	57	35723.3950	29712.2000	0.1682705409	0.04589828901	L	-0.01402225925	0.003059186073	0.0124886751	0.007347827266	0.004986677185	-0.00205702099	0.005363330142	0.002089486692	0.01155107383	-0.04589828901	8.314436748e-05	0.008481967974	0.001833975779	-0.01186164997	-0.002192520378	0.005365424072	-0.001043765607	0.004693531487	0.00605109865	0.003680106585
Q10713	PMPCA	2	525	492	33	58252.1600	54645.9350	0.06190714645	0.01016236826	R	-0.003619938089	-0.0008424976121	0.003382388152	0.005176971531	-0.002135872233	-0.001794532137	0.002274652612	0.002564109426	0.003000606197	-0.0006996865663	0.0004208315921	0.002066144011	-0.0005883829912	0.001714045673	-0.01016236826	-0.001267825936	0.002082382954	0.0008898239268	-0.002617690199	0.0001568379491
Q12788	TBL3	2	808	807	1	89033.1650	88901.9700	0.001473552019	0.001426101204	M	0.0001079676519	4.050568221e-05	7.972452783e-05	9.017774192e-05	5.982773288e-05	5.123986073e-05	6.483633827e-05	3.8370659e-05	6.312840327e-05	0.000184544598	-0.001426101204	2.944652104e-05	5.131967859e-05	9.160666266e-05	0.0001164755669	7.612199828e-05	9.292191608e-05	0.0001060720822	5.405020153e-05	2.776338112e-05
Q12792	TWF1	1	350	349	1	40282.0450	40150.8500	0.00325691012	0.003162847952	M	0.0001352833209	2.508840982e-05	0.0001929256473	0.0002945044414	0.000148224407	9.326775794e-05	0.0001285066617	0.0002444504824	0.0002724419915	0.0002897190902	-0.003162847952	0.0001003122256	0.0001112523405	0.0002017398598	0.0002404754589	0.0001813401692	0.000131551948	0.0001293763491	4.228751282e-05	0.0002000998779
Q12797	ASPH	2	758	758	0	85861.4550	85861.4550	0	0	A	0	0	0	0	0	0	0	0	0	0	0	0	0	0	0	0	0	0	0	0
Q12800	TFCP2	2	502	502	0	57254.7450	57254.7450	0	0	A	0	0	0	0	0	0	0	0	0	0	0	0	0	0	0	0	0	0	0	0
Q12802	AKAP13	2	2813	2813	0	307545.9200	307545.9200	0	0	A	0	0	0	0	0	0	0	0	0	0	0	0	0	0	0	0	0	0	0	0
Q12841	FSTL1	2	308	288	20	34985.1550	32678.3250	0.06593739545	0.01370073831	W	-0.01071414221	0.004214628415	0.003935473636	0.00818881847	0.002585808109	0.001958518623	0.001349248099	0.002737699616	0.00274841576	-0.008387189718	-0.003163727867	0.003906497196	0.002002435496	0.003304322943	-0.004660344638	0.003472841986	0.003522115849	-0.005821805665	-0.01370073831	0.002521124207
Q12846	STX4	2	297	297	0	34179.4500	34179.4500	0	0	A	0	0	0	0	0	0	0	0	0	0	0	0	0	0	0	0	0	0	0	0
Q12849	GRSF1	2	480	363	117	53125.6150	41717.5900	0.2147368082	0.03294409245	A	-0.03294409245	-0.007610936203	0.01268146036	0.02870394629	0.01156504272	-0.009331676134	0.008447047652	0.009183283816	0.01459191412	-0.0163874939	0.005707479495	0.007451495521	-0.006331805004	0.0001940945194	-0.01364144249	-0.01210975859	-0.004007194468	0.004334255524	-0.002380396583	0.001884775803
Q12857	NFIA	2	509	509	0	55943.3300	55943.3300	0	0	A	0	0	0	0	0	0	0	0	0	0	0	0	0	0	0	0	0	0	0	0
Q12874	SF3A3	2	501	501	0	58848.0400	58848.0400	0	0	A	0	0	0	0	0	0	0	0	0	0	0	0	0	0	0	0	0	0	0	0
Q12884	FAP	2	760	760	0	87711.3250	87711.3250	0	0	A	0	0	0	0	0	0	0	0	0	0	0	0	0	0	0	0	0	0	0	0
Q12888	TP53BP1	2	1972	1972	0	213571.3550	213571.3550	0	0	A	0	0	0	0	0	0	0	0	0	0	0	0	0	0	0	0	0	0	0	0
Q12904	AIMP1	2	312	311	1	34352.2550	34221.0600	0.003819108818	0.003636469524	M	0.0001922379317	5.683443661e-05	0.0001748188993	0.0004140995704	6.199062782e-05	0.0001408570867	5.82229306e-05	0.0002830379336	0.0005074598426	0.0002953439307	-0.003636469524	0.0001611366044	0.0001836198872	0.0002604983604	0.0001797724454	0.0001873256651	0.0001452815041	0.0002637763321	1.915934078e-05	5.099619463e-05
Q12905	ILF2	2	390	390	0	43061.5550	43061.5550	0	0	A	0	0	0	0	0	0	0	0	0	0	0	0	0	0	0	0	0	0	0	0
Q12906	ILF3	2	894	894	0	95337.3150	95337.3150	0	0	A	0	0	0	0	0	0	0	0	0	0	0	0	0	0	0	0	0	0	0	0
Q12907	LMAN2	2	356	312	44	40228.1350	35514.5750	0.1171707314	0.01477136007	L	-0.003173617367	-0.0008586711969	0.009939773956	0.003183246528	0.004048455659	-0.0088850505	0.005347590346	0.002084431238	0.007138248982	-0.01477136007	-0.0002003214236	0.005692262621	-0.007717207953	0.002938273699	-0.005938979208	0.004386612918	-0.0004797725618	0.004890015256	-0.01282819505	0.005204264125
Q12929	EPS8	2	822	822	0	91880.0550	91880.0550	0	0	A	0	0	0	0	0	0	0	0	0	0	0	0	0	0	0	0	0	0	0	0
Q12955	ANK3	1	4377	4377	0	480403.1900	480403.1900	0	0	A	0	0	0	0	0	0	0	0	0	0	0	0	0	0	0	0	0	0	0	0
Q12965	MYO1E	2	1108	1108	0	127060.1250	127060.1250	0	0	A	0	0	0	0	0	0	0	0	0	0	0	0	0	0	0	0	0	0	0	0
Q12972	PPP1R8	2	351	351	0	38478.2900	38478.2900	0	0	A	0	0	0	0	0	0	0	0	0	0	0	0	0	0	0	0	0	0	0	0
Q12981	BNIP1	2	228	228	0	26131.9150	26131.9150	0	0	A	0	0	0	0	0	0	0	0	0	0	0	0	0	0	0	0	0	0	0	0
Q12983	BNIP3	2	194	194	0	21540.6250	21540.6250	0	0	A	0	0	0	0	0	0	0	0	0	0	0	0	0	0	0	0	0	0	0	0
Q12988	HSPB3	2	150	150	0	16965.2850	16965.2850	0	0	A	0	0	0	0	0	0	0	0	0	0	0	0	0	0	0	0	0	0	0	0
Q12996	CSTF3	2	717	716	1	82920.4400	82789.2450	0.001582179255	0.001508630574	M	8.70061701e-05	1.577680633e-05	8.449139977e-05	0.0001532678452	6.184170174e-05	3.665705011e-05	2.777885288e-05	9.394140206e-05	0.0001499091212	0.00012596688	-0.001508630574	5.591286621e-05	8.057991462e-05	6.42247925e-05	0.0001247586509	5.473702797e-05	4.265571325e-05	9.534153503e-05	2.991648904e-05	0.0001238663551
Q13011	ECH1	2	328	295	33	35815.6550	32205.4400	0.1007999156	0.01803625761	R	0.001255698422	0.001954292207	0.003607117006	0.006328491523	0.003996734025	-0.001969078473	0.002085454742	-0.001706008301	0.006681063086	-0.01319984829	0.0004336093548	0.001094303673	-0.0002844380329	0.005107300842	-0.01803625761	-0.003298647681	-0.001229053745	0.006954082227	0.00164701863	-0.001421833603
Q13033	STRN3	2	797	797	0	87208.0200	87208.0200	0	0	A	0	0	0	0	0	0	0	0	0	0	0	0	0	0	0	0	0	0	0	0
Q13045	FLII	2	1269	1269	0	144749.0500	144749.0500	0	0	A	0	0	0	0	0	0	0	0	0	0	0	0	0	0	0	0	0	0	0	0
Q13049	TRIM32	1	653	652	1	71987.6700	71856.4750	0.001822464875	0.001750153433	M	9.116848612e-05	7.232556633e-05	8.229067039e-05	0.0001568360104	8.100020839e-05	8.002228848e-05	4.961552441e-05	6.991157306e-05	9.661707977e-05	0.0002069382563	-0.001750153433	4.506746132e-05	7.118050249e-05	9.035280669e-05	0.0001671226107	0.0001120226761	8.380562545e-05	0.0001223806963	1.741537419e-05	5.408001553e-05
Q13057	COASY	2	564	564	0	62327.7850	62327.7850	0	0	A	0	0	0	0	0	0	0	0	0	0	0	0	0	0	0	0	0	0	0	0
Q13061	TRDN	2	729	729	0	81594.3200	81594.3200	0	0	A	0	0	0	0	0	0	0	0	0	0	0	0	0	0	0	0	0	0	0	0
Q13098	GPS1	2	491	490	1	55535.6800	55404.4850	0.002362355156	0.002237454299	M	0.0001511679626	4.374135252e-05	0.000144155844	0.0001752863581	8.945568697e-05	4.065281446e-05	6.16137168e-05	9.944587108e-05	0.0001477776107	0.0002793955426	-0.002237454299	9.539629407e-05	8.728522633e-05	0.0001318991676	0.0001949587751	0.0001517589546	8.600973773e-05	0.0001184222388	1.474555796e-05	0.0001242855873
Q13123	IK	2	557	557	0	65601.4300	65601.4300	0	0	A	0	0	0	0	0	0	0	0	0	0	0	0	0	0	0	0	0	0	0	0
Q13126	MTAP	2	283	283	0	31235.6500	31235.6500	0	0	A	0	0	0	0	0	0	0	0	0	0	0	0	0	0	0	0	0	0	0	0
Q13131	PRKAA1	2	559	559	0	64008.2800	64008.2800	0	0	A	0	0	0	0	0	0	0	0	0	0	0	0	0	0	0	0	0	0	0	0
Q13136	PPFIA1	2	1202	1202	0	135776.4450	135776.4450	0	0	A	0	0	0	0	0	0	0	0	0	0	0	0	0	0	0	0	0	0	0	0
Q13144	EIF2B5	2	721	720	1	80378.7100	80247.5150	0.001632210818	0.001562575846	M	7.486754915e-05	2.701289898e-05	0.0001004382898	0.0001513983224	7.365897626e-05	5.922333025e-05	4.789529609e-05	7.648601125e-05	7.772271043e-05	0.0001664695539	-0.001562575846	7.024231823e-05	6.318399186e-05	8.772143445e-05	0.0001135273041	0.0001045340948	6.128786841e-05	0.0001225577291	3.152168021e-05	5.282648616e-05
Q13148	TARDBP	2	414	414	0	44739.3550	44739.3550	0	0	A	0	0	0	0	0	0	0	0	0	0	0	0	0	0	0	0	0	0	0	0
Q13151	HNRNPA0	2	305	305	0	30840.4700	30840.4700	0	0	A	0	0	0	0	0	0	0	0	0	0	0	0	0	0	0	0	0	0	0	0
Q13153	PAK1	1	545	544	1	60646.1200	60514.9250	0.00216328761	0.0020461361	M	9.395061885e-05	1.825290153e-05	0.0001323410686	0.0001950547601	6.470379407e-05	6.10706893e-05	3.739765827e-05	0.0001185655213	0.0002070227942	0.0001699439139	-0.0020461361	0.000123405041	0.0001491624823	9.246790957e-05	0.0001049737684	0.0001203227171	0.0001399754698	0.000116482015	2.461279333e-05	7.643018355e-05
Q13155	AIMP2	2	320	320	0	35348.2750	35348.2750	0	0	A	0	0	0	0	0	0	0	0	0	0	0	0	0	0	0	0	0	0	0	0
Q13162	PRDX4	2	271	234	37	30539.4300	26571.7050	0.1299213836	0.03218345859	L	-0.008033993182	0.002061765974	0.005300272971	0.007110819176	0.004469887841	-0.0002933151182	-0.004144377703	0.00837039378	0.008085020593	-0.03218345859	-0.004214557439	0.00224827105	-0.006150721301	0.0002241408498	-0.004386065031	0.005811989973	0.0008721612394	0.003668352163	0.00347518857	0.007708224183
Q13177	PAK2	2	524	523	1	58041.8850	57910.6900	0.002260350435	0.002138169585	M	0.0001024509126	1.990435445e-05	0.0001268220828	0.0002223708696	9.226808402e-05	7.399570264e-05	4.587891274e-05	0.0001292928775	0.0002353599559	0.0001939393163	-0.002138169585	8.247854554e-05	0.0001588753875	8.642918862e-05	9.730068549e-05	0.0001173975779	0.0001330706964	0.0001347190976	2.012974876e-05	6.548558899e-05
Q13185	CBX3	2	183	182	1	20811.1800	20679.9850	0.006304063489	0.006039466523	M	0.0003226880651	9.403865907e-05	0.0005509649179	0.0008374325244	0.0002991628773	0.000194219273	4.014002959e-05	0.0001696799124	0.000945548006	0.0004411677722	-0.006039466523	0.0002392723491	0.0002085030696	0.0001890449218	0.000360548793	0.0003534521703	0.000215729051	0.0002727788604	0.0002113412012	9.375406975e-05
Q13190	STX5	2	355	355	0	39671.8200	39671.8200	0	0	A	0	0	0	0	0	0	0	0	0	0	0	0	0	0	0	0	0	0	0	0
Q13200	PSMD2	2	908	908	0	100198.3450	100198.3450	0	0	A	0	0	0	0	0	0	0	0	0	0	0	0	0	0	0	0	0	0	0	0
Q13203	MYBPH	1	477	477	0	52049.3700	52049.3700	0	0	A	0	0	0	0	0	0	0	0	0	0	0	0	0	0	0	0	0	0	0	0
Q13206	DDX10	2	875	875	0	100886.4900	100886.4900	0	0	A	0	0	0	0	0	0	0	0	0	0	0	0	0	0	0	0	0	0	0	0
Q13217	DNAJC3	2	504	473	31	57579.2750	54298.4600	0.05697909534	0.006855223564	V	0.001085727573	-0.00104007466	0.002276240931	0.002062995024	-0.00192685256	-0.001864405711	0.001565610141	0.002526928618	0.006839541718	-0.004426718536	-0.001280864477	0.002302827074	-0.002082238078	0.001292682417	0.001381083471	-0.002127943208	-0.0005854596239	-0.006855223564	0.0007493719345	0.0001067715173
Q13228	SELENBP1	2	472	471	1	52390.2650	52259.0700	0.002504186608	0.002408917296	M	7.551432107e-05	4.890354398e-05	0.0001611685797	0.0001544029705	0.0001000129139	0.0001393815584	8.140970868e-05	0.000121770874	0.0001652177737	0.0002806024487	-0.002408917296	6.932549604e-05	0.0001626438393	0.0001002764828	0.0001406239248	0.0001357351849	9.616028655e-05	0.0001607689881	9.067175576e-05	0.0001243266452
Q13232	NME3	2	169	169	0	19014.7800	19014.7800	0	0	A	0	0	0	0	0	0	0	0	0	0	0	0	0	0	0	0	0	0	0	0
Q13243	SRSF5	2	272	272	0	31263.3750	31263.3750	0	0	A	0	0	0	0	0	0	0	0	0	0	0	0	0	0	0	0	0	0	0	0
Q13247	SRSF6	2	344	344	0	39586.2350	39586.2350	0	0	A	0	0	0	0	0	0	0	0	0	0	0	0	0	0	0	0	0	0	0	0
Q13263	TRIM28	2	835	834	1	88548.4700	88417.2750	0.001481617921	0.001409450704	M	0.0001166508496	5.231811068e-05	8.157589096e-05	0.0001250150111	5.062179349e-05	7.528873603e-05	4.322279722e-05	3.106093564e-05	8.552597824e-05	0.000131552198	-0.001409450704	3.312624152e-05	9.942859166e-05	8.142545389e-05	0.0001019127533	0.0001083238795	7.134839929e-05	8.159121325e-05	1.422326724e-05	2.523860338e-05
Q13277	STX3	2	289	289	0	33154.5200	33154.5200	0	0	A	0	0	0	0	0	0	0	0	0	0	0	0	0	0	0	0	0	0	0	0
Q13283	G3BP1	2	466	465	1	52163.6250	52032.4300	0.002515066773	0.002403733098	M	7.998854991e-05	4.944648775e-06	0.0001303663424	0.0002882163781	0.0001280895023	0.0001194832994	7.598173564e-05	7.494432253e-05	0.000113356767	0.0001338291474	-0.002403733098	0.0001132306613	0.0002302293931	0.0001789231525	0.0002630425819	0.0001157980751	6.805952352e-05	0.0002103638707	8.33440222e-06	6.655074451e-05
Q13303	KCNAB2	2	367	367	0	40999.6200	40999.6200	0	0	A	0	0	0	0	0	0	0	0	0	0	0	0	0	0	0	0	0	0	0	0
Q13308	PTK7	2	1070	1040	30	118389.8650	115295.1650	0.02613990649	0.005219566365	L	-0.0004142860446	0.000620782177	0.001232771372	0.002145554653	0.001171906278	-0.001131164441	0.0008866585469	0.0009564072719	0.001469245838	-0.005219566365	-0.0005841317862	0.0007550456153	-0.001666729856	0.0007814345126	-0.002968153025	5.557986332e-06	-0.0004397103219	0.0008572803566	0.0006841539208	0.0008569433119
Q13310	PABPC4	2	644	644	0	70781.8850	70781.8850	0	0	A	0	0	0	0	0	0	0	0	0	0	0	0	0	0	0	0	0	0	0	0
Q13325	IFIT5	2	482	482	0	55845.8750	55845.8750	0	0	A	0	0	0	0	0	0	0	0	0	0	0	0	0	0	0	0	0	0	0	0
Q13326	SGCG	2	291	291	0	32378.9500	32378.9500	0	0	A	0	0	0	0	0	0	0	0	0	0	0	0	0	0	0	0	0	0	0	0
Q13332	PTPRS	2	1948	1919	29	217038.4950	214273.0500	0.01274172584	0.001830192215	V	-0.0004390982371	-0.000347223869	0.000620857784	0.001064153774	0.0005714151584	-0.001267219749	0.0002846058958	0.000625604666	0.0006052974241	-0.001139280121	-0.001447056901	0.0004570214342	-0.0004165891643	0.00071232161	0.001168643879	0.0002606350481	0.000364106468	-0.001830192215	-0.0005317425725	0.0006837396885
Q13347	EIF3I	2	325	325	0	36501.4100	36501.4100	0	0	A	0	0	0	0	0	0	0	0	0	0	0	0	0	0	0	0	0	0	0	0
Q13363	CTBP1	2	440	440	0	47534.5650	47534.5650	0	0	A	0	0	0	0	0	0	0	0	0	0	0	0	0	0	0	0	0	0	0	0
Q13404	UBE2V1	2	147	146	1	16494.8100	16363.6150	0.007953713926	0.00743374703	M	0.0001831452183	9.962902527e-05	0.0002736180106	0.0007259038538	0.000203751882	0.0004012420025	0	0.0004314407146	0.0005409495908	0.0005932309826	-0.00743374703	0.0004888861067	0.0005206882902	0.0003004247638	0.0006445955176	0.0004320738802	0.0003918061898	0.000577989781	0.0002518930283	0.0003724781918
Q13405	MRPL49	2	166	166	0	19197.7850	19197.7850	0	0	A	0	0	0	0	0	0	0	0	0	0	0	0	0	0	0	0	0	0	0	0
Q13409	DYNC1I2	2	638	637	1	71455.5650	71324.3700	0.001836036144	0.00176028833	M	9.100636627e-05	1.84332648e-05	0.0001186060573	0.000198261269	7.539594781e-05	5.54741032e-05	7.081349538e-05	7.127208837e-05	0.0001270932878	0.0001140353414	-0.00176028833	7.465980825e-05	9.508610515e-05	7.940613703e-05	0.0001097971597	0.0001301910726	9.061449747e-05	0.000127308457	5.770143067e-05	5.513244056e-05
Q13418	ILK	1	452	452	0	51418.4950	51418.4950	0	0	A	0	0	0	0	0	0	0	0	0	0	0	0	0	0	0	0	0	0	0	0
Q13423	NNT	2	1086	1043	43	113894.1750	109039.4300	0.04262505084	0.00305811326	L	0.003037503789	-0.002323999464	0.0006280446199	0.0009370621001	-0.0006220387794	0.0011370091	-0.0003945366661	0.003030665194	-0.001583513527	-0.00305811326	0.0005563121272	-0.0003230753921	0.001113265051	0.0005448659893	-0.001345944093	-0.0002814066635	-0.0009364334361	0.0005369875886	-0.001328200115	0.0006755458369
Q13424	SNTA1	2	505	505	0	53894.3300	53894.3300	0	0	A	0	0	0	0	0	0	0	0	0	0	0	0	0	0	0	0	0	0	0	0
Q13425	SNTB2	2	540	540	0	57948.6750	57948.6750	0	0	A	0	0	0	0	0	0	0	0	0	0	0	0	0	0	0	0	0	0	0	0
Q13428	TCOF1	2	1488	1488	0	152103.8150	152103.8150	0	0	A	0	0	0	0	0	0	0	0	0	0	0	0	0	0	0	0	0	0	0	0
Q13435	SF3B2	2	895	895	0	100226.2200	100226.2200	0	0	A	0	0	0	0	0	0	0	0	0	0	0	0	0	0	0	0	0	0	0	0
Q13439	GOLGA4	2	2230	2230	0	261136.0350	261136.0350	0	0	A	0	0	0	0	0	0	0	0	0	0	0	0	0	0	0	0	0	0	0	0
Q13442	PDAP1	2	181	181	0	20629.7300	20629.7300	0	0	A	0	0	0	0	0	0	0	0	0	0	0	0	0	0	0	0	0	0	0	0
Q13445	TMED1	2	227	204	23	25205.4500	22940.6550	0.08985338488	0.01366034694	A	-0.01366034694	0.001250568961	0.005953173417	0.006617292691	0.007388465189	-0.004851330472	0.0005338004136	0.003159073166	0.004023785109	-0.01202185447	-0.01323610561	0.002727388101	-0.003903821452	0.005028011114	0.006592770561	0.004338801325	0.004508213715	-0.0007478375873	-0.005570223771	0.001870176544
Q13451	FKBP5	2	457	457	0	51211.7000	51211.7000	0	0	A	0	0	0	0	0	0	0	0	0	0	0	0	0	0	0	0	0	0	0	0
Q13459	MYO9B	2	2157	2156	1	243397.1500	243265.9550	0.0005390161717	0.0005191605598	M	2.754933306e-05	6.357926198e-06	2.095344941e-05	5.432073624e-05	2.012311904e-05	1.674216292e-05	1.541082312e-05	2.23704179e-05	4.602832111e-05	5.604895914e-05	-0.0005191605598	1.559937868e-05	2.761828206e-05	3.314001188e-05	4.701201101e-05	3.190616399e-05	2.321754043e-05	2.656598051e-05	6.123735737e-06	2.207220739e-05
Q13464	ROCK1	2	1354	1353	1	158172.5250	158041.3300	0.0008294424079	0.0007919704337	M	2.834600261e-05	9.773188717e-06	5.308509236e-05	0.0001041748388	3.109120532e-05	1.412928617e-05	1.946768572e-05	2.880282686e-05	8.909659145e-05	8.40572294e-05	-0.0007919704337	4.795767266e-05	1.75417104e-05	5.304673238e-05	6.323211155e-05	3.955898985e-05	3.256259704e-05	3.674894266e-05	1.006689345e-05	2.923083631e-05
Q13485	SMAD4	2	552	552	0	60438.1450	60438.1450	0	0	A	0	0	0	0	0	0	0	0	0	0	0	0	0	0	0	0	0	0	0	0
Q13492	PICALM	2	652	651	1	70753.4850	70622.2900	0.001854254953	0.00174344772	M	0.0001017902363	7.98646034e-06	9.943305718e-05	8.08192961e-05	9.799893077e-05	6.432871006e-05	4.0907868e-05	8.358076395e-05	0.0001284847185	0.0001786899091	-0.00174344772	0.0001045068808	0.0001037161008	9.311956121e-05	7.655119353e-05	0.0001500888979	0.0001465704873	0.0001106839293	2.24358277e-05	5.175489088e-05
Q13496	MTM1	1	603	603	0	69930.6800	69930.6800	0	0	A	0	0	0	0	0	0	0	0	0	0	0	0	0	0	0	0	0	0	0	0
Q13501	SQSTM1	1	440	439	1	47686.5250	47555.3300	0.002751196486	0.002618866298	M	0.0001423097966	8.210681381e-05	0.0001610682586	0.0002919960596	9.595263341e-05	0.0001453510945	9.763084123e-05	6.984239167e-05	0.0001415270847	0.0002222257917	-0.002618866298	5.755763935e-05	0.000239634233	8.488720774e-05	0.0002108045879	0.0002492581522	8.072436168e-05	0.0001077426847	5.931184331e-05	7.893482193e-05
Q13505	MTX1	2	466	466	0	51462.0050	51462.0050	0	0	A	0	0	0	0	0	0	0	0	0	0	0	0	0	0	0	0	0	0	0	0
Q13508	ART3	2	389	336	53	43922.6600	38150.5550	0.1314151966	0.01142043368	L	-0.0008721935112	0.002173805454	0.003355780442	0.009868925949	-0.004087026686	-0.0001583639746	0.001592014874	-0.01136670499	0.002751636051	-0.01142043368	-0.009045794838	0.005306443465	0.00496832981	0.003436121932	0.004167237924	-0.0002216926881	-0.0009636912084	-0.008901706134	0.001832017786	0.007585294024
Q13510	ASAH1	2	395	374	21	44659.1300	42674.6850	0.04443537077	0.009257471037	A	-0.009257471037	-0.004010007041	0.002460263201	0.002855578145	0.003053425081	0.000492234524	0.000716960623	0.002909506153	0.003512889862	-0.002996305591	-0.001641772309	0.002686363423	0.0001164782461	0.00121558444	-0.0009507490926	-0.002409757085	0.003302778579	-0.006455314865	0.001887434076	0.002511880669
Q13522	PPP1R1A	2	171	171	0	18938.9300	18938.9300	0	0	A	0	0	0	0	0	0	0	0	0	0	0	0	0	0	0	0	0	0	0	0
Q13526	PIN1	2	163	163	0	18243.0000	18243.0000	0	0	A	0	0	0	0	0	0	0	0	0	0	0	0	0	0	0	0	0	0	0	0
Q13554	CAMK2B	2	666	666	0	72676.6850	72676.6850	0	0	A	0	0	0	0	0	0	0	0	0	0	0	0	0	0	0	0	0	0	0	0
Q13555	CAMK2G	2	558	558	0	62606.2650	62606.2650	0	0	A	0	0	0	0	0	0	0	0	0	0	0	0	0	0	0	0	0	0	0	0
Q13557	CAMK2D	2	499	498	1	56368.6000	56237.4050	0.00232744826	0.002231323826	M	0.0001185889381	4.66856677e-05	0.0001258848435	0.0001855390636	0.0001157298455	8.151916722e-05	9.782636347e-05	0.0001516282362	0.0001843536716	0.0001929813915	-0.002231323826	9.256145767e-05	0.0001008231212	9.726449329e-05	0.0001525526598	0.0001030744552	0.0001251807543	0.0001066957856	5.722949103e-05	9.520441937e-05
Q13561	DCTN2	2	401	400	1	44230.3000	44099.1050	0.002966179293	0.00285023246	M	0.000181405985	1.370595848e-05	0.000188208059	0.0003162313945	5.606026613e-05	9.341341478e-05	7.020400985e-05	8.902990627e-05	0.0002728674658	0.0003857962605	-0.00285023246	8.220181405e-05	9.767870997e-05	0.0002397106075	0.0001379419427	0.0001307688259	0.0002358157894	0.0001656542006	1.155096914e-05	8.198688073e-05
Q13564	NAE1	2	534	533	1	60245.4450	60114.2500	0.002177675009	0.002099641295	M	0.0001037619783	2.970810427e-05	0.0001264635699	0.0001984173291	0.0001164494059	7.362784375e-05	5.706354049e-05	0.0001648329621	0.0001478622443	0.0002090564397	-0.002099641295	0.0001214829998	7.057391144e-05	0.0001164576813	0.0001281401064	0.0001127340538	8.762370536e-05	0.0001041276288	3.129636975e-05	9.996142025e-05
Q13573	SNW1	2	536	535	1	61493.5250	61362.3300	0.002133476655	0.002031521135	M	0.000121107806	3.580507687e-06	0.0001455342209	0.000217398521	6.346180954e-05	6.87722852e-05	4.584976624e-05	9.303173193e-05	0.0002289701568	0.0001046606984	-0.002031521135	6.63747399e-05	0.0001224831512	0.0001381988494	0.0002728408326	0.0001024850879	4.576288366e-05	8.655011464e-05	2.414035259e-05	8.031761983e-05
Q13576	IQGAP2	2	1575	1575	0	180575.2000	180575.2000	0	0	A	0	0	0	0	0	0	0	0	0	0	0	0	0	0	0	0	0	0	0	0
Q13586	STIM1	2	685	663	22	77422.0400	74888.0200	0.03272995648	0.006728373944	L	0.0005821796098	-0.001167776485	0.0005193450087	0.003430962952	0.000869831023	-0.0008259219609	0.0003136093974	0.001085376223	0.002804212664	-0.006728373944	-0.0007646855839	0.001093237071	0.00142897802	-0.001607835825	0.0004176353424	0.001319153755	0.001388895218	-0.0009804522959	-0.003859856805	0.0006814866131
Q13595	TRA2A	2	282	281	1	32688.2150	32557.0200	0.004013525976	0.003889799565	M	5.618938784e-05	1.273600896e-05	0.0001958755291	0.0002165226641	0.0001041859353	0.0002525169212	0.0001793983963	5.515293151e-05	9.220256604e-05	8.272939727e-05	-0.003889799565	9.721666002e-05	0.0001694301252	3.072367695e-05	0.001098685752	0.0005412919438	0.0001627804064	0.0001231448869	0	0.0004190163767
Q13596	SNX1	2	522	522	0	59068.5550	59068.5550	0	0	A	0	0	0	0	0	0	0	0	0	0	0	0	0	0	0	0	0	0	0	0
Q13610	PWP1	2	501	501	0	55827.0900	55827.0900	0	0	A	0	0	0	0	0	0	0	0	0	0	0	0	0	0	0	0	0	0	0	0
Q13616	CUL1	2	776	776	0	89677.2350	89677.2350	0	0	A	0	0	0	0	0	0	0	0	0	0	0	0	0	0	0	0	0	0	0	0
Q13617	CUL2	2	745	745	0	86981.8700	86981.8700	0	0	A	0	0	0	0	0	0	0	0	0	0	0	0	0	0	0	0	0	0	0	0
Q13618	CUL3	2	768	767	1	88929.1450	88797.9500	0.001475275625	0.001386741136	M	4.413577311e-05	1.71495607e-05	6.970653812e-05	0.0001436957954	7.71598595e-05	4.250305453e-05	4.172526619e-05	7.42656942e-05	0.0001241545533	0.0001355348919	-0.001386741136	7.29334751e-05	3.096248725e-05	7.860432357e-05	0.000133148306	6.544972161e-05	7.41875615e-05	9.120081462e-05	8.671880042e-06	6.155157947e-05
Q13619	CUL4A	2	759	759	0	87678.9700	87678.9700	0	0	A	0	0	0	0	0	0	0	0	0	0	0	0	0	0	0	0	0	0	0	0
Q13620	CUL4B	2	913	913	0	103980.0400	103980.0400	0	0	A	0	0	0	0	0	0	0	0	0	0	0	0	0	0	0	0	0	0	0	0
Q13627	DYRK1A	2	763	763	0	85582.4600	85582.4600	0	0	A	0	0	0	0	0	0	0	0	0	0	0	0	0	0	0	0	0	0	0	0
Q13630	GFUS	2	321	321	0	35892.2200	35892.2200	0	0	A	0	0	0	0	0	0	0	0	0	0	0	0	0	0	0	0	0	0	0	0
Q13642	FHL1	2	323	322	1	36262.8300	36131.6350	0.00361789193	0.003534614719	M	0.0001734138959	0.0003178689144	0.0001802291931	0.0001245169101	0.0002236818964	0.0001334175038	0.000170695563	7.770691343e-05	0.0004701412557	0.0001443128392	-0.003534614719	0.000156539413	0.0001948702761	9.894325425e-05	0.0002358822347	0.0001156197017	0.0002217861724	0.0002379472198	0.0001036994905	0.0001533420713
Q13643	FHL3	1	280	279	1	31191.7450	31060.5500	0.004206080808	0.004102739838	M	0.0001424625027	0.0004843629147	0.0002280409751	0.0002856891397	0.0003018890152	0.0002143630854	0.0001772129091	4.494685907e-05	0.0001502808873	0.0002397165817	-0.004102739838	9.054477426e-05	0.0001972528735	0.0002837668108	0.0003183550243	0.0002880820565	0.0001768771012	0.0001605710007	6.997825386e-05	0.0002483470731
Q13683	ITGA7	2	1181	1148	33	128945.7600	125448.7250	0.02712020155	0.001634709095	Q	-0.001404377938	-0.0003322894482	0.0007764119865	0.0009131125981	-0.0009368860471	-0.0005576247437	0.0008098972732	0.0001782513207	0.001035669981	-0.001162901798	-0.000437035957	0.0007882040623	0.0009076905151	0.001634709095	-0.001303359928	-0.00115286557	0.0008661027495	0.0003839196192	-0.0007123795395	-0.0002942482313
Q13698	CACNA1S	1	1873	1873	0	212347.3000	212347.3000	0	0	A	0	0	0	0	0	0	0	0	0	0	0	0	0	0	0	0	0	0	0	0
Q13724	MOGS	2	837	837	0	91916.0200	91916.0200	0	0	A	0	0	0	0	0	0	0	0	0	0	0	0	0	0	0	0	0	0	0	0
Q13740	ALCAM	2	583	556	27	65101.5100	62262.1150	0.04361488697	0.005242405206	L	-0.000892618064	-0.002468119698	0.002269284109	0.001816213897	-0.002962700612	-0.0016538962	0.0007557785329	0.001539328525	0.002071659735	-0.005242405206	-0.001065482605	0.00249392302	0.0006500556204	0.00169073479	-0.002806079811	-0.002617775671	0.001542983923	0.001374798633	0.0007461090493	0.002758208032
Q13796	SHROOM2	2	1616	1616	0	176407.0650	176407.0650	0	0	A	0	0	0	0	0	0	0	0	0	0	0	0	0	0	0	0	0	0	0	0
Q13813	SPTAN1	1	2472	2472	0	284534.1550	284534.1550	0	0	A	0	0	0	0	0	0	0	0	0	0	0	0	0	0	0	0	0	0	0	0
Q13825	AUH	2	339	272	67	35608.1000	29195.7050	0.1800824812	0.02483061321	A	-0.02483061321	-0.003862373037	0.008564506186	0.01735669139	0.004428909269	-0.01194337501	-0.002056985294	0.01162477881	0.01373980776	-0.0002162854009	0.00202223695	0.005667631141	-0.01253683936	0.001196997428	-0.004074992795	0.001455273149	0.005109962319	0.003506823784	-0.01469308349	-0.0004590706059
Q13835	PKP1	2	747	747	0	82859.4200	82859.4200	0	0	A	0	0	0	0	0	0	0	0	0	0	0	0	0	0	0	0	0	0	0	0
Q13838	DDX39B	2	428	427	1	48990.6850	48859.4900	0.002677958065	0.00253508861	M	0.000107854415	4.513203041e-05	0.0001983186942	0.0002397755522	0.0001845995404	7.340427119e-05	7.94657681e-05	0.0001587974364	0.00019740188	0.000250411342	-0.00253508861	9.842924823e-05	8.041098539e-05	0.0001565065649	0.0002027793748	9.78649116e-05	8.319774672e-05	0.0001963723847	0	8.436646367e-05
Q13867	BLMH	2	455	455	0	52561.6400	52561.6400	0	0	A	0	0	0	0	0	0	0	0	0	0	0	0	0	0	0	0	0	0	0	0
Q13868	EXOSC2	2	293	293	0	32788.5800	32788.5800	0	0	A	0	0	0	0	0	0	0	0	0	0	0	0	0	0	0	0	0	0	0	0
Q13884	SNTB1	2	538	537	1	58060.1850	57928.9900	0.002259637995	0.002168830484	M	0.000156805711	2.369461586e-05	0.0001041186323	0.0001630494391	7.53790997e-05	0.0001223420004	8.091162431e-05	0.0001325364609	0.000157242798	0.0002094931157	-0.002168830484	5.167600937e-05	0.0001163293645	9.526607136e-05	0.0001760147251	0.0001575645019	0.0001164783196	0.0001183704078	4.659458726e-05	6.496299924e-05
Q13885	TUBB2A	2	445	445	0	49906.3800	49906.3800	0	0	A	0	0	0	0	0	0	0	0	0	0	0	0	0	0	0	0	0	0	0	0
Q13895	BYSL	2	437	437	0	49600.5700	49600.5700	0	0	A	0	0	0	0	0	0	0	0	0	0	0	0	0	0	0	0	0	0	0	0
Q13905	RAPGEF1	2	1077	1077	0	120545.6700	120545.6700	0	0	A	0	0	0	0	0	0	0	0	0	0	0	0	0	0	0	0	0	0	0	0
Q13907	IDI1	2	227	227	0	26318.7900	26318.7900	0	0	A	0	0	0	0	0	0	0	0	0	0	0	0	0	0	0	0	0	0	0	0
Q13936	CACNA1C	1	2221	2221	0	248973.0200	248973.0200	0	0	A	0	0	0	0	0	0	0	0	0	0	0	0	0	0	0	0	0	0	0	0
Q13976	PRKG1	2	671	670	1	76363.5000	76232.3050	0.00171803283	0.00164448093	M	6.299816208e-05	2.547118477e-05	0.0001144689675	0.0001659015498	0.0001104966201	6.599658203e-05	3.854715487e-05	0.0001228366022	0.0001648416201	0.000150412166	-0.00164448093	5.555056011e-05	5.940862013e-05	5.027346331e-05	0.0001098649815	7.63206719e-05	8.87864084e-05	7.836236483e-05	3.122377835e-05	7.271947187e-05
Q14008	CKAP5	2	2032	2032	0	225491.4350	225491.4350	0	0	A	0	0	0	0	0	0	0	0	0	0	0	0	0	0	0	0	0	0	0	0
Q14011	CIRBP	2	172	172	0	18647.8150	18647.8150	0	0	A	0	0	0	0	0	0	0	0	0	0	0	0	0	0	0	0	0	0	0	0
Q14012	CAMK1	2	370	370	0	41336.4850	41336.4850	0	0	A	0	0	0	0	0	0	0	0	0	0	0	0	0	0	0	0	0	0	0	0
Q14019	COTL1	2	142	141	1	15944.7850	15813.5900	0.008228082097	0.008006306585	M	0.0005490862416	0.0001066774995	0.0006445465791	0.0007124878902	0.0006545002696	0.0003304836534	6.830230295e-05	0.0004619639357	0.0008366514837	0.0004042184438	-0.008006306585	0.000232654857	5.068413883e-05	0.0004503505632	0.0005368213227	0.0003238493272	0.0005768473967	0.0005673075263	0.0001798091693	0.0003190639838
Q14061	COX17	2	63	62	1	6915.0500	6783.8550	0.01897238632	0.01822535163	M	0.001259727663	0.001713195685	0.0006273422078	0.002773880061	0.0003892962408	0.000707657093	0.001096906201	0.00123649102	0.002756157997	0.00123649102	-0.01822535163	0.0003113615796	0.001899253789	0.0003444019168	0.0008210594486	0.0004953222586	0.000280725033	0.0002760824179	0	0
Q14103	HNRNPD	2	355	354	1	38433.8400	38302.6450	0.003413528287	0.003251881626	M	0.000192619927	2.709909432e-05	0.0001488481947	0.000329076407	0.0001724193669	0.0003246150616	5.7835706e-05	9.779322663e-05	0.0003487722327	8.801390397e-05	-0.003251881626	0.000157602392	8.583467395e-05	0.0001961172818	0.00018182368	0.000219378307	0.0001332141018	0.0001310110143	7.612766922e-05	0.0002836793851
Q14108	SCARB2	2	478	478	0	54289.4850	54289.4850	0	0	A	0	0	0	0	0	0	0	0	0	0	0	0	0	0	0	0	0	0	0	0
Q14112	NID2	2	1375	1345	30	151251.7600	148096.9100	0.02085826968	0.005157059512	L	-0.001069444526	0.000723391593	0.000654731112	0.0006699635168	0.001006402878	0.0002171664132	0.001001949337	0.0007831567783	0.0005343884136	-0.005157059512	-0.001586440516	0.0008371244396	-0.0003631624664	0.0009615701552	-0.001483430946	3.510488403e-05	0.00142242335	-0.0009547881181	0.0003981405088	0.001368812703
Q14118	DAG1	1	895	866	29	97440.0900	94324.2550	0.03197693065	0.008217220277	L	0.0008517006396	0.0002119382046	0.001746181188	0.00205892823	-0.0004916441337	-0.0002717643096	0.001040347318	0.001797343612	0.002003153637	-0.008217220277	-0.003246284386	0.0009244396035	0.002611070158	-0.0001793125927	-0.0005290566426	-0.002697467539	0.001763896771	-0.0007044579516	0.0005358454127	0.0007923630589
Q14126	DSG2	2	1118	1069	49	122292.3750	116749.8200	0.04532216338	0.006650031799	L	0.0003400719403	-0.0003281964019	0.002384525416	0.003360021756	0.000703424126	0.000186932879	-0.002135849937	0.0017770497	-0.0003149796806	-0.006650031799	-8.156968032e-06	-0.0004599955779	-0.0002098620125	-6.446236578e-05	-0.003919773783	0.0008892588017	0.002641315115	0.0009913090553	0.00040651789	0.0004108818474
Q14134	TRIM29	2	588	588	0	65833.8250	65833.8250	0	0	A	0	0	0	0	0	0	0	0	0	0	0	0	0	0	0	0	0	0	0	0
Q14139	UBE4A	2	1066	1066	0	122558.5050	122558.5050	0	0	A	0	0	0	0	0	0	0	0	0	0	0	0	0	0	0	0	0	0	0	0
Q14151	SAFB2	2	953	952	1	107472.0000	107340.8050	0.001220736564	0.001170028372	M	5.056008639e-05	1.048886778e-05	8.833930597e-05	0.0001811498761	2.860112361e-05	6.282210802e-05	4.327893992e-05	2.775773569e-05	9.983960441e-05	7.444120026e-05	-0.001170028372	2.03336519e-05	5.869366257e-05	5.341700526e-05	0.0001725886422	7.985742827e-05	3.895744252e-05	4.620117134e-05	1.178626927e-05	2.091425061e-05
Q14155	ARHGEF7	2	803	803	0	90010.6900	90010.6900	0	0	A	0	0	0	0	0	0	0	0	0	0	0	0	0	0	0	0	0	0	0	0
Q14157	UBAP2L	2	1087	1087	0	114532.5900	114532.5900	0	0	A	0	0	0	0	0	0	0	0	0	0	0	0	0	0	0	0	0	0	0	0
Q14161	GIT2	2	759	759	0	84541.3500	84541.3500	0	0	A	0	0	0	0	0	0	0	0	0	0	0	0	0	0	0	0	0	0	0	0
Q14165	MLEC	2	292	264	28	32233.4950	29322.9150	0.09029675497	0.02413159049	L	-0.008072742051	0.0009724426772	0.005341371754	0.005521050682	0.005303328024	-0.000988472032	0.002905583167	0.001061944065	0.006648904244	-0.02413159049	-0.002384729855	0.003534695898	-0.001215980445	0.003518804214	-0.004170111509	0.003655007187	-0.0003103712116	0.001896878055	-0.004903011005	0.005816998636
Q14185	DOCK1	2	1865	1865	0	215342.8100	215342.8100	0	0	A	0	0	0	0	0	0	0	0	0	0	0	0	0	0	0	0	0	0	0	0
Q14192	FHL2	1	279	279	0	32192.6500	32192.6500	0	0	A	0	0	0	0	0	0	0	0	0	0	0	0	0	0	0	0	0	0	0	0
Q14194	CRMP1	2	572	572	0	62182.9850	62182.9850	0	0	A	0	0	0	0	0	0	0	0	0	0	0	0	0	0	0	0	0	0	0	0
Q14195	DPYSL3	2	570	570	0	61962.5050	61962.5050	0	0	A	0	0	0	0	0	0	0	0	0	0	0	0	0	0	0	0	0	0	0	0
Q14197	MRPL58	2	206	177	29	23629.7150	20384.8300	0.1373222233	0.02091922238	R	-0.0105668675	-0.007450366477	0.008570110735	0.01033470713	0.002900819464	-0.002419090231	0.004540853359	0.009981448349	0.01369157285	-0.00922156862	-0.002840806295	0.006960280905	-0.01213739916	0.007698875655	-0.02091922238	0.005380926502	0.00261295986	0.001198271602	-0.01255788909	0.004242383346
Q14203	DCTN1	2	1278	1278	0	141692.4950	141692.4950	0	0	A	0	0	0	0	0	0	0	0	0	0	0	0	0	0	0	0	0	0	0	0
Q14204	DYNC1H1	2	4646	4645	1	532399.6450	532268.4500	0.0002464220276	0.0002350935784	M	1.075467271e-05	2.286811492e-06	1.339824407e-05	2.215796505e-05	1.156201742e-05	6.31698802e-06	5.612669521e-06	1.273976262e-05	1.684283331e-05	2.671739691e-05	-0.0002350935784	9.818841132e-06	8.420372669e-06	1.476835388e-05	1.979592763e-05	1.128116375e-05	1.114786e-05	1.616885526e-05	6.183279257e-06	9.119563647e-06
Q14210	LY6D	2	128	78	50	13286.2250	8442.4450	0.364571577	0.09680197634	L	-0.07339925775	0.04546467864	0.009989020679	0.02208391604	0.006198671397	-0.001189454269	0.007503743198	-0.008422300315	0.02742852992	-0.09680197634	-0.00958063147	0.02478868167	-0.009216576271	0.02193531904	-0.002760129662	0.0203304769	-0.002483563518	0.01133178879	0	0.006799063324
Q14232	EIF2B1	2	305	305	0	33711.7500	33711.7500	0	0	A	0	0	0	0	0	0	0	0	0	0	0	0	0	0	0	0	0	0	0	0
Q14240	EIF4A2	2	407	407	0	46401.6400	46401.6400	0	0	A	0	0	0	0	0	0	0	0	0	0	0	0	0	0	0	0	0	0	0	0
Q14247	CTTN	2	550	550	0	61585.3250	61585.3250	0	0	A	0	0	0	0	0	0	0	0	0	0	0	0	0	0	0	0	0	0	0	0
Q14249	ENDOG	2	297	249	48	32619.7300	27717.0200	0.1502989142	0.01944708645	R	-0.01530537038	0.001716232942	0.004034406934	0.002667048266	0.00623978254	-0.00675699539	0.005127970691	0.004954732585	0.006902610702	-0.01216599955	-0.002522486466	0.006862098766	0.0006842421016	0.005520199893	-0.01944708645	0.004177793915	0.00192332149	-0.002390532626	-0.002488204586	0.01026623462
Q14254	FLOT2	2	428	427	1	47063.4950	46932.3000	0.002787617027	0.002665435691	M	0.000244519109	4.232319651e-05	0.0001394821093	0.0003377382299	5.770360542e-05	9.365426951e-05	3.09694097e-05	0.0001963708091	0.0002553329522	0.0002356449709	-0.002665435691	4.61517062e-05	4.59620772e-05	0.0002041964985	0.0001738598508	8.390783798e-05	0.0001248317721	0.0002396885598	4.076424653e-05	7.233448075e-05
Q14257	RCN2	2	317	295	22	36875.8200	34783.2700	0.05674585677	0.01283053207	A	-0.01283053207	-0.002846232055	0.00737823367	0.009014492435	0.003373669556	-0.003757372306	0.002036971922	0.002296183108	0.003838671289	-0.012747835	-0.002416843867	0.002312813237	-0.001193030826	0.003197798653	-0.005389123738	0.001992945845	-0.001408147324	0.002221653875	0.001489563526	0.003436120065
Q14258	TRIM25	2	630	630	0	70972.4550	70972.4550	0	0	A	0	0	0	0	0	0	0	0	0	0	0	0	0	0	0	0	0	0	0	0
Q14315	FLNC	1	2725	2725	0	291019.3800	291019.3800	0	0	A	0	0	0	0	0	0	0	0	0	0	0	0	0	0	0	0	0	0	0	0
Q14318	FKBP8	2	412	412	0	44561.0650	44561.0650	0	0	A	0	0	0	0	0	0	0	0	0	0	0	0	0	0	0	0	0	0	0	0
Q14324	MYBPC2	1	1141	1141	0	128070.4100	128070.4100	0	0	A	0	0	0	0	0	0	0	0	0	0	0	0	0	0	0	0	0	0	0	0
Q14331	FRG1	1	258	258	0	29172.0250	29172.0250	0	0	A	0	0	0	0	0	0	0	0	0	0	0	0	0	0	0	0	0	0	0	0
Q14353	GAMT	2	236	235	1	26317.7550	26186.5600	0.004985037668	0.004716131588	M	0.0003864186584	7.785466158e-05	0.0002351993439	0.0003781695727	0.0002653683465	0.0001929531015	0.0001993917257	0.000273932295	0.0002348459264	0.0004003625851	-0.004716131588	0.0001273459626	0.0003514046231	0.0001408593625	0.0003078266394	0.0001688211123	0.0002870392648	0.0002258337802	0.0002296474763	0.0002328571497
Q14392	LRRC32	2	662	643	19	71977.6950	69947.1700	0.02821047548	0.00631895338	L	-0.001733088105	0.0007568005781	0.001293259783	0.001684864036	0.001146471952	0.0002252624471	0.0009152724427	-0.0006533148478	0.0005580331984	-0.00631895338	-0.001416283819	0.001604672074	6.580665047e-05	-0.002013593378	9.957021203e-05	0.00222454355	-0.0001385955411	0.0009756706034	0.0002834705515	0.0004401309917
Q14444	CAPRIN1	2	709	708	1	78365.0200	78233.8250	0.001674152575	0.001591857798	M	7.857976516e-05	6.542838597e-06	6.948030896e-05	0.0001509599621	5.352318461e-05	6.621374981e-05	3.909898678e-05	3.069471169e-05	7.368199649e-05	0.0001086120567	-0.001591857798	8.799459093e-05	0.0001222717714	0.0002104479878	0.0001066136361	0.0001229590322	8.576900337e-05	9.278561635e-05	7.352143162e-06	7.827645595e-05
Q14498	RBM39	2	530	529	1	59378.6950	59247.5000	0.002209462502	0.002099547439	M	0.0001346673476	1.907749635e-05	0.0001089791744	0.000166799923	0.0001092433873	8.037804577e-05	4.397303074e-05	0.0001115296637	0.0001657342537	0.0001528369466	-0.002099547439	7.073096715e-05	8.338893951e-05	9.664524867e-05	0.0003181766129	0.0001853282092	8.252764944e-05	9.960890529e-05	1.286235161e-05	5.705928629e-05
Q14517	FAT1	2	4588	4588	0	506265.9550	506265.9550	0	0	A	0	0	0	0	0	0	0	0	0	0	0	0	0	0	0	0	0	0	0	0
Q14524	SCN5A	1	2016	2016	0	226936.5850	226936.5850	0	0	A	0	0	0	0	0	0	0	0	0	0	0	0	0	0	0	0	0	0	0	0
Q14554	PDIA5	2	519	498	21	59593.6400	57247.7850	0.03936418383	0.007791428867	W	-0.003095875559	0.0009403539227	0.002383900001	0.00368925988	0.002662785853	-5.832806902e-05	0.001759924773	-0.0009633387188	0.004713029407	-0.006382915297	-0.001273990732	0.001104295556	-0.001278666173	0.001395975542	-0.0004473528742	4.382853761e-05	0.001564573929	-0.001021337391	-0.007791428867	0.002055306281
Q14558	PRPSAP1	2	356	356	0	39393.1650	39393.1650	0	0	A	0	0	0	0	0	0	0	0	0	0	0	0	0	0	0	0	0	0	0	0
Q14566	MCM6	2	821	821	0	92887.9800	92887.9800	0	0	A	0	0	0	0	0	0	0	0	0	0	0	0	0	0	0	0	0	0	0	0
Q14596	NBR1	1	966	966	0	107411.6550	107411.6550	0	0	A	0	0	0	0	0	0	0	0	0	0	0	0	0	0	0	0	0	0	0	0
Q14624	ITIH4	2	930	875	55	103355.8450	97435.9500	0.05727682842	0.005935484234	P	2.217582886e-05	-0.0008240887278	0.0004902750697	0.004413564774	0.001900021624	0.0002239401123	-0.002850295763	0.001508722298	0.0004641639518	-0.003269276899	0.0003506719306	0.002619807796	-0.005935484234	0.001727153325	-0.00119661264	0.0002933161419	-0.0005154332792	-0.0008867802484	0.001038327915	0.000425831024
Q14642	INPP5A	2	412	409	3	47818.9250	47492.5300	0.006825644868	0.003816026912	V	0.0003133531232	0.0001521970736	0.0004514283785	0.0005544591145	0.0006017675826	0.0001603106499	0.0002923412344	0.000214202684	0.000606008399	0.0005602224042	0.0002061757832	0.0002821399102	0.0002313958281	-0.002426065484	0.0004595306493	0.0003564283118	0.0002394151919	-0.003816026912	0.0001282671111	0.0004324489663
Q14643	ITPR1	2	2758	2758	0	313924.7850	313924.7850	0	0	A	0	0	0	0	0	0	0	0	0	0	0	0	0	0	0	0	0	0	0	0
Q14671	PUM1	2	1186	1185	1	126471.1650	126339.9700	0.001037351083	0.0009849320252	M	7.125103652e-05	9.938409254e-06	4.731052474e-05	4.726889596e-05	4.403770989e-05	5.952518735e-05	3.711899338e-05	3.407175319e-05	4.097112496e-05	8.87658833e-05	-0.0009849320252	5.418713398e-05	6.295857034e-05	9.78974872e-05	5.596575598e-05	8.404727161e-05	3.827003933e-05	6.086004247e-05	8.375792084e-06	4.211041369e-05
Q14677	CLINT1	2	625	625	0	68258.5800	68258.5800	0	0	A	0	0	0	0	0	0	0	0	0	0	0	0	0	0	0	0	0	0	0	0
Q14683	SMC1A	2	1233	1233	0	143230.9600	143230.9600	0	0	A	0	0	0	0	0	0	0	0	0	0	0	0	0	0	0	0	0	0	0	0
Q14690	PDCD11	2	1871	1870	1	208698.0600	208566.8650	0.0006286354555	0.0006038334345	M	2.422493599e-05	7.389591106e-06	2.84123557e-05	5.571054472e-05	2.686665687e-05	2.28927288e-05	2.089669245e-05	2.533366436e-05	6.46423023e-05	7.233427849e-05	-0.0006038334345	1.846635397e-05	2.691697391e-05	3.231009665e-05	4.028463606e-05	3.685448781e-05	2.93633986e-05	4.882430191e-05	4.151816594e-06	1.795761819e-05
Q14693	LPIN1	2	890	890	0	98662.6550	98662.6550	0	0	A	0	0	0	0	0	0	0	0	0	0	0	0	0	0	0	0	0	0	0	0
Q14696	MESD	2	234	201	33	26076.2950	22631.0800	0.1321205716	0.03532158145	L	-0.01357846508	-0.007388005351	0.009143674126	0.0142191093	0.00504141629	0.004011615394	0.0007891677637	0.005337551302	0.01524807819	-0.03532158145	-0.001133915549	0.004032156427	-0.004381597972	0.004460031337	-0.001761586894	-0.001861343565	0.006059017984	-0.002972316526	-0.003629484811	0.003686479075
Q14697	GANAB	2	944	916	28	106872.2750	103973.7950	0.02712097221	0.004717927835	A	-0.004717927835	-0.0007847606653	0.001882142346	0.001845638518	0.0001733671817	3.771965957e-05	0.001061587401	0.001017176122	0.0009002521166	-0.001334114981	-0.0005240331646	0.0008437413184	0.001680549076	0.001299919417	-0.003122626439	-0.0002108519736	0.001195418801	-0.002153413835	-0.0005774970527	0.001487713989
Q14699	RFTN1	2	578	577	1	63144.8050	63013.6100	0.002077684775	0.002000102857	M	8.37427084e-05	3.349641985e-05	0.0001030327315	0.0002155838539	7.307063182e-05	0.000107921727	6.862950861e-05	6.890127306e-05	0.0001576236572	0.0001849455224	-0.002000102857	8.035823191e-05	0.0001114026895	0.0001373684971	0.0001155842127	0.0001539842806	9.221081124e-05	0.0001295511913	2.258381928e-05	6.011108926e-05
Q14714	SSPN	2	243	243	0	26618.1800	26618.1800	0	0	A	0	0	0	0	0	0	0	0	0	0	0	0	0	0	0	0	0	0	0	0
Q14728	SLC75A1	2	455	455	0	48338.3200	48338.3200	0	0	A	0	0	0	0	0	0	0	0	0	0	0	0	0	0	0	0	0	0	0	0
Q14738	PPP2R5D	2	602	602	0	69990.7050	69990.7050	0	0	A	0	0	0	0	0	0	0	0	0	0	0	0	0	0	0	0	0	0	0	0
Q14764	MVP	2	893	892	1	99325.4100	99194.2150	0.001320860392	0.00127964639	M	7.996618866e-05	6.796991398e-06	7.317480719e-05	0.0001419669125	4.8188627e-05	4.885194514e-05	3.133370399e-05	5.150981786e-05	7.052994951e-05	0.0001353972355	-0.00127964639	3.112972693e-05	6.975409617e-05	9.018187151e-05	0.0001270424787	4.48056147e-05	5.880642964e-05	0.0001196110042	1.603923916e-05	3.455975043e-05
Q14767	LTBP2	2	1821	1786	35	195049.8000	191195.2750	0.01976174803	0.00302145403	R	-0.0009422132939	0.001708567532	0.001055780088	0.001685766772	-0.000896822617	-0.000120397506	-3.827751474e-05	0.0004739922897	-0.000203566623	-0.00158378356	-0.0004576363407	0.000200294618	-0.0003267050875	0.001120575847	-0.00302145403	0.0007428357825	5.670935394e-05	0.0003841024603	-0.0005723580808	0.0007345899097
Q14789	GOLGB1	2	3259	3259	0	376012.5300	376012.5300	0	0	A	0	0	0	0	0	0	0	0	0	0	0	0	0	0	0	0	0	0	0	0
Q14839	CHD4	2	1912	1912	0	218001.7750	218001.7750	0	0	A	0	0	0	0	0	0	0	0	0	0	0	0	0	0	0	0	0	0	0	0
Q14847	LASP1	2	261	261	0	29716.8400	29716.8400	0	0	A	0	0	0	0	0	0	0	0	0	0	0	0	0	0	0	0	0	0	0	0
Q14894	CRYM	2	314	314	0	33775.1450	33775.1450	0	0	A	0	0	0	0	0	0	0	0	0	0	0	0	0	0	0	0	0	0	0	0
Q14896	MYBPC3	1	1274	1274	0	140760.6650	140760.6650	0	0	A	0	0	0	0	0	0	0	0	0	0	0	0	0	0	0	0	0	0	0	0
Q14914	PTGR1	2	329	329	0	35869.5200	35869.5200	0	0	A	0	0	0	0	0	0	0	0	0	0	0	0	0	0	0	0	0	0	0	0
Q14938	NFIX	2	502	502	0	55097.3650	55097.3650	0	0	A	0	0	0	0	0	0	0	0	0	0	0	0	0	0	0	0	0	0	0	0
Q14974	KPNB1	2	876	876	0	97168.7150	97168.7150	0	0	A	0	0	0	0	0	0	0	0	0	0	0	0	0	0	0	0	0	0	0	0
Q14978	NOLC1	2	699	699	0	73602.1800	73602.1800	0	0	A	0	0	0	0	0	0	0	0	0	0	0	0	0	0	0	0	0	0	0	0
Q14980	NUMA1	2	2115	2115	0	238254.8600	238254.8600	0	0	A	0	0	0	0	0	0	0	0	0	0	0	0	0	0	0	0	0	0	0	0
Q14BN4	SLMAP	1	828	828	0	95196.6650	95196.6650	0	0	A	0	0	0	0	0	0	0	0	0	0	0	0	0	0	0	0	0	0	0	0
Q14C86	GAPVD1	2	1478	1478	0	164977.2050	164977.2050	0	0	A	0	0	0	0	0	0	0	0	0	0	0	0	0	0	0	0	0	0	0	0
Q14CX7	NAA25	2	972	972	0	112290.6250	112290.6250	0	0	A	0	0	0	0	0	0	0	0	0	0	0	0	0	0	0	0	0	0	0	0
Q15005	SPCS2	2	226	225	1	25002.4650	24871.2700	0.005247282618	0.005002747997	M	0.000253230477	0.0001076208209	0.0004256156532	0.0002352397861	0.000322807391	0.0002667248275	0.0001102500519	0.0003961416183	0.0005713567709	0.0004427465145	-0.005002747997	7.041364902e-05	0.0001431705114	0.0001038475191	0.0002785208369	0.0004107249679	0.0002327793233	0.0002289296317	0.00014511934	0.0002575083069
Q15006	EMC2	2	297	296	1	34832.9600	34701.7650	0.003766404004	0.003562518497	M	0.000256389804	3.374353805e-05	0.0001853443758	0.000423421617	0.0001226828447	7.666006772e-05	8.641977432e-05	0.0001826568127	0.0002985729399	0.0003409593837	-0.003562518497	0.0001962450202	4.275221234e-05	0.0002306365441	0.0003396077113	0.0001463398982	0.0001105846333	0.0001087557908	9.479345962e-05	0.0002859520694
Q15008	PSMD6	2	389	388	1	45530.6900	45399.4950	0.002881463031	0.00274385504	M	0.0001401530645	3.286282622e-05	0.0001949474061	0.0002953103038	0.0001344159029	6.5157144e-05	5.04985225e-05	0.0001351959746	0.0002061895522	0.0003557788805	-0.00274385504	0.0001075066837	5.620910308e-05	9.51318605e-05	0.0002740449414	9.69138741e-05	9.046661941e-05	0.0001525208356	4.431328076e-05	0.0002162382645
Q15018	ABRAXAS2	2	415	415	0	46900.0600	46900.0600	0	0	A	0	0	0	0	0	0	0	0	0	0	0	0	0	0	0	0	0	0	0	0
Q15020	SART3	2	963	962	1	109932.9300	109801.7350	0.001193409472	0.001139420483	M	8.381654949e-05	1.676297785e-05	5.892776102e-05	0.0001574199868	3.809117848e-05	3.046630179e-05	2.146563233e-05	4.355496476e-05	9.843310246e-05	9.799867071e-05	-0.001139420483	3.534005412e-05	4.884802213e-05	5.930924928e-05	0.0001076523713	5.428127828e-05	3.515890254e-05	6.159107666e-05	3.013831043e-05	6.016409289e-05
Q15029	EFTUD2	2	972	972	0	109434.3650	109434.3650	0	0	A	0	0	0	0	0	0	0	0	0	0	0	0	0	0	0	0	0	0	0	0
Q15031	LARS2	2	903	903	0	101974.5400	101974.5400	0	0	A	0	0	0	0	0	0	0	0	0	0	0	0	0	0	0	0	0	0	0	0
Q15042	RAB3GAP1	2	981	981	0	110522.0200	110522.0200	0	0	A	0	0	0	0	0	0	0	0	0	0	0	0	0	0	0	0	0	0	0	0
Q15043	SLC39A14	2	492	462	30	54211.4250	50841.3850	0.06216475586	0.01268744881	L	-0.001342801345	-0.0003969958406	0.002512015414	0.002140448857	0.002749592001	0.001957945618	-0.002480820739	0.004125983744	0.00013411577	-0.01268744881	-0.000645353037	0.002354990859	-0.00220305227	0.001666359459	-0.00111873828	0.003181666026	-0.003419103445	0.00319365045	-0.002382162677	0.002659708247
Q15046	KARS1	2	597	596	1	68047.2200	67916.0250	0.00192799941	0.001822034703	M	8.153723162e-05	2.334493441e-05	0.0001089934448	0.0001948979769	9.946428575e-05	6.508970798e-05	7.099843689e-05	0.000126368234	0.0001690060727	0.0001674379101	-0.001822034703	7.955216075e-05	8.595944543e-05	6.687535654e-05	0.0001216716941	5.568362234e-05	0.0001090213832	9.028917354e-05	9.837203916e-06	9.600642813e-05
Q15056	EIF4H	2	248	247	1	27384.7450	27253.5500	0.004790805976	0.004620844743	M	0.0001713230864	1.792267555e-05	0.0005119116129	0.0003264645825	0.0003665376495	0.0003886673315	2.295066946e-05	9.701705811e-05	0.0002378778089	0.0002716477627	-0.004620844743	0.0001368075871	0.0002724909391	0.0001729428726	0.0007730596107	0.0002953646872	0.0001762090716	0.0001906244293	3.020938264e-05	0.0001608159252
Q15061	WDR43	2	677	677	0	74889.6400	74889.6400	0	0	A	0	0	0	0	0	0	0	0	0	0	0	0	0	0	0	0	0	0	0	0
Q15063	POSTN	2	836	815	21	93312.8150	90960.8400	0.02520527325	0.004728714976	L	-5.709377227e-05	0.000317938764	0.001238323727	0.002281424617	-0.002024455652	0.001181957561	0.000666217163	-0.001222218611	0.002406347193	-0.004728714976	-0.002220161122	-0.001114882673	-0.0024185471	0.001080742744	0.001454479909	-4.227753373e-05	0.001790262711	0.0004000213373	0.0001461541186	0.0008644815967
Q15067	ACOX1	2	660	660	0	74422.5250	74422.5250	0	0	A	0	0	0	0	0	0	0	0	0	0	0	0	0	0	0	0	0	0	0	0
Q15070	OXA1L	2	435	435	0	48518.9600	48518.9600	0	0	A	0	0	0	0	0	0	0	0	0	0	0	0	0	0	0	0	0	0	0	0
Q15075	EEA1	2	1411	1411	0	162462.9800	162462.9800	0	0	A	0	0	0	0	0	0	0	0	0	0	0	0	0	0	0	0	0	0	0	0
Q15084	PDIA6	2	440	421	19	48120.6550	46170.2400	0.04053176334	0.007810006713	L	-0.0007378519461	-0.001608871345	0.0034460357	0.003585205163	-0.004009712115	-0.000335912611	0.0007088687483	0.001897802085	0.003228334028	-0.007810006713	-0.002208587559	-0.001150761672	0.001578061083	0.001446689253	0.002653022579	0.0006051386863	-0.0006746984376	-0.00368557797	0.001555109848	0.001517713195
Q15102	PAFAH1B3	2	231	230	1	25733.8100	25602.6150	0.005098156861	0.004918900562	M	0.0002244972157	4.070802209e-05	0.0002683181449	0.000346034987	0.0001665044116	0.0002648356536	0.0004170253963	0.000176284954	0.0001473532292	0.0006169973391	-0.004918900562	0.0001997569119	0.0003094562286	0.0003437066064	0.0004389652596	0.000176543663	0.0001400791397	0.0004132875559	0.0001372299814	9.131586153e-05
Q15111	PLCL1	2	1095	1095	0	122726.6000	122726.6000	0	0	A	0	0	0	0	0	0	0	0	0	0	0	0	0	0	0	0	0	0	0	0
Q15119	PDK2	2	407	407	0	46153.1000	46153.1000	0	0	A	0	0	0	0	0	0	0	0	0	0	0	0	0	0	0	0	0	0	0	0
Q15121	PEA15	2	130	130	0	15039.8450	15039.8450	0	0	A	0	0	0	0	0	0	0	0	0	0	0	0	0	0	0	0	0	0	0	0
Q15124	PGM5	1	567	567	0	62224.3600	62224.3600	0	0	A	0	0	0	0	0	0	0	0	0	0	0	0	0	0	0	0	0	0	0	0
Q15125	EBP	2	230	229	1	26352.3650	26221.1700	0.004978490545	0.004847523088	M	0.0002157159776	7.823144488e-05	0.0002148523711	0.000142499907	0.0003999789239	0.0002060048441	0.0002504458706	0.0001693895448	0.0001887859843	0.0007622529517	-0.004847523088	0.0001279622627	0.0001858448797	0.0001887214156	0.0002530770454	0.0001526743209	0.0002691998514	0.0004160323186	0.0003626210845	0.0002632320887
Q15126	PMVK	2	192	192	0	21994.5750	21994.5750	0	0	A	0	0	0	0	0	0	0	0	0	0	0	0	0	0	0	0	0	0	0	0
Q15139	PRKD1	1	912	912	0	101702.7550	101702.7550	0	0	A	0	0	0	0	0	0	0	0	0	0	0	0	0	0	0	0	0	0	0	0
Q15149	PLEC	1	4684	4684	0	531781.2150	531781.2150	0	0	A	0	0	0	0	0	0	0	0	0	0	0	0	0	0	0	0	0	0	0	0
Q15172	PPP2R5A	1	486	485	1	56192.8150	56061.6200	0.002334729093	0.002250372937	M	9.481025091e-05	2.578787743e-05	9.443068354e-05	0.0002453037431	0.0001816563272	3.728202847e-05	5.503726729e-05	0.0001535513152	0.0002178071031	0.0002605719288	-0.002250372937	8.436186115e-05	8.576555091e-05	0.0001399709626	0.000129769469	0.0001528446814	7.606104223e-05	9.558180138e-05	3.622207775e-05	8.35569655e-05
Q15181	PPA1	2	289	288	1	32659.6600	32528.4650	0.004017035082	0.003879935856	M	0.0002049649891	0.0001013624959	0.0003897302634	0.0002615641387	0.0002245717636	0.0001334576218	0.0001297985411	0.0002880592711	0.0004280591074	0.0001646052978	-0.003879935856	0.000221063271	0.0002407944897	6.113038605e-05	0.0001639527495	0.0001208877018	0.0001619407257	0.0002450193214	0.0001494942043	0.0001894795171
Q15185	PTGES3	2	160	160	0	18697.1350	18697.1350	0	0	A	0	0	0	0	0	0	0	0	0	0	0	0	0	0	0	0	0	0	0	0
Q15208	STK38	2	465	464	1	54189.5100	54058.3150	0.00242104053	0.00228283321	M	8.174138666e-05	2.779152095e-05	0.0001272095933	0.0002587383872	0.0001515642571	6.600792065e-05	7.710755501e-05	0.0001303796067	0.0002291412738	0.0002055986106	-0.00228283321	8.586561534e-05	7.922510253e-05	6.145590073e-05	0.0001864695755	0.000108474325	0.0001411718736	9.85296123e-05	6.245828556e-05	0.0001039028079
Q15233	NONO	2	471	471	0	54230.8000	54230.8000	0	0	A	0	0	0	0	0	0	0	0	0	0	0	0	0	0	0	0	0	0	0	0
Q15257	PTPA	2	358	357	1	40666.9850	40535.7900	0.003226081304	0.003097573042	M	0.0001743378709	6.540546425e-05	0.0001437020022	0.0003176991071	0.0002006416263	9.624646729e-05	0.0001151620126	0.0001770228364	0.0002367520176	0.000247831971	-0.003097573042	0.0001158982019	0.0001864509186	0.0001380581087	0.0001645663237	0.0001347347975	0.0001205704064	0.0002055324607	0.000110243512	0.0001467169371
Q15274	QPRT	2	297	297	0	30845.1600	30845.1600	0	0	A	0	0	0	0	0	0	0	0	0	0	0	0	0	0	0	0	0	0	0	0
Q15276	RABEP1	2	862	861	1	99288.6850	99157.4900	0.001321348953	0.001265912586	M	6.665840438e-05	9.614779389e-06	7.393603464e-05	0.0002001541044	2.80903423e-05	1.957385068e-05	2.814192373e-05	4.609759113e-05	0.0001176679085	0.0001591110403	-0.001265912586	4.343587574e-05	1.696734444e-05	0.0001474487614	9.676677111e-05	7.505574855e-05	4.591405191e-05	5.710744993e-05	1.157578083e-05	2.259482226e-05
Q15293	RCN1	2	331	302	29	38889.4200	35866.6850	0.07772640991	0.02105566177	L	-0.007717456491	0	0.009686149723	0.0107071616	0.005061663404	-0.006359202527	0.003268390886	0.002763228054	0.007559115061	-0.02105566177	-0.002185023933	0.003542306422	-0.0001425667019	0.002798714699	-0.01764112018	0.002213826608	0.003421885469	-0.00208495992	0.002346599901	0.003816949692
Q15303	ERBB4	2	1308	1283	25	146806.4950	144210.5000	0.01768310728	0.002092024236	W	-0.0009404385878	0.000751123935	0.000186088727	0.001321006225	0.0008475187861	-0.000167215302	0.0005306719118	0.0009533838135	0.0001575126423	-0.0008098028577	-0.0004293312567	0.001073263847	-0.0002687531704	-0.0001393297154	0.001266139059	-0.0009857752564	-0.0004563202965	-0.001824160322	-0.002092024236	0.001026442055
Q15327	ANKRD1	1	319	319	0	36251.4100	36251.4100	0	0	A	0	0	0	0	0	0	0	0	0	0	0	0	0	0	0	0	0	0	0	0
Q15363	TMED2	2	201	181	20	22760.9800	20780.5400	0.08701031326	0.0304644181	L	-0.009236541268	0.0008955707143	0.004427220859	0.004750829097	0.007936659136	0.0004818954024	0.002867031123	0.005817365992	0.005402916917	-0.0304644181	-0.0001450852527	0.003418040688	0.001276498717	0.002160427603	0.00643811565	-0.0008789720129	-0.003753621217	-0.00683621143	0.0007547600333	0.004687517349
Q15365	PCBP1	2	356	356	0	37497.2950	37497.2950	0	0	A	0	0	0	0	0	0	0	0	0	0	0	0	0	0	0	0	0	0	0	0
Q15366	PCBP2	2	365	365	0	38579.5400	38579.5400	0	0	A	0	0	0	0	0	0	0	0	0	0	0	0	0	0	0	0	0	0	0	0
Q15369	ELOC	2	112	112	0	12473.0450	12473.0450	0	0	A	0	0	0	0	0	0	0	0	0	0	0	0	0	0	0	0	0	0	0	0
Q15370	ELOB	2	118	118	0	13132.6150	13132.6150	0	0	A	0	0	0	0	0	0	0	0	0	0	0	0	0	0	0	0	0	0	0	0
Q15382	RHEB	2	184	181	3	20497.2050	20179.8000	0.01548528202	0.005773679008	M	0.0006531639617	8.075321748e-05	0.000798401116	0.001274809108	0.0007706946844	0.0006004104361	0.0003102227226	0.001486223111	0.001364100199	0.001136523555	-0.005773679008	0.0005283483869	0.0003069368745	0.0009740240345	0.000580522057	-0.003155903004	0.0007145420056	-0.003752312226	0.0001361127606	0.0009661060069
Q15386	UBE3C	2	1083	1083	0	123920.7200	123920.7200	0	0	A	0	0	0	0	0	0	0	0	0	0	0	0	0	0	0	0	0	0	0	0
Q15392	DHCR24	2	516	494	22	60100.4050	57688.4050	0.04013284103	0.006957144157	L	-0.002714748482	-0.0008622972732	0.001456796395	0.001010551686	0.0003310285838	0.0002417292664	0.00188681827	0.002392787166	0.000559632002	-0.006957144157	-0.0008804714395	0.001044384012	9.069953779e-05	0.001866107658	0.0003490839597	-4.501258381e-05	0.001593513191	-0.002430039621	-0.001577614904	0.002644196732
Q15393	SF3B3	2	1217	1217	0	135575.6200	135575.6200	0	0	A	0	0	0	0	0	0	0	0	0	0	0	0	0	0	0	0	0	0	0	0
Q15404	RSU1	2	277	276	1	31539.8200	31408.6250	0.004159662294	0.004002761754	M	8.009861547e-05	0	0.0001795003769	0.0003141672418	0.000185647804	0.0001096770679	0.0001046186457	0.0002063804797	0.0003614484862	0.0006781072904	-0.004002761754	0.0003860539286	0.0002328987047	0.0002135101465	0.0002153510031	0.0002243990719	0.00018742123	0.0001579900012	2.295114386e-05	0.0001425405166
Q15413	RYR3	1	4870	4870	0	552034.3650	552034.3650	0	0	A	0	0	0	0	0	0	0	0	0	0	0	0	0	0	0	0	0	0	0	0
Q15417	CNN3	2	329	329	0	36413.2300	36413.2300	0	0	A	0	0	0	0	0	0	0	0	0	0	0	0	0	0	0	0	0	0	0	0
Q15424	SAFB	2	915	914	1	102640.1500	102508.9550	0.00127820351	0.001221324046	M	5.347858288e-05	1.020763959e-05	0.0001163408476	0.0001797360942	2.783426846e-05	6.245534087e-05	3.75799062e-05	2.762743654e-05	9.391253786e-05	6.768721952e-05	-0.001221324046	3.061028137e-05	4.9710535e-05	4.617069729e-05	0.0001852872776	0.0001139920838	4.014308443e-05	4.441410035e-05	1.505470978e-05	1.908140286e-05
Q15434	RBMS2	2	407	407	0	43957.9900	43957.9900	0	0	A	0	0	0	0	0	0	0	0	0	0	0	0	0	0	0	0	0	0	0	0
Q15435	PPP1R7	2	360	359	1	41563.5750	41432.3800	0.003156489787	0.003029092739	M	6.936124079e-05	1.572156983e-05	0.0001899797819	0.0004391023033	7.502196614e-05	7.792791329e-05	6.039620894e-05	0.0002127556861	0.0002371178909	0.0004935931917	-0.003029092739	0.0002571558854	3.734781145e-05	0.0001611850183	0.0002373417247	0.0001499998143	0.0001081980339	0.000121609898	2.649933138e-05	5.877746857e-05
Q15436	SEC23A	2	765	764	1	86159.4500	86028.2550	0.001522700064	0.001437422807	M	6.533438663e-05	2.901322637e-05	7.171290829e-05	8.587813834e-05	9.394726232e-05	5.61763088e-05	3.94745766e-05	8.245188487e-05	6.345011934e-05	0.0001472355087	-0.001437422807	4.943395443e-05	8.615396873e-05	0.0001181080888	0.000112107169	8.650493035e-05	7.844299022e-05	7.363908144e-05	3.056434204e-05	6.779396158e-05
Q15459	SF3A1	2	793	792	1	88884.9200	88753.7250	0.001476009654	0.001402491961	M	6.755963065e-05	1.701468105e-06	7.102744621e-05	0.0001694258352	5.799470046e-05	3.162657907e-05	2.396674267e-05	8.104976181e-05	0.0001211251215	7.18395616e-05	-0.001402491961	4.452914481e-05	0.0001891641853	0.0001128746302	8.562108813e-05	5.903178712e-05	5.854870275e-05	0.0001003544594	1.43394609e-05	4.07116548e-05
Q15477	SKIC2	2	1246	1246	0	137753.1150	137753.1150	0	0	A	0	0	0	0	0	0	0	0	0	0	0	0	0	0	0	0	0	0	0	0
Q15517	CDSN	2	529	497	32	51606.5800	48401.7000	0.06210215829	0.01266344879	S	-0.004100263307	0.001830318261	0.002010691322	0.0007937990078	0.002317215463	-0.002441594153	-0.001031787614	0.002830765061	0.002681673497	-0.01247542229	-0.009443283587	0.001568196797	0.0028167748	0.003626905595	-0.004196645412	0.01266344879	-2.096419003e-05	0.001369893072	-0.003341377815	0.002541656697
Q15526	SURF1	2	300	300	0	33330.9350	33330.9350	0	0	A	0	0	0	0	0	0	0	0	0	0	0	0	0	0	0	0	0	0	0	0
Q15555	MAPRE2	2	327	327	0	37030.7600	37030.7600	0	0	A	0	0	0	0	0	0	0	0	0	0	0	0	0	0	0	0	0	0	0	0
Q15582	TGFBI	2	683	660	23	74679.8500	72417.0450	0.03030007425	0.008281766875	L	-0.006470903387	0.0004867480493	0.001312484217	0.002256850521	-0.0009945205883	0.0004253851861	0.001076608119	0.001916226226	0.00176191063	-0.008281766875	-0.00100730194	0.001930104513	-6.242275348e-05	0.001174205347	0.0002872758063	0.001573611492	0.0005879855605	0.0006210467859	0.0001491696729	0.001257303417
Q15599	NHERF2	2	337	337	0	37413.2200	37413.2200	0	0	A	0	0	0	0	0	0	0	0	0	0	0	0	0	0	0	0	0	0	0	0
Q15631	TSN	2	228	228	0	26182.5850	26182.5850	0	0	A	0	0	0	0	0	0	0	0	0	0	0	0	0	0	0	0	0	0	0	0
Q15642	TRIP10	2	601	601	0	68351.1800	68351.1800	0	0	A	0	0	0	0	0	0	0	0	0	0	0	0	0	0	0	0	0	0	0	0
Q15643	TRIP11	2	1979	1978	1	227582.4500	227451.2550	0.0005764723949	0.0005517608173	M	1.938963155e-05	3.132995236e-06	2.868119745e-05	8.338274865e-05	1.139076666e-05	9.382393279e-06	1.638200612e-05	2.826530931e-05	5.827853397e-05	7.264184492e-05	-0.0005517608173	3.074762277e-05	7.690762894e-06	5.762877879e-05	3.303315435e-05	3.759141762e-05	2.181839672e-05	2.221489111e-05	3.080459729e-06	7.027906159e-06
Q15651	HMGN3	2	99	99	0	10665.7700	10665.7700	0	0	A	0	0	0	0	0	0	0	0	0	0	0	0	0	0	0	0	0	0	0	0
Q15661	TPSAB1	2	275	245	30	30514.6500	27443.9900	0.1006290421	0.02120760635	L	-0.01360115768	0.003100959787	0.006387283566	0.004236338232	0.002113930122	0.0008083364636	0.005956345877	0.004616088074	0.003741575696	-0.02120760635	-0.002299501892	-0.00119075756	-0.001271252734	-0.00216669415	-0.00314002372	0.0003976883638	0.004192028751	0.002760608285	0.005880139969	0.0006856708977
Q15691	MAPRE1	2	268	267	1	29998.6850	29867.4900	0.004373358366	0.004194304197	M	0.0002534224023	4.495404002e-05	0.000296304856	0.0003821278917	0.0002860223676	0.000157835084	3.837690827e-05	0.0002108949009	0.0003977668219	0.0003568990631	-0.004194304197	0.0002287624869	0.0002135836343	0.0003253342725	0.000193900473	0.0001559663277	0.0001325914142	0.0002897747215	5.051454855e-05	0.0001792719822
Q15717	ELAVL1	2	326	325	1	36091.4450	35960.2500	0.003635071968	0.003442878071	M	0.0001743872004	3.093416017e-05	0.0001812407492	0.0001878236624	0.0002530545024	0.0001852773047	0.0001056329911	0.0002121025696	0.0002239484092	0.000245592449	-0.003442878071	0.0002586152981	0.0001175784041	0.0001492478761	0.0002965076869	0.0002504247414	0.0001622043429	0.0002193424976	3.476050507e-05	0.0001542027204
Q15738	NSDHL	2	373	373	0	41899.7500	41899.7500	0	0	A	0	0	0	0	0	0	0	0	0	0	0	0	0	0	0	0	0	0	0	0
Q15746	MYLK	2	1914	1914	0	210712.4350	210712.4350	0	0	A	0	0	0	0	0	0	0	0	0	0	0	0	0	0	0	0	0	0	0	0
Q15758	SLC1A5	2	541	541	0	56597.5200	56597.5200	0	0	A	0	0	0	0	0	0	0	0	0	0	0	0	0	0	0	0	0	0	0	0
Q15772	SPEG	2	3267	3267	0	354283.2000	354283.2000	0	0	A	0	0	0	0	0	0	0	0	0	0	0	0	0	0	0	0	0	0	0	0
Q15796	SMAD2	2	467	466	1	52305.4500	52174.2550	0.002508247229	0.002421793077	M	7.233393245e-05	7.869775962e-05	8.645321728e-05	0.0001911324096	9.388471895e-05	9.75213076e-05	8.188007916e-05	0.0001064995164	0.0001186945514	0.0002236489845	-0.002421793077	0.0001287250083	0.0001635835658	0.0001364520487	0.0001555800666	0.0001706492976	0.0001692527956	0.0001379187818	9.119564066e-05	0.0001176893947
Q15813	TBCE	2	527	526	1	59345.3400	59214.1450	0.002210704328	0.002149237829	M	6.469228224e-05	4.207727705e-05	0.0001050542779	0.0002043852682	8.344482603e-05	8.058255079e-05	5.388155773e-05	0.0001076721894	0.0001800022571	0.0003064516161	-0.002149237829	0.0001084520063	9.814042775e-05	0.0001107327339	0.0001429937897	0.000122760541	9.025922583e-05	0.0001331497856	5.158030865e-05	6.29249078e-05
Q15814	TBCC	2	346	346	0	39247.5050	39247.5050	0	0	A	0	0	0	0	0	0	0	0	0	0	0	0	0	0	0	0	0	0	0	0
Q15819	UBE2V2	2	145	144	1	16362.6100	16231.4150	0.008017975127	0.00743395024	M	0.0001491386075	5.070612214e-05	0.0002785153869	0.0007388965087	0.0001382658355	0.0003770064631	0	0.0003842675329	0.0005506318253	0.0006038489802	-0.00743395024	0.0006082223623	0.000530007876	0.0003058019433	0.000656132868	0.0004398073931	0.0003988189679	0.0005883349826	0.0002564015582	0.000379145026
Q15836	VAMP3	2	100	99	1	11308.9050	11177.7100	0.01160103476	0.01113393282	M	0.0007060077592	0.0001066835037	0.000820378181	0.0005182021757	0.0002909053809	0.0002644018033	0	0.001039477357	0.0009010600021	0.0008084823892	-0.01113393282	0.0004653359033	0.000101373983	0.0009007518209	0.0009203169204	0.0006477351092	0.0006293234877	0.001134678913	0.0007192771584	0.0001595409709
Q15842	KCNJ8	1	424	424	0	47967.2450	47967.2450	0	0	A	0	0	0	0	0	0	0	0	0	0	0	0	0	0	0	0	0	0	0	0
Q15847	ADIRF	2	76	76	0	7854.6150	7854.6150	0	0	A	0	0	0	0	0	0	0	0	0	0	0	0	0	0	0	0	0	0	0	0
Q15907	RAB11B	2	218	214	4	24488.1450	24001.5650	0.01987002282	0.00514891522	M	0.001133195985	0.0001712351125	0.001504879068	0.001559538344	0.0008171190892	0.0006365774133	0.0004385461821	0.001390366646	0.001342964651	-0.00304333598	-0.00514891522	-0.003438827075	0.0004067823231	-0.004423358298	0.001723374845	0.001113925675	0.001178463901	0.00132454232	0.0002886235943	0.001024301421
Q15942	ZYX	2	572	571	1	61276.4750	61145.2800	0.002141033733	0.002054520245	M	0.0001326557132	7.428572791e-05	8.160639142e-05	0.0001460518209	0.000101281441	8.109516538e-05	6.794693372e-05	4.595603891e-05	0.0001109731306	0.0001225494371	-0.002054520245	4.628887597e-05	0.0003495816822	0.0001962699259	0.0001169776279	0.000125797518	8.346852717e-05	0.0001128711777	5.962454744e-06	5.290065494e-05
Q16082	HSPB2	2	182	182	0	20232.1950	20232.1950	0	0	A	0	0	0	0	0	0	0	0	0	0	0	0	0	0	0	0	0	0	0	0
Q16134	ETFDH	2	617	584	33	68494.5500	64674.8550	0.05576640769	0.006504338322	L	-0.001914114554	-0.00358359278	0.002749352216	0.004124574241	0.0004836941038	0.003378240347	0.000568753882	0.001545287986	-0.003572310112	-0.006504338322	-0.0009940836871	0.0007767343053	0.000419423353	0.000104480413	0.001152634522	0.0007728797329	0.0009639405042	0.001898667776	-0.000757945002	-0.001612278925
Q16204	CCDC6	2	474	473	1	53290.0650	53158.8700	0.002461903546	0.002326345431	M	9.068095569e-05	1.422965272e-05	6.773843979e-05	0.0003052747514	5.820228621e-05	7.347171986e-05	6.681258063e-05	8.21614855e-05	0.0001831392478	0.000231079178	-0.002326345431	9.310110846e-05	0.0001802861139	0.0002002400426	0.0002250483702	0.0002139333625	0.000116583872	5.962102345e-05	7.994881913e-06	5.6746358e-05
Q16222	UAP1	2	522	522	0	58768.2650	58768.2650	0	0	A	0	0	0	0	0	0	0	0	0	0	0	0	0	0	0	0	0	0	0	0
Q16363	LAMA4	2	1823	1799	24	202565.5600	199907.4600	0.01312217141	0.002510418934	W	-0.001278101455	-0.0002065723256	0.000804920011	0.001031130923	0.0007095585487	0.0005133844114	0.0003858294268	0.0006598047177	0.0008510317877	-0.00165196922	-0.0003724601354	0.0007691245625	1.843885442e-05	0.0006525098705	-0.0005447786147	-0.001287877672	0.0005722614643	0.0002902293696	-0.002510418934	0.0005939544081
Q16401	PSMD5	2	504	503	1	56194.8350	56063.6400	0.002334645168	0.002239358337	M	0.0001220224385	2.978540011e-05	9.816201935e-05	0.0002118513449	9.862313606e-05	6.327378162e-05	4.903886649e-05	0.000142804649	0.00010781597	0.0003132489075	-0.002239358337	9.279929874e-05	8.895232812e-05	0.0001231761083	0.0001712980092	0.0001476275856	0.0001004019298	0.0001686833756	1.434413623e-05	9.544905165e-05
Q16527	CSRP2	1	193	193	0	20953.7800	20953.7800	0	0	A	0	0	0	0	0	0	0	0	0	0	0	0	0	0	0	0	0	0	0	0
Q16531	DDB1	2	1140	1139	1	126966.2750	126835.0800	0.001033305892	0.0009850550608	M	3.609280799e-05	1.830297329e-05	5.026670818e-05	9.19353064e-05	5.217726195e-05	4.226880489e-05	2.982974301e-05	6.484951248e-05	5.420647001e-05	0.0001125859592	-0.0009850550608	4.898938927e-05	3.241246508e-05	4.716356895e-05	5.741549172e-05	6.133664515e-05	5.725618735e-05	7.320207398e-05	1.12183235e-05	4.354536848e-05
Q16537	PPP2R5E	2	467	466	1	54698.5800	54567.3850	0.002398508334	0.00230884015	M	5.690283273e-05	3.186495513e-05	0.0001000147509	0.0002487538181	0.0001861919989	3.384571308e-05	4.66334744e-05	0.0001478467492	0.0002032241879	0.0002759805985	-0.00230884015	6.949484767e-05	0.0001167907038	0.0001262853423	0.0001701678475	0.0001460895404	8.503432964e-05	0.0001232413171	3.836403538e-05	0.000102113107
Q16539	MAPK14	2	360	359	1	41292.6050	41161.4100	0.003177203279	0.003026253294	M	0.0001461495136	3.180150422e-05	0.0002358143482	0.0002220534257	0.0001409144442	7.389007061e-05	0.0001221691164	0.0001893588494	0.0001822634866	0.0003701104784	-0.003026253294	0.0001213738163	0.0001284298078	0.0001438430121	0.0002171851656	0.0001379176328	0.0001485137596	0.000169119381	6.700337561e-05	0.000178342106
Q16540	MRPL23	2	153	153	0	17780.9500	17780.9500	0	0	A	0	0	0	0	0	0	0	0	0	0	0	0	0	0	0	0	0	0	0	0
Q16543	CDC37	2	378	378	0	44467.7750	44467.7750	0	0	A	0	0	0	0	0	0	0	0	0	0	0	0	0	0	0	0	0	0	0	0
Q16555	DPYSL2	2	572	572	0	62292.7750	62292.7750	0	0	A	0	0	0	0	0	0	0	0	0	0	0	0	0	0	0	0	0	0	0	0
Q16563	SYPL1	2	259	259	0	28564.9100	28564.9100	0	0	A	0	0	0	0	0	0	0	0	0	0	0	0	0	0	0	0	0	0	0	0
Q16576	RBBP7	2	425	424	1	47819.3100	47688.1150	0.002743556944	0.002646969958	M	0.0001126800554	3.536350151e-05	0.0002136666497	0.000257660877	0.0001125010391	9.129587798e-05	0.0001735898632	0.0001403789354	0.0001706764703	0.0002233301244	-0.002646969958	0.0001413956312	0.0001120116631	8.530904771e-05	8.474086556e-05	0.00018403848	0.0001448669906	0.0001538688834	0.0001390820401	7.05129618e-05
Q16585	SGCB	2	318	318	0	34776.3450	34776.3450	0	0	A	0	0	0	0	0	0	0	0	0	0	0	0	0	0	0	0	0	0	0	0
Q16586	SGCA	2	387	364	23	42874.4200	40431.5650	0.05697698068	0.00778821762	L	-0.002753617793	0.001183272328	0.0009034943213	-0.001954013866	-0.0008952734128	-0.00108863818	0.003598660173	0.001441160946	0.0008923251364	-0.00778821762	-0.002083729632	0.0008064436488	0.002889728965	0.00249765584	0.00531647304	0.002565823889	-0.003681793148	-0.000268729876	-0.003350561845	0.001769537084
Q16595	FXN	2	210	169	41	23134.7650	18825.7600	0.1862567007	0.02838422906	R	-0.01553323859	-0.003463710392	0.01485800972	0.005901052276	0.005673916952	-0.002782770686	0.003996798604	0.004505403999	0.016319252	-0.004477635839	-0.004265601086	0.007941560255	-0.01546801044	-0.004590979257	-0.02838422906	0.007527442301	0.001035486793	-0.000662374525	-0.0005773372834	0.01244696425
Q16610	ECM1	2	540	521	19	60673.1950	58811.0100	0.03069205437	0.006407806658	A	-0.006407806658	0.001558484798	0.001284052038	0.002771215925	0.001290083881	7.147269177e-05	0.001710599324	0.0009038805723	0.00100738203	-0.002879316818	-0.001845779032	0.001517378227	0.003014731471	0.002551161627	0.0004859581496	5.17764413e-05	-0.00370926704	-0.002467827592	0.0007505394647	-0.001658719501
Q16611	BAK1	2	211	210	1	23408.3200	23277.1250	0.005604631174	0.005366272575	M	0.0003254046268	4.917128071e-05	0.0001620509441	0.0004179761779	0.0004022418551	0.0003198953817	0.0001888970998	0.0002129348594	5.932939524e-05	0.0005589540059	-0.005366272575	0.0001608577816	0.0002569824407	0.0005041273785	0.0004595298873	0.0002132473543	0.0002175451742	0.0004754387203	0.0001243202247	0.0002573679864
Q16629	SRSF7	2	238	238	0	27366.1450	27366.1450	0	0	A	0	0	0	0	0	0	0	0	0	0	0	0	0	0	0	0	0	0	0	0
Q16630	CPSF6	2	551	551	0	59208.9900	59208.9900	0	0	A	0	0	0	0	0	0	0	0	0	0	0	0	0	0	0	0	0	0	0	0
Q16637	SMN1	1	294	293	1	31848.3050	31717.1100	0.004119371502	0.003937855254	M	0.0001646084152	0.0001053472989	0.0002603902472	0.0002398648702	0.0001256770409	0.0002039767078	6.745061667e-05	0.0001995890484	0.0003495541803	0.0002423581302	-0.003937855254	0.0002441134113	0.0004880083635	0.0001747173128	0.0001703981257	0.0003540766105	0.0001424136191	0.0001145932286	0.0001331752975	0.0001575427294
Q16643	DBN1	2	649	648	1	71428.1300	71296.9350	0.001836741351	0.001769670391	M	0.0001446262909	2.098003835e-05	0.0001008331015	0.0003152778467	6.435959231e-05	5.524619335e-05	4.029860866e-05	5.110507733e-05	6.961412569e-05	0.0001277626933	-0.001769670391	4.00362716e-05	0.000154503108	0.0001170382591	0.0001395105018	9.781081412e-05	9.02422168e-05	7.860696216e-05	2.652201695e-05	3.529667211e-05
Q16647	PTGIS	2	500	500	0	57102.9850	57102.9850	0	0	A	0	0	0	0	0	0	0	0	0	0	0	0	0	0	0	0	0	0	0	0
Q16654	PDK4	2	411	411	0	46468.5200	46468.5200	0	0	A	0	0	0	0	0	0	0	0	0	0	0	0	0	0	0	0	0	0	0	0
Q16658	FSCN1	2	493	492	1	54529.2400	54398.0450	0.002405956877	0.002337084471	M	0.0001657841144	4.96016245e-05	0.0001684228155	0.0001533215555	0.0001475499088	0.0001089619767	6.351677156e-05	8.299031068e-05	0.0001523419983	0.0001659806214	-0.002337084471	8.359136881e-05	6.427228116e-05	0.0001087784958	0.0002139469211	0.00014471284	0.0001507327256	0.0001438799186	6.080400826e-05	0.0001078942146
Q16666	IFI16	2	785	785	0	88254.5800	88254.5800	0	0	A	0	0	0	0	0	0	0	0	0	0	0	0	0	0	0	0	0	0	0	0
Q16695	H3-4	2	136	135	1	15508.0250	15376.8300	0.008459813548	0.008107879959	M	0.0006247381761	0.0001132836119	0.0002488948292	0.0004814787256	0.0003089026058	0.0002456644323	0.0001450639848	0.0004292500811	0.0008884619759	0.0007358572819	-0.008107879959	6.176556129e-05	0.0003229368334	0.000546558833	0.001465880215	0.000294774879	0.0005568811429	0.0003833700313	0	0.0002541167586
Q16698	DECR1	2	335	301	34	36067.2600	32149.5700	0.1086217805	0.0120632743	R	0.003171838043	-0.001489801268	0.003815211527	0.007591267689	-0.009071812079	0.001104069847	0.0008894516429	0.005530904392	0.002690492121	-0.006936461681	-0.0005516104414	0.005301968788	-0.004246966491	0.001554235625	-0.0120632743	0.001632851935	0.002192293737	0.00359653142	0.002341525163	-0.00705271567
Q16718	NDUFA5	2	116	115	1	13458.4950	13327.3000	0.009748118196	0.009421312154	M	0.0005008491445	7.568237156e-05	0.0003325626826	0.001378567266	0	0.0002344616884	0.0001938283253	0.0004916105981	0.001095807781	0.001310961595	-0.009421312154	0.0003301140618	0.0005034102019	0.0005477164962	0.0005440685509	0	0.0004464485359	0.0005854202594	0.0005102625923	0.0003395400026
Q16740	CLPP	2	277	221	56	30179.5400	24165.5600	0.199273415	0.02231705072	R	-0.01205639032	-0.00431192483	0.008508125446	0.01567493735	-0.002352813477	-0.002680201889	-0.003317667873	0.0139696054	0.009344874973	-0.01215119452	0.006352943606	0.0009333653618	-0.005750257325	-0.002098145744	-0.02231705072	0.008206464138	-0.002551743565	0.005815528047	-0.004359200163	0.005140746113
Q16762	TST	2	297	296	1	33428.5000	33297.3050	0.003924645138	0.003775114509	M	0.0001954051515	4.831740763e-05	0.0001725066243	0.0003667124146	0.0002470355078	0.0001871073266	0.0001392126365	6.538662057e-05	0.0002040469328	0.0003530877511	-0.003775114509	6.58601838e-05	0.0002066071652	0.0001019885722	0.0003994480963	0.0002409758923	0.0001662635654	0.000291989121	0.0001425215973	0.0001806419422
Q16775	HAGH	2	308	295	13	33805.5150	32409.7900	0.04128690245	0.01041404842	R	0.002545448465	0.001065151182	0.00234023807	0.003233651646	0.001633760021	-0.003662893589	0.002216445894	0.00115315187	0.003373641751	-0.006111895223	-0.002809395951	0.001161503583	0.002024279557	0.0009635679703	-0.01041404842	-0.001747715033	0.003403455171	-0.002609188652	0.0004488386727	0.001792003016
Q16777	H2AC20	2	129	128	1	13988.1800	13856.9850	0.009378989976	0.009072671157	M	0.0008590339796	0	0.000150987333	0.0005841598951	9.369495692e-05	0.0005535313603	0.0002640009546	0.0004463938797	0.001160855503	0.001115984699	-0.009072671157	0.0004496268917	0.0003265058536	0.0004144494523	0.001185664616	0.000357639192	0.0002702571165	0.0005315752383	0	0.0003083102351
Q16778	H2BC21	2	126	125	1	13919.9950	13788.8000	0.009424931546	0.009054672266	M	0.0006669225208	0	0.0002299335698	0.0005930650711	0.0001902465635	0.0003025990273	0.0002680254948	0.0005287320422	0.001683645809	0.0004531988933	-0.009054672266	0.0002282405954	0.0003977798932	0.000252460495	0.0008024929198	0.0008472127821	0.0005487540563	0.0005396787919	0	0.0005216837405
Q16787	LAMA3	2	3333	3298	35	366614.9400	363099.6250	0.009588575414	0.001584680936	L	-0.001039612075	0.0001646701493	0.0005081764299	0.0006463428911	0.0004369280916	-5.822928893e-05	0.0003390031702	0.0003982326136	0.0005144432476	-0.001584680936	-0.0002021631687	0.000507473549	-0.001118642598	0.0005310734182	-0.0008559421914	0.0006211877599	-7.347057542e-05	-0.0002606198983	0.0001174266455	0.0004084027662
Q16795	NDUFA9	2	377	342	35	42508.9100	38899.7050	0.08490467057	0.008740576412	A	-0.008740576412	-0.004685545176	0.004830044286	0.004496148782	0.006625558673	0.001774462251	0.001000404978	0.0006894578626	0.00614270704	0.005104735761	-0.004060413517	0.002775752288	-0.0002744168695	-0.003976870393	-0.005821095203	-0.006647679463	-0.002786558228	-0.001900959235	0.002340286237	0.003114556336
Q16798	ME3	2	604	604	0	67067.5350	67067.5350	0	0	A	0	0	0	0	0	0	0	0	0	0	0	0	0	0	0	0	0	0	0	0
Q16799	RTN1	2	776	776	0	83616.2550	83616.2550	0	0	A	0	0	0	0	0	0	0	0	0	0	0	0	0	0	0	0	0	0	0	0
Q16816	PHKG1	2	387	387	0	45023.1300	45023.1300	0	0	A	0	0	0	0	0	0	0	0	0	0	0	0	0	0	0	0	0	0	0	0
Q16821	PPP1R3A	2	1122	1122	0	125765.0450	125765.0450	0	0	A	0	0	0	0	0	0	0	0	0	0	0	0	0	0	0	0	0	0	0	0
Q16822	PCK2	2	640	608	32	70697.9850	67065.7450	0.05137685324	0.005182645557	L	0.0006978019964	-0.000440007657	0.002620762295	0.003669552904	0.002818937343	0.0002660921743	-0.000461615561	0.0009011119164	0.002206855126	-0.005182645557	-0.0001501452631	4.048292031e-05	-0.0005742479238	0.0003325310096	-0.003673858968	-0.001627765122	0.0009746970466	0.001419918361	-0.002823676668	-0.001014780373
Q16850	CYP51A1	2	509	509	0	57277.5000	57277.5000	0	0	A	0	0	0	0	0	0	0	0	0	0	0	0	0	0	0	0	0	0	0	0
Q16851	UGP2	2	508	508	0	56939.5350	56939.5350	0	0	A	0	0	0	0	0	0	0	0	0	0	0	0	0	0	0	0	0	0	0	0
Q16853	AOC3	2	763	763	0	84620.5700	84620.5700	0	0	A	0	0	0	0	0	0	0	0	0	0	0	0	0	0	0	0	0	0	0	0
Q16854	DGUOK	2	277	238	39	32055.2400	27960.5350	0.1277390218	0.01982463425	R	-0.006300210372	0.0009740936935	0.004280352282	0.00844675151	0.00037399458	-0.007722923005	0.0007993139347	0.006327428348	0.004279137515	-0.0024212832	-0.005660225176	0.004779941107	-0.005625505688	0.008811946127	-0.01982463425	-0.01395292355	0.00670384851	0.003429105683	0.005746557852	0.006555234099
Q16890	TPD52L1	2	204	204	0	22448.7550	22448.7550	0	0	A	0	0	0	0	0	0	0	0	0	0	0	0	0	0	0	0	0	0	0	0
Q16891	IMMT	2	758	725	33	83676.4450	80025.0300	0.04363731036	0.006010427667	R	0.0001387606213	-0.00480977462	0.001934355239	0.00524217255	-0.0006133010159	-0.0005222313358	0.00116377292	0.002090787622	0.002335721787	-0.00237348095	-0.0007638252956	0.001176843331	-0.0007469383498	0.0003536003575	-0.006010427667	0.0007469477692	0.0008421688573	8.850934901e-06	0.0004787014698	-0.0006727042259
Q1KMD3	HNRNPUL2	2	747	747	0	85103.7500	85103.7500	0	0	A	0	0	0	0	0	0	0	0	0	0	0	0	0	0	0	0	0	0	0	0
Q2M296	MTHFSD	2	383	383	0	42172.0800	42172.0800	0	0	A	0	0	0	0	0	0	0	0	0	0	0	0	0	0	0	0	0	0	0	0
Q2M2I8	AAK1	2	961	961	0	103883.1300	103883.1300	0	0	A	0	0	0	0	0	0	0	0	0	0	0	0	0	0	0	0	0	0	0	0
Q2M389	WASHC4	2	1173	1172	1	136401.3400	136270.1450	0.0009618307269	0.0009176353576	M	3.646733272e-05	1.312797973e-05	5.528321278e-05	7.350983623e-05	6.761745081e-05	1.762370241e-05	3.548963268e-05	6.395664376e-05	8.008020686e-05	0.0001050152299	-0.0009176353576	4.135595333e-05	1.801888778e-05	4.838357118e-05	6.186803039e-05	4.744481781e-05	4.302313596e-05	4.936355866e-05	9.834547601e-06	5.017162696e-05
Q2TAA2	IAH1	2	248	248	0	27598.2450	27598.2450	0	0	A	0	0	0	0	0	0	0	0	0	0	0	0	0	0	0	0	0	0	0	0
Q2TAL5	SMTNL2	2	461	461	0	50195.5900	50195.5900	0	0	A	0	0	0	0	0	0	0	0	0	0	0	0	0	0	0	0	0	0	0	0
Q2TBA0	KLHL40	1	621	621	0	69256.3600	69256.3600	0	0	A	0	0	0	0	0	0	0	0	0	0	0	0	0	0	0	0	0	0	0	0
Q2TBC4	PRICKLE4	1	344	344	0	37550.4350	37550.4350	0	0	A	0	0	0	0	0	0	0	0	0	0	0	0	0	0	0	0	0	0	0	0
Q2V2M9	FHOD3	1	1422	1422	0	158610.7650	158610.7650	0	0	A	0	0	0	0	0	0	0	0	0	0	0	0	0	0	0	0	0	0	0	0
Q32MK0	MYLK3	2	819	819	0	88391.6800	88391.6800	0	0	A	0	0	0	0	0	0	0	0	0	0	0	0	0	0	0	0	0	0	0	0
Q32MZ4	LRRFIP1	2	808	807	1	89251.9350	89120.7400	0.00146994012	0.001406568224	M	7.41466575e-05	1.848686707e-05	0.0001107747235	0.0002510254274	2.291369468e-05	5.102392513e-05	3.012944864e-05	3.820895693e-05	0.0001338360068	9.279318111e-05	-0.001406568224	6.780811285e-05	5.589435098e-05	8.108498917e-05	9.182123209e-05	0.0001020400824	9.087799628e-05	6.825004657e-05	2.832759082e-06	2.261976575e-05
Q32P28	P3H1	2	736	714	22	83392.7350	81199.0650	0.02630528906	0.00490472617	A	-0.00490472617	0.0005179542788	0.001403526707	0.002977148413	0.001506519068	0.0008557901994	0.0007516948983	0.0006355128573	-0.0002629122245	-0.004132764792	-0.0009062104136	0.0009413464196	0.001312470037	2.872433948e-05	0.0003321189176	0.0002303084542	-0.001345077589	-0.002201267552	0.0003492130169	0.001910631134
Q32P51	HNRNPA1L2	2	320	320	0	34225.1150	34225.1150	0	0	A	0	0	0	0	0	0	0	0	0	0	0	0	0	0	0	0	0	0	0	0
Q330K2	NDUFAF6	2	333	289	44	38175.6200	33480.0600	0.1229989192	0.01753674258	R	-0.001770498311	-0.00354054756	0.007700704686	0.003761688487	0.005840584973	-0.009487660335	0.002969354325	0.003353637456	0.01080750414	-0.003066913411	-0.004360226984	0.004246669601	-0.01157324248	0.006106500032	-0.01753674258	-0.001059672852	0.004594580226	0.001471777913	-0.001342830577	0.002885333258
Q3B8N2	LGALS9B	2	356	356	0	39659.8450	39659.8450	0	0	A	0	0	0	0	0	0	0	0	0	0	0	0	0	0	0	0	0	0	0	0
Q3KQU3	MAP7D1	2	841	841	0	92818.3400	92818.3400	0	0	A	0	0	0	0	0	0	0	0	0	0	0	0	0	0	0	0	0	0	0	0
Q3LXA3	TKFC	2	575	575	0	58946.2500	58946.2500	0	0	A	0	0	0	0	0	0	0	0	0	0	0	0	0	0	0	0	0	0	0	0
Q3MHD2	LSM12	2	195	194	1	21700.4300	21569.2350	0.006045732734	0.005851565825	M	0.0003159783265	0.0001432406706	0.0001573566628	0.0006261967607	0.0001562358955	0.000142001679	0.0001467401126	0.0003411648505	0.0005876296003	0.0004652247961	-0.005851565825	0.0001874376765	0.0002722234798	0.0006219832434	0.0002883256417	0.0004969680447	0.0001971604503	0.0004431995923	4.828756975e-05	0.0002142107718
Q3MIX3	ADCK5	2	580	580	0	65826.5150	65826.5150	0	0	A	0	0	0	0	0	0	0	0	0	0	0	0	0	0	0	0	0	0	0	0
Q3SXM5	HSDL1	2	330	329	1	37001.2650	36870.0700	0.003545689587	0.003415187032	M	0.0002533504781	6.890996504e-05	0.0001405873137	0.0001673608973	0.000174482482	0.0001036907611	8.824183786e-05	0.0002770974897	0.0002019255676	0.0003303854685	-0.003415187032	0.000107347835	0.0001122521003	0.0001068652085	0.0002406145009	0.0002561576744	0.0001354994228	0.0002379616801	0.0001327434142	0.0002797129354
Q3SY69	ALDH1L2	2	923	923	0	101744.5300	101744.5300	0	0	A	0	0	0	0	0	0	0	0	0	0	0	0	0	0	0	0	0	0	0	0
Q3ZCQ8	TIMM50	2	353	309	44	39645.5900	35081.4000	0.1151247844	0.02081508569	R	-0.01064532712	-0.001592565736	0.004737665514	0.00439341513	0.002564697054	-0.004072815725	0.002224079886	0.001660446192	0.00670604166	2.879713532e-05	-0.001961263895	0.003787888296	0.0004112595005	0.004782837221	-0.02081508569	-0.006002801644	-5.784288176e-05	0.004169928737	0.002927499803	0.006753146568
Q3ZCW2	LGALSL	2	172	171	1	18985.4450	18854.2500	0.006910293649	0.00666991227	M	0.0002748691087	0.0001495258332	0.0006159795436	0.0003631517967	0.0005606262304	0.0003010972184	0.0002393419138	0.0005665777683	0.0003157276967	0.0006070476089	-0.00666991227	0.000203814719	0.0004262522907	0.0003156197113	0.0004837128618	0.0003890806326	0.0001837602886	0.000506019559	0	0.0001677074884
Q460N5	PARP14	2	1801	1801	0	202797.6400	202797.6400	0	0	A	0	0	0	0	0	0	0	0	0	0	0	0	0	0	0	0	0	0	0	0
Q49A88	CCDC14	2	953	953	0	106300.0700	106300.0700	0	0	A	0	0	0	0	0	0	0	0	0	0	0	0	0	0	0	0	0	0	0	0
Q49AH0	CDNF	2	187	163	24	20964.2400	18510.2600	0.1170555193	0.01954730328	V	-0.008240177014	-0.004596445605	0.006635866206	0.01304062102	-0.003133405618	0.000239461028	-0.0038024282	0.00581301658	0.0145769689	-0.002377902791	-0.002830289075	0.002927558705	-0.006281002055	0.004047773133	0.007719962555	-0.003986798189	0.001039848427	-0.01954730328	-0.007267626744	0.006022302018
Q49B96	COX19	2	90	89	1	10393.9550	10262.7600	0.01262224052	0.0118104701	M	0.0002805543516	0.0005087284804	0.0004191467527	0.001544429294	0.001213804068	0.0004728076142	0.0003257231088	0	0.001994930701	0.001376896558	-0.0118104701	0.0006934343722	0.000604262029	0.0003068074452	0.000731433652	0.0007721936531	0.0003751221726	0	0	0.000190195843
Q4G0J3	LARP7	2	582	582	0	66897.8450	66897.8450	0	0	A	0	0	0	0	0	0	0	0	0	0	0	0	0	0	0	0	0	0	0	0
Q4G0N4	NADK2	2	442	380	62	49432.2450	43327.2950	0.1235013704	0.0179091921	G	-0.008832162974	-0.006622253217	0.003358655034	0.0110973517	0.002095636528	-0.0179091921	0.0008001872231	0.005925246911	0.005869986165	-0.0005494641548	-0.001102713562	0.006299725045	-0.003981255991	4.044154158e-05	-0.01549698641	0.005039966553	0.00210906253	0.006484126018	0.003075027125	0.002298616033
Q4G0W2	DUSP28	2	176	176	0	18323.8250	18323.8250	0	0	A	0	0	0	0	0	0	0	0	0	0	0	0	0	0	0	0	0	0	0	0
Q4G176	ACSF3	2	576	493	83	64129.2150	54866.6200	0.144436432	0.01974349288	R	-0.005095924457	-0.002683152724	-0.000836163772	0.008386249067	-0.002160814671	0.001425584049	-0.0044372695	0.002720454131	0.007619759844	-0.007160481402	0.001716369959	0.002994086524	0.002427416729	0.001043847018	-0.01974349288	-0.002969385375	0.002241594218	0.006737911021	0.00647921049	0.001294201733
Q4J6C6	PREPL	2	727	727	0	83925.8900	83925.8900	0	0	A	0	0	0	0	0	0	0	0	0	0	0	0	0	0	0	0	0	0	0	0
Q4U2R6	MRPL51	2	128	97	31	15094.6450	11712.6900	0.2240499859	0.0253679674	L	-0.01237093488	-0.004926964776	0.00132129629	0.009924809112	0.004425623114	-0.005880962389	0.01046580666	0.017696421	0.02465350105	-0.0253679674	-0.001035057642	0.007995788052	-0.003538848756	0.002464506905	-0.001895933844	-0.01636491563	0.002008841265	-0.005576558373	-0.01316522147	0.009166771714
Q4V328	GRIPAP1	2	841	840	1	96003.8200	95872.6250	0.001366560206	0.00130829003	M	7.974973928e-05	8.793851111e-06	5.635269534e-05	0.0002278136791	1.998261617e-05	3.08754948e-05	2.62753439e-05	2.221422403e-05	0.0001167159461	0.0001840607134	-0.00130829003	3.516088835e-05	2.367587396e-05	0.0001626393102	0.0001201134385	8.008856916e-05	4.178797016e-05	4.67654186e-05	9.881590591e-06	1.534266697e-05
Q4VC31	MIX23	2	144	143	1	16619.8250	16488.6300	0.007893885766	0.007590307812	M	0.0003999340696	0.0001977816585	0.0003802269132	0.0009006566343	0.000337070322	9.190823562e-05	0.0001899502166	0.000321182983	0.0007755820992	0.0006958964631	-0.007590307812	0.0004852637308	0.0001879382828	0.0004174782953	0.0007109104678	0.0003430979612	0.0003889031225	0.0005258982631	0.0001666844268	7.394366685e-05
Q4ZHG4	FNDC1	2	1894	1862	32	205554.6150	202284.7650	0.01590745117	0.003316224271	L	-0.002466451874	6.596934721e-05	0.000914939472	0.0004275047919	0.0004159857102	0.000402059294	0.0005913338522	0.0004374450771	0.0008755748395	-0.003316224271	-0.0004702692675	0.0004316211697	0.0002043261567	0.0007459733308	-0.0004377727558	0.0001435930871	0.0005893379708	0.000404180094	-0.0005880488204	0.0006289227953
Q502W7	CCDC38	2	563	563	0	65313.7600	65313.7600	0	0	A	0	0	0	0	0	0	0	0	0	0	0	0	0	0	0	0	0	0	0	0
Q52LJ0	FAM98B	2	433	433	0	45546.8100	45546.8100	0	0	A	0	0	0	0	0	0	0	0	0	0	0	0	0	0	0	0	0	0	0	0
Q53EU6	GPAT3	2	434	434	0	48704.5750	48704.5750	0	0	A	0	0	0	0	0	0	0	0	0	0	0	0	0	0	0	0	0	0	0	0
Q53FA7	TP53I3	2	332	332	0	35535.6650	35535.6650	0	0	A	0	0	0	0	0	0	0	0	0	0	0	0	0	0	0	0	0	0	0	0
Q53FT3	HIKESHI	2	197	197	0	21627.4500	21627.4500	0	0	A	0	0	0	0	0	0	0	0	0	0	0	0	0	0	0	0	0	0	0	0
Q53GG5	PDLIM3	1	364	364	0	39231.9650	39231.9650	0	0	A	0	0	0	0	0	0	0	0	0	0	0	0	0	0	0	0	0	0	0	0
Q53GL7	PARP10	2	1025	1025	0	109996.5300	109996.5300	0	0	A	0	0	0	0	0	0	0	0	0	0	0	0	0	0	0	0	0	0	0	0
Q53GQ0	HSD17B12	2	312	312	0	34323.7650	34323.7650	0	0	A	0	0	0	0	0	0	0	0	0	0	0	0	0	0	0	0	0	0	0	0
Q53GS9	USP39	2	565	565	0	65379.6200	65379.6200	0	0	A	0	0	0	0	0	0	0	0	0	0	0	0	0	0	0	0	0	0	0	0
Q53H12	AGK	2	422	422	0	47136.4550	47136.4550	0	0	A	0	0	0	0	0	0	0	0	0	0	0	0	0	0	0	0	0	0	0	0
Q53H47	SETMAR	2	684	684	0	78032.9350	78032.9350	0	0	A	0	0	0	0	0	0	0	0	0	0	0	0	0	0	0	0	0	0	0	0
Q53H82	LACTB2	2	288	288	0	32805.2150	32805.2150	0	0	A	0	0	0	0	0	0	0	0	0	0	0	0	0	0	0	0	0	0	0	0
Q53HC9	EIPR1	2	387	387	0	43602.5200	43602.5200	0	0	A	0	0	0	0	0	0	0	0	0	0	0	0	0	0	0	0	0	0	0	0
Q53RD9	FBLN7	2	439	415	24	47375.1900	44798.0600	0.05439830426	0.01027666912	L	-0.002515128378	0.001469155303	0.00221919972	0.0004041784458	-0.0004069098253	0.003207366756	0.001940132438	-0.001006552819	0.001523407246	-0.01027666912	-0.001766936632	0.002478217509	-0.004613635116	0.004264081386	-0.001221266428	-0.001762202969	0.002730899491	0.001420531064	0.0002128122497	0.001699319673
Q53RT3	ASPRV1	2	343	136	207	36990.5900	14854.8850	0.5984144887	0.03472483537	P	-0.02072405108	-0.001414531333	0.02764322289	-0.01035809066	-8.710144165e-05	0.006003102027	-0.005434083929	0.001462233755	0.03372397351	0.007403386593	0.003431574429	0.004534579125	-0.03472483537	-0.00682468171	-0.01821206179	-0.02440901819	0.008218667904	0.02563654935	-3.589373129e-05	0.004167059653
Q53S33	BOLA3	2	107	107	0	12113.9900	12113.9900	0	0	A	0	0	0	0	0	0	0	0	0	0	0	0	0	0	0	0	0	0	0	0
Q53T59	HS1BP3	2	392	392	0	42779.6050	42779.6050	0	0	A	0	0	0	0	0	0	0	0	0	0	0	0	0	0	0	0	0	0	0	0
Q53TN4	CYBRD1	2	286	286	0	31640.8050	31640.8050	0	0	A	0	0	0	0	0	0	0	0	0	0	0	0	0	0	0	0	0	0	0	0
Q562R1	ACTBL2	2	376	376	0	42002.6350	42002.6350	0	0	A	0	0	0	0	0	0	0	0	0	0	0	0	0	0	0	0	0	0	0	0
Q567U6	CCDC93	2	631	631	0	73196.5100	73196.5100	0	0	A	0	0	0	0	0	0	0	0	0	0	0	0	0	0	0	0	0	0	0	0
Q58FF6	HSP90AB4P	2	505	505	0	58263.6600	58263.6600	0	0	A	0	0	0	0	0	0	0	0	0	0	0	0	0	0	0	0	0	0	0	0
Q58FF8	HSP90AB2P	2	381	381	0	44348.4300	44348.4300	0	0	A	0	0	0	0	0	0	0	0	0	0	0	0	0	0	0	0	0	0	0	0
Q58WW2	DCAF6	2	860	860	0	96290.5950	96290.5950	0	0	A	0	0	0	0	0	0	0	0	0	0	0	0	0	0	0	0	0	0	0	0
Q5BJD5	TMEM41B	2	291	291	0	32512.9900	32512.9900	0	0	A	0	0	0	0	0	0	0	0	0	0	0	0	0	0	0	0	0	0	0	0
Q5BJF2	TMEM97	2	176	176	0	20847.5550	20847.5550	0	0	A	0	0	0	0	0	0	0	0	0	0	0	0	0	0	0	0	0	0	0	0
Q5BJH7	YIF1B	2	314	314	0	34434.8550	34434.8550	0	0	A	0	0	0	0	0	0	0	0	0	0	0	0	0	0	0	0	0	0	0	0
Q5BKU9	OXLD1	2	147	147	0	15854.7700	15854.7700	0	0	A	0	0	0	0	0	0	0	0	0	0	0	0	0	0	0	0	0	0	0	0
Q5BKX8	CAVIN4	1	364	364	0	41898.5750	41898.5750	0	0	A	0	0	0	0	0	0	0	0	0	0	0	0	0	0	0	0	0	0	0	0
Q5BKY1	LRRC10	1	277	277	0	31641.4400	31641.4400	0	0	A	0	0	0	0	0	0	0	0	0	0	0	0	0	0	0	0	0	0	0	0
Q5EBL4	RILPL1	2	403	403	0	47107.1900	47107.1900	0	0	A	0	0	0	0	0	0	0	0	0	0	0	0	0	0	0	0	0	0	0	0
Q5EBM0	CMPK2	2	449	351	98	49447.0200	39185.1700	0.2075322234	0.01935352857	R	-0.01527446418	-0.0034134857	-0.002871614177	0.01314448964	-0.001022645229	-0.005805050041	0.0003105791507	0.007838355869	0.008735909465	-0.009486738539	-0.003130687036	0.002429269304	-0.00814314314	0.01559682508	-0.01935352857	0.004663167912	0.002976254804	0.005432818144	0.004693700587	0.002679986659
Q5GLZ8	HERC4	2	1057	1057	0	118561.3400	118561.3400	0	0	A	0	0	0	0	0	0	0	0	0	0	0	0	0	0	0	0	0	0	0	0
Q5H9R7	PPP6R3	2	873	873	0	97667.5700	97667.5700	0	0	A	0	0	0	0	0	0	0	0	0	0	0	0	0	0	0	0	0	0	0	0
Q5HYI7	MTX3	2	312	312	0	35092.8050	35092.8050	0	0	A	0	0	0	0	0	0	0	0	0	0	0	0	0	0	0	0	0	0	0	0
Q5HYI8	RABL3	2	236	236	0	26422.4850	26422.4850	0	0	A	0	0	0	0	0	0	0	0	0	0	0	0	0	0	0	0	0	0	0	0
Q5HYJ1	TECRL	2	363	363	0	42008.6100	42008.6100	0	0	A	0	0	0	0	0	0	0	0	0	0	0	0	0	0	0	0	0	0	0	0
Q5HYK3	COQ5	2	327	285	42	37139.8600	32615.6400	0.1218157527	0.01231431262	R	-0.005138287615	-0.007662043887	0.004268062191	0.01101100648	0.008062559995	-0.005097910107	0.004038682514	0.00640211874	0.009513615802	-0.009396304555	-0.00402489826	0.003439192612	-0.002730983625	0.005637246627	-0.01231431262	-0.00884626801	0.003100791885	0.00838615569	-0.01092117412	0.002272750265
Q5JNZ5	RPS26P11	2	115	115	0	13002.2800	13002.2800	0	0	A	0	0	0	0	0	0	0	0	0	0	0	0	0	0	0	0	0	0	0	0
Q5JPE7	NOMO2	2	1267	1236	31	139437.2200	136629.8550	0.0201335411	0.002761286873	L	-0.002070845672	0.0003005875805	0.001060146924	0.001594547623	0.001272605898	-0.002258660606	-0.0004295502675	0.001113284192	0.001317118725	-0.002761286873	-0.0005494857916	0.000759065772	-0.0004270382794	0.0001106129413	0.001046319091	0.0006970353641	0.000650106558	-0.002726194468	0.0002133272947	0.001088303996
Q5JPH6	EARS2	2	523	482	41	58687.6500	54230.5250	0.07594655775	0.01605068944	R	-0.00548384417	0.001175933214	0.001597777187	0.001211915185	0.0005801335467	-0.001404470235	0.00263519781	0.002387037177	0.003901878594	0.001348475804	-0.0002000748463	0.0006242828104	0.0005293018993	0.00370458577	-0.01605068944	0.0006106392037	0.0007073729728	-0.002191736887	0.001238801383	0.003077483025
Q5JPI3	C3orf38	2	329	329	0	37540.3500	37540.3500	0	0	A	0	0	0	0	0	0	0	0	0	0	0	0	0	0	0	0	0	0	0	0
Q5JQC9	AKAP4	1	854	666	188	94475.9150	73332.7050	0.22379471	0.01101046063	D	0.004482507868	0.0008279550794	-0.01101046063	0.003953560136	0.0006773022428	0.001999839968	3.592250755e-05	0.001762347866	0.007771982503	0.001151556715	0.00278588825	-0.005261183031	0.002293604709	0.004475397628	-0.0003954965447	0.0009469292689	-0.003361021558	-0.004051741213	-0.001580093702	-0.007504798062
Q5JR59	MTUS2	2	1369	1369	0	150192.4700	150192.4700	0	0	A	0	0	0	0	0	0	0	0	0	0	0	0	0	0	0	0	0	0	0	0
Q5JRA6	MIA3	2	1907	1885	22	213699.3400	211288.3500	0.01128215932	0.00219831788	L	-0.0006129087146	6.710373558e-05	0.0008293121168	0.001555044796	0.000426950933	-0.0002415161926	0.0002935903816	0.0003632385687	0.000998586219	-0.00219831788	-0.0002916696003	0.0005305105249	-0.0007017225908	0.0006812345464	-0.0007775176786	0.0007081421327	0.0005442846245	-0.000897869243	-0.001552441899	0.0002759652203
Q5JRX3	PITRM1	2	1037	1009	28	117410.8800	114085.0400	0.02832650603	0.006049632265	R	-0.0002664723156	-0.001368166225	0.001728156827	0.001972954389	0.001898684364	-0.001847630658	-0.002297745535	0.001172624786	0.001991466022	1.176889568e-05	-0.0003343051407	0.0009842646106	0.001617363735	0.0006679656468	-0.006049632265	0.0008382332427	0.001724125433	0.0005105248801	-0.004111173717	0.001156993024
Q5JSH3	WDR44	2	913	912	1	101364.9700	101233.7750	0.00129428342	0.001245810703	M	5.17988341e-05	1.304537388e-05	0.0001017498248	0.0001140593776	5.513694673e-05	4.12224555e-05	3.006917765e-05	5.22556806e-05	0.0001164787367	0.0001016867298	-0.001245810703	5.121159847e-05	7.189749581e-05	4.877845751e-05	7.690051943e-05	0.0001018359613	8.080207249e-05	7.44203264e-05	1.759079732e-05	4.487033655e-05
Q5JSL3	DOCK11	2	2073	2073	0	237667.4000	237667.4000	0	0	A	0	0	0	0	0	0	0	0	0	0	0	0	0	0	0	0	0	0	0	0
Q5JTB6	PLAC9	2	97	75	22	10308.7500	8144.1000	0.2099818116	0.04682894514	L	-0.03240469507	-0.007344918724	0.0179264294	0.02311871889	0.01112421816	-0.0006761326502	0.00696540326	0	0.006563147294	-0.04682894514	-0.002346626813	0.002965739861	0.01111114911	0.006560902562	-0.0132999356	0.0007062375781	-0.001873401152	0.01314851743	0.004584191601	0
Q5JTH9	RRP12	2	1297	1297	0	143699.9800	143699.9800	0	0	A	0	0	0	0	0	0	0	0	0	0	0	0	0	0	0	0	0	0	0	0
Q5JTJ3	COA6	2	125	125	0	14115.9000	14115.9000	0	0	A	0	0	0	0	0	0	0	0	0	0	0	0	0	0	0	0	0	0	0	0
Q5JTV8	TOR1AIP1	2	583	583	0	66247.3100	66247.3100	0	0	A	0	0	0	0	0	0	0	0	0	0	0	0	0	0	0	0	0	0	0	0
Q5JTZ9	AARS2	2	985	962	23	107338.6800	104762.6750	0.02399885111	0.007464072568	R	-0.004023610591	0.0004271588649	0.001251344666	0.001873148658	0.0008412300058	0.00123510351	0.0006989357743	-0.000483594398	0.0006585718391	0.00203418832	-0.0006085539789	0.0004916769173	0.0002971408439	0.001746049662	-0.007464072568	-0.0005073011732	0.001143242652	0.0008989406199	-0.001112910009	0.000603310384
Q5JVS0	HABP4	1	413	413	0	45784.8300	45784.8300	0	0	A	0	0	0	0	0	0	0	0	0	0	0	0	0	0	0	0	0	0	0	0
Q5JXB2	UBE2NL	2	153	153	0	17376.6800	17376.6800	0	0	A	0	0	0	0	0	0	0	0	0	0	0	0	0	0	0	0	0	0	0	0
Q5K651	SAMD9	2	1589	1589	0	184278.5200	184278.5200	0	0	A	0	0	0	0	0	0	0	0	0	0	0	0	0	0	0	0	0	0	0	0
Q5M775	SPECC1	2	1068	1068	0	118583.1650	118583.1650	0	0	A	0	0	0	0	0	0	0	0	0	0	0	0	0	0	0	0	0	0	0	0
Q5NDL2	EOGT	2	527	510	17	62009.8200	60092.4450	0.03092050582	0.006229106642	L	0.0008802365541	0.0008162031824	0.001912827443	5.628397852e-05	-0.002247618732	-0.0002072823949	-0.0004980769623	0.00147272713	0.002035293849	-0.006229106642	-0.003638453122	0.001424057636	0.001137519749	0.001312643701	0.002268787959	-0.001713060854	0.001551423775	-0.003601051327	0.0008254457605	0.002441199317
Q5QJ74	TBCEL	2	424	424	0	48194.3050	48194.3050	0	0	A	0	0	0	0	0	0	0	0	0	0	0	0	0	0	0	0	0	0	0	0
Q5QNW6	H2BC18	2	126	125	1	13920.0050	13788.8100	0.009424924776	0.009054666774	M	0.0006156200235	0	0.0003065777122	0.0005083408579	0.0001902463271	0.0003025986513	0.0002680251618	0.0004531983302	0.001683643717	0.0004531983302	-0.009054666774	0.0002282403118	0.000397779399	0.0002524601814	0.0008024919227	0.0008472117295	0.0005487533745	0.0006745976517	0	0.0005216830923
Q5R3I4	TTC38	2	469	468	1	52786.4000	52655.2050	0.002485393965	0.002348048207	M	0.0001600107609	4.352206485e-05	0.0001646825059	0.0001644246719	9.230378425e-05	6.2920683e-05	0.0001176557343	9.423554385e-05	0.0001283654255	0.0003193537875	-0.002348048207	8.437159617e-05	8.730715234e-05	0.0001283215218	0.0001460074994	0.0001300261799	0.0001283678202	0.0001215691439	7.33581717e-05	0.0001012441593
Q5RI15	COX20	2	118	117	1	13291.0650	13159.8700	0.009870917041	0.009689703497	M	0.0003396502669	0.0003079434755	0.0002537178725	0.0009348737938	0.0006297769401	0.0005723997203	0.0004929167033	0.0005834240255	0.00065023068	0.0009168091829	-0.009689703497	0.0003357997027	0.0004389262008	0.0001857166536	0.001106878372	0.000600973957	0.0003027585572	0.0004466273293	0.0001297627446	0.0004605173186
Q5SQH8	C6orf136	2	315	315	0	35793.7100	35793.7100	0	0	A	0	0	0	0	0	0	0	0	0	0	0	0	0	0	0	0	0	0	0	0
Q5SRD1	TIMM23B	2	188	188	0	19669.3750	19669.3750	0	0	A	0	0	0	0	0	0	0	0	0	0	0	0	0	0	0	0	0	0	0	0
Q5SRE5	NUP188	2	1749	1748	1	196039.6900	195908.4950	0.0006692267265	0.0006351259726	M	3.108996015e-05	1.502565997e-05	3.147731963e-05	4.285765899e-05	2.572665658e-05	1.883612243e-05	2.282063854e-05	2.988597618e-05	3.204328958e-05	0.0001006287299	-0.0006351259726	1.524173451e-05	2.490322568e-05	4.299075883e-05	4.421164346e-05	4.273525905e-05	3.779054943e-05	3.784130907e-05	1.23686814e-05	2.665079921e-05
Q5SSJ5	HP1BP3	2	553	552	1	61206.2100	61075.0150	0.002143491649	0.002061847611	M	0.0001105177682	1.789299851e-05	7.07627036e-05	0.0002390109408	4.391168673e-05	6.873563775e-05	2.291266688e-05	6.973661781e-05	0.0003411132697	0.0001549702618	-0.002061847611	5.073010651e-05	0.0001598233463	0.0001165431424	0.0001492107129	0.0001707174592	0.0001055503788	9.342431322e-05	1.206374433e-05	6.421985607e-05
Q5SV97	PERM1	2	790	790	0	81349.3050	81349.3050	0	0	A	0	0	0	0	0	0	0	0	0	0	0	0	0	0	0	0	0	0	0	0
Q5SW79	CEP170	2	1584	1584	0	175290.1150	175290.1150	0	0	A	0	0	0	0	0	0	0	0	0	0	0	0	0	0	0	0	0	0	0	0
Q5SZK8	FREM2	2	3169	3123	46	351162.0000	346376.4200	0.01362784128	0.002248525165	L	4.130394225e-05	0.0001200182694	0.0009956627692	0.001080512493	0.0003514531239	-0.0001765578491	3.331556064e-05	0.0007840841319	0.0005442948957	-0.002248525165	-3.421688411e-05	0.0001411935659	-0.00149716991	0.0002909556413	-0.0007369686789	-0.0009440582027	3.604758542e-05	0.0005345037114	0.0001395141846	0.0005446368155
Q5T013	HYI	2	277	277	0	30405.1500	30405.1500	0	0	A	0	0	0	0	0	0	0	0	0	0	0	0	0	0	0	0	0	0	0	0
Q5T1J5	CHCHD2P9	2	151	142	9	15489.3300	14460.1550	0.06644412638	0.02403031466	R	0.009609162505	0.001866886021	0.001538147054	0.002267043085	0.002545319427	-7.814507744e-05	0.001195309368	0.001515843344	0.002815698945	0.003031686687	-0.005903053637	0.001017881236	0.00121063382	0.009007154938	-0.02403031466	-0.007910333773	-0.004253768318	0.003158921842	0	0.001395927196
Q5T440	IBA57	2	356	317	39	38154.3650	34027.5900	0.1081599707	0.01596153094	R	-0.004759108428	-0.004116650167	0.004359044954	0.005621617817	0.004057497949	-0.001459521083	0.0003282612703	0.003221877874	0.003191829611	0.00325801928	-0.002127631321	0.001802895753	-0.002167750888	0.004786106909	-0.01596153094	-0.002487865914	-0.0001461392819	0.004404265521	-0.005266718722	0.003461499804
Q5T447	HECTD3	2	861	860	1	97111.5700	96980.3750	0.001350971877	0.001302224423	M	6.088628526e-05	2.712535253e-05	8.625877188e-05	0.0001161551749	6.228683407e-05	5.484292771e-05	2.376608564e-05	4.173119376e-05	7.062590865e-05	0.0001545599769	-0.001302224423	2.646549443e-05	6.918647534e-05	6.026978926e-05	0.0001293156913	6.315301566e-05	5.614449781e-05	9.66279706e-05	4.090813861e-05	6.191483907e-05
Q5T4S7	UBR4	2	5183	5183	0	573832.1900	573832.1900	0	0	A	0	0	0	0	0	0	0	0	0	0	0	0	0	0	0	0	0	0	0	0
Q5T6F2	UBAP2	2	1119	1119	0	117113.5400	117113.5400	0	0	A	0	0	0	0	0	0	0	0	0	0	0	0	0	0	0	0	0	0	0	0
Q5T6V5	QNG1	2	341	341	0	39027.9900	39027.9900	0	0	A	0	0	0	0	0	0	0	0	0	0	0	0	0	0	0	0	0	0	0	0
Q5T749	KPRP	2	579	579	0	64134.9900	64134.9900	0	0	A	0	0	0	0	0	0	0	0	0	0	0	0	0	0	0	0	0	0	0	0
Q5T750	KPLCE	2	250	250	0	26238.0050	26238.0050	0	0	A	0	0	0	0	0	0	0	0	0	0	0	0	0	0	0	0	0	0	0	0
Q5T8P6	RBM26	2	1007	1007	0	113595.7100	113595.7100	0	0	A	0	0	0	0	0	0	0	0	0	0	0	0	0	0	0	0	0	0	0	0
Q5T9A4	ATAD3B	2	648	647	1	72571.8450	72440.6500	0.001807794745	0.001714921882	M	0.0001238889374	2.552812385e-05	7.291401899e-05	0.000170499676	6.264925225e-05	7.750364529e-05	4.576563043e-05	4.698325198e-05	0.0001108867872	0.0001906967286	-0.001714921882	4.453979166e-05	8.005013674e-05	0.0001170071317	0.0002238915068	7.306930314e-05	8.784405247e-05	8.145464709e-05	3.012006782e-05	4.962919272e-05
Q5T9L3	WLS	2	541	541	0	62252.4000	62252.4000	0	0	A	0	0	0	0	0	0	0	0	0	0	0	0	0	0	0	0	0	0	0	0
Q5TAQ9	DCAF8	2	597	597	0	66851.3100	66851.3100	0	0	A	0	0	0	0	0	0	0	0	0	0	0	0	0	0	0	0	0	0	0	0
Q5TC12	ATPAF1	2	328	271	57	36436.0450	30842.4600	0.1535178969	0.01823839768	V	-0.01300616213	-0.0002087793611	0.006413472187	0.01328099446	0.007675090008	-0.01070067917	0.002038898046	0.008044240185	0.01216728672	-0.009051849698	-0.0009107268836	0.006366250528	-0.009565477735	0.005257832053	-0.01324727263	-0.001003609487	0.008348859306	-0.01823839768	0.002683749655	0.003656281624
Q5TD97	FHL5	1	284	284	0	32719.4650	32719.4650	0	0	A	0	0	0	0	0	0	0	0	0	0	0	0	0	0	0	0	0	0	0	0
Q5TEC6	H3-7	2	136	135	1	15429.8650	15298.6700	0.008502666744	0.00821280039	M	0.0007142728186	5.714069362e-05	0.000188315277	0.000555107973	0.0003116233469	0.0002478281866	0.0001463416741	0.0004330308144	0.000896287339	0.0007423385389	-0.00821280039	6.230957775e-05	0.0003257811847	0.000551372794	0.001478791341	0.0002973711865	0.0005617860204	0.0003867466639	0	0.000256354959
Q5TEU4	NDUFAF5	2	345	309	36	38917.6200	34819.8500	0.1052934378	0.02271833818	R	-0.002326654794	-0.001738320674	0.006243750313	0.002680059818	0.006457582734	-0.0002965335964	0.002426040223	0.00512767799	0.00571483758	-0.001032690399	-0.000196464535	0.002580605969	-0.005407053538	0.004189447524	-0.02271833818	0.0002710113822	0.002326686217	-0.003515827075	-0.006924462321	0.006138645359
Q5TFE4	NT5DC1	2	455	455	0	51844.2600	51844.2600	0	0	A	0	0	0	0	0	0	0	0	0	0	0	0	0	0	0	0	0	0	0	0
Q5TGY3	AHDC1	2	1603	1603	0	168346.7900	168346.7900	0	0	A	0	0	0	0	0	0	0	0	0	0	0	0	0	0	0	0	0	0	0	0
Q5THJ4	VPS13D	2	4388	4388	0	491908.6150	491908.6150	0	0	A	0	0	0	0	0	0	0	0	0	0	0	0	0	0	0	0	0	0	0	0
Q5TZA2	CROCC	2	2017	2017	0	228419.5400	228419.5400	0	0	A	0	0	0	0	0	0	0	0	0	0	0	0	0	0	0	0	0	0	0	0
Q5U5X0	LYRM7	2	104	104	0	11954.7150	11954.7150	0	0	A	0	0	0	0	0	0	0	0	0	0	0	0	0	0	0	0	0	0	0	0
Q5U651	RASIP1	2	963	963	0	103455.6800	103455.6800	0	0	A	0	0	0	0	0	0	0	0	0	0	0	0	0	0	0	0	0	0	0	0
Q5VST9	OBSCN	1	7968	7968	0	868451.9750	868451.9750	0	0	A	0	0	0	0	0	0	0	0	0	0	0	0	0	0	0	0	0	0	0	0
Q5VT25	CDC42BPA	2	1732	1732	0	197304.1050	197304.1050	0	0	A	0	0	0	0	0	0	0	0	0	0	0	0	0	0	0	0	0	0	0	0
Q5VTE0	EEF1A1P5	2	462	461	1	50184.5350	50053.3400	0.002614251582	0.002472763835	M	0.000151930773	3.178796283e-05	0.0001513225269	0.0001737069443	0.0001011262657	0.0001444346102	6.784283087e-05	0.0001720711078	0.0003068393718	0.0001491282934	-0.002472763835	8.665866723e-05	0.0001258579619	6.39030055e-05	0.0001294938829	0.000105691828	0.0001458461259	0.0002253964911	4.464989662e-05	9.507528862e-05
Q5VTR2	RNF20	2	975	975	0	113660.7000	113660.7000	0	0	A	0	0	0	0	0	0	0	0	0	0	0	0	0	0	0	0	0	0	0	0
Q5VTT5	MYOM3	1	1437	1437	0	162186.9100	162186.9100	0	0	A	0	0	0	0	0	0	0	0	0	0	0	0	0	0	0	0	0	0	0	0
Q5VU43	PDE4DIP	1	2346	2346	0	265098.1150	265098.1150	0	0	A	0	0	0	0	0	0	0	0	0	0	0	0	0	0	0	0	0	0	0	0
Q5VUA4	ZNF318	2	2279	2279	0	251108.6100	251108.6100	0	0	A	0	0	0	0	0	0	0	0	0	0	0	0	0	0	0	0	0	0	0	0
Q5VUM1	SDHAF4	2	108	88	20	12212.7250	9901.0550	0.1892837184	0.03996226053	W	-0.01596543454	0.003992638367	0.0131583072	0.02181797601	0.008165367265	0.009895257915	0.005112725674	0.002161251133	0.02649604586	-0.01053890299	-0.01055208754	0.002176904016	0.002685725902	0.004815815211	-0.004547035816	-0.008443495578	-0.01096014305	-0.00249407109	-0.03996226053	0.00298541658
Q5VVQ6	YOD1	2	348	348	0	38321.8750	38321.8750	0	0	A	0	0	0	0	0	0	0	0	0	0	0	0	0	0	0	0	0	0	0	0
Q5VW32	BROX	2	411	408	3	46475.4000	46111.9950	0.007819297951	0.002864750335	Y	0.000516790832	0.0001581348622	0.000289531063	0.0007681209069	0.0004312033325	0.0002068454	0.0002249974677	-0.002092918654	0.000784413827	0.0007799095271	0.0001081916602	0.0002682393271	0.0004174018443	0.0003602830865	0.0003789354709	-0.001570111553	0.000431867521	0.0002548351918	0.0001480792229	-0.002864750335
Q5VW36	FOCAD	2	1801	1801	0	200054.7400	200054.7400	0	0	A	0	0	0	0	0	0	0	0	0	0	0	0	0	0	0	0	0	0	0	0
Q5VWZ2	LYPLAL1	2	237	236	1	26316.0200	26184.8250	0.004985366328	0.004713709573	M	0.0002144478628	9.721443879e-05	0.0002135893332	0.000283324405	0.0002650850634	0.0002168405126	0.0002489735916	0.0003367875321	0.000375352362	0.0005472797397	-0.004713709573	0.0001908150295	0.0001662771295	0.0002579664888	0.0001956805656	0.0003541458779	0.0002102707551	0.0002631914841	0.0001310870432	0.0001453803579
Q5VXT5	SYPL2	2	272	272	0	30155.8250	30155.8250	0	0	A	0	0	0	0	0	0	0	0	0	0	0	0	0	0	0	0	0	0	0	0
Q5VYK3	ECPAS	2	1845	1844	1	204287.8600	204156.6650	0.0006422065413	0.0006057220444	M	3.466270236e-05	1.026184303e-05	2.113710137e-05	5.763404148e-05	1.880045384e-05	1.907452682e-05	1.31406813e-05	3.159308495e-05	5.107492313e-05	8.540548239e-05	-0.0006057220444	2.133116251e-05	2.894864459e-05	3.597229745e-05	3.273577475e-05	4.311309634e-05	3.15283185e-05	3.751835493e-05	9.729418877e-06	2.206013577e-05
Q5VZ89	DENND4C	2	1909	1909	0	212707.4700	212707.4700	0	0	A	0	0	0	0	0	0	0	0	0	0	0	0	0	0	0	0	0	0	0	0
Q5VZE5	NAA35	2	725	725	0	83637.9000	83637.9000	0	0	A	0	0	0	0	0	0	0	0	0	0	0	0	0	0	0	0	0	0	0	0
Q5VZF2	MBNL2	2	373	373	0	40517.1000	40517.1000	0	0	A	0	0	0	0	0	0	0	0	0	0	0	0	0	0	0	0	0	0	0	0
Q5VZM2	RRAGB	2	374	374	0	43249.8550	43249.8550	0	0	A	0	0	0	0	0	0	0	0	0	0	0	0	0	0	0	0	0	0	0	0
Q5VZP5	STYXL2	1	1158	1158	0	130173.9850	130173.9850	0	0	A	0	0	0	0	0	0	0	0	0	0	0	0	0	0	0	0	0	0	0	0
Q5XKP0	MICOS13	2	118	118	0	13087.0550	13087.0550	0	0	A	0	0	0	0	0	0	0	0	0	0	0	0	0	0	0	0	0	0	0	0
Q5XPI4	RNF123	2	1314	1313	1	148512.3250	148381.1300	0.0008833946947	0.0008441107556	M	4.264146973e-05	1.648172372e-05	4.291781767e-05	6.745625525e-05	4.078114678e-05	2.647549306e-05	2.345052854e-05	3.238248697e-05	3.830016198e-05	0.0001196169417	-0.0008441107556	2.862309695e-05	4.118380362e-05	4.417737984e-05	8.074498886e-05	5.241748596e-05	3.780983961e-05	5.075985176e-05	1.954931181e-05	3.834097179e-05
Q63HN8	RNF213	2	5207	5207	0	591398.2200	591398.2200	0	0	A	0	0	0	0	0	0	0	0	0	0	0	0	0	0	0	0	0	0	0	0
Q63HR2	TNS2	2	1409	1409	0	152578.1300	152578.1300	0	0	A	0	0	0	0	0	0	0	0	0	0	0	0	0	0	0	0	0	0	0	0
Q63ZY3	KANK2	2	851	851	0	91173.0300	91173.0300	0	0	A	0	0	0	0	0	0	0	0	0	0	0	0	0	0	0	0	0	0	0	0
Q641Q2	WASHC2A	2	1341	1341	0	147181.4500	147181.4500	0	0	A	0	0	0	0	0	0	0	0	0	0	0	0	0	0	0	0	0	0	0	0
Q658P3	STEAP3	2	488	488	0	54599.7550	54599.7550	0	0	A	0	0	0	0	0	0	0	0	0	0	0	0	0	0	0	0	0	0	0	0
Q66K74	MAP1S	2	1059	1059	0	112209.6900	112209.6900	0	0	A	0	0	0	0	0	0	0	0	0	0	0	0	0	0	0	0	0	0	0	0
Q68CZ1	RPGRIP1L	2	1315	1315	0	151199.0800	151199.0800	0	0	A	0	0	0	0	0	0	0	0	0	0	0	0	0	0	0	0	0	0	0	0
Q68EM7	ARHGAP17	2	881	881	0	95435.0900	95435.0900	0	0	A	0	0	0	0	0	0	0	0	0	0	0	0	0	0	0	0	0	0	0	0
Q68J44	DUSP29	2	220	220	0	25335.1550	25335.1550	0	0	A	0	0	0	0	0	0	0	0	0	0	0	0	0	0	0	0	0	0	0	0
Q69YN4	VIRMA	2	1812	1811	1	202021.8150	201890.6200	0.0006494100649	0.0006213252679	M	2.19843989e-05	9.527994698e-06	4.295060257e-05	6.144212112e-05	2.911664652e-05	2.198540223e-05	1.935324773e-05	2.845566568e-05	3.290334133e-05	8.003155973e-05	-0.0006213252679	2.43624927e-05	3.559078772e-05	3.249579749e-05	4.345904937e-05	4.844562439e-05	3.100988546e-05	3.240311103e-05	6.64544032e-06	1.916209885e-05
Q69YQ0	SPECC1L	2	1117	1117	0	124541.8200	124541.8200	0	0	A	0	0	0	0	0	0	0	0	0	0	0	0	0	0	0	0	0	0	0	0
Q69YU5	UQCC6	2	71	71	0	8022.4000	8022.4000	0	0	A	0	0	0	0	0	0	0	0	0	0	0	0	0	0	0	0	0	0	0	0
Q6DD88	ATL3	2	541	541	0	60541.1000	60541.1000	0	0	A	0	0	0	0	0	0	0	0	0	0	0	0	0	0	0	0	0	0	0	0
Q6DKI2	LGALS9C	2	356	356	0	39606.8750	39606.8750	0	0	A	0	0	0	0	0	0	0	0	0	0	0	0	0	0	0	0	0	0	0	0
Q6DKJ4	NXN	2	435	434	1	48391.3900	48260.1950	0.002711122784	0.002612123382	M	0.0001603021084	4.015910113e-05	0.0001575595541	0.0002856352291	0.0001486154747	0.0001137478177	3.67323288e-05	0.0001366418956	0.0001384440644	0.0003043387675	-0.002612123382	7.507174138e-05	0.0001635446864	9.687769956e-05	0.0002227094235	0.0001492826465	6.204460854e-05	0.0001497727265	6.768976257e-05	0.0001029537452
Q6DN90	IQSEC1	2	963	963	0	108312.7300	108312.7300	0	0	A	0	0	0	0	0	0	0	0	0	0	0	0	0	0	0	0	0	0	0	0
Q6FI81	CIAPIN1	2	312	312	0	33581.8550	33581.8550	0	0	A	0	0	0	0	0	0	0	0	0	0	0	0	0	0	0	0	0	0	0	0
Q6GMV3	PTRHD1	2	140	140	0	15805.1050	15805.1050	0	0	A	0	0	0	0	0	0	0	0	0	0	0	0	0	0	0	0	0	0	0	0
Q6H8Q1	ABLIM2	1	611	611	0	67811.3800	67811.3800	0	0	A	0	0	0	0	0	0	0	0	0	0	0	0	0	0	0	0	0	0	0	0
Q6IAA8	LAMTOR1	2	161	160	1	17744.4500	17613.2550	0.007393579401	0.007128357815	M	0.0005035400954	8.56001206e-05	0.0004701789391	0.0005717142753	0.0001167075266	0.0001060746295	0.000219228437	0.0003243528175	0.0003098518066	0.0008340501021	-0.007128357815	0.0001866868262	0.0004880393802	0.0005678673567	0.0004922925391	0.0008538357688	0.0002524765525	0.0002896846274	7.214120431e-05	0.0003840348098
Q6IAN0	DHRS7B	2	325	325	0	35118.5800	35118.5800	0	0	A	0	0	0	0	0	0	0	0	0	0	0	0	0	0	0	0	0	0	0	0
Q6IBS0	TWF2	1	349	348	1	39547.3800	39416.1850	0.003317413189	0.003203476808	M	0.0001905983318	3.456114622e-05	0.0001898352824	0.0003042762914	0.0001767029881	0.0001177763194	0.0001438348132	0.0001403119496	0.0002710565433	0.000346102809	-0.003203476808	4.710938675e-05	0.0001477848419	0.0002396987783	0.0002360318624	0.0001498857237	0.0001104325037	0.0001587321049	4.369064016e-05	0.000155054492
Q6IPR1	ETFRF1	2	90	90	0	10863.7350	10863.7350	0	0	A	0	0	0	0	0	0	0	0	0	0	0	0	0	0	0	0	0	0	0	0
Q6IQ22	RAB12	2	340	340	0	36314.8150	36314.8150	0	0	A	0	0	0	0	0	0	0	0	0	0	0	0	0	0	0	0	0	0	0	0
Q6IQ23	PLEKHA7	2	1121	1121	0	127132.6300	127132.6300	0	0	A	0	0	0	0	0	0	0	0	0	0	0	0	0	0	0	0	0	0	0	0
Q6IS14	EIF5AL1	2	154	154	0	16772.9750	16772.9750	0	0	A	0	0	0	0	0	0	0	0	0	0	0	0	0	0	0	0	0	0	0	0
Q6JBY9	RCSD1	2	416	416	0	44503.4050	44503.4050	0	0	A	0	0	0	0	0	0	0	0	0	0	0	0	0	0	0	0	0	0	0	0
Q6KC79	NIPBL	2	2804	2804	0	316046.5450	316046.5450	0	0	A	0	0	0	0	0	0	0	0	0	0	0	0	0	0	0	0	0	0	0	0
Q6L8Q7	PDE12	2	609	567	42	67350.5400	62857.3100	0.06671409019	0.01157592055	R	-0.007534684716	0.0001206033805	0.003420258537	3.427798441e-05	0.003335256835	-0.0005336723567	0.002990156529	0.0009732332697	0.002157999322	0.001715891415	-0.003126375731	0.001940043181	0.002439125082	0.0006819466525	-0.01157592055	0.00223458051	-0.0004187864425	-0.001361291302	-0.001483518351	0.003990876748
Q6NSJ0	MYORG	2	714	714	0	81085.2450	81085.2450	0	0	A	0	0	0	0	0	0	0	0	0	0	0	0	0	0	0	0	0	0	0	0
Q6NUK1	SLC25A24	2	477	477	0	53353.7500	53353.7500	0	0	A	0	0	0	0	0	0	0	0	0	0	0	0	0	0	0	0	0	0	0	0
Q6NUM9	RETSAT	2	610	592	18	66818.6150	64843.0050	0.0295667607	0.01173396567	L	-0.0005808360859	-0.001035561043	0.001146818947	0.001901556781	0.001811489862	0.001528846498	0.000850695115	0.001387050924	0.002118427051	-0.01173396567	-0.001158430788	0.0008796534488	0.0001432339026	0.001430880071	0.001637395211	0.001769799104	0.001212975855	-0.002636811077	-0.002305353509	0.0016321354
Q6NUQ4	TMEM214	2	689	688	1	77149.1500	77017.9550	0.001700537206	0.001638528212	M	8.303349909e-05	3.387699657e-05	5.458271232e-05	8.501925701e-05	7.390083941e-05	6.017127969e-05	5.784104785e-05	4.645607306e-05	0.0001117264242	0.0002885166642	-0.001638528212	4.925529644e-05	8.798866691e-05	0.0001225846223	0.0001039088421	0.0001116582004	7.993584348e-05	6.551155742e-05	6.852123051e-05	5.403915932e-05
Q6NVY1	HIBCH	2	386	354	32	43481.7050	39484.0250	0.09193935702	0.01244927624	R	0.002640766733	0.001438681537	0.004477969508	0.005817042353	-0.000668374557	0.002670891208	-0.006775535095	0.003109312368	0.002880288219	0.002578585988	-0.008885035039	-0.001841922739	0.002734159877	0.001150434923	-0.01244927624	0.0004067042531	-0.003316129591	0.004405041954	-0.003242260962	0.002868655306
Q6NXS1	PPP1R2B	2	205	204	1	23106.0000	22974.8050	0.005677962434	0.005321752798	M	0.0002982069586	2.534708939e-05	0.0005012096135	0.0008002826743	3.455831708e-05	0.0001413441235	0.0001622895724	0.0002469709429	0.0005199186776	0.0004116182382	-0.005321752798	0.0001934797141	0.0002408559262	0.0003057299145	0.0004008756413	0.0004836741807	0.000274123458	4.901636716e-05	4.272352753e-05	0.000189527861
Q6NXT2	H3-5	2	135	134	1	15213.4900	15082.2950	0.008623596558	0.008392353577	M	0.0007334764029	0.0001173538999	0.0002578376373	0.000498778289	0.0002400011231	0.0002544911721	0.0001502761436	0.0004446730658	0.0007787868637	0.0008258214079	-0.008392353577	0.0001279696042	0.0003345399758	0.0005661967291	0.001518549391	0.0003053661605	0.0006345789124	0.000340409608	0	0.0002632471911
Q6NYC8	PPP1R18	2	613	613	0	67941.5200	67941.5200	0	0	A	0	0	0	0	0	0	0	0	0	0	0	0	0	0	0	0	0	0	0	0
Q6NZI2	CAVIN1	2	390	390	0	43475.5850	43475.5850	0	0	A	0	0	0	0	0	0	0	0	0	0	0	0	0	0	0	0	0	0	0	0
Q6P050	FBXL22	1	231	231	0	26027.8800	26027.8800	0	0	A	0	0	0	0	0	0	0	0	0	0	0	0	0	0	0	0	0	0	0	0
Q6P0Q8	MAST2	2	1798	1798	0	196432.5250	196432.5250	0	0	A	0	0	0	0	0	0	0	0	0	0	0	0	0	0	0	0	0	0	0	0
Q6P161	MRPL54	2	138	124	14	15818.9550	14227.0850	0.100630541	0.0151585151	T	-0.009697962934	0.0007430484149	0.005713917202	0.009023168808	-0.008020113034	3.839481705e-05	0.0009515018287	0.001608875216	0.002764425577	0.0040892754	-0.005414124479	0.004861582531	0.007060677122	0.002688736267	-0.009436792295	0.003222472678	-0.0151585151	0.004310735646	-0.004905301612	0.005555997949
Q6P179	ERAP2	2	960	960	0	110459.8850	110459.8850	0	0	A	0	0	0	0	0	0	0	0	0	0	0	0	0	0	0	0	0	0	0	0
Q6P1A2	LPCAT3	2	487	486	1	56034.1500	55902.9550	0.002341340058	0.002233890161	M	9.839691081e-05	3.885013974e-05	5.216287883e-05	0.0001048388001	0.0002295298492	9.361065226e-05	7.185978994e-05	0.0001448728566	0.0001406281428	0.0003458255286	-0.002233890161	7.060746757e-05	5.742583932e-05	9.372003006e-05	8.068305129e-05	0.0001010918088	0.000118832033	0.000104345353	8.003533519e-05	0.0002065736934
Q6P1L8	MRPL14	2	145	115	30	15947.5100	12687.7800	0.2044036969	0.03104315756	F	0.003865582942	-0.009699924499	0.007402049504	0.006136721695	-0.03104315756	-0.001709042869	-0.01026404584	0.01641311326	0.02235755407	-0.008457252661	-0.001823801955	0.01469509813	0.006596121493	0.008127239027	0.01240234072	-0.02103344886	-0.01741706307	0.006908678905	-0.01101411038	0.00755734795
Q6P1N0	CC2D1A	2	951	951	0	104060.7500	104060.7500	0	0	A	0	0	0	0	0	0	0	0	0	0	0	0	0	0	0	0	0	0	0	0
Q6P1N9	TATDN1	2	297	297	0	33601.2700	33601.2700	0	0	A	0	0	0	0	0	0	0	0	0	0	0	0	0	0	0	0	0	0	0	0
Q6P1X6	C8orf82	2	216	216	0	23889.0450	23889.0450	0	0	A	0	0	0	0	0	0	0	0	0	0	0	0	0	0	0	0	0	0	0	0
Q6P2E9	EDC4	2	1401	1400	1	151658.3800	151527.1850	0.0008650692431	0.0008264761808	M	5.613231039e-05	1.445803598e-05	4.447194494e-05	6.460990317e-05	2.602002569e-05	2.938260495e-05	2.962250621e-05	3.067895952e-05	3.698312144e-05	0.0001039328017	-0.0008264761808	1.702716549e-05	5.220620661e-05	6.836049623e-05	5.903594606e-05	8.126179934e-05	4.093805537e-05	4.473447118e-05	1.36469731e-05	1.297285345e-05
Q6P2I3	FAHD2B	2	314	230	84	34612.7850	25338.1050	0.2679553234	0.02772495804	L	-0.004147710174	0.006612752348	0.009126159009	0.00643287324	0.0001132670691	-0.00467714376	-0.0006524653612	0.009866226807	0.01534292808	-0.02772495804	-0.00704899122	-0.0002325118245	0.001689323812	-0.009819852216	-0.02669932499	0.001726948021	-0.003669973387	0.02274544257	0.00607245489	0.004944555126
Q6P2Q9	PRPF8	2	2335	2334	1	273596.1300	273464.9350	0.0004795206716	0.0004595269086	M	1.641892192e-05	4.175395973e-06	2.552693029e-05	3.086312075e-05	2.524611129e-05	1.169796513e-05	1.697013149e-05	2.790830305e-05	3.329444818e-05	4.756203759e-05	-0.0004595269086	2.335937075e-05	2.311553079e-05	2.474332809e-05	3.889063071e-05	1.700574705e-05	2.338118659e-05	2.246791799e-05	1.866545901e-05	2.823437195e-05
Q6P3W7	SCYL2	2	929	929	0	103707.3400	103707.3400	0	0	A	0	0	0	0	0	0	0	0	0	0	0	0	0	0	0	0	0	0	0	0
Q6P4A7	SFXN4	2	337	336	1	37997.7800	37866.5850	0.00345270171	0.003272101301	M	0.0001512220515	4.674043553e-05	6.161589933e-05	0.0002383877944	0.0002931399943	0.0001042563237	3.591174598e-05	0.0002428897826	0.0001579098379	0.0003542142662	-0.003272101301	0.0001121307523	0.0001865397048	0.0001804066622	0.0002822480377	0.0002513544461	0.0001746231313	0.0002078900074	7.878286351e-05	0.0001118375637
Q6P4A8	PLBD1	2	553	515	38	63254.0000	59367.2400	0.06144686502	0.01589357063	L	-0.0005695324275	0.0005512851178	0.003997044607	0.0001322205514	0.003307146499	-0.002873471524	0.001270694906	0.003580987235	0.003457241248	-0.01589357063	0.0002698726273	0.003366461065	-0.01321403999	0.0005302982244	-0.001747717793	0.00363405912	0.0002140979009	0.001491180975	0.002230111193	0.006265631097
Q6P4I2	WDR73	2	378	378	0	41684.4150	41684.4150	0	0	A	0	0	0	0	0	0	0	0	0	0	0	0	0	0	0	0	0	0	0	0
Q6P587	FAHD1	2	221	197	24	24541.2700	21718.0100	0.1150413161	0.01281792988	R	-0.0002059302062	-0.002058270905	0.004816637183	0.006818173296	-0.002059015102	-0.0005131033444	0.003509115604	0.002518472952	0.005452027736	0.006078568553	-0.00050992507	-0.007477152666	0.003772880188	0.001322132528	-0.01281792988	-0.001193666037	0.005388409291	0.0002591391298	-0.01248134656	-0.0006192166975
Q6P5Q4	LMOD2	1	547	547	0	61674.4900	61674.4900	0	0	A	0	0	0	0	0	0	0	0	0	0	0	0	0	0	0	0	0	0	0	0
Q6P996	PDXDC1	2	788	788	0	86705.6750	86705.6750	0	0	A	0	0	0	0	0	0	0	0	0	0	0	0	0	0	0	0	0	0	0	0
Q6PCB0	VWA1	2	445	423	22	46803.2700	44539.5600	0.04836649234	0.01162621377	L	-0.003484039139	0.000225576994	0.002230263132	0.003150174529	0.001845315135	0.0001954043053	0.001444299712	0.001098961739	0.0006804452944	-0.01162621377	-0.002167112755	0.0004919648802	0.00261486763	0.002312722731	-0.0008438738909	-0.0006069144225	0.0002659218254	0.00359883369	-0.002775963599	0.00134936598
Q6PCB7	SLC27A1	2	646	646	0	71107.1650	71107.1650	0	0	A	0	0	0	0	0	0	0	0	0	0	0	0	0	0	0	0	0	0	0	0
Q6PCE3	PGM2L1	2	622	622	0	70440.8350	70440.8350	0	0	A	0	0	0	0	0	0	0	0	0	0	0	0	0	0	0	0	0	0	0	0
Q6PGP7	SKIC3	2	1564	1563	1	175483.4450	175352.2500	0.0007476203809	0.0007171308625	M	5.613752924e-05	1.614162581e-05	3.642318623e-05	5.562587054e-05	1.724916346e-05	2.054311488e-05	2.290455842e-05	2.833818659e-05	6.632457838e-05	0.0001010728655	-0.0007171308625	3.13977688e-05	1.492372687e-05	4.683229021e-05	3.51254959e-05	3.70829055e-05	3.045294654e-05	3.332388836e-05	1.76480124e-05	4.958314886e-05
Q6PH85	DCUN1D2	2	259	259	0	30178.9900	30178.9900	0	0	A	0	0	0	0	0	0	0	0	0	0	0	0	0	0	0	0	0	0	0	0
Q6PHR2	ULK3	2	472	472	0	53443.5250	53443.5250	0	0	A	0	0	0	0	0	0	0	0	0	0	0	0	0	0	0	0	0	0	0	0
Q6PI48	DARS2	2	645	598	47	73561.5800	67885.1650	0.07716548503	0.007870892909	R	0.002776757554	0.001180098584	0.004148461448	0.004434476296	-0.001153102491	0.0007230512941	0.002417857978	-0.0002768291797	0.004841228797	-0.0005536583594	0.0001372503053	0.002831067802	-0.0009220319121	-0.002878463668	-0.007870892909	-0.007523329356	0.0006832358372	0.004564164713	-0.004000324715	-0.003559018019
Q6PI78	TMEM65	2	240	179	61	25497.4650	19167.0000	0.2482782112	0.04095996425	R	-0.006047147454	-0.009496190716	0.008897826612	0.01473474049	0.0165645978	-0.004259100664	0.003437393882	0.02484494689	-3.750318862e-05	-0.01039852224	0.004968256635	0.005888208625	-0.03094852224	0.008141299657	-0.04095996425	-0.001224808816	0.00527827727	0.009136817823	-0.004576944212	0.006056338106
Q6PIU2	NCEH1	2	408	408	0	45807.1450	45807.1450	0	0	A	0	0	0	0	0	0	0	0	0	0	0	0	0	0	0	0	0	0	0	0
Q6PJW8	CNST	2	725	725	0	79595.6800	79595.6800	0	0	A	0	0	0	0	0	0	0	0	0	0	0	0	0	0	0	0	0	0	0	0
Q6PKG0	LARP1	2	1096	1095	1	123508.6750	123377.4800	0.001062233078	0.001024333145	M	3.891632977e-05	6.174602014e-06	5.814079574e-05	0.0001028310176	5.051085375e-05	4.809509131e-05	2.936816378e-05	2.769390398e-05	9.153091059e-05	6.493743001e-05	-0.001024333145	3.174199146e-05	9.387678176e-05	5.851718933e-05	0.0001052635248	5.96770931e-05	5.116681239e-05	4.43503756e-05	1.932828362e-05	4.221199411e-05
Q6PML9	SLC30A9	2	568	501	67	63514.2650	56089.7600	0.1168950786	0.009382202554	E	-0.004699970594	-0.006909235325	0.00274271656	0.009382202554	0.001460545938	0.001940652681	-0.001976491032	0.00459011858	0.006167357664	-0.0005507070644	-0.0008274610256	-0.00109902973	-0.00251923402	-0.001215653987	-0.004151265127	-0.004032101974	0.002767019225	0.003028472913	-0.004070684541	-2.725169506e-05
Q6QEF8	CORO6	2	472	472	0	52761.2350	52761.2350	0	0	A	0	0	0	0	0	0	0	0	0	0	0	0	0	0	0	0	0	0	0	0
Q6QNY1	BLOC1S2	2	142	141	1	15960.8750	15829.6800	0.008219787449	0.007802683243	M	0.000861343553	5.324563765e-05	0.0005849285549	0.001099195455	7.259530277e-05	9.897202092e-05	0	0.0003458681227	0.0009636818795	0.0009799596809	-0.007802683243	0.0003483730759	0.0001517869824	0.0003211174268	0.0003827744337	0.0002771005642	0.0004187930245	0.0002059335243	0	0.0006370140037
Q6S8J3	POTEE	2	1075	1075	0	121361.9500	121361.9500	0	0	A	0	0	0	0	0	0	0	0	0	0	0	0	0	0	0	0	0	0	0	0
Q6STE5	SMARCD3	2	483	482	1	55015.0100	54883.8150	0.002384712827	0.002270951431	M	0.000111652756	1.78640871e-05	0.000156996368	0.0001518521125	0.0001035128452	6.364375914e-05	5.147020061e-05	0.0001015349092	0.0001832137883	0.0002224098012	-0.002270951431	4.87001318e-05	0.0001655063585	0.0001993115188	0.0002504230665	0.0001433259033	7.464404701e-05	0.0001079552763	3.011062948e-05	8.682387183e-05
Q6SZW1	SARM1	2	724	697	27	79386.9550	76376.3200	0.03792354802	0.002721213781	M	-0.0002759244586	-0.0004344758076	0.002039294115	0.001789269835	-0.002098690274	0.0002922930323	0.000924440844	0.001395641378	0.0001601668934	-0.001626123189	-0.002721213781	0.0006747596758	-0.0009727020509	0.002114693011	-0.001799887426	-0.0003064379621	7.98115899e-05	0.001075667167	0.0009560712678	-0.001266653861
Q6UB35	MTHFD1L	2	978	947	31	105788.4750	102221.1500	0.03372130093	0.008998892327	R	0.001351123265	-0.0004723994373	0.001977776326	0.002227502724	0.001343089643	0.0005932389016	0.0008699714984	0.002316852134	0.002336230938	-0.001637754964	-0.0005817655996	0.001259420422	-0.006011987726	-0.0004840316804	-0.008998892327	0.001591030118	0.0007044507499	0.0006630173608	0.0003435364088	0.0006095912438
Q6UN15	FIP1L1	2	594	594	0	66525.4750	66525.4750	0	0	A	0	0	0	0	0	0	0	0	0	0	0	0	0	0	0	0	0	0	0	0
Q6UVK1	CSPG4	2	2322	2293	29	250532.5050	247635.0400	0.01156522584	0.001690903318	L	-0.001042102167	5.88670156e-05	0.0005927918836	0.00087568937	0.0005952580371	9.128388538e-05	0.000420879808	0.0002867872149	0.0001716513297	-0.001690903318	-0.000875788247	0.0002567682437	-0.001144000759	0.0003284898896	-0.0001760958232	-2.96448725e-05	-0.0001348853505	0.000924929034	0.0001819082772	0.0003081165479
Q6UW63	POGLUT2	2	502	483	19	58041.7850	55968.2300	0.03572521073	0.006928764838	L	-0.002744169556	-0.001266500678	0.002373050836	0.002787142413	-0.004904144176	-0.0001155015273	0.001296647858	0.001827063053	0.003583846092	-0.006928764838	-0.001393443512	0.001325012814	-4.884582706e-05	0.001709886982	0.002232312519	0.001756554604	-0.002291246328	0.0004724663981	0.0009102637899	-0.0005816309172
Q6UW68	TMEM205	2	189	189	0	21197.4500	21197.4500	0	0	A	0	0	0	0	0	0	0	0	0	0	0	0	0	0	0	0	0	0	0	0
Q6UW78	UQCC3	2	93	93	0	10080.5400	10080.5400	0	0	A	0	0	0	0	0	0	0	0	0	0	0	0	0	0	0	0	0	0	0	0
Q6UWP7	LCLAT1	2	414	414	0	48919.4550	48919.4550	0	0	A	0	0	0	0	0	0	0	0	0	0	0	0	0	0	0	0	0	0	0	0
Q6UWP8	SBSN	2	590	565	25	60540.0050	58018.0000	0.04165848681	0.01306054662	L	-0.0007505631703	-0.001702861133	0.0009786703094	0.004507630936	0.001923155785	0.002032581556	0.002953028774	0.001044852491	0.00322475911	-0.01306054662	-0.001822812643	0.002266750436	0.0004232693941	0.004119116225	-0.001167445365	-0.004684545205	0.001021856312	0.0009376729129	-0.002244570102	0
Q6UWY5	OLFML1	2	402	374	28	45950.2150	42993.6550	0.06434268044	0.008446562604	L	-0.005927697743	-0.001168138192	0.0001108443385	0.005201046337	-0.003834117731	0.0008488064066	0.002437579281	0.004121653552	0.004593615406	-0.008446562604	-0.003463216337	0.002767669779	-0.00408367893	-0.001669943951	0.001513510002	0.001188238514	0.001190914852	-0.001492054538	0.001604261814	0.004507269744
Q6UXN9	WDR82	2	313	313	0	35078.6000	35078.6000	0	0	A	0	0	0	0	0	0	0	0	0	0	0	0	0	0	0	0	0	0	0	0
Q6UXV4	APOOL	2	268	241	27	29158.5750	26387.2200	0.09504425371	0.0115630944	A	-0.0115630944	0.001135091316	0.0029095537	0.006432496408	0.003611038135	-0.0004346247124	-0.002144909973	-0.003217161493	0.00417543358	-0.0003497974144	-0.01038200877	0.0008251802832	0.003082285824	0.005476468964	-0.002952270877	0.001688829408	5.433007663e-05	5.343156882e-05	0.00127549438	0.000324234004
Q6UY14	ADAMTSL4	2	1074	1050	24	116543.4650	113673.0650	0.02462943761	0.007028943293	L	0.001012779339	0.0003967797766	-0.0003938760617	0.0005627587356	0.0006057702398	0.0009615966037	0.0006827429217	0.000553167351	0.0002680475554	-0.007028943293	-0.0009340023758	-0.0005121007086	0.001471795804	0.0009073147174	0.001943920838	0.001211250889	0.0002808925034	0.0009236446802	-0.002144797751	-0.0007687417647
Q6VY07	PACS1	2	963	962	1	104896.8600	104765.6650	0.00125070474	0.001189424947	M	4.899860388e-05	8.481044892e-06	6.921073422e-05	8.533383935e-05	4.129674473e-05	4.804392134e-05	2.327207438e-05	4.72203364e-05	9.502176217e-05	0.0001114924609	-0.001189424947	3.17082201e-05	7.598441034e-05	8.18369033e-05	8.013053451e-05	0.0001366145015	6.551480181e-05	8.668941456e-05	1.633730121e-05	3.623733726e-05
Q6WCQ1	MPRIP	2	1025	1024	1	116531.2800	116400.0850	0.001125835055	0.001084637434	M	5.551249346e-05	1.390706499e-05	6.001902399e-05	0.0001411351797	2.979577032e-05	2.769664175e-05	2.798482817e-05	3.333837261e-05	8.509894943e-05	0.0001000151178	-0.001084637434	3.14133857e-05	5.852324218e-05	7.788084295e-05	0.0001199708181	8.012951691e-05	5.566826991e-05	3.841939026e-05	1.841785887e-05	2.971066719e-05
Q6XQN6	NAPRT	2	538	538	0	57577.2350	57577.2350	0	0	A	0	0	0	0	0	0	0	0	0	0	0	0	0	0	0	0	0	0	0	0
Q6XZF7	DNMBP	2	1577	1577	0	177344.4300	177344.4300	0	0	A	0	0	0	0	0	0	0	0	0	0	0	0	0	0	0	0	0	0	0	0
Q6Y1H2	HACD2	2	254	253	1	28367.9750	28236.7800	0.004624757319	0.004428559386	M	0.0003079410503	1.675166131e-05	5.52074807e-05	0.0001830806154	0.0003425891712	0.0001972053242	0.0001716091286	0.000398984311	0.0002627602325	0.0005259338645	-0.004428559386	9.133499062e-05	0.0001591794955	0.0001212324753	0.0002167650595	0.0002760664383	0.0002141049244	0.0003239447215	0.0001129423662	0.0004509260749
Q6Y7W6	GIGYF2	2	1299	1298	1	150067.4300	149936.2350	0.0008742403332	0.0008380237685	M	3.493611633e-05	3.608519777e-06	3.699854602e-05	0.0001212349668	2.951921667e-05	2.906562014e-05	1.463268271e-05	1.692881041e-05	5.15222226e-05	6.771524166e-05	-0.0008380237685	3.016789248e-05	4.229010849e-05	0.0001095379541	0.0001028996001	5.16434398e-05	2.897339182e-05	2.965726132e-05	2.230178001e-05	1.439039724e-05
Q6YHK3	CD109	2	1445	1399	46	161686.8400	156585.7800	0.03154901166	0.003189015553	L	-0.00132030117	-0.001662742119	0.001526753577	0.001466395345	-0.001539310302	0.0002177810307	-0.002767033195	0.0005173125321	0.001253765423	-0.003189015553	-0.0009415599841	0.001768097643	-2.617368509e-05	0.0008469531332	0.001483512417	0.0002627145224	0.0008424419392	0.001072836136	-0.0004846253899	0.0006721976987
Q6YN16	HSDL2	2	418	418	0	45394.1850	45394.1850	0	0	A	0	0	0	0	0	0	0	0	0	0	0	0	0	0	0	0	0	0	0	0
Q6YP21	KYAT3	2	454	454	0	51399.6250	51399.6250	0	0	A	0	0	0	0	0	0	0	0	0	0	0	0	0	0	0	0	0	0	0	0
Q6ZMU5	TRIM72	2	477	477	0	52729.7400	52729.7400	0	0	A	0	0	0	0	0	0	0	0	0	0	0	0	0	0	0	0	0	0	0	0
Q6ZP82	CCDC141	2	1530	1530	0	175063.8250	175063.8250	0	0	A	0	0	0	0	0	0	0	0	0	0	0	0	0	0	0	0	0	0	0	0
Q6ZT12	UBR3	2	1888	1888	0	212430.2650	212430.2650	0	0	A	0	0	0	0	0	0	0	0	0	0	0	0	0	0	0	0	0	0	0	0
Q6ZUT6	CCDC9B	2	534	534	0	57323.9850	57323.9850	0	0	A	0	0	0	0	0	0	0	0	0	0	0	0	0	0	0	0	0	0	0	0
Q6ZUT9	DENND5B	2	1274	1273	1	145017.5450	144886.3500	0.0009046836367	0.0008615563158	M	3.160271331e-05	1.924425616e-05	4.51002178e-05	7.010747957e-05	4.897702371e-05	2.583451913e-05	2.628587074e-05	5.069650128e-05	5.882363634e-05	0.0001055598383	-0.0008615563158	3.707362428e-05	3.840163044e-05	5.648232596e-05	6.087131668e-05	5.063180313e-05	4.351654279e-05	4.27968686e-05	1.405601571e-05	3.549413189e-05
Q6ZVM7	TOM1L2	2	507	507	0	55555.5900	55555.5900	0	0	A	0	0	0	0	0	0	0	0	0	0	0	0	0	0	0	0	0	0	0	0
Q6ZVX7	NCCRP1	2	275	275	0	30846.5000	30846.5000	0	0	A	0	0	0	0	0	0	0	0	0	0	0	0	0	0	0	0	0	0	0	0
Q6ZXV5	TMTC3	2	915	915	0	104007.2900	104007.2900	0	0	A	0	0	0	0	0	0	0	0	0	0	0	0	0	0	0	0	0	0	0	0
Q702N8	XIRP1	2	1843	1843	0	198557.7000	198557.7000	0	0	A	0	0	0	0	0	0	0	0	0	0	0	0	0	0	0	0	0	0	0	0
Q709C8	VPS13C	2	3753	3753	0	422383.8300	422383.8300	0	0	A	0	0	0	0	0	0	0	0	0	0	0	0	0	0	0	0	0	0	0	0
Q709F0	ACAD11	2	780	780	0	87263.0650	87263.0650	0	0	A	0	0	0	0	0	0	0	0	0	0	0	0	0	0	0	0	0	0	0	0
Q70IA6	MOB2	2	237	237	0	26926.2500	26926.2500	0	0	A	0	0	0	0	0	0	0	0	0	0	0	0	0	0	0	0	0	0	0	0
Q70UQ0	IKBIP	2	350	350	0	39308.3950	39308.3950	0	0	A	0	0	0	0	0	0	0	0	0	0	0	0	0	0	0	0	0	0	0	0
Q711Q0	CEFIP	1	1435	1435	0	156474.3000	156474.3000	0	0	A	0	0	0	0	0	0	0	0	0	0	0	0	0	0	0	0	0	0	0	0
Q71U36	TUBA1A	2	451	451	0	50135.0400	50135.0400	0	0	A	0	0	0	0	0	0	0	0	0	0	0	0	0	0	0	0	0	0	0	0
Q71UI9	H2AZ2	2	128	127	1	13508.4650	13377.2700	0.009712058328	0.009445841038	M	0.0009680695798	0	0.0003213979897	0.0004440954755	9.972151375e-05	0.0006797712365	0.0005619635399	0.0007126595958	0.001235522933	0.0009502127944	-0.009445841038	7.975789331e-05	0.0002085042293	0.000441107271	0.0009464458457	0.0005075238879	0.0005752806692	0.0004950458705	0	0.0002187607128
Q71UM5	RPS27L	2	84	84	0	9477.0950	9477.0950	0	0	A	0	0	0	0	0	0	0	0	0	0	0	0	0	0	0	0	0	0	0	0
Q7KZF4	SND1	2	910	909	1	101995.5850	101864.3900	0.001286281166	0.001241434822	M	7.884252401e-05	1.550222295e-05	6.386222374e-05	0.000127069032	5.988473581e-05	4.642456864e-05	3.308531267e-05	6.573336184e-05	9.040638991e-05	0.0001076908268	-0.001241434822	4.7896188e-05	5.524010383e-05	5.609511872e-05	0.0001207299373	5.938691008e-05	5.588443043e-05	8.61876127e-05	1.741974233e-05	5.409357992e-05
Q7KZN9	COX15	2	410	410	0	46029.4450	46029.4450	0	0	A	0	0	0	0	0	0	0	0	0	0	0	0	0	0	0	0	0	0	0	0
Q7L014	DDX46	2	1031	1030	1	117360.6100	117229.4150	0.001117879329	0.001065234126	M	4.898592167e-05	8.817291243e-06	6.995597666e-05	0.0001296764596	3.205740817e-05	4.309810517e-05	1.254541961e-05	5.939583028e-05	0.0001241196028	7.21235082e-05	-0.001065234126	3.525461018e-05	3.258291692e-05	4.963086054e-05	0.0001394494345	6.628105413e-05	4.238095837e-05	5.39946289e-05	8.256608422e-06	3.662753109e-05
Q7L0Y3	TRMT10C	2	403	364	39	47346.2800	42602.6350	0.1001904479	0.01379680118	F	0.0003533746264	0.001229906405	0.004593775542	0.01015600594	-0.01379680118	0.001676493583	-0.0006372647402	0.002124268653	0.007406207215	-0.001362326337	-0.001528662355	-0.002432710658	-0.001179511407	0.002070008295	-0.009943507878	0.0008435498097	-0.0009841449485	-0.002632749946	0.003316889879	0.0007271994957
Q7L1Q6	BZW1	2	419	419	0	48042.5900	48042.5900	0	0	A	0	0	0	0	0	0	0	0	0	0	0	0	0	0	0	0	0	0	0	0
Q7L2E3	DHX30	2	1194	1194	0	133936.0850	133936.0850	0	0	A	0	0	0	0	0	0	0	0	0	0	0	0	0	0	0	0	0	0	0	0
Q7L2H7	EIF3M	2	374	373	1	42502.2450	42371.0500	0.003086778122	0.002948423204	M	0.0001485913317	5.987561724e-05	0.0002219946823	0.0002544837279	0.0001326562931	5.564785308e-05	8.625713739e-05	0.0001539532535	0.0002709191302	0.000397037338	-0.002948423204	0.0001224223117	4.97837144e-05	0.0001715234312	0.0001506527065	0.0001752773942	0.0001250933888	0.0002098654963	5.046136742e-05	0.0001119270292
Q7L2J0	MEPCE	2	689	689	0	74354.1900	74354.1900	0	0	A	0	0	0	0	0	0	0	0	0	0	0	0	0	0	0	0	0	0	0	0
Q7L4I2	RSRC2	2	434	433	1	50558.8850	50427.6900	0.002594895042	0.00248465343	M	0.0001330442989	5.321666543e-06	9.938374782e-05	0.0002649558331	5.078906135e-05	6.594544525e-05	8.85897601e-05	4.032932488e-05	0.0003146314556	9.794264614e-05	-0.00248465343	6.963670356e-05	6.068175659e-05	0.0001283770797	0.0005815005587	0.0002907972766	7.324890112e-05	6.174644128e-05	1.793976133e-05	3.979171182e-05
Q7L523	RRAGA	2	313	313	0	36565.6100	36565.6100	0	0	A	0	0	0	0	0	0	0	0	0	0	0	0	0	0	0	0	0	0	0	0
Q7L576	CYFIP1	2	1253	1253	0	145180.3000	145180.3000	0	0	A	0	0	0	0	0	0	0	0	0	0	0	0	0	0	0	0	0	0	0	0
Q7L592	NDUFAF7	2	441	395	46	49237.1000	44243.2800	0.1014239263	0.006337431502	D	-0.003197101267	-0.001398411951	0.006337431502	0.0009821022924	0.001102653964	-0.0004871339081	0.0006717206884	0.0006153375754	0.004983365664	-0.00106396288	-0.00226024	-0.002525590697	-0.005502029537	0.005798599046	-0.005623178082	-0.00255834618	0.002878973645	0.001289183839	-0.001546767015	0.001503393302
Q7L5N1	COPS6	2	327	327	0	36163.0400	36163.0400	0	0	A	0	0	0	0	0	0	0	0	0	0	0	0	0	0	0	0	0	0	0	0
Q7L5N7	LPCAT2	2	544	544	0	60207.0450	60207.0450	0	0	A	0	0	0	0	0	0	0	0	0	0	0	0	0	0	0	0	0	0	0	0
Q7L5Y9	MAEA	2	396	396	0	45286.6750	45286.6750	0	0	A	0	0	0	0	0	0	0	0	0	0	0	0	0	0	0	0	0	0	0	0
Q7L775	EPM2AIP1	2	607	607	0	70368.5200	70368.5200	0	0	A	0	0	0	0	0	0	0	0	0	0	0	0	0	0	0	0	0	0	0	0
Q7L7L0	H2AC25	2	130	129	1	14121.2650	13990.0700	0.009290598257	0.009073164206	M	0.0007936462397	0	0.000148212923	0.0005734258887	9.197330111e-05	0.0005851570918	0.0003455332082	0.0004381913399	0.001058130029	0.00116851024	-0.009073164206	0.000441364945	0.0003205062703	0.000406833895	0.001260867714	0.00035106753	0.0002652911103	0.0005218074811	0	0.0003026449984
Q7L7X3	TAOK1	2	1001	1001	0	116068.3300	116068.3300	0	0	A	0	0	0	0	0	0	0	0	0	0	0	0	0	0	0	0	0	0	0	0
Q7L9B9	EEPD1	2	569	568	1	62401.6900	62270.4950	0.002102427034	0.002028893987	M	0.0001085690367	2.7469947e-05	9.43032443e-05	0.0001542806745	8.894999417e-05	9.573869413e-05	8.794078649e-05	8.550094688e-05	0.0001325794504	0.0002193285159	-0.002028893987	0.0001010976124	0.000114199741	7.869212511e-05	0.0001727924509	0.0001578504526	0.0001080297156	0.0001128833215	5.787711059e-05	3.081016649e-05
Q7LBR1	CHMP1B	2	199	199	0	22109.0700	22109.0700	0	0	A	0	0	0	0	0	0	0	0	0	0	0	0	0	0	0	0	0	0	0	0
Q7RTP6	MICAL3	2	2002	2002	0	224291.3350	224291.3350	0	0	A	0	0	0	0	0	0	0	0	0	0	0	0	0	0	0	0	0	0	0	0
Q7RTV0	PHF5A	2	110	109	1	12405.3950	12274.2000	0.01057564068	0.01038413866	M	0.0002602347747	0.00115021492	0.0007775788196	0.0005372143676	0.0003618940042	0.0006030252271	0.0002265990869	0.0006705156803	0.001281077171	0.0004789397716	-0.01038413866	0.000192963399	0.0003362984579	0.000320159754	0.001017687681	0.000383714116	0.0002609650328	0.0005988481508	0	0.0009262082497
Q7Z2K6	ERMP1	2	904	904	0	100229.7650	100229.7650	0	0	A	0	0	0	0	0	0	0	0	0	0	0	0	0	0	0	0	0	0	0	0
Q7Z2W4	ZC3HAV1	2	902	901	1	101429.9650	101298.7700	0.00129345406	0.00124558683	M	4.807058099e-05	4.053231101e-05	6.89445118e-05	7.621191602e-05	6.595775803e-05	4.0505764e-05	4.52059866e-05	5.662065874e-05	8.83458393e-05	9.342408691e-05	-0.00124558683	6.415957621e-05	6.087864709e-05	6.93908468e-05	0.0001052728997	0.0001100052809	6.9415883e-05	6.19467863e-05	2.203832989e-05	5.865916648e-05
Q7Z2Z2	EFL1	2	1120	1120	0	125427.9950	125427.9950	0	0	A	0	0	0	0	0	0	0	0	0	0	0	0	0	0	0	0	0	0	0	0
Q7Z304	MAMDC2	2	686	668	18	77554.6150	75721.3550	0.0236383096	0.008025262408	L	-0.003135584859	0.0006297238487	0.001165105653	0.002133115542	0.001536384601	-0.0006023307086	0.0006790613899	0.001184092782	0.001159719446	-0.008025262408	-0.001088397114	0.0008673953351	0.0009448155553	-0.002052053328	-0.0006512019943	0.00172484438	0.001075315485	-0.0001174709748	0.0008379667884	0.00173476058
Q7Z3D6	DGLUCY	2	616	588	28	66435.6850	63152.7650	0.04941500942	0.006334051322	R	0.002156925956	0.001364983223	0.002293351009	0.003705134339	-0.0001605786599	0.002636704212	5.481790105e-05	-0.002468767999	-0.001059262857	-0.003506125797	-0.0005405725798	-0.002445772613	-0.001022421579	0.0005358717651	-0.006334051322	-0.001351121454	0.0004367937913	0.003571241766	0.0008120235967	0.001320827303
Q7Z3E5	ARMC9	2	818	818	0	91817.1850	91817.1850	0	0	A	0	0	0	0	0	0	0	0	0	0	0	0	0	0	0	0	0	0	0	0
Q7Z3J2	VPS35L	2	963	963	0	109561.0100	109561.0100	0	0	A	0	0	0	0	0	0	0	0	0	0	0	0	0	0	0	0	0	0	0	0
Q7Z3K3	POGZ	2	1410	1410	0	155341.5850	155341.5850	0	0	A	0	0	0	0	0	0	0	0	0	0	0	0	0	0	0	0	0	0	0	0
Q7Z406	MYH14	2	1995	1994	1	227866.7700	227735.5750	0.0005757531034	0.0005566784649	M	4.109592543e-05	4.419158025e-06	2.056088944e-05	9.280682411e-05	1.70120377e-05	1.787807441e-05	7.989035802e-06	1.294564508e-05	3.418814284e-05	7.007533965e-05	-0.0005566784649	1.360633465e-05	1.40797423e-05	4.985372034e-05	7.998218602e-05	2.119437389e-05	1.942359539e-05	2.337526738e-05	5.696039207e-06	1.049613324e-05
Q7Z417	NUFIP2	2	695	695	0	76119.9600	76119.9600	0	0	A	0	0	0	0	0	0	0	0	0	0	0	0	0	0	0	0	0	0	0	0
Q7Z434	MAVS	2	540	539	1	56527.2650	56396.0700	0.002320915403	0.002227226953	M	0.0001518344832	4.129816136e-05	9.073597355e-05	0.0001654956668	6.19366755e-05	0.0001023523596	4.230709631e-05	4.918114731e-05	6.976171586e-05	0.000205666616	-0.002227226953	8.556450025e-05	0.0002707753012	8.96629576e-05	0.0001662561174	0.0002507441932	0.0001542906944	0.0001397596452	2.784387756e-05	6.175977102e-05
Q7Z460	CLASP1	2	1538	1538	0	169447.7350	169447.7350	0	0	A	0	0	0	0	0	0	0	0	0	0	0	0	0	0	0	0	0	0	0	0
Q7Z478	DHX29	2	1369	1369	0	155233.3300	155233.3300	0	0	A	0	0	0	0	0	0	0	0	0	0	0	0	0	0	0	0	0	0	0	0
Q7Z4I7	LIMS2	2	341	341	0	38915.7700	38915.7700	0	0	A	0	0	0	0	0	0	0	0	0	0	0	0	0	0	0	0	0	0	0	0
Q7Z4S6	KIF21A	2	1674	1674	0	187176.4350	187176.4350	0	0	A	0	0	0	0	0	0	0	0	0	0	0	0	0	0	0	0	0	0	0	0
Q7Z4V5	HDGFL2	2	671	671	0	74315.7800	74315.7800	0	0	A	0	0	0	0	0	0	0	0	0	0	0	0	0	0	0	0	0	0	0	0
Q7Z4W1	DCXR	2	244	244	0	25912.7650	25912.7650	0	0	A	0	0	0	0	0	0	0	0	0	0	0	0	0	0	0	0	0	0	0	0
Q7Z5L7	PODN	2	613	594	19	68974.7300	66824.0550	0.03118062224	0.009219202255	L	0.0002116787814	0.0001948517994	0.001123783147	0.003076024167	0.001328308383	0.001116743169	-0.0006918013866	0.001002012834	0.001410633107	-0.009219202255	-0.001685155344	0.0024434956	-0.001165576522	-0.002713403682	0.0008341286337	0.0003764507419	0.001005747922	-5.135533503e-05	0.0001642152297	0.001238421009
Q7Z5L9	IRF2BP2	2	587	586	1	61023.6800	60892.4850	0.00214990312	0.002054027404	M	0.0002131856093	4.596398675e-05	5.826186578e-05	0.0001502741753	6.266747253e-05	0.0001139160279	7.244140026e-05	3.827803123e-05	0.0001023868028	0.0001645955343	-0.002054027404	7.325499446e-05	0.0002419001151	0.0001151457575	0.0001830061671	0.000174803982	9.385632016e-05	9.914147243e-05	2.979774162e-05	2.114994733e-05
Q7Z6B0	CCDC91	2	441	441	0	49970.2800	49970.2800	0	0	A	0	0	0	0	0	0	0	0	0	0	0	0	0	0	0	0	0	0	0	0
Q7Z6E9	RBBP6	2	1792	1792	0	201561.8550	201561.8550	0	0	A	0	0	0	0	0	0	0	0	0	0	0	0	0	0	0	0	0	0	0	0
Q7Z6Z7	HUWE1	2	4374	4374	0	481882.8650	481882.8650	0	0	A	0	0	0	0	0	0	0	0	0	0	0	0	0	0	0	0	0	0	0	0
Q7Z7B0	FILIP1	2	1213	1213	0	138107.3400	138107.3400	0	0	A	0	0	0	0	0	0	0	0	0	0	0	0	0	0	0	0	0	0	0	0
Q7Z7F7	MRPL55	2	128	95	33	15128.0650	11596.9900	0.2334122044	0.02097922604	E	-0.01604961078	0	0.01423401916	0.02097922604	0.002944299556	-0.01159320863	-0.0006124419515	0.007013810269	0.004634224842	-0.01194066133	-0.00324847087	0	0.00159757809	0.007237397618	0.002771581113	-0.01102480805	-0.00990329335	-0.005100976643	-0.008086060109	0.01614739502
Q7Z7G0	ABI3BP	2	1068	1047	21	117893.4750	115861.0000	0.01723992782	0.005634981034	L	-0.0008110967074	-0.001624940932	0.0006601639857	0.001267463165	0.0006899599908	-0.001142764088	0.0003645142083	1.924815415e-05	0.001621910062	-0.005634981034	-0.001010304908	-0.000359998547	0.002088783755	0.0008774393578	0.001205075332	-0.001023643985	0.0009348126074	0.0009939071751	0.0002932115902	0.000591240819
Q7Z7H5	TMED4	2	227	198	29	25942.4000	23192.1050	0.1060154419	0.01787188777	A	-0.01787188777	-0.003048713171	0.004884625636	0.01019907712	0.00606229383	-0.01133378497	0.005061188195	0.006418395639	0.007153352584	-0.01605948688	-0.006900626775	0.002693700388	-0.001019139345	-0.0007995578578	-0.00166340699	0.004285210018	0.00234565461	0.001829164755	0.003330956665	0.004432984317
Q7Z7K0	CMC1	2	106	105	1	12489.5250	12358.3300	0.01050440269	0.009940311192	M	0.0003896937631	0.0005299730198	0.0004851670583	0.001287139822	0.0003612836049	0.0001094560212	0.0002262168868	0.0002868791722	0.001598645505	0.0008606375166	-0.009940311192	0.0002889568974	0.0004196640377	0.0004261596628	0.0008889747722	0.0003064535306	0.0004342081141	0.000512432645	0	0.0005283691618
Q7Z7K6	CENPV	2	275	275	0	29945.4800	29945.4800	0	0	A	0	0	0	0	0	0	0	0	0	0	0	0	0	0	0	0	0	0	0	0
Q7Z7L7	ZER1	2	766	765	1	88168.1850	88036.9900	0.001488008401	0.001420662182	M	4.610987135e-05	4.180545526e-05	7.654212192e-05	0.0001353766179	8.074676297e-05	2.914020689e-05	3.791954802e-05	8.108964982e-05	7.566283638e-05	0.0002017812217	-0.001420662182	7.787801485e-05	4.469044917e-05	6.933387829e-05	0.0001177086719	9.065152057e-05	5.82272196e-05	7.747517671e-05	2.642428423e-05	5.209867419e-05
Q86SG2	ANKRD23	1	305	305	0	34296.8300	34296.8300	0	0	A	0	0	0	0	0	0	0	0	0	0	0	0	0	0	0	0	0	0	0	0
Q86SQ0	PHLDB2	2	1253	1253	0	142155.9100	142155.9100	0	0	A	0	0	0	0	0	0	0	0	0	0	0	0	0	0	0	0	0	0	0	0
Q86SX6	GLRX5	2	157	126	31	16627.6400	13679.2750	0.1773171057	0.02992919774	R	-0.01942862139	0.002744136534	0.01658010193	0.01166314649	0.005612049117	-0.0258683907	0.005270957204	0.007427129192	0.01655518818	-0.004711129136	-0.005986490549	0.007480920247	0.0005959691363	0.01489457336	-0.02992919774	-0.003672344153	0.002697932849	0.008566369394	-0.01869979581	0.00820749585
Q86SZ2	TRAPPC6B	2	158	158	0	17982.7650	17982.7650	0	0	A	0	0	0	0	0	0	0	0	0	0	0	0	0	0	0	0	0	0	0	0
Q86TC9	MYPN	1	1320	1320	0	145254.8750	145254.8750	0	0	A	0	0	0	0	0	0	0	0	0	0	0	0	0	0	0	0	0	0	0	0
Q86TD4	SRL	2	473	453	20	54429.8900	52371.3600	0.03781984494	0.01017446006	L	-0.003171789738	-0.001540454469	0.002113432185	0.003644484393	-1.882080997e-06	-0.001241391814	0.0008868793484	0.002582655414	0.002971241123	-0.01017446006	-0.001423241185	0.001678296982	0.001681847421	-0.0004657626763	-1.984735817e-06	-0.001604322281	0.001815792338	-0.0002245550986	0.0005188341047	0.001956380832
Q86TI2	DPP9	2	863	862	1	98262.0000	98130.8050	0.001335154994	0.001285439359	M	5.139861878e-05	1.957220634e-05	5.835984601e-05	0.0001137440068	8.958475212e-05	5.197208637e-05	6.265739132e-05	5.297305846e-05	7.422032091e-05	0.0001165407286	-0.001285439359	4.116089547e-05	7.306403949e-05	6.407744475e-05	8.442088999e-05	7.639315151e-05	5.360456511e-05	8.24564462e-05	3.770255132e-05	8.153635958e-05
Q86TN4	TRPT1	2	253	253	0	27741.4600	27741.4600	0	0	A	0	0	0	0	0	0	0	0	0	0	0	0	0	0	0	0	0	0	0	0
Q86TP1	PRUNE1	2	453	453	0	50198.7500	50198.7500	0	0	A	0	0	0	0	0	0	0	0	0	0	0	0	0	0	0	0	0	0	0	0
Q86TU7	SETD3	2	594	594	0	67256.1950	67256.1950	0	0	A	0	0	0	0	0	0	0	0	0	0	0	0	0	0	0	0	0	0	0	0
Q86TX2	ACOT1	2	421	420	1	46276.7600	46145.5650	0.002835008328	0.002724996672	M	0.0001701274273	4.377246016e-05	0.0001167805801	0.0002429936165	0.0001364103701	0.0001704758026	0.0001040971366	0.0001015475452	0.0001358106484	0.0003452616535	-0.002724996672	6.136980254e-05	0.0002079697647	6.788209918e-05	0.0002697199415	8.135725791e-05	9.836674914e-05	0.0001874336827	5.270015926e-05	0.0001309199745
Q86U28	ISCA2	2	154	146	8	16476.1350	15714.3050	0.04623839268	0.01137792984	A	-0.01137792984	0.001245690831	0.002394788187	0.003403570541	0.003396759133	-0.00120192426	0	0.001685759185	0.001127275148	0.004720125717	-0.007758249998	0.001018780987	0.001775541251	0.00488318825	0.004925290462	-0.006066304781	0.002143254461	0.003312271973	-0.01009360762	0.000465720373
Q86U42	PABPN1	2	306	305	1	32748.7050	32617.5100	0.004006112608	0.003825189935	M	0.0003193614011	2.481845155e-05	0.0001363212241	0.0006178321635	0.000135350281	0.0003075472364	6.356194716e-05	0.0001343445151	0.0001497280222	0.0002015167727	-0.003825189935	0.0001353175066	0.0003537489676	5.987072483e-05	0.0004995645399	0.0002260300122	0.000109802598	0.0001439822516	2.091624371e-05	0.0001855750758
Q86U86	PBRM1	2	1689	1689	0	192945.1600	192945.1600	0	0	A	0	0	0	0	0	0	0	0	0	0	0	0	0	0	0	0	0	0	0	0
Q86UE4	MTDH	2	582	582	0	63836.0450	63836.0450	0	0	A	0	0	0	0	0	0	0	0	0	0	0	0	0	0	0	0	0	0	0	0
Q86UP2	KTN1	2	1357	1357	0	156272.9200	156272.9200	0	0	A	0	0	0	0	0	0	0	0	0	0	0	0	0	0	0	0	0	0	0	0
Q86UT6	NLRX1	2	975	889	86	107614.1900	97703.1800	0.09209761278	0.01078762009	R	0.0009722403132	0.001756293327	0.0005612595455	0.004876581715	-0.002209126528	-0.0006873724561	-0.00592845912	-0.002079386445	0.002707763836	0.009239986627	0.0007304281515	0.001817146454	-0.005482633273	0.001087001344	-0.01078762009	-0.002231705006	0.002885424746	0.005101926762	-0.005539876701	0.0032101268
Q86UU1	PHLDB1	2	1377	1377	0	151159.3400	151159.3400	0	0	A	0	0	0	0	0	0	0	0	0	0	0	0	0	0	0	0	0	0	0	0
Q86UV5	USP48	2	1035	1035	0	119030.7600	119030.7600	0	0	A	0	0	0	0	0	0	0	0	0	0	0	0	0	0	0	0	0	0	0	0
Q86UX2	ITIH5	2	942	926	16	104574.8650	102974.7650	0.01530099991	0.007135612364	L	0.0005669712778	-0.00188380828	0.0009161992769	0.001012775354	0.0007723644455	-0.001131672359	0.0005037647882	0.001090311297	0.0009493441751	-0.007135612364	-0.0009952438174	0.0006520609333	0.0007925020492	0.0008541175318	0.001380110962	7.70273309e-05	0.0008199673769	5.543644794e-05	0.0001856659788	0.0005177175954
Q86UY8	NT5DC3	2	548	548	0	63418.8650	63418.8650	0	0	A	0	0	0	0	0	0	0	0	0	0	0	0	0	0	0	0	0	0	0	0
Q86V48	LUZP1	2	1076	1075	1	120273.2050	120142.0100	0.001090808215	0.001053679552	M	4.367728746e-05	9.281239737e-06	4.995981961e-05	0.0001386286751	2.404274666e-05	3.047817873e-05	2.495846092e-05	3.315852355e-05	0.000108626585	9.445155194e-05	-0.001053679552	5.768861956e-05	4.497854546e-05	4.58986261e-05	0.0001120918825	0.0001086780623	5.839980337e-05	4.576771129e-05	6.257559522e-06	1.665567344e-05
Q86V81	ALYREF	2	257	256	1	26887.5700	26756.3750	0.004879392225	0.004601643221	M	0.0003903751392	0	0.0003619976539	0.0001333852112	0.000174717734	0.0005784845804	7.032799399e-05	0.000138735548	0.0002429772131	0.0003171098239	-0.004601643221	0.0002195919652	0.0001565619455	0.0003091379581	0.0008422738633	0.0002223026414	0.0001439891828	0.0001593088849	3.085698342e-05	0.0001095088988
Q86VB7	CD163	2	1156	1115	41	125449.2450	120851.8300	0.03664760996	0.003629088153	L	0.0004424255424	0.001461462122	0.000213010386	0.001927085346	-0.003491397759	0.001974463776	0.0004655774855	0.0006992545558	0.0007793247199	-0.003629088153	-0.001499564728	0.0007043189137	0.0001368361699	0.001740425807	-0.001137771758	-0.0006542400943	-0.000870541417	-0.001851525915	0.002167757554	0.000422187445
Q86VD7	SLC25A42	2	318	318	0	35408.5550	35408.5550	0	0	A	0	0	0	0	0	0	0	0	0	0	0	0	0	0	0	0	0	0	0	0
Q86VF2	IGFN1	1	1251	1251	0	137761.3000	137761.3000	0	0	A	0	0	0	0	0	0	0	0	0	0	0	0	0	0	0	0	0	0	0	0
Q86VF7	NRAP	1	1730	1730	0	197070.7750	197070.7750	0	0	A	0	0	0	0	0	0	0	0	0	0	0	0	0	0	0	0	0	0	0	0
Q86VN1	VPS36	2	386	386	0	43816.1550	43816.1550	0	0	A	0	0	0	0	0	0	0	0	0	0	0	0	0	0	0	0	0	0	0	0
Q86VP6	CAND1	2	1230	1229	1	136373.6250	136242.4300	0.0009620261982	0.0009146978421	M	4.395197533e-05	2.160488039e-05	6.487289138e-05	6.471490257e-05	3.436553778e-05	2.186421266e-05	2.305489431e-05	6.003390459e-05	6.777719881e-05	0.0001309830646	-0.0009146978421	3.376823547e-05	3.900629557e-05	4.082613882e-05	5.280677847e-05	6.933551055e-05	4.673045044e-05	6.197316075e-05	3.641588539e-06	3.338622115e-05
Q86VS8	HOOK3	2	718	718	0	83124.4850	83124.4850	0	0	A	0	0	0	0	0	0	0	0	0	0	0	0	0	0	0	0	0	0	0	0
Q86VU5	COMTD1	2	262	262	0	28808.1150	28808.1150	0	0	A	0	0	0	0	0	0	0	0	0	0	0	0	0	0	0	0	0	0	0	0
Q86VW2	ARHGEF25	1	580	580	0	63841.7250	63841.7250	0	0	A	0	0	0	0	0	0	0	0	0	0	0	0	0	0	0	0	0	0	0	0
Q86W92	PPFIBP1	2	1011	1011	0	114022.4300	114022.4300	0	0	A	0	0	0	0	0	0	0	0	0	0	0	0	0	0	0	0	0	0	0	0
Q86WA6	BPHL	2	291	254	37	32542.0900	28823.5850	0.1142675532	0.01244991212	L	-0.007956227253	0.001264287151	0.009259195544	0.006141121444	0.003095524212	-0.006704164102	0.002907382902	0.001089277441	0.006298913625	-0.01244991212	-0.001355887425	0.003216857403	-0.003539051315	0.003558216325	-0.009967400867	0.001238233823	0.000160543708	-0.005480662313	0.003551677149	0.005672074668
Q86WC6	PPP1R27	2	154	154	0	17437.4550	17437.4550	0	0	A	0	0	0	0	0	0	0	0	0	0	0	0	0	0	0	0	0	0	0	0
Q86WU2	LDHD	2	507	455	52	54869.8600	49106.2300	0.1050418208	0.004377721102	R	-0.002254987402	-0.0009078465877	0.002542697927	-0.001129055986	-0.0009357922311	0.001619584038	0.002113085796	0.003117143528	-0.004181844469	0.001019686234	-0.0001498756074	0.003864270117	0.003041240917	0.003058955334	-0.004377721102	-0.002535398214	0.002155977298	-0.001776793299	-0.003770110618	-0.0005132156739
Q86WW8	COA5	2	74	74	0	8375.5650	8375.5650	0	0	A	0	0	0	0	0	0	0	0	0	0	0	0	0	0	0	0	0	0	0	0
Q86X55	CARM1	2	608	607	1	65852.7650	65721.5700	0.001992247402	0.001867482138	M	0.0001219776116	3.071967887e-05	7.761815196e-05	9.699112343e-05	0.0001298383099	0.0001027821226	7.474166833e-05	0.0001097503377	7.41318893e-05	0.0001463337836	-0.001867482138	8.039651314e-05	8.465330324e-05	0.0001037491485	9.716911298e-05	0.0001625356505	0.0001177895326	0.0001247524232	2.588962041e-05	0.0001056621559
Q86X76	NIT1	2	327	314	13	35895.9300	34329.0250	0.0436513276	0.006483956192	F	0.002979661287	0.001960770523	0.001292399587	0.003174734974	-0.006483956192	0.0001465367484	-0.001873209542	-0.001725203783	0.001261780754	-0.000620053548	-0.002767377732	0.0008552558651	-0.002655840697	0.002365029748	-0.00439436315	0.002494366807	-0.001052648628	0.002401442208	0.0008813217922	0.001759352977
Q86XI6	PPP1R3B	2	285	285	0	32694.7600	32694.7600	0	0	A	0	0	0	0	0	0	0	0	0	0	0	0	0	0	0	0	0	0	0	0
Q86XP3	DDX42	2	938	938	0	102973.8050	102973.8050	0	0	A	0	0	0	0	0	0	0	0	0	0	0	0	0	0	0	0	0	0	0	0
Q86XX4	FRAS1	2	4008	3982	26	443208.1250	440466.8850	0.006184994916	0.001026238219	L	-0.000443373817	0.0002916845038	0.0004013457223	-0.0001255013101	4.865682609e-06	-0.000195085789	-0.0003172124733	0.0002998342702	7.510612188e-07	-0.001026238219	-0.0001806541209	0.0002168658834	0.0001041794116	0.0003624834416	0.0003600692004	0.0002203151361	0.0003649842532	-0.0002816494989	-0.0003242316358	0.000266568297
Q86Y39	NDUFA11	2	141	140	1	14851.9300	14720.7350	0.008833532073	0.008513710889	M	0.0009328051277	0.0002416361609	0.0003318109629	0.0002934295836	0.0005765333896	0.0006362942642	0.0002320682385	0.0003269995793	0.0005102210559	0.0006539991587	-0.008513710889	0.0001976207262	0.0004018178409	0.0001457275856	0.0005211251968	0.000261983577	0.0007127030246	0.0007009163812	0.000203643681	0.0006323753548
Q86Y82	STX12	2	276	275	1	31641.2850	31510.0900	0.004146323387	0.003960440971	M	0.0001793992087	2.710867678e-05	0.0001935710772	0.000444410241	9.240017987e-05	7.558367156e-05	6.942738862e-05	0.0002934834214	0.0002616716711	0.0004842476453	-0.003960440971	0.0001773653867	7.727852322e-05	0.0004904665762	0.0003507839506	0.0003056706913	0.0001332612074	0.0001572688091	4.569275315e-05	0.0001013498916
Q86YB7	ECHDC2	2	292	257	35	31125.7250	27350.2700	0.1212969336	0.01355280953	R	0.0002460787458	-0.004825997968	0.00138523856	0.006550407619	0.005635245607	-0.0002893912694	0.001176165299	0.002359529149	0.003878843814	-0.006724743555	0.0004217682352	0.003505525992	-0.001967471539	0.002074883414	-0.01355280953	-0.002592565777	0.004966654575	0.001994430858	-0.005615362259	0.001373570032
Q86YJ6	THNSL2	2	484	484	0	54115.1550	54115.1550	0	0	A	0	0	0	0	0	0	0	0	0	0	0	0	0	0	0	0	0	0	0	0
Q86YM7	HOMER1	1	354	353	1	40276.1150	40144.9200	0.003257389646	0.003178960805	M	0.0001655582426	1.667812963e-05	0.0001282520087	0.0004354394525	0.0001364341483	5.683517293e-05	9.610641429e-05	0.0001354203283	0.0002817304456	0.0003340368098	-0.003178960805	0.0001818681485	8.7164426e-05	0.0002615173674	0.0001918342807	0.0002169905055	0.0002377610814	9.675682831e-05	5.622330197e-05	6.235371219e-05
Q8IUD2	ERC1	2	1116	1116	0	128084.2750	128084.2750	0	0	A	0	0	0	0	0	0	0	0	0	0	0	0	0	0	0	0	0	0	0	0
Q8IUE6	H2AC21	2	130	129	1	13995.1250	13863.9300	0.009374335706	0.009143296244	M	0.0008060198578	0	0.0001505236882	0.0005823660847	9.340724289e-05	0.0006367287721	0.000263190273	0.0003708525955	0.001074627174	0.001186728306	-0.009143296244	0.0005229538987	0.0003906038819	0.0004131767806	0.001182023734	0.0002971174755	0.0002694272238	0.0005961857652	0	0.0003073634906
Q8IUG5	MYO18B	1	2567	2567	0	285210.1700	285210.1700	0	0	A	0	0	0	0	0	0	0	0	0	0	0	0	0	0	0	0	0	0	0	0
Q8IUR0	TRAPPC5	2	188	188	0	20782.7150	20782.7150	0	0	A	0	0	0	0	0	0	0	0	0	0	0	0	0	0	0	0	0	0	0	0
Q8IUX7	AEBP1	2	1158	1133	25	130927.0950	128481.0600	0.01868242017	0.004788759881	L	-0.002158434714	-0.001425775356	0.0009896004668	0.00260276024	0.0007199735016	-0.0007428980236	0.0004375506196	0.0007062161605	0.001293065722	-0.004788759881	-0.0005814579107	0.000694394487	-0.0004604434145	0.0007306132641	-0.0006877629036	-5.926783193e-05	0.001267408512	5.407024769e-05	0.0005497578116	0.0008593890019
Q8IV08	PLD3	2	490	490	0	54704.4550	54704.4550	0	0	A	0	0	0	0	0	0	0	0	0	0	0	0	0	0	0	0	0	0	0	0
Q8IVD9	NUDCD3	2	361	361	0	40821.5000	40821.5000	0	0	A	0	0	0	0	0	0	0	0	0	0	0	0	0	0	0	0	0	0	0	0
Q8IVF2	AHNAK2	2	5795	5795	0	616621.3700	616621.3700	0	0	A	0	0	0	0	0	0	0	0	0	0	0	0	0	0	0	0	0	0	0	0
Q8IVG5	SAMD9L	2	1584	1584	0	184529.9350	184529.9350	0	0	A	0	0	0	0	0	0	0	0	0	0	0	0	0	0	0	0	0	0	0	0
Q8IVL5	P3H2	2	708	684	24	80983.3450	78195.8850	0.0344201638	0.00921030438	L	0.0009433468173	0.0007359182782	0.001970575164	0.002284012142	0.001567740235	0.0004529154455	0.001295760698	-0.0002543125931	0.001553910638	-0.00921030438	-0.0008557212144	0.001203732951	-0.00566615724	0.001275990031	-8.030848406e-05	0.00151598649	0.001040070703	0.001601014024	-0.004125511584	0.002751341879
Q8IVM0	CCDC50	2	306	305	1	35821.3450	35690.1500	0.003662481127	0.003532902153	M	0.0002422841452	2.125805874e-05	0.0002452063387	0.0005162922058	8.69499519e-05	3.292841016e-05	0.0001905522837	0.0001150717879	0.0004360446132	0.0002416507547	-0.003532902153	5.795259824e-05	0.0001313004455	0.0003333318353	0.000320923698	0.0001751658075	9.405059268e-05	0.0001130496756	3.58313037e-05	0.0001430576468
Q8IVN3	MUSTN1	2	82	82	0	8911.0650	8911.0650	0	0	A	0	0	0	0	0	0	0	0	0	0	0	0	0	0	0	0	0	0	0	0
Q8IVS2	MCAT	2	390	369	21	42960.8750	40631.1400	0.05422922601	0.0128364454	R	-0.001160121342	0.001111496272	0.001221031312	0.004724088499	0.0030308364	-0.002268822395	0.002668712548	0.001353741637	0.002514592893	0.003090755269	-0.001446144998	0.001212040999	0.003432579553	0.00351922599	-0.0128364454	-0.001314011812	0.001365977178	-0.005079031159	-0.003384405924	-0.001756095518
Q8IVU3	HERC6	2	1022	1022	0	115124.6050	115124.6050	0	0	A	0	0	0	0	0	0	0	0	0	0	0	0	0	0	0	0	0	0	0	0
Q8IW45	NAXD	2	347	347	0	36575.4200	36575.4200	0	0	A	0	0	0	0	0	0	0	0	0	0	0	0	0	0	0	0	0	0	0	0
Q8IW75	SERPINA12	2	414	394	20	47174.3250	45107.7350	0.04380751606	0.009272777081	L	-0.001821193825	0.0002063306075	0.002266639473	0.003131955913	0.000351089604	-0.001278912078	0.001321071053	0.0007255390412	0.002177875286	-0.009272777081	-0.001334514874	-0.0003941814687	-0.0003434916174	0.002239834886	0.002373244755	0.002058086503	-0.002130787639	-0.002494552268	0.0005216676707	0.001697076058
Q8IWA4	MFN1	2	741	741	0	84158.2800	84158.2800	0	0	A	0	0	0	0	0	0	0	0	0	0	0	0	0	0	0	0	0	0	0	0
Q8IWA5	SLC44A2	2	706	706	0	80122.5950	80122.5950	0	0	A	0	0	0	0	0	0	0	0	0	0	0	0	0	0	0	0	0	0	0	0
Q8IWB7	WDFY1	2	410	410	0	46323.0650	46323.0650	0	0	A	0	0	0	0	0	0	0	0	0	0	0	0	0	0	0	0	0	0	0	0
Q8IWE2	FAM114A1	2	563	563	0	60740.8300	60740.8300	0	0	A	0	0	0	0	0	0	0	0	0	0	0	0	0	0	0	0	0	0	0	0
Q8IWL3	HSCB	2	235	235	0	27421.8100	27421.8100	0	0	A	0	0	0	0	0	0	0	0	0	0	0	0	0	0	0	0	0	0	0	0
Q8IWU6	SULF1	2	871	849	22	101025.5200	98755.7100	0.02246768935	0.005062128499	L	-0.0009556662168	-0.002580654571	0.00106666264	0.0004194465265	0.001125256959	-0.0005044687495	0.0009636126906	0.00102491574	0.0006510798863	-0.005062128499	-0.0007106033751	0.001429392049	0.001037982558	0.00125900251	0.002233660488	-0.0006640929565	0.0001009372842	-0.001115839225	0.000490985374	-0.0002094811113
Q8IWV7	UBR1	2	1749	1748	1	200207.6700	200076.4750	0.0006552945749	0.0006224059741	M	2.676000908e-05	1.988130181e-05	2.887395001e-05	6.137988014e-05	3.261937563e-05	1.62852549e-05	2.502726058e-05	3.976441142e-05	3.984531677e-05	7.150297832e-05	-0.0006224059741	2.204719572e-05	2.465544082e-05	3.698656822e-05	3.924340763e-05	3.448870927e-05	2.517861395e-05	3.355931284e-05	1.306350302e-05	3.124348399e-05
Q8IWW8	ADHFE1	2	467	467	0	50307.2200	50307.2200	0	0	A	0	0	0	0	0	0	0	0	0	0	0	0	0	0	0	0	0	0	0	0
Q8IWX7	UNC45B	1	931	931	0	103731.5600	103731.5600	0	0	A	0	0	0	0	0	0	0	0	0	0	0	0	0	0	0	0	0	0	0	0
Q8IWX8	CHERP	2	916	916	0	103700.2450	103700.2450	0	0	A	0	0	0	0	0	0	0	0	0	0	0	0	0	0	0	0	0	0	0	0
Q8IX01	SUGP2	2	1082	1082	0	120205.2750	120205.2750	0	0	A	0	0	0	0	0	0	0	0	0	0	0	0	0	0	0	0	0	0	0	0
Q8IX12	CCAR1	2	1150	1150	0	132818.9350	132818.9350	0	0	A	0	0	0	0	0	0	0	0	0	0	0	0	0	0	0	0	0	0	0	0
Q8IXB1	DNAJC10	2	793	761	32	91078.4400	87309.8500	0.0413774105	0.004457994922	I	0.0009006211757	-6.160091046e-05	-0.00139879486	0.002703736775	0.001332634191	-4.567898775e-05	0.001520595431	-0.004457994922	0.0001498422391	-0.002261809346	-0.002101562698	0.001335616452	0.001692550615	0.001909720195	-0.0007462359425	0.00193118805	0.000717751147	-0.00151821186	-0.0006042110605	-0.0009981556838
Q8IXI1	RHOT2	2	618	618	0	68116.8350	68116.8350	0	0	A	0	0	0	0	0	0	0	0	0	0	0	0	0	0	0	0	0	0	0	0
Q8IXI2	RHOT1	2	618	618	0	70783.2350	70783.2350	0	0	A	0	0	0	0	0	0	0	0	0	0	0	0	0	0	0	0	0	0	0	0
Q8IXJ6	SIRT2	2	389	388	1	43181.5300	43050.3350	0.003038220276	0.002894168113	M	0.0001536055235	7.923769357e-05	0.0001899193316	0.0002799181693	0.0001866024021	0.0001249695837	7.379410041e-05	0.0001091798341	0.0002172889047	0.0003431366215	-0.002894168113	3.927520362e-05	0.0001779679216	0.0001477059194	0.0001864234461	0.0002124321209	0.0001133142538	0.0001044752521	3.642498675e-05	0.0001184968447
Q8IXL7	MSRB3	2	192	160	32	20702.0550	17374.0250	0.1607584368	0.04156032183	L	-0.006929348852	-0.01329647909	0.01063600199	0.01175713728	0.01188027837	0.006488732574	0.008678610036	0.005240887981	0.01285022422	-0.04156032183	-0.004987944789	0.003167307098	-0.006946039945	0.0009536955797	-0.01329391922	-0.007488008809	0.00648868297	0.007489151813	0.001631919103	0.007239433509
Q8IXM2	BACC1	2	172	172	0	17900.1350	17900.1350	0	0	A	0	0	0	0	0	0	0	0	0	0	0	0	0	0	0	0	0	0	0	0
Q8IXM3	MRPL41	2	137	124	13	15382.5400	14069.8950	0.08533343648	0.01618750405	A	-0.01618750405	-0.006794305703	0.004253564491	0.007836550759	0.009678323944	0.0005884124696	0	0.002095943104	0.008565132135	-0.00772479864	-0.006777801884	0.001407415328	0.006132142247	0.003113528248	-0.01118673746	0.003918168854	0.004441262479	-0.009395032961	0.002175464414	0.003860272227
Q8IXQ6	PARP9	2	854	854	0	96341.9350	96341.9350	0	0	A	0	0	0	0	0	0	0	0	0	0	0	0	0	0	0	0	0	0	0	0
Q8IY17	PNPLA6	2	1375	1375	0	150951.6700	150951.6700	0	0	A	0	0	0	0	0	0	0	0	0	0	0	0	0	0	0	0	0	0	0	0
Q8IY21	DDX60	2	1712	1712	0	197850.2350	197850.2350	0	0	A	0	0	0	0	0	0	0	0	0	0	0	0	0	0	0	0	0	0	0	0
Q8IY67	RAVER1	2	606	605	1	63875.9350	63744.7400	0.002053903399	0.001971514	M	0.0001643730071	3.563726779e-05	6.762139209e-05	0.0001258936033	6.183925368e-05	0.000128469147	5.808075676e-05	2.8059308e-05	8.208984045e-05	0.0003191746285	-0.001971514	5.299223965e-05	0.0002062603537	0.0001289542006	0.0001723464433	0.000120832093	8.281528169e-05	6.578305499e-05	2.184292094e-05	4.84492073e-05
Q8IY95	TMEM192	2	271	271	0	30921.8000	30921.8000	0	0	A	0	0	0	0	0	0	0	0	0	0	0	0	0	0	0	0	0	0	0	0
Q8IYB3	SRRM1	2	904	904	0	102333.5150	102333.5150	0	0	A	0	0	0	0	0	0	0	0	0	0	0	0	0	0	0	0	0	0	0	0
Q8IYB7	DIS3L2	2	885	885	0	99277.7200	99277.7200	0	0	A	0	0	0	0	0	0	0	0	0	0	0	0	0	0	0	0	0	0	0	0
Q8IYB8	SUPV3L1	2	786	764	22	87989.8450	85555.0550	0.02767126138	0.004780153423	R	-0.003018549413	0.0005073377115	0.00182062607	0.001807176345	-9.56691748e-05	-0.000527033733	-0.0006095867741	0.001794226309	0.002081298945	-0.000850386533	-0.0007945125897	0.0008482874129	0.0003832717548	-0.000166228089	-0.004780153423	-0.0004150897736	0.001230362344	0.001373530176	-0.001600512273	0.001011604709
Q8IYE0	CCDC146	2	955	955	0	112804.8500	112804.8500	0	0	A	0	0	0	0	0	0	0	0	0	0	0	0	0	0	0	0	0	0	0	0
Q8IYI6	EXOC8	2	725	725	0	81797.8800	81797.8800	0	0	A	0	0	0	0	0	0	0	0	0	0	0	0	0	0	0	0	0	0	0	0
Q8IYM9	TRIM22	2	498	498	0	56946.5650	56946.5650	0	0	A	0	0	0	0	0	0	0	0	0	0	0	0	0	0	0	0	0	0	0	0
Q8IYQ7	THNSL1	2	743	743	0	83069.0400	83069.0400	0	0	A	0	0	0	0	0	0	0	0	0	0	0	0	0	0	0	0	0	0	0	0
Q8IYS1	PM20D2	2	436	436	0	47775.4650	47775.4650	0	0	A	0	0	0	0	0	0	0	0	0	0	0	0	0	0	0	0	0	0	0	0
Q8IYT4	KATNAL2	2	538	538	0	61251.8750	61251.8750	0	0	A	0	0	0	0	0	0	0	0	0	0	0	0	0	0	0	0	0	0	0	0
Q8IYU8	MICU2	2	434	412	22	49665.4750	47509.9350	0.04340117557	0.008906995779	A	-0.008906995779	-0.001716471075	0.001937378585	0.004164215666	0.004408203422	-0.003586296153	0.001631019174	0.002121428742	0.00183010543	-0.0007465648144	-0.0009072588587	0.001175236266	0.0007448047298	0.002363540416	-0.005994983646	0.000465770967	0.00221552398	4.555189003e-05	-0.002562892733	0.001318683793
Q8IZ83	ALDH16A1	2	802	802	0	85126.0550	85126.0550	0	0	A	0	0	0	0	0	0	0	0	0	0	0	0	0	0	0	0	0	0	0	0
Q8IZL8	PELP1	2	1130	1129	1	119697.8050	119566.6100	0.001096051845	0.001045048839	M	6.378723088e-05	2.03029377e-05	4.15660589e-05	0.0001658593224	2.893933357e-05	5.260550326e-05	2.3635169e-05	2.297943207e-05	2.227022466e-05	0.0001508649671	-0.001045048839	1.408878485e-05	0.000142062828	4.007269402e-05	6.236241788e-05	7.924530169e-05	4.173682928e-05	5.264671056e-05	6.222074397e-06	1.380101924e-05
Q8IZP2	ST13P4	2	240	240	0	27406.3450	27406.3450	0	0	A	0	0	0	0	0	0	0	0	0	0	0	0	0	0	0	0	0	0	0	0
Q8N0U8	VKORC1L1	2	176	176	0	19835.3650	19835.3650	0	0	A	0	0	0	0	0	0	0	0	0	0	0	0	0	0	0	0	0	0	0	0
Q8N0W3	FCSK	2	1084	1084	0	117620.9350	117620.9350	0	0	A	0	0	0	0	0	0	0	0	0	0	0	0	0	0	0	0	0	0	0	0
Q8N0X4	CLYBL	2	340	318	22	37358.8250	35013.9450	0.06276642801	0.01653176204	R	-0.01239627284	0.0007505072523	0.003297871089	0.005468246882	0.003837166547	0.0007142004886	0.001201316443	0.004062563399	0.002522761233	-0.01120024576	-0.002046417069	0.001841393949	0.002674332493	0.003620968302	-0.01653176204	0.003580302404	0.002213612345	0.004354007491	0.0006325049153	0.001402942484
Q8N0X7	SPART	2	666	666	0	72832.1050	72832.1050	0	0	A	0	0	0	0	0	0	0	0	0	0	0	0	0	0	0	0	0	0	0	0
Q8N0Z2	ABRA	1	381	381	0	43116.8500	43116.8500	0	0	A	0	0	0	0	0	0	0	0	0	0	0	0	0	0	0	0	0	0	0	0
Q8N111	CEND1	2	149	149	0	14953.7700	14953.7700	0	0	A	0	0	0	0	0	0	0	0	0	0	0	0	0	0	0	0	0	0	0	0
Q8N112	LSMEM2	2	164	164	0	17867.4550	17867.4550	0	0	A	0	0	0	0	0	0	0	0	0	0	0	0	0	0	0	0	0	0	0	0
Q8N122	RPTOR	2	1335	1335	0	149035.2700	149035.2700	0	0	A	0	0	0	0	0	0	0	0	0	0	0	0	0	0	0	0	0	0	0	0
Q8N139	ABCA6	2	1617	1617	0	184283.4700	184283.4700	0	0	A	0	0	0	0	0	0	0	0	0	0	0	0	0	0	0	0	0	0	0	0
Q8N142	ADSS1	2	457	457	0	50207.8300	50207.8300	0	0	A	0	0	0	0	0	0	0	0	0	0	0	0	0	0	0	0	0	0	0	0
Q8N163	CCAR2	2	923	923	0	102899.8300	102899.8300	0	0	A	0	0	0	0	0	0	0	0	0	0	0	0	0	0	0	0	0	0	0	0
Q8N183	NDUFAF2	2	169	169	0	19856.0400	19856.0400	0	0	A	0	0	0	0	0	0	0	0	0	0	0	0	0	0	0	0	0	0	0	0
Q8N1B4	VPS52	2	723	722	1	82219.8200	82088.6250	0.001595661484	0.001525090172	M	9.543424891e-05	1.198043147e-05	6.799886967e-05	0.0001624568327	8.983790947e-05	4.330084829e-05	3.835349832e-05	8.430650194e-05	6.50494119e-05	0.000194553466	-0.001525090172	4.572458832e-05	4.553671427e-05	0.0001059701926	0.0001636382968	7.966749614e-05	6.281980838e-05	9.267134677e-05	1.009674693e-05	6.569296292e-05
Q8N1F7	NUP93	2	819	819	0	93486.7800	93486.7800	0	0	A	0	0	0	0	0	0	0	0	0	0	0	0	0	0	0	0	0	0	0	0
Q8N1G4	LRRC47	2	583	582	1	63472.0200	63340.8250	0.002066973763	0.001997137225	M	0.0001168932889	3.311910915e-05	0.0001018721492	0.0001970682667	3.160830264e-05	9.849791445e-05	3.816925393e-05	3.585534456e-05	0.0001358676191	0.0003370402389	-0.001997137225	6.500704904e-05	0.0001416186337	8.788427323e-05	0.0002285644958	0.0001062875748	7.489139195e-05	0.0001216873046	5.582357602e-06	3.96226569e-05
Q8N283	ANKRD35	2	1001	1001	0	109934.7600	109934.7600	0	0	A	0	0	0	0	0	0	0	0	0	0	0	0	0	0	0	0	0	0	0	0
Q8N2U9	SLC66A2	2	271	271	0	30477.1000	30477.1000	0	0	A	0	0	0	0	0	0	0	0	0	0	0	0	0	0	0	0	0	0	0	0
Q8N335	GPD1L	2	351	351	0	38418.3500	38418.3500	0	0	A	0	0	0	0	0	0	0	0	0	0	0	0	0	0	0	0	0	0	0	0
Q8N392	ARHGAP18	2	663	663	0	74975.6200	74975.6200	0	0	A	0	0	0	0	0	0	0	0	0	0	0	0	0	0	0	0	0	0	0	0
Q8N3C0	ASCC3	2	2202	2202	0	251456.4650	251456.4650	0	0	A	0	0	0	0	0	0	0	0	0	0	0	0	0	0	0	0	0	0	0	0
Q8N3D4	EHBP1L1	2	1523	1523	0	161852.1400	161852.1400	0	0	A	0	0	0	0	0	0	0	0	0	0	0	0	0	0	0	0	0	0	0	0
Q8N3F8	MICALL1	2	863	863	0	93439.7200	93439.7200	0	0	A	0	0	0	0	0	0	0	0	0	0	0	0	0	0	0	0	0	0	0	0
Q8N3K9	CMYA5	1	4069	4069	0	449204.4400	449204.4400	0	0	A	0	0	0	0	0	0	0	0	0	0	0	0	0	0	0	0	0	0	0	0
Q8N3L3	TXLNB	2	684	684	0	76517.6550	76517.6550	0	0	A	0	0	0	0	0	0	0	0	0	0	0	0	0	0	0	0	0	0	0	0
Q8N3V7	SYNPO	1	929	929	0	99461.7200	99461.7200	0	0	A	0	0	0	0	0	0	0	0	0	0	0	0	0	0	0	0	0	0	0	0
Q8N442	GUF1	2	669	620	49	74326.8500	69280.0950	0.0678994872	0.008001381036	A	-0.008001381036	-0.0006789609536	0.002208236184	0.003696965873	0.003243294617	-0.00310082536	0.001589307153	0.004814794837	0.006988444253	-0.002170892743	-0.0003266620339	0.003383487932	-0.004208644923	0.003368276065	-0.006367983545	0.001064911404	-0.002365059671	0.002787182354	-0.00691985475	0.0009953643453
Q8N465	D2HGDH	2	521	508	13	56415.3200	54826.3850	0.0281649559	0.005854928559	W	-0.001203071278	0.0006299923756	0.001211133824	0.001785065059	0.001145245301	0.001789055808	0.001142866451	0.0009093881358	0.001076865269	-0.002230703651	-0.001686328653	0.0007442291904	-0.003753839197	0.0009498502576	-0.002805288155	0.001502692486	0.001393616346	0.002233519519	-0.005854928559	0.001020639472
Q8N490	PNKD	2	385	385	0	42875.0900	42875.0900	0	0	A	0	0	0	0	0	0	0	0	0	0	0	0	0	0	0	0	0	0	0	0
Q8N4P2	IFT70B	2	665	665	0	76097.8000	76097.8000	0	0	A	0	0	0	0	0	0	0	0	0	0	0	0	0	0	0	0	0	0	0	0
Q8N4Q0	PTGR3	2	377	377	0	40139.9800	40139.9800	0	0	A	0	0	0	0	0	0	0	0	0	0	0	0	0	0	0	0	0	0	0	0
Q8N4Q1	CHCHD4	2	142	142	0	15996.2050	15996.2050	0	0	A	0	0	0	0	0	0	0	0	0	0	0	0	0	0	0	0	0	0	0	0
Q8N4T8	CBR4	2	237	237	0	25301.1100	25301.1100	0	0	A	0	0	0	0	0	0	0	0	0	0	0	0	0	0	0	0	0	0	0	0
Q8N4X5	AFAP1L2	2	818	818	0	91298.3450	91298.3450	0	0	A	0	0	0	0	0	0	0	0	0	0	0	0	0	0	0	0	0	0	0	0
Q8N5G0	SMIM20	2	67	67	0	7701.9100	7701.9100	0	0	A	0	0	0	0	0	0	0	0	0	0	0	0	0	0	0	0	0	0	0	0
Q8N5K1	CISD2	2	135	134	1	15278.0100	15146.8150	0.008587178566	0.008433745836	M	0.0003426417622	0.0002329917831	0.0002559525118	0.000565864659	0.0003176618739	0.0002165404402	0.0001491774313	0.0004414219323	0.001054217629	0.001324265797	-0.008433745836	0.000444618935	0.0004981410859	0.0002810285505	0.0005862293254	0.0003031335401	0.0002863360556	0.0006758415497	0.0001963584596	0.0002613225147
Q8N5M1	ATPAF2	2	289	249	40	32771.8600	28479.9400	0.1309635767	0.02304712917	R	-0.002603732087	-0.001735019805	0.001828042066	0.01415193276	0.003972265636	-0.007180220457	0.003730837299	0.004955733471	0.008202551796	0.001423441457	-0.006067395702	0.0007555680634	-0.01404475438	0.008199746354	-0.02304712917	-0.007524481319	0.007842315153	0.006573150988	-0.0004690417678	0.001036189656
Q8N5M9	JAGN1	2	183	183	0	21124.6300	21124.6300	0	0	A	0	0	0	0	0	0	0	0	0	0	0	0	0	0	0	0	0	0	0	0
Q8N5N7	MRPL50	2	158	158	0	18324.6850	18324.6850	0	0	A	0	0	0	0	0	0	0	0	0	0	0	0	0	0	0	0	0	0	0	0
Q8N684	CPSF7	2	471	471	0	52049.1700	52049.1700	0	0	A	0	0	0	0	0	0	0	0	0	0	0	0	0	0	0	0	0	0	0	0
Q8N6H7	ARFGAP2	2	521	520	1	56719.4700	56588.2750	0.002313050527	0.002196463341	M	0.0001708287405	2.489169484e-05	0.0001184937261	0.0001914382804	0.0001074685297	0.0001002478289	4.781214659e-05	7.635322632e-05	0.0001802038726	0.0001616891851	-0.002196463341	8.595400533e-05	8.672716269e-05	0.0001501185327	0.0001789424414	0.0002266970635	8.973282046e-05	0.0001002827546	4.894859888e-05	4.963273014e-05
Q8N6M3	FITM2	2	262	262	0	29854.5350	29854.5350	0	0	A	0	0	0	0	0	0	0	0	0	0	0	0	0	0	0	0	0	0	0	0
Q8N6N6	NATD1	2	113	113	0	13031.8300	13031.8300	0	0	A	0	0	0	0	0	0	0	0	0	0	0	0	0	0	0	0	0	0	0	0
Q8N6S5	ARL6IP6	2	226	226	0	24675.8950	24675.8950	0	0	A	0	0	0	0	0	0	0	0	0	0	0	0	0	0	0	0	0	0	0	0
Q8N766	EMC1	2	993	971	22	111757.5800	109300.7200	0.02198383322	0.004123518934	W	-0.00394471419	0.0001682848574	0.0009705616643	0.000346566592	-0.0001844933675	0.0007559449966	0.0007003593248	3.569027827e-05	0.001269063805	-0.0003256261879	-0.0006847580903	0.0006422770202	-8.651450083e-06	0.001344747545	0.0001683756991	0.0007766620538	0.0002392258285	0.0007844332529	-0.004123518934	0.001069569302
Q8N8F7	LSMEM1	2	131	131	0	14461.4100	14461.4100	0	0	A	0	0	0	0	0	0	0	0	0	0	0	0	0	0	0	0	0	0	0	0
Q8N8N7	PTGR2	2	351	351	0	38498.5400	38498.5400	0	0	A	0	0	0	0	0	0	0	0	0	0	0	0	0	0	0	0	0	0	0	0
Q8N8S7	ENAH	2	591	591	0	66509.1600	66509.1600	0	0	A	0	0	0	0	0	0	0	0	0	0	0	0	0	0	0	0	0	0	0	0
Q8N983	MRPL43	2	215	215	0	23430.4400	23430.4400	0	0	A	0	0	0	0	0	0	0	0	0	0	0	0	0	0	0	0	0	0	0	0
Q8NB12	SMYD1	2	490	490	0	56616.3650	56616.3650	0	0	A	0	0	0	0	0	0	0	0	0	0	0	0	0	0	0	0	0	0	0	0
Q8NBF2	NHLRC2	2	726	726	0	79442.4650	79442.4650	0	0	A	0	0	0	0	0	0	0	0	0	0	0	0	0	0	0	0	0	0	0	0
Q8NBH2	KY	1	661	661	0	75152.3900	75152.3900	0	0	A	0	0	0	0	0	0	0	0	0	0	0	0	0	0	0	0	0	0	0	0
Q8NBJ5	COLGALT1	2	622	593	29	71634.9250	68649.2800	0.04167862254	0.01005079789	L	-0.003980038511	0.0003882239307	0.002772135471	0.003457209509	0.002029006212	-0.001917393199	0.001574262565	0.001260894676	0.002185986547	-0.01005079789	-0.0002078944109	0.001270026718	-0.004552561867	-0.0002816612237	-0.003854761519	0.002076514191	0.001463134693	0.002627624912	0.001417794906	0.002322294289
Q8NBL1	POGLUT1	2	392	369	23	46188.4950	43491.3400	0.05839452011	0.01265957825	L	-0.001684854284	0.00113038093	0.003104442509	0.001354095874	0.0007497264256	0.000165616182	0.001809369855	0.002753484234	0.004773657631	-0.01265957825	-0.001062897098	0.002311188642	-0.001505991201	-0.0003593101115	0.001603231844	-0.002858608498	0.001944859761	0.003278907047	-0.008651211687	0.003803490191
Q8NBN7	RDH13	2	331	330	1	35931.6700	35800.4750	0.003651235804	0.003524863099	M	0.0002966869515	5.172900789e-05	0.0001477495912	0.0002889574867	0.0001269495433	0.0001666650911	0.0001457301276	0.0001904093718	0.00022469585	0.0004592226025	-0.003524863099	0.0001353800566	0.0001376326337	9.98306664e-05	0.0002974972986	0.0001794718204	0.0002136037435	0.0002000677872	6.975304055e-05	9.283042859e-05
Q8NBS9	TXNDC5	2	432	400	32	47628.1750	44459.3150	0.06653330723	0.02003777339	L	-0.003493004764	0.001903408801	0.004007720756	0.006548950597	0.003676412524	-0.005084775479	4.270518385e-05	0.001373776452	0.004976025261	-0.02003777339	-0.001912322202	0.001556691796	-0.004696383401	0.003635082453	-0.006013640482	0.002751585106	0.001748201821	0.003527456698	0.002406203441	0.003083678832
Q8NBU5	ATAD1	2	361	361	0	40743.3800	40743.3800	0	0	A	0	0	0	0	0	0	0	0	0	0	0	0	0	0	0	0	0	0	0	0
Q8NBX0	SCCPDH	2	429	428	1	47150.7700	47019.5750	0.002782457211	0.002667851922	M	0.0001417193696	3.613772342e-05	9.263100285e-05	0.0001682206651	0.0002217163866	0.0001492714261	4.627573283e-05	0.0001890961955	0.0001962147742	0.0002282195463	-0.002667851922	7.881340407e-05	0.0001316335565	0.0001307651098	0.0001818518486	0.0001828435779	0.0001361955116	0.0001805320283	4.060771364e-05	0.0001351063492
Q8NC51	SERBP1	2	408	407	1	44964.8850	44833.6900	0.00291772124	0.002828636984	M	0.00011698377	6.628948988e-06	0.0002184664354	0.0003380928121	0.000126531076	0.0002300063654	9.337484145e-05	8.611943599e-05	0.0002799439736	0.0001220025343	-0.002828636984	0.0001156575425	0.0001637748706	0.000127930618	0.0003812356929	0.0001552424788	7.169069361e-05	0.0001217814964	3.35200717e-05	3.965332675e-05
Q8NC56	LEMD2	2	503	502	1	56974.1700	56842.9750	0.002302710158	0.002214072738	M	0.0001711893799	2.910161813e-05	0.0001096097356	0.0002221333388	6.234997322e-05	7.727651063e-05	2.661837979e-05	6.751272079e-05	9.53083827e-05	0.0002700508832	-0.002214072738	4.533445488e-05	0.0001264149147	8.023224023e-05	0.000346685739	0.0001298146557	6.539800503e-05	0.0001085340202	0.0001121187088	6.838907711e-05
Q8NC69	KCTD6	1	237	237	0	27610.0000	27610.0000	0	0	A	0	0	0	0	0	0	0	0	0	0	0	0	0	0	0	0	0	0	0	0
Q8NCA5	FAM98A	2	518	518	0	55271.9250	55271.9250	0	0	A	0	0	0	0	0	0	0	0	0	0	0	0	0	0	0	0	0	0	0	0
Q8NCM8	DYNC2H1	2	4307	4307	0	492613.9300	492613.9300	0	0	A	0	0	0	0	0	0	0	0	0	0	0	0	0	0	0	0	0	0	0	0
Q8NCN5	PDPR	2	879	852	27	99363.0700	96168.4450	0.03215102955	0.0040024897	R	-0.0001680364635	0.0005209188957	0.001754912529	0.002403785317	0.0002229995183	0.0001166138055	0.001067290415	0.0004778505889	0.001801796376	0.0009557011777	-0.001393395725	-0.001195931597	0.0002214197454	-0.0009039595594	-0.0040024897	-0.001932641506	0.001536444178	0.0008297184591	-0.002609529541	0.0002965330858
Q8NCW5	NAXE	2	288	241	47	31674.1650	26531.1800	0.1623716047	0.02667113259	R	0.000725710603	-9.659415606e-05	0.008415285982	0.01162792099	0.009573836718	-0.007142900877	0.002452350902	0.001173061047	0.00604538749	-0.007643073	0.0006671969153	0.0005907784763	0.003970797416	0.0005369599936	-0.02667113259	-0.005955866872	0.001692913556	0.004133863785	-0.01555228651	0.01145579014
Q8ND56	LSM14A	2	463	462	1	50529.2200	50398.0250	0.002596418468	0.002509559355	M	0.0001077364683	2.093124209e-05	0.0001437122566	0.0002033419378	0.000178360839	0.0001880486215	3.350406704e-05	8.497702495e-05	0.0001452182661	0.0001302981049	-0.002509559355	9.700480146e-05	0.0001740332753	0.000132545242	0.0003536077325	0.0002042441614	0.0001389070198	8.601356714e-05	8.820110307e-06	7.825461691e-05
Q8NDA2	HMCN2	2	5079	5056	23	543998.0100	541793.2850	0.004052818134	0.0007196909156	A	-0.0007196909156	0.0001049422406	0.0001906953763	0.0003056548876	0.0001054263706	0.0001018662946	0.0001293305654	0.0001204461876	0.0001104371224	-0.0003908437778	-0.0004297589564	0.0001290622556	-5.343616691e-05	0.0002512536946	6.734691165e-05	9.05886566e-05	3.596780282e-05	-0.0003658530999	9.974679774e-05	0.0001168177525
Q8NDH3	NPEPL1	2	523	523	0	55860.1400	55860.1400	0	0	A	0	0	0	0	0	0	0	0	0	0	0	0	0	0	0	0	0	0	0	0
Q8NDY3	ADPRHL1	1	354	354	0	40104.0850	40104.0850	0	0	A	0	0	0	0	0	0	0	0	0	0	0	0	0	0	0	0	0	0	0	0
Q8NDZ2	SIMC1	1	872	872	0	96836.5750	96836.5750	0	0	A	0	0	0	0	0	0	0	0	0	0	0	0	0	0	0	0	0	0	0	0
Q8NE62	CHDH	2	594	565	29	65357.4650	62366.9800	0.04575582912	0.006088883642	L	-0.002850428255	-0.0006672550399	0.002373874929	0.002905257799	0.001367882686	-0.003484733514	0.002075357035	0.001921693413	0.00223486171	-0.006088883642	-0.0009167755217	0.001262355193	0.0009793196289	-0.002973000685	-0.005058002113	0.0008939173091	0.001896908752	0.003059481959	-0.001124684915	0.002192853271
Q8NE71	ABCF1	2	845	845	0	95924.4900	95924.4900	0	0	A	0	0	0	0	0	0	0	0	0	0	0	0	0	0	0	0	0	0	0	0
Q8NE86	MCU	2	351	301	50	39866.2100	35026.7600	0.1213922768	0.01836662449	G	-0.008027906959	-0.004130585863	0.008185480757	0.009048307917	0.0009937874514	-0.01836662449	-0.007218444476	0.006453430569	0.00719239929	-0.004559629704	-0.0004787824462	0.002843824201	0.001754677446	-0.001406794451	-0.006008773161	-0.004580294525	0.0007006853489	0.006108209557	0.003139817581	0.008357215956
Q8NEB9	PIK3C3	2	887	887	0	101548.0100	101548.0100	0	0	A	0	0	0	0	0	0	0	0	0	0	0	0	0	0	0	0	0	0	0	0
Q8NEV1	CSNK2A3	2	391	391	0	45219.0800	45219.0800	0	0	A	0	0	0	0	0	0	0	0	0	0	0	0	0	0	0	0	0	0	0	0
Q8NEX9	SDR9C7	2	313	313	0	35262.3900	35262.3900	0	0	A	0	0	0	0	0	0	0	0	0	0	0	0	0	0	0	0	0	0	0	0
Q8NEY1	NAV1	2	1877	1877	0	202468.5300	202468.5300	0	0	A	0	0	0	0	0	0	0	0	0	0	0	0	0	0	0	0	0	0	0	0
Q8NEZ2	VPS37A	2	397	397	0	44313.6400	44313.6400	0	0	A	0	0	0	0	0	0	0	0	0	0	0	0	0	0	0	0	0	0	0	0
Q8NEZ5	FBXO22	1	403	403	0	44507.8600	44507.8600	0	0	A	0	0	0	0	0	0	0	0	0	0	0	0	0	0	0	0	0	0	0	0
Q8NF91	SYNE1	1	8797	8797	0	1011067.9000	1011067.9000	0	0	A	0	0	0	0	0	0	0	0	0	0	0	0	0	0	0	0	0	0	0	0
Q8NFC6	BOD1L1	2	3051	3051	0	330462.5900	330462.5900	0	0	A	0	0	0	0	0	0	0	0	0	0	0	0	0	0	0	0	0	0	0	0
Q8NFF5	FLAD1	2	587	570	17	65264.5800	63174.2750	0.03202816903	0.00414660254	Q	0.001649116216	0.0006780417946	-0.0005522047159	0.000466310714	-0.0004720061716	-0.0004613192045	0.0008014692671	0.001016391142	0.00106984395	0.0006620563306	-0.001518290505	0.000796251839	0.002230256769	-0.00414660254	-0.004042904815	0.0002878307923	0.0002236997712	0.001664217485	-0.001990133489	0.001637975371
Q8NFH5	NUP35	2	326	326	0	34773.2250	34773.2250	0	0	A	0	0	0	0	0	0	0	0	0	0	0	0	0	0	0	0	0	0	0	0
Q8NFI4	ST13P5	2	369	369	0	41377.1500	41377.1500	0	0	A	0	0	0	0	0	0	0	0	0	0	0	0	0	0	0	0	0	0	0	0
Q8NFU3	TSTD1	2	115	115	0	12530.0400	12530.0400	0	0	A	0	0	0	0	0	0	0	0	0	0	0	0	0	0	0	0	0	0	0	0
Q8NFV4	ABHD11	2	306	306	0	33746.2450	33746.2450	0	0	A	0	0	0	0	0	0	0	0	0	0	0	0	0	0	0	0	0	0	0	0
Q8NFW8	CMAS	2	434	434	0	48378.6150	48378.6150	0	0	A	0	0	0	0	0	0	0	0	0	0	0	0	0	0	0	0	0	0	0	0
Q8NHH9	ATL2	2	583	583	0	66228.2500	66228.2500	0	0	A	0	0	0	0	0	0	0	0	0	0	0	0	0	0	0	0	0	0	0	0
Q8NHP8	PLBD2	2	589	548	41	65470.8000	61301.7950	0.06367731874	0.009989618679	L	-0.006138795061	-0.0008238534359	0.003379235801	0.003201805067	0.001123518952	-0.002007721603	-0.0009142951462	0.002497676709	0.002783680401	-0.009989618679	-0.00216446543	0.003354354876	0.0006265483514	0.001391485397	-0.0004735729017	0.001715380443	0.0007021688785	-0.0007963922095	0.003518311466	-0.0009854518749
Q8NHU6	TDRD7	2	1098	1098	0	123584.0050	123584.0050	0	0	A	0	0	0	0	0	0	0	0	0	0	0	0	0	0	0	0	0	0	0	0
Q8NHV4	NEDD1	2	660	660	0	71965.1350	71965.1350	0	0	A	0	0	0	0	0	0	0	0	0	0	0	0	0	0	0	0	0	0	0	0
Q8NHW5	RPLP0P6	2	317	317	0	34364.0300	34364.0300	0	0	A	0	0	0	0	0	0	0	0	0	0	0	0	0	0	0	0	0	0	0	0
Q8NI08	NCOA7	2	942	942	0	106160.1450	106160.1450	0	0	A	0	0	0	0	0	0	0	0	0	0	0	0	0	0	0	0	0	0	0	0
Q8NI22	MCFD2	2	146	120	26	16390.0550	13524.5650	0.174831018	0.02555142604	R	-0.01177047446	-0.01275218751	0.01788469057	0.02471238282	-0.01183722185	-0.001176390933	0.0121610745	0.01028145757	0.009821799076	-0.01688901432	-0.007350557355	0.01035592113	-0.005671668577	0.009818439818	-0.02555142604	0.003883581595	-0.008535927517	0.005247161282	-0.01074715968	0.008115519869
Q8NI27	THOC2	2	1593	1593	0	182772.2200	182772.2200	0	0	A	0	0	0	0	0	0	0	0	0	0	0	0	0	0	0	0	0	0	0	0
Q8NI37	PPTC7	2	304	236	68	32645.2850	25733.4050	0.2117267471	0.02135820969	G	-0.006208857536	-0.006085635811	0.00150407554	0.01258144651	-0.006746687955	-0.02135820969	0.001456254312	0.01028194551	-0.009095956389	-0.001663717045	0.0003372248105	0.009414920549	0.006823567121	0.00762008009	-0.009203681757	0.006703533896	0.005631560119	0.0004890198074	0.001455279348	-0.003936161434
Q8NI60	COQ8A	2	647	485	162	71949.0600	55057.4400	0.2347719345	0.01207904998	A	-0.01207904998	0.004052171919	0.004403497425	0.003721105812	-0.006527141899	-0.0104300737	-0.004921371442	0.003364766311	0.00875855018	0.007597461634	-0.0006082934378	0.004095553962	-0.004883086143	-0.003244676904	0.007421214439	-0.007447975363	-4.296321055e-05	0.001508069547	0.001517799327	0.00374444153
Q8TAQ2	SMARCC2	2	1214	1214	0	132877.5550	132877.5550	0	0	A	0	0	0	0	0	0	0	0	0	0	0	0	0	0	0	0	0	0	0	0
Q8TAT6	NPLOC4	2	608	607	1	68119.3550	67988.1600	0.001925957755	0.001855310783	M	7.458691713e-05	4.926901046e-05	0.0001050648994	0.0001442948216	0.0001224929519	7.541910251e-05	7.422452539e-05	9.72661814e-05	0.0001258884309	0.000166293794	-0.001855310783	8.532926071e-05	9.638782994e-05	9.088832603e-05	0.0001083395812	0.0001030649276	0.0001168245711	0.0001036835052	2.930995664e-05	8.668218986e-05
Q8TB22	SPATA20	2	786	764	22	87897.3350	85652.6050	0.02553808941	0.004912124882	L	-0.003043159988	0.0004101439958	0.001421005155	0.001724040604	0.001290442771	-0.001809014883	0.0008888085056	0.0005123414804	0.00125621897	-0.004912124882	-0.0008017706335	0.0007912799152	0.0001907986344	0.001712439978	-0.00289888037	0.001641898793	0.001147678247	0.0004076837305	-0.001203719443	0.001273889419
Q8TB37	NUBPL	2	319	281	38	34082.3600	30254.8600	0.1123014956	0.01094508372	G	-0.002944282165	-0.001876322075	0.005555582372	0.006613592834	-0.001497412861	-0.01094508372	0.002490749017	0.003022528521	0.007510101942	-0.007134171982	-0.001746959246	0.003817853486	0.003761886729	-0.0003033530101	-0.01023155032	-0.0008333425331	0.0008325322216	0.00539893598	-0.003818317422	0.002327032237
Q8TB45	DEPTOR	2	409	409	0	46293.2300	46293.2300	0	0	A	0	0	0	0	0	0	0	0	0	0	0	0	0	0	0	0	0	0	0	0
Q8TB61	SLC35B2	2	432	432	0	47514.1050	47514.1050	0	0	A	0	0	0	0	0	0	0	0	0	0	0	0	0	0	0	0	0	0	0	0
Q8TB72	PUM2	2	1066	1066	0	114213.8050	114213.8050	0	0	A	0	0	0	0	0	0	0	0	0	0	0	0	0	0	0	0	0	0	0	0
Q8TBA6	GOLGA5	2	731	730	1	83022.9200	82891.7250	0.00158022628	0.001512888573	M	7.197091486e-05	1.957570108e-06	7.741740614e-05	0.0001830416914	4.003437679e-05	3.153536223e-05	4.261463385e-05	6.145971987e-05	0.0001180988668	0.0001653054535	-0.001512888573	8.965528913e-05	2.976230393e-05	0.000144031339	0.0001266539458	0.0001341363682	8.083362126e-05	6.056898993e-05	9.898686879e-06	4.391203299e-05
Q8TBC4	UBA3	2	463	462	1	51851.7300	51720.5350	0.002530195232	0.002430304972	M	0.0001067273724	6.00605592e-05	0.0001374570201	0.0002005691045	0.0001501257862	9.303289409e-05	5.127322416e-05	0.0001625566101	0.000132858458	0.0002546720224	-0.002430304972	0.0001255293447	0.0001331666261	0.000120739107	0.000172706329	0.00010418891	0.000137781712	0.0001548606693	4.218102578e-05	8.981819677e-05
Q8TC12	RDH11	2	318	318	0	35385.6850	35385.6850	0	0	A	0	0	0	0	0	0	0	0	0	0	0	0	0	0	0	0	0	0	0	0
Q8TCA0	LRRC20	2	184	184	0	20508.5950	20508.5950	0	0	A	0	0	0	0	0	0	0	0	0	0	0	0	0	0	0	0	0	0	0	0
Q8TCB0	IFI44	2	444	444	0	50490.2750	50490.2750	0	0	A	0	0	0	0	0	0	0	0	0	0	0	0	0	0	0	0	0	0	0	0
Q8TCC3	MRPL30	2	161	127	34	18545.4700	14688.9200	0.2079510522	0.02374145031	K	0.001320566997	-0.004164267626	-0.001300862498	0.01122806092	0.004063081715	-0.005894011936	0.008023964512	-0.005459154356	0.02374145031	-0.006741153859	-0.003293330256	0.008124195717	0.004829000209	-0.002856619766	-0.009392364392	0.004142569672	-0.007887571211	-0.008902101009	-0.01403807749	0.004456624348
Q8TCD5	NT5C	2	201	201	0	23382.4000	23382.4000	0	0	A	0	0	0	0	0	0	0	0	0	0	0	0	0	0	0	0	0	0	0	0
Q8TCE6	DENND10	2	357	357	0	40512.4600	40512.4600	0	0	A	0	0	0	0	0	0	0	0	0	0	0	0	0	0	0	0	0	0	0	0
Q8TCJ2	STT3B	2	826	825	1	93672.9250	93541.7300	0.001400564784	0.001329338489	M	7.34506571e-05	1.690461638e-05	5.571156587e-05	6.158409231e-05	0.0001131438318	5.52265329e-05	5.116565024e-05	8.651496412e-05	7.973325456e-05	0.0001297724462	-0.001329338489	5.530136801e-05	4.965017591e-05	3.707255076e-05	8.396245279e-05	7.997716627e-05	7.101268154e-05	8.023972334e-05	5.698680682e-05	9.192795227e-05
Q8TCS8	PNPT1	2	783	738	45	85949.4700	80871.5550	0.05908023633	0.009900996772	R	-0.001277873062	-0.004314332542	0.000750901644	0.004415484346	0.0008274536894	0.000845937875	0.0008730320078	0.004428576544	0.004387274224	-0.005733078582	9.438016004e-05	0.002230325276	-0.0008612608076	0.0002762468562	-0.009900996772	-0.001704485452	0.00245860241	0.003663107714	-0.001913757269	0.0004544617411
Q8TCZ2	CD99L2	2	262	237	25	27985.5150	25319.3600	0.09526910618	0.01158691478	D	-0.00486987075	-0.002925328242	0.01158691478	0.005692571236	-0.006911586015	0.001941956267	0.001500717779	0.003383377825	0.006598902244	-0.0105534412	-0.00360257698	0.003833867218	0.007052906048	-0.0007013201635	-0.002795279696	-0.005240145894	0.003653120607	-0.00621921716	-0.004930757127	0.003505189228
Q8TD16	BICD2	2	824	823	1	93531.5750	93400.3800	0.001402681394	0.001348528968	M	8.502864791e-05	6.167289097e-06	6.097553325e-05	0.0002115703134	2.102126291e-05	3.248032631e-05	3.553851985e-05	4.339931925e-05	0.0001134808426	0.0001819432999	-0.001348528968	5.043881451e-05	3.662718687e-05	9.856438659e-05	0.0001307902028	7.890208043e-05	6.518207643e-05	4.770537588e-05	2.59880278e-06	4.611468766e-05
Q8TD19	NEK9	2	979	978	1	107167.2200	107036.0250	0.001224208298	0.001168530067	M	4.700869835e-05	3.603359027e-05	6.129229319e-05	0.0001044526667	4.278919291e-05	6.985938011e-05	3.274620967e-05	5.411149734e-05	7.713774399e-05	0.0001245822846	-0.001168530067	4.816579569e-05	5.301714287e-05	6.309111378e-05	7.186264266e-05	7.561522225e-05	6.399695186e-05	7.080589552e-05	2.155150158e-05	5.04102441e-05
Q8TD30	GPT2	2	523	523	0	57902.8800	57902.8800	0	0	A	0	0	0	0	0	0	0	0	0	0	0	0	0	0	0	0	0	0	0	0
Q8TD55	PLEKHO2	2	490	490	0	53349.1750	53349.1750	0	0	A	0	0	0	0	0	0	0	0	0	0	0	0	0	0	0	0	0	0	0	0
Q8TDB6	DTX3L	2	740	739	1	83553.2550	83422.0600	0.001570196158	0.001504723955	M	5.249915605e-05	3.666354922e-05	6.995417423e-05	0.000149969467	8.681991015e-05	4.901984251e-05	5.436208431e-05	8.774157945e-05	0.0001676377416	0.0001232560283	-0.001504723955	4.839695524e-05	7.334493618e-05	9.310022559e-05	8.600654137e-05	0.0001171604608	6.64009615e-05	7.276600618e-05	3.252519514e-06	6.637181592e-05
Q8TDC0	MYOZ3	1	251	251	0	27156.5100	27156.5100	0	0	A	0	0	0	0	0	0	0	0	0	0	0	0	0	0	0	0	0	0	0	0
Q8TDD1	DDX54	2	881	881	0	98593.3000	98593.3000	0	0	A	0	0	0	0	0	0	0	0	0	0	0	0	0	0	0	0	0	0	0	0
Q8TDX7	NEK7	2	302	302	0	34550.4850	34550.4850	0	0	A	0	0	0	0	0	0	0	0	0	0	0	0	0	0	0	0	0	0	0	0
Q8TDY2	RB1CC1	2	1594	1594	0	183088.0850	183088.0850	0	0	A	0	0	0	0	0	0	0	0	0	0	0	0	0	0	0	0	0	0	0	0
Q8TEA8	DTD1	2	209	209	0	23423.2500	23423.2500	0	0	A	0	0	0	0	0	0	0	0	0	0	0	0	0	0	0	0	0	0	0	0
Q8TED0	UTP15	2	518	517	1	58414.3950	58283.2000	0.002245936126	0.00216415819	M	8.712996822e-05	2.369888192e-05	0.0001345107801	0.0001343001842	0.000107703816	7.831297746e-05	8.092619191e-05	0.0001368364627	0.0001953974379	0.0002223592519	-0.00216415819	6.46066416e-05	8.257118693e-05	7.62265787e-05	0.0001760464154	0.0001404632105	0.0001203826005	0.0001527635092	1.997270413e-05	0.0001299493908
Q8TED1	GPX8	2	209	209	0	23880.7600	23880.7600	0	0	A	0	0	0	0	0	0	0	0	0	0	0	0	0	0	0	0	0	0	0	0
Q8TEM1	NUP210	2	1887	1861	26	205108.0000	202661.0800	0.0119299101	0.002594315187	L	-0.002281869721	0.0001000898632	0.0004879184634	0.0007444544994	0.000614083033	-0.0004923597771	0.0004325699917	0.0007111065289	0.0004906161851	-0.002594315187	-0.0003698619085	0.0003547176161	0.0002377123863	0.0007243545367	-0.000701720015	4.329978117e-05	0.0002521009489	0.0006410891568	0.0001476172655	0.0004583963527
Q8TEQ6	GEMIN5	2	1508	1508	0	168586.7850	168586.7850	0	0	A	0	0	0	0	0	0	0	0	0	0	0	0	0	0	0	0	0	0	0	0
Q8TF09	DYNLRB2	2	96	95	1	10854.4750	10723.2800	0.01208671999	0.01144612638	M	0.0004259880889	0.000115866465	0.0006364240053	0.0009849127683	0.0001579727745	0.0002871606316	0.0005934857065	0.001128952113	0.0009786202514	0.001128952113	-0.01144612638	0.0005053904708	0.0004403996738	0.0005590203103	0.0008329456177	0.0004019942823	0.001025240342	0.0008962533099	0	0.0003465474546
Q8TF66	LRRC15	2	581	560	21	64365.1000	62128.3750	0.03475058689	0.004550336549	L	-0.00236478369	-0.0007396195491	0.001288768565	0.001567078669	0.001439538026	-0.001883608013	-0.0009471110354	0.002032129498	-0.001246293645	-0.004550336549	-0.001344277489	0.0031342348	0.0005234378157	0.0005936730298	0.00210840988	0.002289500744	0.001557095796	0.0001356064581	-0.002136489446	-0.001456953864
Q8WTS6	SETD7	2	366	366	0	40720.4050	40720.4050	0	0	A	0	0	0	0	0	0	0	0	0	0	0	0	0	0	0	0	0	0	0	0
Q8WTT2	NOC3L	2	800	800	0	92546.4250	92546.4250	0	0	A	0	0	0	0	0	0	0	0	0	0	0	0	0	0	0	0	0	0	0	0
Q8WTW3	COG1	2	980	979	1	108976.2750	108845.0800	0.001203885892	0.00114788372	M	6.890659089e-05	2.37100392e-05	5.085288833e-05	9.048964474e-05	4.618050955e-05	2.938119252e-05	3.759056389e-05	5.133783167e-05	7.901314932e-05	0.000161347471	-0.00114788372	2.831718732e-05	5.042432291e-05	8.988076315e-05	7.629564015e-05	9.792985348e-05	5.661200985e-05	5.785912682e-05	2.473975172e-05	2.701518341e-05
Q8WU10	PYROXD1	1	500	500	0	55792.1850	55792.1850	0	0	A	0	0	0	0	0	0	0	0	0	0	0	0	0	0	0	0	0	0	0	0
Q8WU76	SCFD2	2	684	684	0	75126.0250	75126.0250	0	0	A	0	0	0	0	0	0	0	0	0	0	0	0	0	0	0	0	0	0	0	0
Q8WU90	ZC3H15	2	426	426	0	48601.9550	48601.9550	0	0	A	0	0	0	0	0	0	0	0	0	0	0	0	0	0	0	0	0	0	0	0
Q8WUD4	CCDC12	2	166	166	0	19180.4850	19180.4850	0	0	A	0	0	0	0	0	0	0	0	0	0	0	0	0	0	0	0	0	0	0	0
Q8WUH6	TMEM263	2	116	116	0	11748.3450	11748.3450	0	0	A	0	0	0	0	0	0	0	0	0	0	0	0	0	0	0	0	0	0	0	0
Q8WUK0	PTPMT1	2	201	174	27	22843.2100	19888.6950	0.1293388714	0.02210764918	L	-0.01079726857	0.002055719902	0.005269379974	0.001925689449	-0.008755492282	-0.001431478777	0.005264855445	0.007418531407	0.009094812968	-0.02210764918	-0.003110374439	0.002988904077	-0.0004465468455	0.009091702354	0.001604333569	0.005943534845	-0.005428282262	0.005508665196	0.003464997676	-0.007554034509
Q8WUM0	NUP133	2	1156	1156	0	128976.8150	128976.8150	0	0	A	0	0	0	0	0	0	0	0	0	0	0	0	0	0	0	0	0	0	0	0
Q8WUM4	PDCD6IP	2	868	867	1	96021.6650	95890.4700	0.001366306239	0.001313267309	M	9.50501615e-05	1.597665449e-05	7.020444744e-05	0.0001040607952	5.940717509e-05	3.509658953e-05	2.045871529e-05	5.503468137e-05	0.0001104058559	0.0001305108158	-0.001313267309	5.860088605e-05	0.0001007500472	0.0001051124713	7.10004271e-05	7.054777361e-05	6.425857524e-05	7.021763385e-05	4.896233951e-06	7.167736945e-05
Q8WUP2	FBLIM1	2	373	373	0	40669.3100	40669.3100	0	0	A	0	0	0	0	0	0	0	0	0	0	0	0	0	0	0	0	0	0	0	0
Q8WUY1	THEM6	2	208	191	17	23864.5050	22197.3700	0.06985835239	0.01972800037	L	-0.008686930303	0.001691028066	0.004086883776	0.004517680014	-0.002758755298	-0.003974263805	0.003031596287	0.0003661474932	0.0004080742703	-0.01972800037	-0.004574402777	0.00110639796	0.002892361425	0.003263477604	0.0136153161	0.002933478697	0.00166255582	-0.003585914617	0.001710177047	0.002023092606
Q8WVM8	SCFD1	2	642	641	1	72378.7850	72247.5900	0.001812616777	0.001717704885	M	9.642123313e-05	1.542709171e-05	0.000121456303	0.0001248920438	8.763897877e-05	4.460648412e-05	3.621746186e-05	9.464266959e-05	0.000136503532	0.000194852555	-0.001717704885	9.25243518e-05	6.841007749e-05	8.993746603e-05	0.0001145996763	9.589664071e-05	9.100405241e-05	0.000106901622	1.733531787e-05	8.843732694e-05
Q8WVT3	TRAPPC12	2	735	735	0	79373.8900	79373.8900	0	0	A	0	0	0	0	0	0	0	0	0	0	0	0	0	0	0	0	0	0	0	0
Q8WVV4	POF1B	2	589	589	0	68063.9400	68063.9400	0	0	A	0	0	0	0	0	0	0	0	0	0	0	0	0	0	0	0	0	0	0	0
Q8WW12	PCNP	2	178	177	1	18924.6450	18793.4500	0.006932494639	0.006610007898	M	0.0005200124216	0	0.0003680033082	0.0008587880525	0.0002537376513	0.0003459304827	0.0001429895148	0.0002417780813	0.0009880331245	0.0002417780813	-0.006610007898	0.0003652937422	0.0004597936985	0.0001795809449	0.0003210927939	0.0006779721353	0.0004025395232	0.0001799465212	6.273782086e-05	0
Q8WW22	DNAJA4	2	397	394	3	44797.2000	44496.8950	0.006703655586	0.002311429856	Q	-0.001550532142	0.0001923493761	0.0004226098046	0.000720200188	0.0002403957081	0.0003674670571	0.0002052589256	0.0005206022546	0.0008316419596	0.0005206022546	0.0002171405267	0.0001398327257	0.0003046272653	-0.002311429856	0.0004378768881	0.0002363527092	-0.002167732931	0.0004029636877	5.403542093e-05	0.0002157381776
Q8WW59	SPRYD4	2	207	207	0	23098.1200	23098.1200	0	0	A	0	0	0	0	0	0	0	0	0	0	0	0	0	0	0	0	0	0	0	0
Q8WWC4	MAIP1	2	291	195	96	32544.1200	22409.3200	0.3114172391	0.03806069607	R	-0.02969302111	-0.01310131122	0.01129837381	0.02643565102	0.004172786733	-0.003565765239	0.005299303211	0.02067843727	0.03191023593	-0.02187270978	-0.0003318232733	0.01441952381	-0.02655071859	0.006113750216	-0.03806069607	-0.008708995965	0.0110263716	0.004640430795	0.004498839305	0.001391337545
Q8WWI1	LMO7	2	1683	1683	0	192692.6700	192692.6700	0	0	A	0	0	0	0	0	0	0	0	0	0	0	0	0	0	0	0	0	0	0	0
Q8WWM7	ATXN2L	2	1075	1075	0	113371.7500	113371.7500	0	0	A	0	0	0	0	0	0	0	0	0	0	0	0	0	0	0	0	0	0	0	0
Q8WWM9	CYGB	2	190	190	0	21404.3350	21404.3350	0	0	A	0	0	0	0	0	0	0	0	0	0	0	0	0	0	0	0	0	0	0	0
Q8WWQ0	PHIP	2	1821	1821	0	206686.1700	206686.1700	0	0	A	0	0	0	0	0	0	0	0	0	0	0	0	0	0	0	0	0	0	0	0
Q8WWV3	RTN4IP1	2	396	356	40	43589.1850	38963.7050	0.1061153128	0.01615919843	R	0.002491424656	-0.006041987446	0.006187682435	0.002570258262	-0.0007560788899	0.005409387277	0.00324574394	0.002291448218	0.0008652882537	0.003363304692	0.000872439457	0.001386725567	0.0002758883569	-0.0001645958079	-0.01615919843	-0.00547733459	-0.003859313913	-0.0001151051851	0.0002446882665	0.003369334877
Q8WWY3	PRPF31	2	499	499	0	55455.2900	55455.2900	0	0	A	0	0	0	0	0	0	0	0	0	0	0	0	0	0	0	0	0	0	0	0
Q8WWY7	WFDC12	2	111	88	23	12049.8100	9715.9550	0.1936839668	0.03991067136	L	-0.001709911407	0.02103149483	0.01386245607	0.01249981246	-0.00603794664	-0.0002754515917	0.005386326219	0.004553815083	0.02283868279	-0.03991067136	-0.02126792223	0.004586796133	0.01798630241	0.007610290496	0.01209536613	-0.02083739732	-0.00435401782	-0.03789332054	0.003544942122	0.006290354158
Q8WX92	NELFB	2	628	628	0	70055.9750	70055.9750	0	0	A	0	0	0	0	0	0	0	0	0	0	0	0	0	0	0	0	0	0	0	0
Q8WX93	PALLD	1	1383	1383	0	150561.4600	150561.4600	0	0	A	0	0	0	0	0	0	0	0	0	0	0	0	0	0	0	0	0	0	0	0
Q8WXE0	CASKIN2	2	1202	1202	0	126781.2050	126781.2050	0	0	A	0	0	0	0	0	0	0	0	0	0	0	0	0	0	0	0	0	0	0	0
Q8WXF1	PSPC1	2	523	523	0	58742.8500	58742.8500	0	0	A	0	0	0	0	0	0	0	0	0	0	0	0	0	0	0	0	0	0	0	0
Q8WXH0	SYNE2	1	6885	6885	0	796429.2700	796429.2700	0	0	A	0	0	0	0	0	0	0	0	0	0	0	0	0	0	0	0	0	0	0	0
Q8WXI3	ASB10	2	467	467	0	50893.3500	50893.3500	0	0	A	0	0	0	0	0	0	0	0	0	0	0	0	0	0	0	0	0	0	0	0
Q8WXX5	DNAJC9	2	260	260	0	29909.3150	29909.3150	0	0	A	0	0	0	0	0	0	0	0	0	0	0	0	0	0	0	0	0	0	0	0
Q8WY91	THAP4	2	577	577	0	62888.9200	62888.9200	0	0	A	0	0	0	0	0	0	0	0	0	0	0	0	0	0	0	0	0	0	0	0
Q8WYL5	SSH1	2	1049	1048	1	115509.2000	115378.0050	0.001135796975	0.00108313472	M	5.673788535e-05	1.80378691e-05	5.834550275e-05	0.0001034364536	4.098816438e-05	3.663294963e-05	3.46472688e-05	3.580155744e-05	7.617486213e-05	0.0001204234205	-0.00108313472	4.15246158e-05	8.284403025e-05	5.3183295e-05	8.068441211e-05	0.0001086487831	4.630586529e-05	4.166431153e-05	1.857994475e-05	2.847352837e-05
Q8WYP5	AHCTF1	2	2266	2266	0	252494.6150	252494.6150	0	0	A	0	0	0	0	0	0	0	0	0	0	0	0	0	0	0	0	0	0	0	0
Q8WZ42	TTN	1	34350	34350	0	3815987.0450	3815987.0450	0	0	A	0	0	0	0	0	0	0	0	0	0	0	0	0	0	0	0	0	0	0	0
Q8WZA0	LZIC	2	190	190	0	21494.1850	21494.1850	0	0	A	0	0	0	0	0	0	0	0	0	0	0	0	0	0	0	0	0	0	0	0
Q8WZA9	IRGQ	2	623	623	0	62716.2100	62716.2100	0	0	A	0	0	0	0	0	0	0	0	0	0	0	0	0	0	0	0	0	0	0	0
Q92499	DDX1	2	740	740	0	82431.1550	82431.1550	0	0	A	0	0	0	0	0	0	0	0	0	0	0	0	0	0	0	0	0	0	0	0
Q92506	HSD17B8	2	261	261	0	26973.4400	26973.4400	0	0	A	0	0	0	0	0	0	0	0	0	0	0	0	0	0	0	0	0	0	0	0
Q92520	FAM3C	2	227	203	24	24680.2400	22159.1200	0.1021513567	0.01838317761	V	-0.009462429702	0.002412194199	0.007419746899	0.006444317363	-0.004913237481	0.003666257262	0.001235562661	0.001705387686	0.005975396804	-0.006896667584	-0.001624843346	0.00683903643	0.003667427114	0.002909525093	-0.001203340235	0.0001109599879	0.001074405461	-0.01838317761	0.002439509571	-0.003416030571
Q92522	H1-10	2	213	212	1	22486.8900	22355.6950	0.005834288334	0.005639718965	M	0.0006182089501	0	0.0001154501224	0.0003190491457	7.164239566e-05	0.0003906915413	6.72880785e-05	8.533203922e-05	0.001299744157	0.0003413281569	-0.005639718965	0.0002005501338	0.0003245549282	0.0002535218767	0.0004910750324	0.0002962518666	0.0002841408799	0.0002794417736	4.42847934e-05	0.000157163093
Q92523	CPT1B	2	772	772	0	87799.7850	87799.7850	0	0	A	0	0	0	0	0	0	0	0	0	0	0	0	0	0	0	0	0	0	0	0
Q92526	CCT6B	2	530	530	0	57820.7350	57820.7350	0	0	A	0	0	0	0	0	0	0	0	0	0	0	0	0	0	0	0	0	0	0	0
Q92530	PSMF1	2	271	270	1	29816.2800	29685.0850	0.004400112958	0.004246665975	M	0.0001776040994	4.528814827e-05	0.0003316745094	0.0002566452998	0.000205820106	0.000233835513	0.0001933106692	0.0001961190627	0.0001457174952	0.000441267891	-0.004246665975	0.0001646162141	0.0005020657474	0.0001092507426	0.0003472739266	0.0002095006714	0.0001335768625	0.000248139132	0.0001017799674	0.0002031799171
Q92538	GBF1	2	1860	1860	0	206570.8050	206570.8050	0	0	A	0	0	0	0	0	0	0	0	0	0	0	0	0	0	0	0	0	0	0	0
Q92542	NCSTN	2	709	676	33	78409.7500	75250.0450	0.04029734823	0.005931433145	L	-0.001768413272	-0.002030167888	0.00060929427	0.002633996157	0.0005227209677	-0.005385187542	0.0008771287199	0.001915695671	0.001652948083	-0.005931433145	-0.000933757841	0.002116302707	0.0008524720245	0.002134327707	-0.002942161136	-0.0002896279328	0.001218733628	0.001640110686	0.001058330379	0.002048687757
Q92544	TM9SF4	2	642	619	23	74517.7350	71917.6700	0.0348918952	0.004245993783	L	-0.002053429282	-0.00079461294	-8.707744373e-05	0.0003380826475	0.001494218074	0.001108061564	0.0007851677558	0.002544613228	0.001664603719	-0.004245993783	-0.003942535822	0.001225802989	-2.676779892e-05	0.00129424897	0.002057006255	-0.00175742585	-0.001361524136	0.002470254662	-0.003539950404	0.002827257595
Q92552	MRPS27	2	414	378	36	47610.5250	43696.8950	0.08220094191	0.008693993246	E	-0.003704647725	0.001193235259	0.001733176919	0.008693993246	0.003524866459	-0.001125440257	0.002291974873	0.0006315302026	0.004543155672	-0.003100514784	-0.003951335601	0.002819210343	-0.002481914378	0.001886958973	-0.008654361699	-0.002806002497	0.002737337097	-0.005050921035	0.002346453081	-0.001526754147
Q92556	ELMO1	2	727	727	0	83828.0800	83828.0800	0	0	A	0	0	0	0	0	0	0	0	0	0	0	0	0	0	0	0	0	0	0	0
Q92575	UBXN4	2	508	508	0	56776.6650	56776.6650	0	0	A	0	0	0	0	0	0	0	0	0	0	0	0	0	0	0	0	0	0	0	0
Q92598	HSPH1	2	858	857	1	96863.8850	96732.6900	0.001354426369	0.001289752812	M	6.226953191e-05	2.296539279e-05	8.041607317e-05	0.0001516404687	7.436386954e-05	3.468371855e-05	2.573205352e-05	6.060294875e-05	0.0001385486453	9.945099281e-05	-0.001289752812	8.295433098e-05	6.137558561e-05	6.925062938e-05	6.603782476e-05	6.100312773e-05	5.362445753e-05	9.437258173e-05	9.67727079e-06	4.078330868e-05
Q92616	GCN1	2	2671	2670	1	292705.2900	292574.0950	0.0004482153363	0.0004247757722	M	2.896842018e-05	6.540092429e-06	2.172486605e-05	3.195679897e-05	1.422439772e-05	1.40862244e-05	1.076764852e-05	2.174701029e-05	3.024954685e-05	6.760117151e-05	-0.0004247757722	1.052775054e-05	1.893973095e-05	2.422892493e-05	2.977660108e-05	2.7552873e-05	1.974920992e-05	3.101593261e-05	6.036725649e-06	9.081846621e-06
Q92621	NUP205	2	2012	2011	1	227917.5250	227786.3300	0.0005756248889	0.0005505106423	M	2.649720248e-05	1.088841889e-05	2.76252397e-05	4.501876095e-05	2.650948446e-05	1.542033875e-05	1.693082892e-05	3.227666273e-05	2.815246588e-05	8.448065637e-05	-0.0005505106423	1.667926243e-05	2.340282986e-05	4.221425574e-05	4.174672765e-05	3.058134384e-05	2.191994203e-05	2.93281332e-05	8.739458669e-06	2.209862977e-05
Q92629	SGCD	2	289	289	0	32071.0300	32071.0300	0	0	A	0	0	0	0	0	0	0	0	0	0	0	0	0	0	0	0	0	0	0	0
Q92643	PIGK	2	395	368	27	45251.1100	42604.0350	0.05849746006	0.008477414898	A	-0.008477414898	0.0007367928209	0.001180698386	0.004294658082	0.001264451908	0.0001181132554	0.002264379125	0.003828792908	0.00337821576	-0.007423353063	-0.0003096582704	0.002892392233	0.002660469119	0.003021580305	0.0006978168384	-0.004706792772	-0.004073817224	-0.005674382992	0.001241893611	0.003085164868
Q92665	MRPS31	2	395	330	65	45317.8100	38105.5550	0.1591483569	0.01643192117	E	-0.002673644557	0.0008801685389	0.008702161545	0.01643192117	0.0001455944222	-0.0010245293	-0.002538711603	0.003094546717	0.01632693914	-0.007155982814	-0.002983484764	-0.0003634464735	-0.003873302399	0.005704993957	-0.0139326599	-0.008119834495	-0.004982114676	-0.002982801213	0.002967118175	-0.003622931469
Q92667	AKAP1	2	903	874	29	97340.1400	93873.9650	0.0356088968	0.005076143841	F	-0.0003834879738	0.0006598970206	0.002089498756	0.003676747613	-0.005076143841	9.723799112e-05	0.0008947305505	0.0001479888354	0.0007269742958	-0.003356540951	-0.002149133674	0.0008889060074	0.00059175444	0.0004926225964	-0.001113811832	0.001247197666	0.001870030743	0.002702357305	-0.004935625511	0.0009287999624
Q92688	ANP32B	2	251	251	0	28787.3900	28787.3900	0	0	A	0	0	0	0	0	0	0	0	0	0	0	0	0	0	0	0	0	0	0	0
Q92696	RABGGTA	2	567	567	0	65070.6200	65070.6200	0	0	A	0	0	0	0	0	0	0	0	0	0	0	0	0	0	0	0	0	0	0	0
Q92734	TFG	2	400	400	0	43447.1450	43447.1450	0	0	A	0	0	0	0	0	0	0	0	0	0	0	0	0	0	0	0	0	0	0	0
Q92736	RYR2	1	4967	4967	0	564559.6000	564559.6000	0	0	A	0	0	0	0	0	0	0	0	0	0	0	0	0	0	0	0	0	0	0	0
Q92743	HTRA1	2	480	458	22	51286.3250	49047.5550	0.04365237712	0.01439188787	L	-0.006185408193	0.001488438757	0.002554875766	0.003389020629	0.001268339377	0.002420847482	0.001072126454	0.001335711256	0.00303063164	-0.01439188787	-0.001917518189	0.001825966447	-0.003377883698	-0.0007559929382	0.001105128724	0.0008280708742	0.001737760849	0.003597940748	0	0.0009738318799
Q92747	ARPC1A	2	370	370	0	41568.6950	41568.6950	0	0	A	0	0	0	0	0	0	0	0	0	0	0	0	0	0	0	0	0	0	0	0
Q92769	HDAC2	2	488	488	0	55363.6150	55363.6150	0	0	A	0	0	0	0	0	0	0	0	0	0	0	0	0	0	0	0	0	0	0	0
Q92783	STAM	2	540	539	1	59178.6350	59047.4400	0.002216931837	0.002081328973	M	0.0001347452856	2.672395229e-05	0.0001342058407	0.000176168483	6.246092079e-05	5.677028057e-05	5.377591988e-05	7.02630217e-05	0.0001427982032	0.000214922184	-0.002081328973	9.991327386e-05	0.0001668744008	0.000188797545	4.940080696e-05	0.0001556333383	0.0001163562622	0.0001144319687	2.573959127e-05	9.134769448e-05
Q92797	SYMPK	2	1274	1274	0	141146.1050	141146.1050	0	0	A	0	0	0	0	0	0	0	0	0	0	0	0	0	0	0	0	0	0	0	0
Q92817	EVPL	2	2033	2033	0	231599.9700	231599.9700	0	0	A	0	0	0	0	0	0	0	0	0	0	0	0	0	0	0	0	0	0	0	0
Q92820	GGH	2	318	294	24	35963.9250	33647.0750	0.06442150016	0.01917774121	L	-0.003695535805	-0.007900506288	0.002932399818	0.001207139578	0.005879018462	-0.003113973206	0.001840566851	0.003779072432	0.005698325825	-0.01917774121	-0.00206312305	0.003806442401	-0.0002260959038	0.00198134848	0.002657005395	-0.004003031257	0.003230029163	0.0005640899365	0.001384395055	0.005220173317
Q92831	KAT2B	1	832	832	0	93011.8850	93011.8850	0	0	A	0	0	0	0	0	0	0	0	0	0	0	0	0	0	0	0	0	0	0	0
Q92841	DDX17	2	729	729	0	80271.3700	80271.3700	0	0	A	0	0	0	0	0	0	0	0	0	0	0	0	0	0	0	0	0	0	0	0
Q92878	RAD50	2	1312	1312	0	153889.9250	153889.9250	0	0	A	0	0	0	0	0	0	0	0	0	0	0	0	0	0	0	0	0	0	0	0
Q92879	CELF1	2	486	486	0	52062.3350	52062.3350	0	0	A	0	0	0	0	0	0	0	0	0	0	0	0	0	0	0	0	0	0	0	0
Q92890	UFD1	2	307	307	0	34499.9500	34499.9500	0	0	A	0	0	0	0	0	0	0	0	0	0	0	0	0	0	0	0	0	0	0	0
Q92896	GLG1	2	1179	1150	29	134550.1400	131394.3150	0.02345463929	0.003118263356	A	-0.003118263356	0.0004825039885	0.0014671657	0.001339729275	-0.001428469942	-0.0002878605953	-0.0002252032059	0.001242244592	0.0009907211636	-0.002649359894	-0.00108179489	0.0007384376424	0.0006971012684	0.001792416593	-0.00247186179	0.0004511385803	0.0007952357609	0.000284654638	0.0002219417843	0.0007595226863
Q92900	UPF1	2	1129	1129	0	124343.4900	124343.4900	0	0	A	0	0	0	0	0	0	0	0	0	0	0	0	0	0	0	0	0	0	0	0
Q92901	RPL3L	2	407	407	0	46295.4200	46295.4200	0	0	A	0	0	0	0	0	0	0	0	0	0	0	0	0	0	0	0	0	0	0	0
Q92905	COPS5	2	334	333	1	37578.2650	37447.0700	0.003491246868	0.0032828621	M	0.0001966774966	3.821087101e-05	0.0001679058082	0.000266806713	0.0001302421134	0.0001361325355	9.786095473e-05	0.0001861549998	0.0002996806456	0.0003206002775	-0.0032828621	0.0001458358449	9.077289492e-05	0.0002189224932	0.0001236113477	0.0002071424374	0.0001690537743	0.0001477848643	9.66089148e-05	0.0002428571129
Q92917	GPKOW	2	476	475	1	52228.1250	52096.9300	0.002511960749	0.002394303195	M	0.000129837562	1.961950963e-05	0.0001670354463	0.0002322922574	4.01239699e-05	0.0001306783866	4.396617784e-05	5.841119564e-05	0.000142035793	0.0002230245652	-0.002394303195	7.487994092e-05	0.0001771091479	0.0001479033477	0.0002820830783	0.0001191209959	0.0001157350274	0.0001849591378	2.480209799e-05	8.06855572e-05
Q92945	KHSRP	2	711	710	1	73114.4000	72983.2050	0.001794379767	0.001697629959	M	0.0001064624609	1.227000668e-05	9.16584487e-05	8.344009626e-05	4.014953588e-05	0.0002007039303	3.456686513e-05	0.0001062698432	9.178989859e-05	5.313492162e-05	-0.001697629959	5.351975181e-05	0.0002448461806	0.0001864769609	0.0001058485555	6.811251248e-05	5.066633725e-05	6.169232972e-05	2.895421814e-05	7.706710583e-05
Q92947	GCDH	2	438	394	44	48126.4650	43466.1650	0.09683445481	0.007872680654	S	-0.0006998884495	0.002100711199	0.004359047018	0.005025594925	0.003500588123	-0.001207202523	-8.054340604e-05	0.005559321316	-0.001278312589	-0.002430139041	0.001359790883	0.004072425276	0.001271006351	-0.003324492239	-0.006492836088	-0.007872680654	-0.002021375872	-0.004305634534	-0.002073146291	0.004537766597
Q92952	KCNN1	1	543	543	0	59986.4900	59986.4900	0	0	A	0	0	0	0	0	0	0	0	0	0	0	0	0	0	0	0	0	0	0	0
Q92973	TNPO1	2	898	898	0	102353.3850	102353.3850	0	0	A	0	0	0	0	0	0	0	0	0	0	0	0	0	0	0	0	0	0	0	0
Q92974	ARHGEF2	2	986	986	0	111540.7250	111540.7250	0	0	A	0	0	0	0	0	0	0	0	0	0	0	0	0	0	0	0	0	0	0	0
Q92995	USP13	2	863	863	0	97325.7600	97325.7600	0	0	A	0	0	0	0	0	0	0	0	0	0	0	0	0	0	0	0	0	0	0	0
Q93008	USP9X	2	2554	2554	0	290458.2350	290458.2350	0	0	A	0	0	0	0	0	0	0	0	0	0	0	0	0	0	0	0	0	0	0	0
Q93009	USP7	2	1102	1102	0	128300.3450	128300.3450	0	0	A	0	0	0	0	0	0	0	0	0	0	0	0	0	0	0	0	0	0	0	0
Q93034	CUL5	2	780	780	0	90953.9950	90953.9950	0	0	A	0	0	0	0	0	0	0	0	0	0	0	0	0	0	0	0	0	0	0	0
Q93045	STMN2	2	179	179	0	20827.7500	20827.7500	0	0	A	0	0	0	0	0	0	0	0	0	0	0	0	0	0	0	0	0	0	0	0
Q93050	ATP6V0A1	2	837	837	0	96411.4400	96411.4400	0	0	A	0	0	0	0	0	0	0	0	0	0	0	0	0	0	0	0	0	0	0	0
Q93052	LPP	2	612	612	0	65745.6250	65745.6250	0	0	A	0	0	0	0	0	0	0	0	0	0	0	0	0	0	0	0	0	0	0	0
Q93077	H2AC6	2	130	129	1	14105.2650	13974.0700	0.009301136845	0.009082000341	M	0.0008448999033	0	0.0001485030698	0.000574548447	9.215335122e-05	0.0005863026156	0.000346209636	0.0004390491584	0.001060201461	0.001170797756	-0.009082000341	0.0004422289762	0.0003211337044	0.0004076303271	0.001263336032	0.0002931289933	0.0002658104533	0.0005228289894	0	0.0003032374667
Q93079	H2BC9	2	126	125	1	13891.9450	13760.7500	0.009443961951	0.009070102935	M	0.000669252928	0	0.0003076493597	0.0005101177718	0.0001909113363	0.0003036563899	0.0002689620482	0.0004547824926	0.001689528921	0.0004547824926	-0.009070102935	0.0002290381296	0.0003991698435	0.0002533426601	0.0008052970466	0.0008501731722	0.0005506715511	0.0006092601472	0	0.0005235066442
Q93084	ATP2A3	2	999	999	0	109254.7500	109254.7500	0	0	A	0	0	0	0	0	0	0	0	0	0	0	0	0	0	0	0	0	0	0	0
Q93096	PTP4A1	2	173	170	3	19814.8800	19470.4550	0.01738213908	0.005926405908	Q	0.0008257401513	-0.004819811564	0.0008224343483	0.001250049232	0.0008931306442	0.0005798285737	0.0004793414318	-0.004812760509	0.00146789238	0.00151970389	0.0005762369887	0.001020473573	0.000800320998	-0.005926405908	0.001749140519	0.000324679285	0.0008280573029	0.001266786791	0.0003154724692	0.000839689404
Q93100	PHKB	2	1093	1092	1	124882.4700	124751.2750	0.001050547767	0.001014072088	M	3.247732433e-05	1.732089654e-05	5.993765012e-05	7.151403044e-05	5.195382618e-05	3.595193964e-05	2.661608219e-05	6.938208483e-05	6.687730249e-05	0.0001181370634	-0.001014072088	4.43861555e-05	4.773067823e-05	6.685442907e-05	7.595547657e-05	5.032888419e-05	4.001876206e-05	5.861671017e-05	2.043654213e-05	5.95762501e-05
Q969G5	CAVIN3	2	261	261	0	27700.6900	27700.6900	0	0	A	0	0	0	0	0	0	0	0	0	0	0	0	0	0	0	0	0	0	0	0
Q969H8	MYDGF	2	173	142	31	18794.9600	15834.5750	0.1575095132	0.02571320741	A	-0.02571320741	0.002119600459	0.004656963042	0.01001026869	0.01300442059	-0.01057786875	0.006785573027	0.003442076496	0.01150866424	-0.02307217202	-0.002899782093	-0.003723319619	-0.00447492678	0.007669818695	0.001185797725	0.0005114832493	0.01354542954	0.001594904748	-0.01508306043	0.009509336591
Q969P5	FBXO32	1	355	355	0	41636.5500	41636.5500	0	0	A	0	0	0	0	0	0	0	0	0	0	0	0	0	0	0	0	0	0	0	0
Q969Q0	RPL36AL	2	106	106	0	12468.7550	12468.7550	0	0	A	0	0	0	0	0	0	0	0	0	0	0	0	0	0	0	0	0	0	0	0
Q969Q1	TRIM63	1	353	353	0	40247.1000	40247.1000	0	0	A	0	0	0	0	0	0	0	0	0	0	0	0	0	0	0	0	0	0	0	0
Q969Q5	RAB24	2	203	203	0	23123.8700	23123.8700	0	0	A	0	0	0	0	0	0	0	0	0	0	0	0	0	0	0	0	0	0	0	0
Q969S9	GFM2	2	779	779	0	86599.3200	86599.3200	0	0	A	0	0	0	0	0	0	0	0	0	0	0	0	0	0	0	0	0	0	0	0
Q969T9	WBP2	2	261	261	0	28086.7200	28086.7200	0	0	A	0	0	0	0	0	0	0	0	0	0	0	0	0	0	0	0	0	0	0	0
Q969V3	NCLN	2	563	521	42	62973.3200	58614.0800	0.06922360136	0.009707130813	L	-0.003578718344	-0.001408040433	0.001878830333	-0.003658538059	-0.0007783477732	-0.0001218657965	0.002715332523	0.0002311274477	0.001010099405	-0.009707130813	-0.001778324559	-3.923116474e-05	-0.0058601424	0.004814391476	0.006276803244	0.00234895633	0.003801619956	-0.0007421681683	0.001051212693	0.003544134101
Q969X5	ERGIC1	2	290	290	0	32591.8450	32591.8450	0	0	A	0	0	0	0	0	0	0	0	0	0	0	0	0	0	0	0	0	0	0	0
Q969Z0	TBRG4	2	631	524	107	70736.6800	59011.1550	0.1657630101	0.009234395145	F	-0.005233970289	-0.001185139925	0.00192910715	-0.0003926661103	0.009234395145	0.0007208868732	-0.001154390103	-0.003203726882	0.0006845004234	0.004400810604	-0.004732307899	0.001280538272	-0.002262603267	0.005670047414	-0.007239220488	-2.504619373e-05	-0.003785078306	0.001117995203	0.001979348516	0.002196519864
Q96A26	FAM162A	2	154	154	0	17342.1350	17342.1350	0	0	A	0	0	0	0	0	0	0	0	0	0	0	0	0	0	0	0	0	0	0	0
Q96A32	MYL11	2	169	168	1	19014.3700	18883.1750	0.006899781586	0.006492843927	M	0.0003305977679	7.493400972e-05	0.0006173891978	0.0006824678638	0.0006129918652	0.000301786272	4.797792839e-05	0.0004056245483	0.0007233148155	0.0003650620935	-0.006492843927	0.0002859936016	0.0002136138793	0.0003163419993	0.0003770820875	0.000194985517	0.000405197803	0.0003622696946	6.315212721e-05	0.0001120608552
Q96A33	CCDC47	2	483	463	20	55873.1600	53705.5600	0.03879501356	0.005799451869	F	-0.001466508602	-0.001570860025	0.003529041701	0.002829406916	-0.005799451869	-0.0001676483525	-0.001717711869	0.001573321813	0.001427004116	-0.0009170904216	-0.0003332198039	0.001834935024	0.001090207607	0.002214164019	0.00263930048	-0.001663541915	3.477542653e-05	-0.005409877338	0.0003867666073	0.001486986486
Q96A35	MRPL24	2	216	207	9	24914.5450	23945.3200	0.03890197473	0.01636185699	L	-0.005176652003	0.0003443390295	0.002269636423	0.003554243248	0.0007042096932	0.001600127782	0.0006614088861	0.002236725842	0.003323798133	-0.01636185699	-0.003910930805	0.0005632313376	0.002944814891	0.001038331664	-0.001347923417	-0.002455837399	0.002200518519	0.003495896597	0.001741191398	0.002574727169
Q96A49	SYAP1	2	352	352	0	39932.7850	39932.7850	0	0	A	0	0	0	0	0	0	0	0	0	0	0	0	0	0	0	0	0	0	0	0
Q96A65	EXOC4	2	974	973	1	110496.2950	110365.1000	0.001187324878	0.001134198325	M	5.034266606e-05	1.435549525e-05	6.550694985e-05	0.0001072770407	3.763910818e-05	2.599953468e-05	3.393740135e-05	7.531658688e-05	9.726488756e-05	0.0001530241765	-0.001134198325	4.816639237e-05	3.147931854e-05	7.05928207e-05	7.620876977e-05	6.991974166e-05	5.862650538e-05	6.299554934e-05	9.306445514e-06	4.623893463e-05
Q96A72	MAGOHB	2	148	147	1	17275.5650	17144.3700	0.007594252344	0.007376026522	M	0.000168701345	4.588585692e-05	0.0006048934522	0.0006686549483	0.0005630485502	0.0002558753839	0.0002937929474	0.0005961222699	0.0007197482213	0.0006457991257	-0.007376026522	0.0002501832047	0.0002616130096	0.0001660389352	0.0005277858221	0.0003581982695	0.0001353397972	0.0004880390353	7.734243727e-05	0.0005489639099
Q96AB3	ISOC2	2	205	205	0	22336.8100	22336.8100	0	0	A	0	0	0	0	0	0	0	0	0	0	0	0	0	0	0	0	0	0	0	0
Q96AC1	FERMT2	1	680	680	0	77859.3750	77859.3750	0	0	A	0	0	0	0	0	0	0	0	0	0	0	0	0	0	0	0	0	0	0	0
Q96AE4	FUBP1	2	644	643	1	67559.4850	67428.2900	0.001941918296	0.001835462458	M	0.0001254503892	8.675041517e-06	9.52994409e-05	9.481041372e-05	3.942528085e-05	0.0001809584352	4.073197867e-05	0.0001189622467	9.76937409e-05	6.574229424e-05	-0.001835462458	7.567820966e-05	0.0002308122387	0.0002022963929	0.0001205694254	6.01954515e-05	7.676079985e-05	7.269535864e-05	2.924425518e-05	9.946106462e-05
Q96AG3	SLC25A46	2	418	418	0	46173.3350	46173.3350	0	0	A	0	0	0	0	0	0	0	0	0	0	0	0	0	0	0	0	0	0	0	0
Q96AG4	LRRC59	2	307	307	0	34929.9200	34929.9200	0	0	A	0	0	0	0	0	0	0	0	0	0	0	0	0	0	0	0	0	0	0	0
Q96AN5	TMEM143	2	459	459	0	51714.0500	51714.0500	0	0	A	0	0	0	0	0	0	0	0	0	0	0	0	0	0	0	0	0	0	0	0
Q96AQ6	PBXIP1	2	731	731	0	80641.9300	80641.9300	0	0	A	0	0	0	0	0	0	0	0	0	0	0	0	0	0	0	0	0	0	0	0
Q96AX9	MIB2	2	955	955	0	103656.4000	103656.4000	0	0	A	0	0	0	0	0	0	0	0	0	0	0	0	0	0	0	0	0	0	0	0
Q96AY3	FKBP10	2	582	556	26	64244.2350	61437.8150	0.04368360834	0.01161604506	L	-0.001127619771	0.0006690917014	0.003348465137	0.003069474441	-0.000183849974	0.002035338606	-0.0003630752793	0.002173112211	0.001704335682	-0.01161604506	-0.0006238395807	0.001540302553	-0.003620855838	-0.002298062504	0.001302564825	-0.001201167135	0.00219275348	-4.511770198e-05	0.0003759268935	0.002668267313
Q96AZ6	ISG20	2	181	181	0	20363.1700	20363.1700	0	0	A	0	0	0	0	0	0	0	0	0	0	0	0	0	0	0	0	0	0	0	0
Q96B36	AKT1S1	2	256	256	0	27382.8850	27382.8850	0	0	A	0	0	0	0	0	0	0	0	0	0	0	0	0	0	0	0	0	0	0	0
Q96B96	LDAF1	2	161	161	0	17521.6000	17521.6000	0	0	A	0	0	0	0	0	0	0	0	0	0	0	0	0	0	0	0	0	0	0	0
Q96B97	SH3KBP1	2	665	665	0	73125.3000	73125.3000	0	0	A	0	0	0	0	0	0	0	0	0	0	0	0	0	0	0	0	0	0	0	0
Q96BP2	CHCHD1	2	118	118	0	13474.6050	13474.6050	0	0	A	0	0	0	0	0	0	0	0	0	0	0	0	0	0	0	0	0	0	0	0
Q96BQ5	CCDC127	2	260	260	0	30833.7750	30833.7750	0	0	A	0	0	0	0	0	0	0	0	0	0	0	0	0	0	0	0	0	0	0	0
Q96BR5	COA7	2	231	230	1	25708.8100	25577.6150	0.005103114458	0.00482252332	M	0.0003448073093	0.0002650466293	0.0004255507155	0.0003713745706	0.0002501761652	0.0002652805316	0.0001827550929	6.621790583e-05	0.0005166026498	0.0004193800702	-0.00482252332	0.0002223249655	0.0001162410231	0.0002951005491	0.0002051945678	0.0001591562032	0.000100224606	0.0002168476134	3.436512599e-05	0.0003658770254
Q96BW5	PTER	2	349	349	0	39017.3600	39017.3600	0	0	A	0	0	0	0	0	0	0	0	0	0	0	0	0	0	0	0	0	0	0	0
Q96BW9	TAMM41	2	452	452	0	51066.1350	51066.1350	0	0	A	0	0	0	0	0	0	0	0	0	0	0	0	0	0	0	0	0	0	0	0
Q96BY7	ATG2B	2	2078	2078	0	232759.0550	232759.0550	0	0	A	0	0	0	0	0	0	0	0	0	0	0	0	0	0	0	0	0	0	0	0
Q96C01	TIMCC	2	138	137	1	15641.0250	15509.8300	0.008387877393	0.007691884206	M	0.0004495934737	0.0005002650103	0.000488502057	0.0007424928475	0.0001515695995	0.0001033203872	0.0003558935675	0.000300886621	0.0008718853345	0.0007823052146	-0.007691884206	0.0001212263181	0.0001056371935	0.0008715871317	0.000559428445	0.0005303376154	0.0002732455157	0.0004837078736	0	0
Q96C23	GALM	2	342	341	1	37765.0850	37633.8900	0.003473976028	0.003398226299	M	0.0001591262404	3.763606961e-05	0.0001757162733	0.0002399415924	0.000243737505	0.0002040419509	0.0001445832668	0.0001120500903	0.0002043502523	0.0003055911553	-0.003398226299	0.0001641623479	0.0001698740781	0.0001702336336	0.0002029197959	0.0001305769084	0.0002035131014	0.0002820259001	7.929636571e-05	0.0001688497719
Q96C86	DCPS	2	337	336	1	38608.0800	38476.8850	0.00339812288	0.003329737985	M	0.0001604842034	2.728177416e-05	0.0002297724641	0.000276078975	0.0001363856031	0.0001014217293	0.0001746767605	0.0001575239493	0.0001645890791	0.0004627266009	-0.003329737985	9.916551124e-05	0.0001555439415	0.0002522836056	0.0003137989475	0.000118316344	0.0001251713138	0.0001670659652	3.065634379e-05	0.0001767948734
Q96CG8	CTHRC1	2	243	213	30	26223.6300	23075.9000	0.1200341066	0.02977823976	L	-0.007257953194	0.005432687896	0.004774452023	0.00989573337	0.004444168274	0.00417914155	0.0006956764007	0.008822288766	0.007210507658	-0.02977823976	-0.002871686606	0.005924122852	-0.01211138677	-0.009748357719	-0.007714644054	-0.0008843288272	0.004807094783	0.004727595314	0.004578505786	0.004874622251
Q96CM3	RPUSD4	2	377	362	15	42204.4700	40579.6250	0.03849935801	0.007835760219	W	-0.003406965983	0.0006969731421	0.001421936315	0.002055459361	0.0009502558051	-0.001769930101	0.002295001762	-0.001169023817	0.003243696173	0.004850715132	-0.002065513489	0.001411466762	-0.002903651679	0.003242586762	-0.003820814089	-0.002736797997	0.001566258373	0.003080711356	-0.007835760219	0.0008933964318
Q96CM8	ACSF2	2	615	574	41	68124.0200	63746.9050	0.06425215365	0.009856750887	R	-0.003875389753	5.508192551e-05	0.002554022717	0.003403445857	0.0005073429582	-0.002807182972	0.001759215941	0.004118708337	0.004717842189	-0.00364650366	-0.001295908635	0.002650454912	0.003012546637	5.411097245e-06	-0.009856750887	-0.002650391729	0.003948137788	-0.001626206179	-0.001688396617	0.0007145200716
Q96CN7	ISOC1	2	298	298	0	32236.2950	32236.2950	0	0	A	0	0	0	0	0	0	0	0	0	0	0	0	0	0	0	0	0	0	0	0
Q96CT7	CCDC124	2	223	223	0	25834.8200	25834.8200	0	0	A	0	0	0	0	0	0	0	0	0	0	0	0	0	0	0	0	0	0	0	0
Q96CU9	FOXRED1	2	486	486	0	53810.7950	53810.7950	0	0	A	0	0	0	0	0	0	0	0	0	0	0	0	0	0	0	0	0	0	0	0
Q96CV9	OPTN	2	577	577	0	65921.0600	65921.0600	0	0	A	0	0	0	0	0	0	0	0	0	0	0	0	0	0	0	0	0	0	0	0
Q96CW1	AP2M1	2	435	435	0	49654.0800	49654.0800	0	0	A	0	0	0	0	0	0	0	0	0	0	0	0	0	0	0	0	0	0	0	0
Q96CX2	KCTD12	2	325	324	1	35700.2600	35569.0650	0.003674903208	0.003566307641	M	0.0001623814095	5.257960536e-05	0.0002194925124	0.0002809389591	0.0002293991419	0.0002215304277	2.693207584e-05	7.969307997e-05	0.0001015069331	0.0003643112227	-0.003566307641	4.586871879e-05	0.000249813881	0.0001902604043	0.0004384642627	0.0003192401378	0.0001757606537	0.0001525181768	3.545000663e-05	0.0002201660313
Q96DA0	ZG16B	2	172	156	16	18878.4150	17213.3450	0.08819967142	0.03306541141	L	-0.00613358331	0	0.00355087362	0.005887753971	0.005141474696	0.0001722800234	0.0006898547985	0.003499384618	0.005850137653	-0.03306541141	-0.00480461218	0.002349819297	-0.001147669999	0.005848136785	0.00309823283	0.00513996293	-0.00555280023	0.007292496648	-0.007483991011	0.009667660272
Q96DA6	DNAJC19	2	116	115	1	12498.4650	12367.2700	0.01049688902	0.009816938359	M	0.001012247895	0	0.0002835549616	0.0005224072314	0.0004692255858	0.0006397136278	0.0003305300698	0.0005588866162	0.001245767087	0.0008383299244	-0.009816938359	0.000281467179	0.0004905436924	0.0005188920872	0.0007422280136	0.0004477654532	0.0003383628051	0.0005823422145	0	0.0005146739142
Q96DB5	RMDN1	2	314	314	0	35807.4250	35807.4250	0	0	A	0	0	0	0	0	0	0	0	0	0	0	0	0	0	0	0	0	0	0	0
Q96DC8	ECHDC3	2	303	286	17	32633.2100	30999.2150	0.05007153755	0.007553322725	A	-0.007553322725	-0.002327864961	0.002440302414	0.003320041095	-0.0024749002	-0.002037671272	0.001531694178	0.002404917112	0.002886475952	0.002289645657	-0.006364895695	0.001490667537	-0.000101175594	0.00267938238	9.259435663e-05	0.000796920046	0.001847989978	-0.002518991727	0.0005760371716	0.001022154296
Q96DD0	LRRC39	1	335	335	0	38792.3800	38792.3800	0	0	A	0	0	0	0	0	0	0	0	0	0	0	0	0	0	0	0	0	0	0	0
Q96DE0	NUDT16	2	195	195	0	21273.0100	21273.0100	0	0	A	0	0	0	0	0	0	0	0	0	0	0	0	0	0	0	0	0	0	0	0
Q96DG6	CMBL	2	245	244	1	28047.8200	27916.6250	0.004677547132	0.004514078195	M	0.0001776241534	0.0001035274559	0.0002843245373	0.0003142950351	0.0002352495382	0.0001924349483	0.0001767611398	0.0003922824145	0.0003955635752	0.0002802017247	-0.004514078195	0.000169338653	0.0001967500164	0.0002289321646	0.0002480808134	0.0001646262569	0.0001696405654	0.0003003031063	0.0001744996454	0.0003096424517
Q96DH6	MSI2	2	328	328	0	35196.3550	35196.3550	0	0	A	0	0	0	0	0	0	0	0	0	0	0	0	0	0	0	0	0	0	0	0
Q96DV4	MRPL38	2	380	354	26	44595.7750	41631.3450	0.06647333744	0.01020957353	W	-0.005564240703	-0.003869566554	0.003702893716	0.003278675173	0.0006939554372	-0.001248897818	0.00258979997	0.001642140165	0.002440237561	0.001284538046	-0.002071377907	0.00110268892	0.00320617286	0.003659104424	-0.005069190183	-0.002186870548	0.000997512232	0.000329183726	-0.01020957353	0.005292815011
Q96E11	MRRF	2	262	207	55	29276.6650	22855.2100	0.2193369702	0.02028257222	H	0.0007897350964	-0.002570886497	0.01092933088	0.01067005552	-0.01187190487	-0.0001036743153	-0.02028257222	0.01337298915	0.02020524468	0.0061002101	-0.004597360196	0.0123849572	-0.004492684497	0.002198194165	-0.01645635248	0.00280256485	0.003176720192	-0.006257135437	0	-0.01599743132
Q96E52	OMA1	2	524	381	143	60119.2950	43800.8900	0.2714337385	0.01725061915	L	0.002024837847	-0.004161490223	0.006168611282	0.017079828	-0.008405853583	-0.0007101719111	-0.003398342992	0.005092290947	0.008812453887	0.01725061915	0.007459946279	-0.01287563322	0.004692535336	-0.001382503305	-0.01353698016	-0.01536217411	-0.007747985024	-0.0007066430016	-0.001886524892	0.001593179698
Q96EL2	MRPS24	2	167	132	35	19014.8600	15306.5250	0.1950229978	0.01820010188	Y	-0.0112939273	-0.01246105734	0.007427542484	0.004808564751	0.009218300097	-0.0001201290561	0.005070677776	0.002927936131	0.01631603961	-0.006380626768	-0.00511531409	0.004423712606	-0.007986039888	0.006524183673	-0.004306577838	-0.01684092481	0.00256365023	0.001026293091	-0.01400240525	0.01820010188
Q96EL3	MRPL53	2	112	112	0	12106.6750	12106.6750	0	0	A	0	0	0	0	0	0	0	0	0	0	0	0	0	0	0	0	0	0	0	0
Q96EM0	L3HYPDH	2	354	354	0	38137.2650	38137.2650	0	0	A	0	0	0	0	0	0	0	0	0	0	0	0	0	0	0	0	0	0	0	0
Q96EP0	RNF31	2	1072	1072	0	119650.1950	119650.1950	0	0	A	0	0	0	0	0	0	0	0	0	0	0	0	0	0	0	0	0	0	0	0
Q96EP5	DAZAP1	2	407	407	0	43382.9100	43382.9100	0	0	A	0	0	0	0	0	0	0	0	0	0	0	0	0	0	0	0	0	0	0	0
Q96ER9	CCDC51	2	411	376	35	45810.5500	41890.8350	0.08556358743	0.009571969996	E	0.003964632183	0.0008521530948	0.001008454646	0.009571969996	-0.004177335327	-0.003887955519	-0.002832228631	-0.001081920003	0.004112785108	0.00143829687	-0.00938297853	0.001393856886	-0.001696801274	0.003162943635	-0.005959007509	0.003752744815	-0.0009178012372	-0.002629194994	0.001077253456	0.002230132335
Q96EX1	SMIM12	2	92	92	0	10799.2750	10799.2750	0	0	A	0	0	0	0	0	0	0	0	0	0	0	0	0	0	0	0	0	0	0	0
Q96EY1	DNAJA3	2	480	480	0	52488.0950	52488.0950	0	0	A	0	0	0	0	0	0	0	0	0	0	0	0	0	0	0	0	0	0	0	0
Q96EY7	PTCD3	2	689	652	37	78548.3900	74400.5450	0.05280623829	0.01008920492	R	-0.001125790298	-0.001919823887	0.003436020127	0.002813412328	0.001229606012	-0.002332880612	0.001621171852	0.003144325362	0.003953654327	-0.001729269595	1.011320145e-05	0.002030191134	0.0007862153536	-0.0004293149941	-0.01008920492	2.136846739e-05	0.00117954874	-0.001704331113	-0.001241397894	0.0003463864117
Q96EY8	MMAB	2	250	218	32	27387.8850	24036.8550	0.1223544644	0.01781834737	L	-0.0009217257178	-0.005465627183	0.006455580266	0.01102845565	-0.003081674427	-0.01119063838	0.002052284567	0.005205249758	0.00966881988	-0.01781834737	-0.002707588948	0.00233019948	0.002987199714	0.007088042825	-0.01734148984	0.001283086316	0.008928903942	0.001489981004	0.0009004566641	-0.0008911681978
Q96FQ6	S100A16	2	103	103	0	11801.2200	11801.2200	0	0	A	0	0	0	0	0	0	0	0	0	0	0	0	0	0	0	0	0	0	0	0
Q96FV2	SCRN2	2	425	425	0	46595.7500	46595.7500	0	0	A	0	0	0	0	0	0	0	0	0	0	0	0	0	0	0	0	0	0	0	0
Q96FW1	OTUB1	2	271	270	1	31283.5700	31152.3750	0.004193734922	0.004059358672	M	0.0001634495935	5.5571761e-05	0.0002747169548	0.0004723829017	0.0002651836183	0.000111903758	0.000142323518	0.0002256112132	0.0002849715409	0.0003760186886	-0.004059358672	0.0001060477621	0.000118813535	0.0003519032688	0.0002197231108	0.0002410051322	0.0001365902148	0.00020149694	0	0.0003116451606
Q96FZ7	CHMP6	2	201	200	1	23484.4200	23353.2250	0.005586469668	0.005355905054	M	0.000255046019	2.477540823e-05	0.0002177356775	0.0008724906617	0.0001351155393	9.210415462e-05	3.172585496e-05	0.0003218676425	0.0004484050341	0.000643735285	-0.005355905054	0.0001350828217	0.0001647965438	0.0007172026725	0.0006055620166	0.0001934040018	0.0001461495524	0.0002395542319	0	0.0001111519367
Q96G03	PGM2	2	612	611	1	68282.3650	68151.1700	0.001921359929	0.001849905465	M	0.0001143949897	2.592901739e-05	0.000113937016	0.0001399411734	0.0001335509418	7.140205185e-05	4.79600268e-05	9.980878797e-05	0.0001668565226	0.0001621892804	-0.001849905465	7.854035475e-05	8.760376426e-05	9.034970437e-05	9.52709008e-05	0.0001174474346	9.630478958e-05	7.799820516e-05	4.856043369e-05	8.186006984e-05
Q96G23	CERS2	2	380	380	0	44875.3550	44875.3550	0	0	A	0	0	0	0	0	0	0	0	0	0	0	0	0	0	0	0	0	0	0	0
Q96GA7	SDSL	2	329	329	0	34673.7800	34673.7800	0	0	A	0	0	0	0	0	0	0	0	0	0	0	0	0	0	0	0	0	0	0	0
Q96GC5	MRPL48	2	212	184	28	23934.4650	20664.5850	0.1366180527	0.01411504014	F	0.001847488952	-0.003680295898	0.003779510197	0.01057131516	-0.01411504014	0.002409427225	0.005286770913	0.004954939431	0.005232938457	-0.007257773406	-0.002837540718	-0.006525749974	0.004576927217	-0.000289281662	-0.01290628571	0.001374434854	-0.005442935467	0.003760015977	0	0.009261134596
Q96GD0	PDXP	2	296	296	0	31697.6650	31697.6650	0	0	A	0	0	0	0	0	0	0	0	0	0	0	0	0	0	0	0	0	0	0	0
Q96GE9	DMAC1	2	116	116	0	12257.2350	12257.2350	0	0	A	0	0	0	0	0	0	0	0	0	0	0	0	0	0	0	0	0	0	0	0
Q96GG9	DCUN1D1	2	259	259	0	30123.8800	30123.8800	0	0	A	0	0	0	0	0	0	0	0	0	0	0	0	0	0	0	0	0	0	0	0
Q96GK7	FAHD2A	2	314	230	84	34595.8450	25293.1050	0.2688976089	0.02886121734	L	-0.00188825954	0.006642889644	0.00919510692	0.006507549931	0.0001816858934	-0.003950761072	-0.0006235511421	0.009924671261	0.01544289899	-0.02886121734	-0.005671649777	-0.0001928397821	0.001768010426	-0.008439084682	-0.02349414812	0.00080691486	-0.004701758281	0.01999762069	0.002388831434	0.004967089694
Q96GQ5	RUSF1	2	468	467	1	51016.9750	50885.7800	0.002571595043	0.002447491598	M	0.0001848857967	4.105138007e-05	0.0001071051038	0.0001557828891	0.0001189354129	0.0001271759286	5.256785752e-05	4.444296404e-05	0.0001238300853	0.0003555437124	-0.002447491598	7.274286929e-05	0.000117024894	0.0001361665061	0.0001623115188	0.0001513278352	0.0001109905174	0.0001935019786	0.0001383874684	5.371687942e-05
Q96GX9	APIP	2	242	242	0	27124.9950	27124.9950	0	0	A	0	0	0	0	0	0	0	0	0	0	0	0	0	0	0	0	0	0	0	0
Q96GZ6	SLC41A3	2	507	507	0	54765.8200	54765.8200	0	0	A	0	0	0	0	0	0	0	0	0	0	0	0	0	0	0	0	0	0	0	0
Q96HC4	PDLIM5	1	596	595	1	63944.3050	63813.1100	0.002051707341	0.001966426112	M	0.0001314149611	6.823885354e-05	6.425452582e-05	0.0001302171954	9.74674483e-05	8.657410964e-05	7.489924628e-05	7.38766129e-05	0.00013722678	0.0001160918203	-0.001966426112	8.858531546e-05	0.0001482118419	0.0001058244523	0.0001121276073	0.0001803825526	0.0001341797992	0.0001256768962	3.286265781e-05	5.831343618e-05
Q96HE7	ERO1A	2	468	445	23	54391.8750	51991.0800	0.04413885346	0.007133014854	G	-2.06146257e-05	0.001357938656	0.002386815915	0.004947016702	-0.001804437727	-0.007133014854	-0.001311087951	0.002254197597	0.003167709097	-0.005542230312	-0.002041307236	0.002369242064	0.001634450354	0.002293073765	0.0006104920424	-0.001147940921	0.00151308468	-0.0005523055877	-0.005282591168	0.002301509512
Q96HJ9	FMC1	2	113	113	0	12748.4400	12748.4400	0	0	A	0	0	0	0	0	0	0	0	0	0	0	0	0	0	0	0	0	0	0	0
Q96HN2	AHCYL2	2	611	610	1	66720.2900	66589.0950	0.001966343372	0.001864693115	M	0.000134537656	5.399043574e-05	0.0001087369277	0.0001384107731	5.725281589e-05	8.177191248e-05	4.60912078e-05	8.767652843e-05	0.0001483838331	0.000152622105	-0.001864693115	7.195754014e-05	9.690640543e-05	9.768276179e-05	0.000129376223	0.0001118703277	9.7315874e-05	0.000133409018	4.044578991e-05	7.625497959e-05
Q96HS1	PGAM5	2	289	289	0	32003.9300	32003.9300	0	0	A	0	0	0	0	0	0	0	0	0	0	0	0	0	0	0	0	0	0	0	0
Q96HY6	DDRGK1	2	314	314	0	35610.2750	35610.2750	0	0	A	0	0	0	0	0	0	0	0	0	0	0	0	0	0	0	0	0	0	0	0
Q96HY7	DHTKD1	2	919	919	0	103075.3200	103075.3200	0	0	A	0	0	0	0	0	0	0	0	0	0	0	0	0	0	0	0	0	0	0	0
Q96I15	SCLY	2	445	445	0	48148.0900	48148.0900	0	0	A	0	0	0	0	0	0	0	0	0	0	0	0	0	0	0	0	0	0	0	0
Q96I23	PYURF	2	114	79	35	12654.4150	9038.2300	0.2857646916	0.05407578903	R	-0.02765563745	-0.01314159186	0.0147374957	0.04072741814	0.009145330256	-0.009096628957	-0.01056152745	0.02178569471	0.02428032865	-0.006668953766	-0.001896536158	0.01097173891	0.001983798572	0.01618134952	-0.05407578903	-0.02704189631	0.001783313378	-0.001489037001	0	0.01003113015
Q96I24	FUBP3	2	572	571	1	61639.5050	61508.3100	0.002128423971	0.002031366611	M	0.0001210191116	2.101056148e-05	0.0001000180878	0.0001233179727	8.116332271e-05	0.0001410285095	4.932551276e-05	0.0001516427506	0.0001014042253	9.856778791e-05	-0.002031366611	7.637051236e-05	0.0001530641485	0.0002238577406	0.0001762151884	0.0001184549306	7.574160593e-05	0.0001320486737	2.951178102e-05	5.760418728e-05
Q96I25	RBM17	2	401	400	1	44960.9900	44829.7950	0.002917974004	0.002819215727	M	0.0001322644289	2.664830521e-05	0.0002268767996	0.0003397823872	0.0001180802988	0.0001197056782	3.412417096e-05	0.0001009747745	0.0002893813276	0.0002019495491	-0.002819215727	5.811776304e-05	0.0001582628022	0.0001366055557	0.0003065126952	0.0001675751928	9.824857988e-05	0.0001932475006	1.122919464e-05	9.96287228e-05
Q96I99	SUCLG2	2	432	395	37	46510.0250	42564.4300	0.08483321606	0.01306728377	R	-0.008065716419	0.001243915869	0.005238251967	0.007049198815	0.001761615813	0.001601119912	0.0002654802837	0.006284533464	0.005811523413	-0.006196172982	-0.0009619600786	0.006103976071	-0.001681492429	-0.003076566259	-0.01306728377	-0.003471125361	0.0004550025574	0.00229815954	-0.003762725361	0.002170264958
Q96IU4	ABHD14B	2	210	209	1	22345.2750	22214.0800	0.005871263612	0.005616046665	M	0.0004706517488	5.333947495e-05	0.0002050857907	0.0003238625351	0.000327254584	0.000347012554	0.0002390613105	0.0002598582468	0.0001930760443	0.0007795747404	-0.005616046665	0.0001163290101	0.0004561634513	0.0004181883514	0.0002684143106	0.0003238537303	0.0002097655416	0.0003352317323	8.990580699e-05	0.0001994177011
Q96IV0	NGLY1	2	654	653	1	74389.0250	74257.8300	0.001763633816	0.001719903377	M	7.355709467e-05	4.879788644e-05	8.577086411e-05	0.000165920869	7.983746643e-05	5.291102951e-05	4.686566574e-05	8.452715436e-05	0.0001207016688	0.0001690543087	-0.001719903377	7.981813415e-05	5.10061962e-05	8.828808754e-05	0.0001508441103	0.0001290930848	7.43632103e-05	9.436567177e-05	6.58006231e-05	5.83802512e-05
Q96IX5	ATP5MK	2	58	57	1	6457.5050	6326.3100	0.02031667029	0.01953070178	M	0.001452828903	0.0003293013617	0.0003617531467	0.0003998853529	0.001346912148	0.0008161324934	0	0.00106952277	0.002383983133	0.001782537951	-0.01953070178	0.0007181791996	0.00062582479	0.000794389254	0.0009469180788	0.001142498518	0.001942541014	0.0009552076889	0	0.002462285975
Q96JB5	CDK5RAP3	2	506	506	0	56919.6850	56919.6850	0	0	A	0	0	0	0	0	0	0	0	0	0	0	0	0	0	0	0	0	0	0	0
Q96JG6	VPS50	2	964	964	0	111172.3350	111172.3350	0	0	A	0	0	0	0	0	0	0	0	0	0	0	0	0	0	0	0	0	0	0	0
Q96JJ3	ELMO2	2	720	720	0	82613.7450	82613.7450	0	0	A	0	0	0	0	0	0	0	0	0	0	0	0	0	0	0	0	0	0	0	0
Q96JJ7	TMX3	2	454	430	24	51871.3550	49222.0950	0.05107366098	0.0060673862	W	-0.004571018503	-0.003599669533	0.001621919554	0.005172056475	0.003424593323	0.001962283853	0.0009789200785	0.003192241205	0.001254352426	-0.002298666012	-0.003491594802	0.001905399137	0.001660373922	0.002239316297	-7.547967618e-05	0.001091150022	-0.002035883982	-0.005955883635	-0.0060673862	0.00359297605
Q96JX3	SERAC1	2	654	654	0	74146.2750	74146.2750	0	0	A	0	0	0	0	0	0	0	0	0	0	0	0	0	0	0	0	0	0	0	0
Q96JY6	PDLIM2	1	352	352	0	37458.2350	37458.2350	0	0	A	0	0	0	0	0	0	0	0	0	0	0	0	0	0	0	0	0	0	0	0
Q96K17	BTF3L4	2	158	158	0	17270.2750	17270.2750	0	0	A	0	0	0	0	0	0	0	0	0	0	0	0	0	0	0	0	0	0	0	0
Q96K19	RNF170	2	258	258	0	29814.2450	29814.2450	0	0	A	0	0	0	0	0	0	0	0	0	0	0	0	0	0	0	0	0	0	0	0
Q96K21	ZFYVE19	2	471	471	0	51545.5300	51545.5300	0	0	A	0	0	0	0	0	0	0	0	0	0	0	0	0	0	0	0	0	0	0	0
Q96K76	USP47	2	1375	1375	0	157309.1200	157309.1200	0	0	A	0	0	0	0	0	0	0	0	0	0	0	0	0	0	0	0	0	0	0	0
Q96KK5	H2AC12	2	128	127	1	13906.0550	13774.8600	0.009434379484	0.009213929144	M	0.0008697407006	0	0.0001528691901	0.0005914406747	9.486274048e-05	0.0005604303957	0.0003563885026	0.0004519575883	0.001091372313	0.001205220235	-0.009213929144	0.0004552308955	0.0003305753166	0.0004196150158	0.001200442355	0.000241397794	0.0003420318919	0.0005382006197	0	0.0003121529139
Q96KP1	EXOC2	2	924	924	0	104064.6950	104064.6950	0	0	A	0	0	0	0	0	0	0	0	0	0	0	0	0	0	0	0	0	0	0	0
Q96KP4	CNDP2	2	475	474	1	52877.8200	52746.6250	0.002481096989	0.002364377237	M	0.0001059810752	2.882628145e-05	0.0001636130184	0.0002100302471	0.0001113552717	0.0001339544166	7.382630516e-05	0.0001456366422	0.0002086883832	0.0002288575807	-0.002364377237	6.810672934e-05	0.0001004359734	7.533391936e-05	0.0001381517065	0.0001166802983	9.446975476e-05	0.0001672333545	5.668581818e-05	0.0001365104611
Q96KR1	ZFR	2	1074	1074	0	117010.3550	117010.3550	0	0	A	0	0	0	0	0	0	0	0	0	0	0	0	0	0	0	0	0	0	0	0
Q96KR6	MIMS2	2	192	134	58	20423.9550	14475.8650	0.2912310569	0.04639367964	L	-0.03087180203	-0.008049599325	-0.006531238067	0.01022118254	0.02295163656	-0.004532160038	0.008083751464	0.02278108668	0.03046764103	-0.04639367964	0.001521961344	0	-0.02459732158	0.01776671194	-0.04629383303	0.02920258473	0.001576289294	0.01866680921	-0.008557366031	0.01258734496
Q96L92	SNX27	2	541	541	0	61264.4900	61264.4900	0	0	A	0	0	0	0	0	0	0	0	0	0	0	0	0	0	0	0	0	0	0	0
Q96L96	ALPK3	2	1705	1705	0	180669.2900	180669.2900	0	0	A	0	0	0	0	0	0	0	0	0	0	0	0	0	0	0	0	0	0	0	0
Q96LW7	CARD19	2	228	228	0	25588.9850	25588.9850	0	0	A	0	0	0	0	0	0	0	0	0	0	0	0	0	0	0	0	0	0	0	0
Q96M27	PRRC1	2	445	445	0	46700.5500	46700.5500	0	0	A	0	0	0	0	0	0	0	0	0	0	0	0	0	0	0	0	0	0	0	0
Q96MF2	STAC3	2	364	364	0	41506.6050	41506.6050	0	0	A	0	0	0	0	0	0	0	0	0	0	0	0	0	0	0	0	0	0	0	0
Q96MF6	COQ10A	2	247	232	15	27685.8700	26117.0750	0.05666410339	0.01034181484	R	-0.007389016854	0.001374736594	0.0007551066385	0.004451744141	0.004998189456	-0.003255070579	0.001760402629	0.001488314617	0.003041020371	0.004464943851	-0.001824070725	0.0009993958334	0.001205187288	0.002210894749	-0.01034181484	0.0007026216566	-0.001230959845	0.0001186350066	-0.005586124331	0.00205586434
Q96MG2	JSRP1	2	331	331	0	36318.0900	36318.0900	0	0	A	0	0	0	0	0	0	0	0	0	0	0	0	0	0	0	0	0	0	0	0
Q96MM6	HSPA12B	2	686	686	0	75686.4350	75686.4350	0	0	A	0	0	0	0	0	0	0	0	0	0	0	0	0	0	0	0	0	0	0	0
Q96MW1	CCDC43	2	224	224	0	25247.8650	25247.8650	0	0	A	0	0	0	0	0	0	0	0	0	0	0	0	0	0	0	0	0	0	0	0
Q96N67	DOCK7	2	2140	2140	0	242556.9350	242556.9350	0	0	A	0	0	0	0	0	0	0	0	0	0	0	0	0	0	0	0	0	0	0	0
Q96ND0	MIMS1	2	272	272	0	30776.2250	30776.2250	0	0	A	0	0	0	0	0	0	0	0	0	0	0	0	0	0	0	0	0	0	0	0
Q96P16	RPRD1A	2	312	311	1	35719.0850	35587.8900	0.003672966427	0.003558586978	M	0.0001797083925	4.250409958e-05	0.0002217906434	0.0004000133569	0.0001014129363	5.925438428e-05	0.0001224632706	0.000126543187	0.0003461728429	0.0004486531176	-0.003558586978	0.0001158724339	0.0001211661518	0.0001794356379	0.0003513885056	0.0002672827643	0.0001044711196	0.000205486764	5.373176305e-05	0.0001112356071
Q96P63	SERPINB12	2	405	405	0	46275.7900	46275.7900	0	0	A	0	0	0	0	0	0	0	0	0	0	0	0	0	0	0	0	0	0	0	0
Q96P70	IPO9	2	1041	1040	1	115960.9400	115829.7450	0.00113137234	0.001070895234	M	7.554967321e-05	1.69579985e-05	5.588749423e-05	0.0001065983086	5.57614446e-05	2.719477681e-05	2.937960973e-05	6.803642329e-05	4.934781515e-05	0.0001231135279	-0.001070895234	3.372070651e-05	4.455051913e-05	7.580119616e-05	5.163177529e-05	5.62394617e-05	6.178622202e-05	7.812566342e-05	2.690200574e-05	3.431061222e-05
Q96PC5	MIA2	2	1412	1393	19	159833.4250	157736.7900	0.01311762543	0.001917804835	E	-0.0005127130758	-0.0005667722414	0.0008530856987	0.001917804835	-0.0001660330736	-1.598508141e-05	-0.000580522266	-0.0008493459661	-0.0005886537571	-0.001604229501	-0.0005260604676	0.0006184527443	0.0008705674058	0.0005893614554	-0.0002252692984	0.0004090034248	-0.000128306407	-0.0001683674277	0.0001911904624	0.0004827925372
Q96PE2	ARHGEF17	2	2063	2063	0	221668.9700	221668.9700	0	0	A	0	0	0	0	0	0	0	0	0	0	0	0	0	0	0	0	0	0	0	0
Q96PE7	MCEE	2	176	140	36	18748.6350	15057.4050	0.1968799329	0.01947443687	A	-0.01947443687	0.002734169988	0.001431762242	0.01494101136	-8.693311796e-05	0.007583831579	0.01225423125	0.007331124582	0.0131191144	-0.00175614968	-0.001762105105	0.005893470327	-0.006676998804	-0.006749583292	-0.01796498668	-0.01207884238	-0.008189778848	0.005102401233	0.002304276143	0.002044421675
Q96PK6	RBM14	2	669	669	0	69490.3500	69490.3500	0	0	A	0	0	0	0	0	0	0	0	0	0	0	0	0	0	0	0	0	0	0	0
Q96PP9	GBP4	2	640	640	0	73163.7150	73163.7150	0	0	A	0	0	0	0	0	0	0	0	0	0	0	0	0	0	0	0	0	0	0	0
Q96PU8	QKI	2	341	341	0	37670.1500	37670.1500	0	0	A	0	0	0	0	0	0	0	0	0	0	0	0	0	0	0	0	0	0	0	0
Q96PV6	LENG8	2	800	799	1	88155.9550	88024.7600	0.001488214835	0.001416836521	M	0.0001012694411	2.582319595e-05	5.862720855e-05	9.616533166e-05	5.163758241e-05	7.146619922e-05	5.070363354e-05	2.42291031e-05	8.931935716e-05	9.69164124e-05	-0.001416836521	4.880916523e-05	0.0001030596163	0.0001121301311	0.0001386103451	0.0001179635817	6.770241228e-05	4.327878979e-05	2.901734939e-05	9.010766514e-05
Q96Q06	PLIN4	2	1371	1371	0	135890.9700	135890.9700	0	0	A	0	0	0	0	0	0	0	0	0	0	0	0	0	0	0	0	0	0	0	0
Q96Q11	TRNT1	2	434	393	41	50126.8150	44920.6600	0.1038596807	0.007883035984	D	0.003693536988	-0.0037047822	0.007883035984	0.006464541346	-0.002684865154	0.004001514352	-0.001987421338	0.007250813734	0.005054001182	-0.007238896431	-0.003384194116	0.001631707555	-0.002780395223	-0.003240776649	-0.007470108506	-0.001915518317	0.003352501891	0.002834500089	-0.005438209869	-0.002320985319
Q96Q15	SMG1	2	3661	3661	0	410493.9400	410493.9400	0	0	A	0	0	0	0	0	0	0	0	0	0	0	0	0	0	0	0	0	0	0	0
Q96Q27	ASB2	1	635	635	0	70211.0100	70211.0100	0	0	A	0	0	0	0	0	0	0	0	0	0	0	0	0	0	0	0	0	0	0	0
Q96QA5	GSDMA	2	445	445	0	49364.1900	49364.1900	0	0	A	0	0	0	0	0	0	0	0	0	0	0	0	0	0	0	0	0	0	0	0
Q96QD9	FYTTD1	2	318	318	0	35817.9050	35817.9050	0	0	A	0	0	0	0	0	0	0	0	0	0	0	0	0	0	0	0	0	0	0	0
Q96QG7	MTMR9	2	549	549	0	63460.5800	63460.5800	0	0	A	0	0	0	0	0	0	0	0	0	0	0	0	0	0	0	0	0	0	0	0
Q96QK1	VPS35	2	796	796	0	91705.5850	91705.5850	0	0	A	0	0	0	0	0	0	0	0	0	0	0	0	0	0	0	0	0	0	0	0
Q96QR8	PURB	2	312	311	1	33240.4650	33109.2700	0.003946846111	0.003811722802	M	0.0002211107971	3.608456731e-05	0.0002378436402	0.0004235846518	0.0002623884527	0.0004397029812	1.54025548e-05	0.0001302193434	0.0002467218257	0.0003125264241	-0.003811722802	9.181372078e-05	0.0001485842716	0.0002031131873	0.000432343707	0.0001877910455	8.277967317e-05	0.0001395611443	2.027399124e-05	0.0001798768227
Q96QV6	H2AC1	2	131	130	1	14233.2800	14102.0850	0.009217481845	0.009001986699	M	0.0007323627346	0	0.0001458861525	0.0005644237692	9.052942727e-05	0.0005759708062	0.0004251359235	0.0005750829941	0.000961401802	0.001150165988	-0.009001986699	0.0004344360287	0.0003154746946	0.0004805364913	0.001145606361	0.0004607415709	0.0002611263485	0.000385211783	0	0.000297893824
Q96RL7	VPS13A	2	3174	3174	0	360271.1050	360271.1050	0	0	A	0	0	0	0	0	0	0	0	0	0	0	0	0	0	0	0	0	0	0	0
Q96RP9	GFM1	2	751	715	36	83470.5000	79550.9400	0.04695742807	0.006213181338	W	-0.005123988558	-0.0005700075317	0.00278145075	0.004124519743	0.002610086554	-0.000800489242	0.001107106187	0.003075401434	0.0005617894557	-0.001532409974	0.0001345946017	0.0007252454584	0.0006319823617	-0.0009281361091	-0.005607101236	-0.0001317899349	0.002428589642	0.0005099030972	-0.006213181338	0.00221643464
Q96RQ1	ERGIC2	2	377	377	0	42548.0600	42548.0600	0	0	A	0	0	0	0	0	0	0	0	0	0	0	0	0	0	0	0	0	0	0	0
Q96RQ3	MCCC1	2	725	684	41	80471.9400	75657.2950	0.05983010973	0.007060692013	R	-0.001987073946	0.0007361674446	0.002785573249	0.003889761222	0.002676515906	0.002432666009	0.0006452588438	0.003896386489	0.00297666032	-0.004431053318	-0.0007735550863	0.0007278697457	-0.001517113	0.001495732612	-0.007060692013	0.0001050825157	0.0003474715357	-0.001056512035	-0.00627573423	0.0003865877343
Q96RS6	NUDCD1	2	583	583	0	66754.8400	66754.8400	0	0	A	0	0	0	0	0	0	0	0	0	0	0	0	0	0	0	0	0	0	0	0
Q96S44	TP53RK	2	253	253	0	28160.0000	28160.0000	0	0	A	0	0	0	0	0	0	0	0	0	0	0	0	0	0	0	0	0	0	0	0
Q96S52	PIGS	2	555	554	1	61655.1100	61523.9150	0.002127885264	0.002022042281	M	0.0001583458334	7.060526812e-06	9.695403998e-05	0.0001500434791	0.0001010766627	5.030858451e-05	5.876827977e-05	9.172624318e-05	0.0001064891894	0.0002675348759	-0.002022042281	5.004489283e-05	0.0001107006806	8.516221429e-05	0.000142119617	0.0001469773713	7.982894082e-05	0.0001604308916	4.76031953e-05	0.0001108667626
Q96S66	CLCC1	2	551	533	18	62021.6700	60111.2500	0.03080245985	0.00984152264	L	-0.001047462284	-0.004567173315	0.002254583398	0.0006435303103	0.001325442558	0.0002614209037	0.000829922767	0.001520241274	0.002411148966	-0.00984152264	-0.00140925623	0.0007656258179	0.001796226923	0.001107446301	0.00209660476	0.0002254254997	0.001433682888	-0.0001664746399	0.001183440089	-0.0008228533469
Q96S96	PEBP4	2	227	205	22	25733.0200	23386.0400	0.09120499654	0.017995174	M	-0.001129916503	0.002060526387	0.005432606049	0.00800700554	0.005618658861	-0.004492209207	0.003166299131	0.003569220814	0.006464127735	-0.01531284377	-0.017995174	0.00359507093	0.006265524012	0.00646191687	0.0006728580376	0.00393190475	-0.008748839429	-0.007807219726	-0.004073526772	0.004314010287
Q96SL4	GPX7	2	187	168	19	20995.7000	19110.4350	0.08979290998	0.02851110344	A	-0.02851110344	-0.003974145084	0.00440448195	0.006085945054	0.007516284849	0.003105225958	0.002567075036	0.002712884567	0.006651768763	-0.008566828009	-0.005511405862	0.003279039192	0.004286055656	0.00725399315	0.006485111572	0.004781683968	-0.0009508346246	-0.001870219548	-0.01424190318	0.004496890033
Q96SU4	OSBPL9	2	736	735	1	83183.4350	83052.2400	0.001577176994	0.001516251724	M	5.441374481e-05	2.336880855e-05	0.0001048262851	0.000130064862	7.965280383e-05	4.826390607e-05	6.733046348e-05	8.43316446e-05	0.0001245344754	0.0001264974669	-0.001516251724	5.945969215e-05	7.031826736e-05	6.576929617e-05	8.679723777e-05	0.0001216157853	8.232830996e-05	8.284971701e-05	4.267147785e-05	6.115747968e-05
Q96SZ5	ADO	2	270	270	0	29750.3950	29750.3950	0	0	A	0	0	0	0	0	0	0	0	0	0	0	0	0	0	0	0	0	0	0	0
Q96T23	RSF1	2	1441	1441	0	163818.4600	163818.4600	0	0	A	0	0	0	0	0	0	0	0	0	0	0	0	0	0	0	0	0	0	0	0
Q96T51	RUFY1	2	708	708	0	79816.6550	79816.6550	0	0	A	0	0	0	0	0	0	0	0	0	0	0	0	0	0	0	0	0	0	0	0
Q96T66	NMNAT3	2	252	252	0	28321.2150	28321.2150	0	0	A	0	0	0	0	0	0	0	0	0	0	0	0	0	0	0	0	0	0	0	0
Q96T76	MMS19	2	1030	1029	1	113287.5650	113156.3700	0.001158070614	0.001108792537	M	7.351812287e-05	3.124458331e-05	5.377372615e-05	7.46186632e-05	5.821860939e-05	2.77478341e-05	4.134354301e-05	3.044335419e-05	4.649578752e-05	0.0001961905048	-0.001108792537	2.725674709e-05	6.234810697e-05	7.160414716e-05	7.487078261e-05	7.768802145e-05	4.300591507e-05	8.257533858e-05	1.404373017e-05	2.180501945e-05
Q96TA1	NIBAN2	2	746	745	1	84136.5750	84005.3800	0.001559309967	0.001484939679	M	7.134084612e-05	1.712146392e-05	6.687551733e-05	0.0001524699618	6.743668633e-05	4.950565684e-05	4.872152758e-05	6.796535337e-05	9.870183856e-05	0.000152407156	-0.001484939679	4.56383954e-05	9.761608489e-05	0.0001101411131	0.0001094075424	9.075346225e-05	5.798097304e-05	9.013168575e-05	2.244581777e-05	6.827859684e-05
Q99417	MYCBP	2	103	102	1	11966.5100	11835.3150	0.01096351401	0.01069103988	M	0.0008462830228	0	0.0003160856166	0.002096424197	0.0002615285901	0.000118850725	0.000368449913	0.000207668171	0.001504410798	0.001453677197	-0.01069103988	0.0003137583146	0.0005468209924	0.0003470529828	0.0006894830255	0.0002495675241	0.0002828859403	0.0003709434509	0	0.0007171494224
Q99426	TBCB	2	244	244	0	27325.2150	27325.2150	0	0	A	0	0	0	0	0	0	0	0	0	0	0	0	0	0	0	0	0	0	0	0
Q99436	PSMB7	2	277	234	43	29965.1400	25294.7350	0.1558612775	0.01073868577	R	-0.006825634392	-0.0002665693731	0.001524428837	0.006673889686	-0.008946866979	-0.0002639504846	0.003279570269	0.009704378426	-0.006694359013	0.007740853034	0.002037224242	-0.001279556067	-0.004410345087	0.003089116334	-0.01073868577	0.002314322489	0.01043927402	-0.00562230086	0	-0.00175478931
Q99439	CNN2	2	309	308	1	33696.6800	33565.4850	0.003893410271	0.003613350688	M	0.0001472837495	8.247726594e-05	0.0002200411612	0.0001860036808	0.0001124498148	0.0002482117201	7.543948858e-05	0.0001403150176	0.0002985478254	0.0003188977672	-0.003613350688	0.0002055727279	0.0002015291908	0.0003126574166	0.000152464106	0.0002452729108	0.0002316816469	0.0001481025706	3.971963225e-05	0.0002466829947
Q99442	SEC62	2	399	399	0	45861.3400	45861.3400	0	0	A	0	0	0	0	0	0	0	0	0	0	0	0	0	0	0	0	0	0	0	0
Q99447	PCYT2	2	389	389	0	43834.9200	43834.9200	0	0	A	0	0	0	0	0	0	0	0	0	0	0	0	0	0	0	0	0	0	0	0
Q99459	CDC5L	2	802	802	0	92249.2350	92249.2350	0	0	A	0	0	0	0	0	0	0	0	0	0	0	0	0	0	0	0	0	0	0	0
Q99460	PSMD1	2	953	953	0	105834.8600	105834.8600	0	0	A	0	0	0	0	0	0	0	0	0	0	0	0	0	0	0	0	0	0	0	0
Q99471	PFDN5	2	154	153	1	17327.9050	17196.7100	0.007571313439	0.007039977704	M	0.000464819528	4.51530026e-05	0.0003472189874	0.0007128070034	0.0002462470947	0.0001398826306	0.0001734604247	0.0003421841817	0.0009261769284	0.0008799021815	-0.007039977704	0.0002954249605	0.0001716231492	0.0007624730702	6.491955309e-05	0.0002741490863	0.0003995347559	0.0005239030294	0	0.000270098136
Q99497	PARK7	2	189	188	1	19890.8400	19759.6450	0.006595749601	0.006244595427	M	0.0005925872212	0.0001007378321	0.0003319958433	0.0006116522467	0.0001373463395	0.0003744992931	0.0001289986353	0.0003635353098	0.000648260754	0.0006543635577	-0.006244595427	0.0002197009307	0.0002871726629	0.0001620097589	0.0003379545298	0.0002621295505	0.0002641111602	0.0006168903479	0	0.0001506494537
Q99504	EYA3	2	573	573	0	62661.8100	62661.8100	0	0	A	0	0	0	0	0	0	0	0	0	0	0	0	0	0	0	0	0	0	0	0
Q99523	SORT1	2	831	754	77	92066.4600	83860.1250	0.0891349032	0.01026116281	P	-0.005537602516	0.001895186714	0.003127079806	0.004311032417	0.003928239202	-0.003226348186	0.001548140678	0.003964082988	0.005380485615	-0.008812900538	0.0005278330014	0.003890114286	-0.01026116281	0.0003616149725	-0.00984120753	0.001665398093	0.004805570275	0.004726096018	-0.007286424946	0.004834772465
Q99541	PLIN2	2	437	436	1	48074.7100	47943.5150	0.00272898162	0.002589334615	M	0.0001448731788	2.317924946e-05	0.0001336833942	0.0001899962864	3.950334494e-05	7.180861079e-05	6.678430377e-05	0.0001129242298	0.0002237421247	0.0002509427329	-0.002589334615	0.0001074230799	7.708975293e-05	0.0002306551503	0.0001083107633	0.0002312061261	0.0001994035301	0.0002185178976	2.930216031e-05	0.0001299886991
Q99584	S100A13	2	98	98	0	11471.0350	11471.0350	0	0	A	0	0	0	0	0	0	0	0	0	0	0	0	0	0	0	0	0	0	0	0
Q99598	TSNAX	2	290	290	0	33112.0250	33112.0250	0	0	A	0	0	0	0	0	0	0	0	0	0	0	0	0	0	0	0	0	0	0	0
Q99613	EIF3C	2	913	913	0	105342.3000	105342.3000	0	0	A	0	0	0	0	0	0	0	0	0	0	0	0	0	0	0	0	0	0	0	0
Q99614	TTC1	2	292	292	0	33525.6850	33525.6850	0	0	A	0	0	0	0	0	0	0	0	0	0	0	0	0	0	0	0	0	0	0	0
Q99615	DNAJC7	2	494	493	1	56440.1850	56308.9900	0.002324496279	0.002211021848	M	0.0001904743626	5.945180373e-05	0.0001679416019	0.0002320552957	0.0001447443088	6.840967054e-05	4.89409082e-05	6.436359438e-05	0.0002613157445	0.0001701037851	-0.002211021848	0.0001157674077	4.438732007e-05	9.731962773e-05	0.0001709558305	6.261639326e-05	6.680091364e-05	7.390818429e-05	0	0.0001714650949
Q99623	PHB2	2	299	298	1	33295.8100	33164.6150	0.003940285579	0.003799315576	M	0.0002856513289	0	0.0001466993036	0.0002948414527	0.0001655164126	0.0001429148403	3.109131474e-05	0.0002760012983	0.0002783098509	0.0004337163258	-0.003799315576	0.0001456191735	0.0001153574949	0.0003221432942	0.0004189061188	0.000210595312	0.0001432264549	0.0002230248241	2.046235352e-05	0.0001452384226
Q99627	COPS8	2	209	208	1	23225.2300	23094.0350	0.005648813812	0.005408870109	M	0.0004593444729	2.498784435e-05	0.0002470529775	0.0003944701223	0.0003066166893	0.0001703054823	6.399577503e-05	0.0003516797794	0.0002110499403	0.0005410458145	-0.005408870109	0.0002452339548	0.0004036518558	0.0003616761546	0.0003951940191	0.0002384095262	0.0002211040622	0.0003382515973	0.0002105900286	0.0002242100125
Q99643	SDHC	2	169	140	29	18609.9200	15347.0250	0.1753309525	0.02537586946	R	-0.007739006462	-0.008824742664	0.001304460015	0.007209812245	0.0004600015436	0.006094895077	-0.01390950268	0.004221901241	0.008596499304	-0.0007447563209	0.004802545431	0.0003679121251	-0.002743828864	-0.003889826201	-0.02537586946	0.008532203592	0.008172133273	-0.001643829967	0.008005915077	0.007103083698
Q99707	MTR	2	1265	1265	0	140525.3700	140525.3700	0	0	A	0	0	0	0	0	0	0	0	0	0	0	0	0	0	0	0	0	0	0	0
Q99714	HSD17B10	2	261	260	1	26922.7600	26791.5650	0.004873014505	0.004608880261	M	0.0004679428481	7.273024771e-05	0.0001997440568	0.0002428788684	0.0002231115603	0.0003492399525	4.656692775e-05	0.0002755867702	0.0002413271377	0.0005118040017	-0.004608880261	0.0002379280372	0.0002246092655	0.0002851072532	0.0002875654107	0.0001892511158	0.000232393431	0.0004395194639	0	8.157391207e-05
Q99715	COL12A1	2	3063	3040	23	333143.0200	330839.2950	0.00691512312	0.001557708248	L	-0.001129149385	4.618958089e-05	0.0004155965795	0.000136591234	0.0002728918765	0.0001882563481	8.731300512e-05	1.223819609e-05	0.0004140070404	-0.001557708248	-0.0002650763634	0.0002830192883	-4.748790018e-05	0.0002759102943	-0.0004070645596	-0.0003578632829	0.0005752170938	0.000574211015	0.0001112205373	0.0003716876496
Q99729	HNRNPAB	2	332	332	0	36224.5950	36224.5950	0	0	A	0	0	0	0	0	0	0	0	0	0	0	0	0	0	0	0	0	0	0	0
Q99733	NAP1L4	2	375	374	1	42822.9200	42691.7250	0.003063663104	0.00296520463	M	0.000130279395	2.214705844e-05	0.0002595156578	0.0004572007597	0.0002415630627	8.233309725e-05	8.50804585e-05	0.0001278762917	0.0002850382721	0.000175829901	-0.00296520463	0.0001207522846	0.0001473137658	9.794839421e-05	0.0001485975738	0.0001344671558	0.0001451610874	0.0001784505266	3.732974806e-05	8.832013908e-05
Q99735	MGST2	2	147	147	0	16620.3200	16620.3200	0	0	A	0	0	0	0	0	0	0	0	0	0	0	0	0	0	0	0	0	0	0	0
Q99747	NAPG	2	312	312	0	34745.8250	34745.8250	0	0	A	0	0	0	0	0	0	0	0	0	0	0	0	0	0	0	0	0	0	0	0
Q99757	TXN2	2	166	107	59	18383.0450	11867.5200	0.3544312164	0.04812595171	R	-0.000623644705	0.0005681706556	0.04114045799	0.02273852586	0.01353946993	0.002989747999	0.0119889971	0.001845335381	0.0308098823	-0.02548703507	0.004543039673	0.004022695541	-0.0229102704	-0.01539470775	-0.04812595171	-0.02411206807	-0.02370425962	0.03429160164	-0.004302596438	-0.003817390307
Q99766	DMAC2L	2	200	175	25	23225.7350	20340.2900	0.1242348197	0.009357780656	E	0.004249734989	-0.00518515904	0.004206464274	0.009357780656	-0.002659196422	-0.001621155868	0.004933934849	0.004145468962	-0.006285181489	0.008290937924	-0.007967264686	0.004901815776	-0.005537308763	-0.00547963435	0.003658798292	-0.00786013306	0.003156785472	-2.311062916e-05	-0.003287493755	-0.0009960831314
Q99797	MIPEP	2	713	678	35	80639.5900	77070.3750	0.04426132375	0.01113972204	R	-0.004609406165	-0.0005034639913	0.002679889499	0.002054758886	0.002827102212	-0.004148539475	0.001561926581	0.0001812240837	0.00257551777	-0.001668883924	0.000281254464	0.001463086779	-0.0003193438747	0.001765465296	-0.01113972204	0.001361848778	0.001678887348	0.001164321023	0.0005139810608	0.002280095691
Q99798	ACO2	2	780	753	27	85424.2250	82424.6400	0.03511398552	0.00352835288	L	-0.0008326837035	-0.0006872176813	0.002236034562	0.002310533743	0.001266909733	0.00127401547	-8.673586992e-05	0.002778466322	0.001413194449	-0.00352835288	-0.0009553028149	0.001688803943	0.0006083831022	-0.00149769237	-0.001467162899	-0.0006548189501	0.0007164751393	-0.003000166873	0.0006712486205	-0.002253931044
Q99805	TM9SF2	2	663	635	28	75774.6400	72712.8600	0.04040639454	0.0113429805	L	-0.0004385216542	0.001112609332	0.001672558189	0.002275522038	0.004710484699	0.0006678808937	0.001349752429	0.00323321457	0.002543606929	-0.0113429805	-0.0003311654439	0.001085543719	-0.005005779404	0.001130105317	-0.004359237878	-0.001563184638	0.002130179699	-0.0004633988964	-0.0009467703161	0.00253958092
Q99807	COQ7	2	217	182	35	24276.6300	20389.1450	0.1601328109	0.0426632881	R	-0.0106596247	-0.00265791465	0.009026983765	0.01596562129	-0.001383138488	-0.001376554164	0.007365706776	0.01067530693	0.008923285357	0.003822005821	0.001786536642	0.005376311473	-0.004270442397	0.005946822273	-0.0426632881	-0.009934265101	0.001426259935	0.006169815193	-0.00448002088	0.0009405930156
Q99816	TSG101	2	390	389	1	43943.7350	43812.5400	0.002985522282	0.002833854982	M	9.757510602e-05	2.09525551e-05	0.000168794079	0.0002205114042	6.665584911e-05	9.520188963e-05	4.471757625e-05	0.0001663465014	0.0002275295994	0.0002948869798	-0.002833854982	0.0001218554673	0.0002389172336	0.0001179379598	0.0001807495096	0.0001756773865	0.0001579315845	0.000162072752	3.531636515e-05	0.000240225183
Q99829	CPNE1	2	537	537	0	59057.9300	59057.9300	0	0	A	0	0	0	0	0	0	0	0	0	0	0	0	0	0	0	0	0	0	0	0
Q99832	CCT7	2	543	543	0	59365.8200	59365.8200	0	0	A	0	0	0	0	0	0	0	0	0	0	0	0	0	0	0	0	0	0	0	0
Q99848	EBNA1BP2	2	306	306	0	34851.4950	34851.4950	0	0	A	0	0	0	0	0	0	0	0	0	0	0	0	0	0	0	0	0	0	0	0
Q99873	PRMT1	2	371	371	0	42461.1800	42461.1800	0	0	A	0	0	0	0	0	0	0	0	0	0	0	0	0	0	0	0	0	0	0	0
Q99877	H2BC15	2	126	125	1	13921.9750	13790.7800	0.009423591121	0.009053585024	M	0.0006154693676	0	0.0002298770143	0.0005929191982	0.0001901997696	0.0003025245987	0.00026795957	0.0004530874225	0.001683231692	0.0004530874225	-0.009053585024	0.0002281844563	0.0003976820535	0.0002523983987	0.0008022955351	0.0009075047121	0.0005486190823	0.0006069893064	0	0.0005215554248
Q99878	H2AC14	2	128	127	1	13936.0850	13804.8900	0.009414049929	0.009196874505	M	0.0008155379293	0	0.0001523011819	0.000589243089	9.451026387e-05	0.0005583480333	0.0003550642881	0.0004502782727	0.001087317157	0.001200742061	-0.009196874505	0.0004535394175	0.0003293470149	0.0004180558739	0.001195981934	0.0002405008446	0.0004089132259	0.0005362008554	0	0.0003109930633
Q99879	H2BC14	2	126	125	1	13989.1150	13857.9200	0.009378363106	0.009016871487	M	0.0005595037338	0	0.0002279715516	0.0005880044597	0.0001886231937	0.0003000169563	0.000265738439	0.0005242203832	0.001669279295	0.000449331757	-0.009016871487	0.0003017240311	0.000394385646	0.0002503062551	0.0007956452651	0.0008399835338	0.0004760626061	0.0006688421556	0	0.0005172322244
Q99959	PKP2	2	881	881	0	97413.2800	97413.2800	0	0	A	0	0	0	0	0	0	0	0	0	0	0	0	0	0	0	0	0	0	0	0
Q99961	SH3GL1	2	368	368	0	41489.3850	41489.3850	0	0	A	0	0	0	0	0	0	0	0	0	0	0	0	0	0	0	0	0	0	0	0
Q99972	MYOC	2	504	472	32	56971.2650	53440.9750	0.06196615083	0.006730971435	C	-0.002712494836	-0.006730971435	0.0009251525596	0.003977951642	-0.005845887714	-0.0001627011251	0.000623274077	0.002371233471	0.003230038061	-0.003608894457	-0.003620150979	0.002255717866	-0.001174532815	0.00174963958	0.0006721555161	0.002735773963	0.005144230658	-0.002380984578	-0.001451905336	0.004003355882
Q99985	SEMA3C	2	751	731	20	85205.9900	83021.1800	0.02564150713	0.003176612972	V	-4.267990153e-05	-0.003032420318	0.001534301922	0.001341048454	-0.001841070259	0.0001049099177	0.0009982224653	-0.002579671983	0.0002826809447	0.0004294576835	-0.0008714854473	0.001416748868	0.00104937748	0.001253670479	0.0004769411827	0.0005976230394	0.0003580716485	-0.003176612972	0.0004379782831	0.001262908514
Q99996	AKAP9	2	3907	3907	0	452979.9100	452979.9100	0	0	A	0	0	0	0	0	0	0	0	0	0	0	0	0	0	0	0	0	0	0	0
Q9BPU6	DPYSL5	2	564	564	0	61420.5950	61420.5950	0	0	A	0	0	0	0	0	0	0	0	0	0	0	0	0	0	0	0	0	0	0	0
Q9BPW8	NIPSNAP1	2	284	249	35	33309.4750	29767.3900	0.1063386619	0.01544683784	A	-0.01544683784	-0.00238560873	0.0007582754899	0.009337890366	0.0004168882127	-0.004959542125	0.003938758079	-8.521559555e-05	0.007886496729	0.0009930969223	-0.0005704304995	0.007127463902	-0.004608554299	0.005101281954	-0.01272738619	-0.002872713714	-7.738722072e-05	-0.001639245112	0.006480608885	0.003332160795
Q9BPX5	ARPC5L	2	153	153	0	16940.9500	16940.9500	0	0	A	0	0	0	0	0	0	0	0	0	0	0	0	0	0	0	0	0	0	0	0
Q9BPX6	MICU1	2	476	443	33	54350.5950	50584.2900	0.06929648148	0.008895536517	R	-0.001400532605	0.001004189037	0.004727782418	0.003584130855	0.003632902117	-0.0009134796444	-0.0006293076099	-0.001374698708	0.007096753062	-0.004679207516	0.0006314566651	8.983456147e-05	7.828226659e-05	-0.001185523869	-0.008895536517	-0.003571458406	0.003808084879	0.001466732419	-0.002520942176	-0.0009494612294
Q9BQ04	RBM4B	2	359	359	0	40149.1000	40149.1000	0	0	A	0	0	0	0	0	0	0	0	0	0	0	0	0	0	0	0	0	0	0	0
Q9BQ13	KCTD14	2	255	255	0	29590.8100	29590.8100	0	0	A	0	0	0	0	0	0	0	0	0	0	0	0	0	0	0	0	0	0	0	0
Q9BQ67	GRWD1	2	446	446	0	49418.3750	49418.3750	0	0	A	0	0	0	0	0	0	0	0	0	0	0	0	0	0	0	0	0	0	0	0
Q9BQ69	MACROD1	2	325	325	0	35504.5900	35504.5900	0	0	A	0	0	0	0	0	0	0	0	0	0	0	0	0	0	0	0	0	0	0	0
Q9BQA1	WDR77	2	342	342	0	36723.7850	36723.7850	0	0	A	0	0	0	0	0	0	0	0	0	0	0	0	0	0	0	0	0	0	0	0
Q9BQC6	MRPL57	2	102	102	0	12266.0450	12266.0450	0	0	A	0	0	0	0	0	0	0	0	0	0	0	0	0	0	0	0	0	0	0	0
Q9BQE3	TUBA1C	2	449	449	0	49894.7200	49894.7200	0	0	A	0	0	0	0	0	0	0	0	0	0	0	0	0	0	0	0	0	0	0	0
Q9BQE5	APOL2	2	337	337	0	37077.7800	37077.7800	0	0	A	0	0	0	0	0	0	0	0	0	0	0	0	0	0	0	0	0	0	0	0
Q9BQG0	MYBBP1A	2	1328	1328	0	148851.9650	148851.9650	0	0	A	0	0	0	0	0	0	0	0	0	0	0	0	0	0	0	0	0	0	0	0
Q9BQS8	FYCO1	2	1478	1477	1	166979.6750	166848.4800	0.0007856944266	0.0007570870444	M	4.934242079e-05	1.448295605e-05	3.97755334e-05	0.0001078687762	2.040432068e-05	2.034005027e-05	1.360038348e-05	1.777011053e-05	5.067731678e-05	9.564500665e-05	-0.0007570870444	1.947811755e-05	1.926701735e-05	9.142089083e-05	6.246940271e-05	4.354832193e-05	3.2749937e-05	3.034117134e-05	1.057835939e-05	1.732695152e-05
Q9BR39	JPH2	1	696	696	0	74220.4650	74220.4650	0	0	A	0	0	0	0	0	0	0	0	0	0	0	0	0	0	0	0	0	0	0	0
Q9BR76	CORO1B	2	489	489	0	54233.9300	54233.9300	0	0	A	0	0	0	0	0	0	0	0	0	0	0	0	0	0	0	0	0	0	0	0
Q9BRA2	TXNDC17	2	123	122	1	13940.6900	13809.4950	0.009410940205	0.00915930291	M	0.0003606047988	0.0003502948657	0.0003848155054	0.001105984626	0.0006686306736	0.0003906730276	0.0002691395597	0.0002275413216	0.0008453219944	0.0006067768575	-0.00915930291	0.000381982153	0.0003994332904	0.0004225164384	0.0004029142662	0.0004253671378	0.000344396867	0.0008128830014	0.0002361743727	0.0005238521519
Q9BRC7	PLCD4	2	762	762	0	87583.7850	87583.7850	0	0	A	0	0	0	0	0	0	0	0	0	0	0	0	0	0	0	0	0	0	0	0
Q9BRF8	CPPED1	2	314	314	0	35547.7550	35547.7550	0	0	A	0	0	0	0	0	0	0	0	0	0	0	0	0	0	0	0	0	0	0	0
Q9BRG1	VPS25	2	176	176	0	20747.3850	20747.3850	0	0	A	0	0	0	0	0	0	0	0	0	0	0	0	0	0	0	0	0	0	0	0
Q9BRJ2	MRPL45	2	306	306	0	35350.4050	35350.4050	0	0	A	0	0	0	0	0	0	0	0	0	0	0	0	0	0	0	0	0	0	0	0
Q9BRQ6	CHCHD6	2	235	234	1	26457.3100	26326.1150	0.004958742971	0.004769448617	M	0.0002413716219	7.723738906e-05	0.0001272733965	0.000679997884	0.0001316321837	0.000179459314	0.0001978108437	0.0001045232371	0.0003727743119	0.000355379006	-0.004769448617	8.42241981e-05	0.0002201801073	0.0003027755375	0.0006662967897	0.0004522030473	0.0001518738492	0.0002800540647	0	0.0001443818352
Q9BRT2	UQCC2	2	126	113	13	14874.5850	13277.6300	0.1073613146	0.02077245497	R	-0.005421632486	-0.006227484288	0.006512895781	0.01645580949	-0.006181108404	0.003148587011	0.003253651756	0.00183384467	0.00270517435	-0.005231672473	-0.006626193951	0.001847126308	0.004828784102	0.005107838304	-0.02077245497	-0.001728432919	0.004163443949	0.002456753485	0.002855132718	-0.002980062429
Q9BRT3	MIEN1	2	115	111	4	12402.8500	11946.2100	0.0368173444	0.01032126592	M	0.001637521284	0.0009544220715	0.0003494926205	0.006953984122	0.001735016859	0.00256253451	0	-0.00631799075	0.001535456835	-0.006662415596	-0.01032126592	0.001387677386	0.003023071781	0.001151198758	0.002287062904	0.002207553989	0.001563920397	-0.005950308661	0	0.001903067405
Q9BRX2	PELO	2	385	385	0	43358.5400	43358.5400	0	0	A	0	0	0	0	0	0	0	0	0	0	0	0	0	0	0	0	0	0	0	0
Q9BRX8	PRXL2A	2	229	229	0	25763.8300	25763.8300	0	0	A	0	0	0	0	0	0	0	0	0	0	0	0	0	0	0	0	0	0	0	0
Q9BRZ2	TRIM56	2	755	755	0	81486.5900	81486.5900	0	0	A	0	0	0	0	0	0	0	0	0	0	0	0	0	0	0	0	0	0	0	0
Q9BS26	ERP44	2	406	377	29	46970.4550	43717.5400	0.069254492	0.01149793201	L	0.001058894614	-0.001231024145	0.003782724159	0.006081800038	-0.0006254329386	0.001551555525	-7.993281113e-05	0.004699130584	0.004028629319	-0.01149793201	-0.001104835775	0.002912716359	-0.003192002909	0.003423163728	0.002310509979	-0.0006874874049	-0.006318380025	-0.005406797044	-0.00320049825	0.003495199004
Q9BS92	NIPSNAP3B	2	247	247	0	28312.9700	28312.9700	0	0	A	0	0	0	0	0	0	0	0	0	0	0	0	0	0	0	0	0	0	0	0
Q9BSD7	NTPCR	2	190	189	1	20712.8650	20581.6700	0.006333986148	0.006148228457	M	0.0001379753729	0.0001250951935	0.0002404902438	0.0004177488733	0.0002984717007	0.0003681640543	0.000120141874	0.0003385757784	0.0004150799143	0.0006094364012	-0.006148228457	0.0001705139584	0.0004160427012	0.0003017730533	0.0006744671106	0.0003255097527	0.0003997140409	0.0006954909706	0	9.353746328e-05
Q9BSE5	AGMAT	2	352	317	35	37659.9550	34078.8200	0.09509132446	0.01579476249	R	-0.004550786085	-0.0001292872008	0.006088710339	0.004959329088	-0.0005739906375	-0.006525238538	-0.001659745824	0.004737175067	0.003167771395	-0.001191497959	0.0002000269618	0.003180989402	-0.003263340257	-0.002423010932	-0.01579476249	-0.0004772986219	0.005449189899	0.004387894096	0.0004916906265	0.003926181675
Q9BSH4	TACO1	2	297	297	0	32476.6300	32476.6300	0	0	A	0	0	0	0	0	0	0	0	0	0	0	0	0	0	0	0	0	0	0	0
Q9BSH5	HDHD3	2	251	251	0	27999.4500	27999.4500	0	0	A	0	0	0	0	0	0	0	0	0	0	0	0	0	0	0	0	0	0	0	0
Q9BSJ8	ESYT1	2	1104	1104	0	122854.3950	122854.3950	0	0	A	0	0	0	0	0	0	0	0	0	0	0	0	0	0	0	0	0	0	0	0
Q9BSL1	UBAC1	2	405	405	0	45337.6600	45337.6600	0	0	A	0	0	0	0	0	0	0	0	0	0	0	0	0	0	0	0	0	0	0	0
Q9BT78	COPS4	2	406	405	1	46267.9450	46136.7500	0.002835548456	0.002707823983	M	0.0002137223149	3.15931077e-05	0.0001180021868	0.0002839004219	9.476315626e-05	5.089473379e-05	8.9003594e-05	0.0001983789537	0.0001677271725	0.0003215107181	-0.002707823983	0.0001171333503	5.403735622e-05	0.0002515047095	0.0001907789808	0.0001260527448	0.000111820201	0.0001038614289	3.195086392e-05	0.0001511879877
Q9BTC0	DIDO1	2	2240	2240	0	243868.9550	243868.9550	0	0	A	0	0	0	0	0	0	0	0	0	0	0	0	0	0	0	0	0	0	0	0
Q9BTD8	RBM42	2	480	479	1	50413.3550	50282.1600	0.002602385816	0.002431120079	M	0.000240844257	1.039814925e-05	9.138287656e-05	0.0002083444622	8.506125496e-05	0.0001546231227	1.997283992e-05	7.31719548e-05	0.000163101442	0.0002758019835	-0.002431120079	2.834688592e-05	0.0003754645023	6.270986843e-05	0.0002616272532	8.568045805e-05	5.622690215e-05	0.000180972081	2.628974134e-05	3.110004396e-05
Q9BTE3	MCMBP	2	642	642	0	72979.0550	72979.0550	0	0	A	0	0	0	0	0	0	0	0	0	0	0	0	0	0	0	0	0	0	0	0
Q9BTE6	AARSD1	2	412	412	0	45478.9450	45478.9450	0	0	A	0	0	0	0	0	0	0	0	0	0	0	0	0	0	0	0	0	0	0	0
Q9BTM1	H2AJ	2	129	128	1	14019.2200	13888.0250	0.009358223924	0.00913989099	M	0.0007550782752	0	0.0001504110726	0.0005819303823	9.333735944e-05	0.0005514187448	0.0001753289099	0.0004446901666	0.001156424966	0.001185840444	-0.00913989099	0.0004479108395	0.0003252597068	0.0004954411905	0.001181139392	0.0003562742213	0.0003365320618	0.0005957397235	0	0.0003071335339
Q9BTV4	TMEM43	2	400	399	1	44874.8750	44743.6800	0.002923573603	0.00278358531	M	0.000147549777	6.688790729e-06	0.000132263163	0.000203062434	0.0002097490164	0.0001118970208	0.000102783019	0.0001158624866	0.0001452708625	0.0003475874598	-0.00278358531	9.482006771e-05	0.0001080502485	4.840705895e-05	0.0002500402028	0.0002088585394	0.0001512519089	0.0002004898221	7.891956007e-05	0.0001200338718
Q9BTY7	HGH1	2	390	389	1	42128.4350	41997.2400	0.003114167426	0.002971911424	M	0.0003424009946	6.008466178e-05	0.0001650146187	0.0003374561351	5.119978375e-05	0.0001163377858	6.732311295e-05	4.878655343e-05	3.624866583e-05	0.0005041277188	-0.002971911424	4.913989052e-05	0.0002711979925	0.0001811813402	0.0003239543191	7.1658621e-05	7.384125238e-05	0.0001525021466	6.329692982e-05	5.615890077e-05
Q9BTZ2	DHRS4	2	278	278	0	29536.8150	29536.8150	0	0	A	0	0	0	0	0	0	0	0	0	0	0	0	0	0	0	0	0	0	0	0
Q9BU02	THTPA	2	230	229	1	25565.5250	25434.3300	0.005131715464	0.004974670234	M	0.0003182626874	6.183266873e-05	0.0002943465024	0.0006757755444	0.0001405048221	0.0002426372576	0.0001319651501	8.925488233e-05	0.0001989505413	0.0006917253381	-0.004974670234	2.247532792e-05	0.0002741915157	0.0002734634321	0.000474138919	0.0001430173909	0.0002634301681	0.0003587172569	0.000104221423	0.0002157594056
Q9BU61	NDUFAF3	2	184	184	0	20349.8950	20349.8950	0	0	A	0	0	0	0	0	0	0	0	0	0	0	0	0	0	0	0	0	0	0	0
Q9BU89	DOHH	2	302	302	0	32903.6550	32903.6550	0	0	A	0	0	0	0	0	0	0	0	0	0	0	0	0	0	0	0	0	0	0	0
Q9BUB5	MKNK1	2	465	465	0	51341.6600	51341.6600	0	0	A	0	0	0	0	0	0	0	0	0	0	0	0	0	0	0	0	0	0	0	0
Q9BUB7	TMEM70	2	260	179	81	28968.9350	20532.3000	0.2912304163	0.04099662485	R	-0.02449624252	-0.005702814083	0.01484645236	0.011309717	0.01474528951	-0.01487595228	0.01153732574	0.02048546109	0.02174207735	-0.01071315986	0.0048101677	0.01309967968	-0.01596840342	0.001088758178	-0.04099662485	-0.01691737581	0.01949100997	-0.001443804793	-0.01821505214	0.01617349117
Q9BUF5	TUBB6	2	446	446	0	49856.5050	49856.5050	0	0	A	0	0	0	0	0	0	0	0	0	0	0	0	0	0	0	0	0	0	0	0
Q9BUJ2	HNRNPUL1	2	856	856	0	95737.3550	95737.3550	0	0	A	0	0	0	0	0	0	0	0	0	0	0	0	0	0	0	0	0	0	0	0
Q9BUK0	CHCHD7	2	85	85	0	10095.3700	10095.3700	0	0	A	0	0	0	0	0	0	0	0	0	0	0	0	0	0	0	0	0	0	0	0
Q9BUL8	PDCD10	2	212	212	0	24701.2450	24701.2450	0	0	A	0	0	0	0	0	0	0	0	0	0	0	0	0	0	0	0	0	0	0	0
Q9BUP0	EFHD1	2	239	239	0	26927.2700	26927.2700	0	0	A	0	0	0	0	0	0	0	0	0	0	0	0	0	0	0	0	0	0	0	0
Q9BUQ8	DDX23	2	820	820	0	95581.1250	95581.1250	0	0	A	0	0	0	0	0	0	0	0	0	0	0	0	0	0	0	0	0	0	0	0
Q9BUR5	APOO	2	198	173	25	22284.3350	19578.0900	0.1214415867	0.008720818031	E	-0.006505501644	0.001305727542	0.004303210692	0.008720818031	-0.007448223144	0.00316171604	0.0008360169532	-0.0001299422974	-0.0002896434316	-0.002510233152	-0.004167861454	0.003559605538	-0.0008484763105	0.003792563219	-0.001111236348	-0.003709948127	-0.001401747775	-0.006660721697	0.004401711432	0.004702165934
Q9BV20	MRI1	2	369	369	0	39149.2300	39149.2300	0	0	A	0	0	0	0	0	0	0	0	0	0	0	0	0	0	0	0	0	0	0	0
Q9BV79	MECR	2	373	320	53	40461.1500	34701.7050	0.1423450643	0.01235168586	R	-0.0060186107	-0.003432207343	0.004204774982	0.005165839563	0.005232652257	-0.00135317046	-0.008776883907	0.007848362452	0.008747061881	0.00595684393	0.00208789605	0.006045156224	-0.00166021596	0.007188508238	-0.01235168586	-0.005232167128	0.0003988943276	0.001196918196	-0.01011523607	-0.005132730675
Q9BV86	NTMT1	2	223	223	0	25386.6900	25386.6900	0	0	A	0	0	0	0	0	0	0	0	0	0	0	0	0	0	0	0	0	0	0	0
Q9BVA1	TUBB2B	2	445	445	0	49952.4800	49952.4800	0	0	A	0	0	0	0	0	0	0	0	0	0	0	0	0	0	0	0	0	0	0	0
Q9BVC6	TMEM109	2	243	210	33	26209.4200	22751.2350	0.1319443544	0.01480619185	R	-0.005905245885	0	0.00332731839	0.007356098492	-0.0004484021285	0.00467550895	-0.009375082109	-0.007626310347	-0.005910025407	0.001798548626	-0.008270142839	0.0006605639454	0.0002631024667	0.008767921433	0.01480619185	-0.007731370397	0.003573404958	-0.002125434052	-0.000554347616	0.002717701664
Q9BVG4	PBDC1	2	233	233	0	26056.5300	26056.5300	0	0	A	0	0	0	0	0	0	0	0	0	0	0	0	0	0	0	0	0	0	0	0
Q9BVG9	PTDSS2	2	487	487	0	56252.1700	56252.1700	0	0	A	0	0	0	0	0	0	0	0	0	0	0	0	0	0	0	0	0	0	0	0
Q9BVJ6	UTP14A	2	771	771	0	87976.5300	87976.5300	0	0	A	0	0	0	0	0	0	0	0	0	0	0	0	0	0	0	0	0	0	0	0
Q9BVJ7	DUSP23	2	150	149	1	16587.8950	16456.7000	0.007909080688	0.007681857808	M	0.0005049763051	0.0001962154775	0.0003772159962	0.0004765464379	0.0004681616109	0.0004255087128	0.0003140767512	0.0003186396193	0.000177563185	0.000955918858	-0.007681857808	0.0001069824566	0.000605962659	0.0004141723943	0.0009873933365	0.0002127381617	0.0002893676256	0.0004743034663	8.268224831e-05	0.0002934325055
Q9BVK6	TMED9	2	235	198	37	27276.9800	23321.1550	0.1450243025	0.02458885655	L	-0.004106920819	0.001323666145	0.005089384894	0.01220565523	0.009023457021	-0.007407969323	0.005932517403	0.008598148974	0.009582704875	-0.02458885655	-0.006215688354	0.003608508813	-0.004167112603	0.01357085547	-0.01528707408	0.002403525466	-0.004189881351	-0.0102806012	-0.002022536751	0.006928216747
Q9BVM4	GGACT	2	153	153	0	17328.3200	17328.3200	0	0	A	0	0	0	0	0	0	0	0	0	0	0	0	0	0	0	0	0	0	0	0
Q9BVP2	GNL3	2	549	549	0	61992.4100	61992.4100	0	0	A	0	0	0	0	0	0	0	0	0	0	0	0	0	0	0	0	0	0	0	0
Q9BVS5	TRMT61B	2	477	477	0	52964.5700	52964.5700	0	0	A	0	0	0	0	0	0	0	0	0	0	0	0	0	0	0	0	0	0	0	0
Q9BVT8	TMUB1	2	246	246	0	26260.8350	26260.8350	0	0	A	0	0	0	0	0	0	0	0	0	0	0	0	0	0	0	0	0	0	0	0
Q9BVV7	TIMM21	2	248	230	18	28202.1250	26023.5550	0.07724843429	0.004569728557	M	-0.001142934679	-0.002170447386	0.002368802694	0.001479109667	-0.0008592577591	0.004198961469	-0.003173802096	0.0009851690569	0.002956384107	-0.003032063668	-0.004569728557	0.001007726345	0.003219837711	-0.0003886126888	-0.002255144115	0.00185803708	-0.002753521568	0.001773414872	0.0005192195837	-2.115006738e-05
Q9BW27	NUP85	2	656	656	0	75018.1250	75018.1250	0	0	A	0	0	0	0	0	0	0	0	0	0	0	0	0	0	0	0	0	0	0	0
Q9BW30	TPPP3	2	176	175	1	18985.2850	18854.0900	0.006910351886	0.006648549662	M	0.0005461610357	0.0001114146443	0.0005711732371	0.0005411831171	0.0003544406726	0.0004372016332	9.511380029e-05	0.0002412390045	0.001165072021	0.0002814455053	-0.006648549662	0.0002024884836	7.05797733e-05	0.0001343854087	0.0003737730199	0.0003865488601	0.0003651290974	0.0004309087349	6.259793843e-05	0.0002776936751
Q9BW72	HIGD2A	2	106	105	1	11528.3950	11397.2000	0.01138016177	0.01074347148	M	0.0008210549702	0.0001015102401	0	0.0007396105129	0.0006919972169	0.0004402658969	0.0001299877332	0.0005494840786	0.0006124043413	0.0008791745258	-0.01074347148	0.0003320782334	0.001157498244	0.0003673169318	0.001167585594	0.0006163253377	0.0007984087025	0.0008833552463	0	0.0004554136778
Q9BW91	NUDT9	2	350	304	46	39124.4150	34203.7450	0.1257698038	0.01311198221	S	-0.00776077992	-0.001894531811	0.008497330038	0.01268058924	-0.007749035405	0.001031445268	0.002031247542	8.494920162e-05	0.009380356146	-0.01226385113	-0.0004279747957	0.005103641328	0.00551257104	4.732208708e-05	-0.01028312119	-0.01311198221	0.001179296114	0.001945633212	0.00136990433	0.004626990923
Q9BW92	TARS2	2	718	718	0	81034.6850	81034.6850	0	0	A	0	0	0	0	0	0	0	0	0	0	0	0	0	0	0	0	0	0	0	0
Q9BWF3	RBM4	2	364	364	0	40313.2650	40313.2650	0	0	A	0	0	0	0	0	0	0	0	0	0	0	0	0	0	0	0	0	0	0	0
Q9BWH2	FUNDC2	2	189	189	0	20675.4200	20675.4200	0	0	A	0	0	0	0	0	0	0	0	0	0	0	0	0	0	0	0	0	0	0	0
Q9BWM7	SFXN3	2	321	321	0	35502.8400	35502.8400	0	0	A	0	0	0	0	0	0	0	0	0	0	0	0	0	0	0	0	0	0	0	0
Q9BWS9	CHID1	2	393	374	19	44939.9000	42771.2950	0.04825567035	0.006981251338	L	-0.001340372611	-0.002093506091	0.003246401854	0.002870882674	-0.0004368344791	0.001684528897	-0.0007130216748	0.001151758011	0.003565676086	-0.006981251338	-0.00185031078	-0.001767282508	-0.0005291020652	0.002566408717	0.0005590654337	0.0006448547884	-0.002489479308	0.001747510818	-0.002133988685	0.002298062262
Q9BX46	RBM24	2	236	236	0	24775.4450	24775.4450	0	0	A	0	0	0	0	0	0	0	0	0	0	0	0	0	0	0	0	0	0	0	0
Q9BX66	SORBS1	2	1292	1292	0	142510.4250	142510.4250	0	0	A	0	0	0	0	0	0	0	0	0	0	0	0	0	0	0	0	0	0	0	0
Q9BX68	HINT2	2	163	146	17	17161.4600	15511.4750	0.09614479188	0.0273529322	A	-0.0273529322	0.0006512899903	0.005723783276	0.004745343163	0.002663913672	0.003121534172	0.004170008336	0.005640786268	0.005500863204	-0.00178324007	-0.007430817599	0.001420409929	0.006188760035	0.01021239476	-0.01947121054	0.002259625787	0.003201620322	-0.003481843149	0.001097775188	0.002921935458
Q9BXI3	NT5C1A	2	368	368	0	41019.8850	41019.8850	0	0	A	0	0	0	0	0	0	0	0	0	0	0	0	0	0	0	0	0	0	0	0
Q9BXJ8	TMEM120A	2	343	343	0	40609.6400	40609.6400	0	0	A	0	0	0	0	0	0	0	0	0	0	0	0	0	0	0	0	0	0	0	0
Q9BXJ9	NAA15	2	866	866	0	101271.0250	101271.0250	0	0	A	0	0	0	0	0	0	0	0	0	0	0	0	0	0	0	0	0	0	0	0
Q9BXK5	BCL2L13	2	485	485	0	52722.3000	52722.3000	0	0	A	0	0	0	0	0	0	0	0	0	0	0	0	0	0	0	0	0	0	0	0
Q9BXN1	ASPN	2	380	348	32	43416.5950	39749.0550	0.08447322965	0.0076766696	L	-0.003519910234	-0.00107654247	0.006843316008	0.002745206194	-0.004403286165	0.002205549995	-0.0002389803451	0.002447418585	-0.003853562802	-0.0076766696	-0.00644319945	0.003920771779	6.814002529e-05	0.002146790171	0.004798106882	-0.002222354483	0.003718468565	0.001110248001	0.0003749978521	-0.0009445085094
Q9BXP5	SRRT	2	876	875	1	100665.1050	100533.9100	0.001303281808	0.001256894408	M	4.418549708e-05	1.068285968e-05	9.828588001e-05	0.0001637800054	4.915704745e-05	5.543441783e-05	3.419952294e-05	5.0598872e-05	0.0001111744601	9.10779696e-05	-0.001256894408	4.805302998e-05	9.262956768e-05	4.670951665e-05	0.0001516748291	5.559566147e-05	3.282184315e-05	4.389949075e-05	2.700957747e-05	4.992435998e-05
Q9BXS1	IDI2	2	227	227	0	26752.1300	26752.1300	0	0	A	0	0	0	0	0	0	0	0	0	0	0	0	0	0	0	0	0	0	0	0
Q9BXS5	AP1M1	2	423	422	1	48586.3100	48455.1150	0.002700246222	0.002577742853	M	6.332510501e-05	1.722408738e-05	0.0001072216972	0.0002649357299	0.0001643836989	8.537551928e-05	7.352033556e-05	0.0001864710747	0.0002216783831	0.0002175495872	-0.002577742853	0.0001189536758	0.0001091124232	7.617588155e-05	0.0001816044692	0.0001792749431	9.595979395e-05	0.0002109510008	5.806376897e-05	0.0001459616779
Q9BXW6	OSBPL1A	2	950	950	0	108468.3550	108468.3550	0	0	A	0	0	0	0	0	0	0	0	0	0	0	0	0	0	0	0	0	0	0	0
Q9BXW7	HDHD5	2	423	400	23	46320.8000	44006.0650	0.04997182691	0.01205111337	A	-0.01205111337	-0.003775129979	0.002105327792	0.003345420827	0.002286301357	-0.001430568584	0.001687198383	0.001556099811	0.001734285518	0.001618675541	-0.0009969746774	0.001828598192	0.003414534025	0.003033961623	-0.005041781118	0.002181736875	0.001766434869	0.001533535798	-0.00676691655	0.00197037367
Q9BY32	ITPA	2	194	193	1	21445.3950	21314.2000	0.006117630382	0.00595094984	M	0.0003660225652	0.0002049685764	0.0002895013178	0.0005333624954	0.000439143459	0.0003084219774	7.499145079e-05	0.0002219026755	0.0004592942394	0.0006657080265	-0.00595094984	9.578991762e-05	0.0003617111005	0.0004591371513	0.000336796925	0.0002031801886	0.0002015174713	0.0003680574605	9.870933987e-05	0.0002627335025
Q9BY43	CHMP4A	2	222	222	0	25097.8650	25097.8650	0	0	A	0	0	0	0	0	0	0	0	0	0	0	0	0	0	0	0	0	0	0	0
Q9BY77	POLDIP3	2	421	420	1	46088.6200	45957.4250	0.002846581217	0.002695613393	M	0.0001852154442	2.518880146e-05	0.0001521910046	0.0001376454904	8.585626679e-05	8.583755606e-05	6.451044152e-05	0.0001227143273	0.0002887284039	0.0002795159677	-0.002695613393	0.0001304699252	0.0001795138688	0.0001671013779	0.0002535096113	0.0001747831724	0.0001485881494	0.0001765747249	0	3.766885884e-05
Q9BYC9	MRPL20	2	149	140	9	17442.3200	16351.9950	0.06251031973	0.01093285693	R	-1.625464785e-05	0.001200638962	0.00131895878	0.003401975551	-0.004941006283	0.001735786751	0.002562439955	0.00303294456	0.006277589766	-0.006980309163	-0.006927363293	0.002618494877	0.001140884481	-0.005336653511	0.01093285693	0.001388523699	-0.003563004228	-0.001956210478	-0.009481309106	0.0035910164
Q9BYD1	MRPL13	2	178	177	1	20691.5950	20560.4000	0.006340497192	0.006012542238	M	0.0003049401441	3.190079855e-05	0.0003154008467	0.0003873856463	0.0002609620129	0.000177889869	0.0003268015117	0.0003453637955	0.0003849106752	0.0006561912114	-0.006012542238	0.0001391460385	0.0004546969632	0.000346301125	0.000596257415	0.0002213572083	0.0002195457401	0.0002467598911	0.0002150802602	0.0003816510855
Q9BYD2	MRPL9	2	267	215	52	30242.9400	24824.7700	0.1791548705	0.02219018625	K	-0.01358163871	-0.001925689481	-0.00127365885	0.01114221396	0.0005087823456	-0.009301591737	0.0004778593191	0.004977574955	0.02219018625	-0.01087111837	-0.00142781846	-0.002957238957	-0.003678652725	-0.001872607244	-0.01717738079	-0.001346601172	0.004887194995	0.007750786214	0.007749640599	0.00572975786
Q9BYD3	MRPL4	2	311	311	0	34918.6300	34918.6300	0	0	A	0	0	0	0	0	0	0	0	0	0	0	0	0	0	0	0	0	0	0	0
Q9BYD6	MRPL1	2	325	275	50	36908.2200	31414.8300	0.1488392017	0.01816363853	E	-0.009708061406	-0.008004849302	0.008763516306	0.01816363853	0.003612968173	0.001332979828	-0.01260325683	0.003038905137	0.01361385296	0.0064475794	-0.007402012275	0.0008861665517	0.004886933449	-0.002628081321	-0.01249126007	-0.008264333962	-0.0006716001852	-0.002285154455	0.0008403856593	0.002471683807
Q9BYG3	NIFK	2	293	292	1	34221.7900	34090.5950	0.003833668549	0.003736165233	M	6.847928729e-05	3.492374473e-05	0.0001662500152	0.0003392757057	0.0002539475467	7.934131365e-05	5.962824909e-05	0.0001386332771	0.0004916159857	0.0002772665542	-0.003736165233	0.00013963733	0.000188051894	0.0002667859718	0.0004016980081	0.0002120415511	0.0002632405603	0.0002138632585	1.962178703e-05	0.0001218631923
Q9BYK8	HELZ2	2	2896	2896	0	322310.9450	322310.9450	0	0	A	0	0	0	0	0	0	0	0	0	0	0	0	0	0	0	0	0	0	0	0
Q9BYN8	MRPS26	2	205	178	27	24211.3100	21342.8450	0.1184762411	0.01876005854	E	-0.003167058473	-0.004344774885	0.003263680722	0.01876005854	0.003240435273	-0.007339686313	0.003804358107	0.002573084901	0.007169308562	-0.01386958966	-0.002423677634	0.004535510863	-0.01369111382	0.01003359911	-0.01441471675	-0.001707018849	-0.001934913744	0.003842242727	0.003004547906	0.002665723411
Q9BYS8	LRRC2	2	371	371	0	42942.8600	42942.8600	0	0	A	0	0	0	0	0	0	0	0	0	0	0	0	0	0	0	0	0	0	0	0
Q9BYT8	NLN	2	704	667	37	80650.7650	76512.6700	0.05130881276	0.009622117938	R	-0.000894796981	-0.0004526206485	0.003329352547	0.002959483708	0.002882825016	-0.0007539837172	0.00144405933	-0.0008274223744	0.004167033773	-0.004193147767	-0.004225991963	0.001921417969	0.000373585532	0.0005592223532	-0.009622117938	-0.0009943640009	0.001356653888	-0.0009040308442	0.0007127919666	0.003162050152
Q9BYV2	TRIM54	1	358	358	0	40300.3650	40300.3650	0	0	A	0	0	0	0	0	0	0	0	0	0	0	0	0	0	0	0	0	0	0	0
Q9BYV6	TRIM55	2	548	548	0	60464.8550	60464.8550	0	0	A	0	0	0	0	0	0	0	0	0	0	0	0	0	0	0	0	0	0	0	0
Q9BYV7	BCO2	2	579	579	0	65673.3300	65673.3300	0	0	A	0	0	0	0	0	0	0	0	0	0	0	0	0	0	0	0	0	0	0	0
Q9BYV8	CEP41	2	373	373	0	41367.7700	41367.7700	0	0	A	0	0	0	0	0	0	0	0	0	0	0	0	0	0	0	0	0	0	0	0
Q9BYX4	IFIH1	2	1025	1025	0	116687.6000	116687.6000	0	0	A	0	0	0	0	0	0	0	0	0	0	0	0	0	0	0	0	0	0	0	0
Q9BYX7	POTEKP	2	375	375	0	42015.6800	42015.6800	0	0	A	0	0	0	0	0	0	0	0	0	0	0	0	0	0	0	0	0	0	0	0
Q9BZ29	DOCK9	2	2069	2069	0	236442.2300	236442.2300	0	0	A	0	0	0	0	0	0	0	0	0	0	0	0	0	0	0	0	0	0	0	0
Q9BZE1	MRPL37	2	423	394	29	48116.7500	45381.6250	0.05684351084	0.009188828568	G	-0.007409247689	0.001215204562	0.002966577293	0.003935139148	0.000164844847	-0.009188828568	0.002593526298	0.002923560808	0.003584164748	-0.002546155131	-0.002345333533	0.002061314308	-2.682670484e-05	0.0001458346506	-0.007652305754	-0.001781198049	0.002522237061	0.003786063624	0.001820689451	0.003230738631
Q9BZE4	GTPBP4	2	634	633	1	73963.4750	73832.2800	0.00177378091	0.001683597657	M	6.578235374e-05	1.739543341e-05	0.0001310379958	0.0001388151976	5.082214154e-05	3.695350242e-05	6.364433085e-05	9.416304889e-05	0.0002068924802	0.0001641127424	-0.001683597657	5.690701541e-05	5.903457791e-05	7.793282155e-05	0.0001929389273	6.466370669e-05	7.818305063e-05	9.370976506e-05	1.256601216e-05	7.804255315e-05
Q9BZF3	OSBPL6	2	934	933	1	106304.3650	106173.1700	0.001234144995	0.001184039303	M	4.478374711e-05	2.388419201e-05	6.559479112e-05	0.0001029629264	5.373026551e-05	2.663730051e-05	4.128923512e-05	6.076502349e-05	8.789593589e-05	0.0001008440815	-0.001184039303	6.380958773e-05	5.560397998e-05	6.193823881e-05	9.100082171e-05	0.0001097965138	4.813819869e-05	6.581705446e-05	4.02577558e-05	3.928965356e-05
Q9BZF9	UACA	2	1416	1416	0	162502.9550	162502.9550	0	0	A	0	0	0	0	0	0	0	0	0	0	0	0	0	0	0	0	0	0	0	0
Q9BZJ0	CRNKL1	2	848	848	0	100450.2750	100450.2750	0	0	A	0	0	0	0	0	0	0	0	0	0	0	0	0	0	0	0	0	0	0	0
Q9BZK7	TBL1XR1	2	514	513	1	55594.0050	55462.8100	0.002359876753	0.002264196401	M	0.0001584780444	4.741569164e-05	0.000165735766	0.0001151579847	9.99085865e-05	0.0001095015868	9.383629272e-05	0.0001399993158	0.0001196232623	0.000167999179	-0.002264196401	0.0001504141464	7.372777876e-05	0.0001247815813	9.296287573e-05	0.0001832009039	0.0001356140866	0.0001333713083	9.445213175e-05	5.801587872e-05
Q9BZL1	UBL5	2	73	73	0	8546.8400	8546.8400	0	0	A	0	0	0	0	0	0	0	0	0	0	0	0	0	0	0	0	0	0	0	0
Q9BZL4	PPP1R12C	2	782	781	1	84879.7450	84748.5500	0.00154565733	0.001492000277	M	0.0001400530729	1.479366262e-05	8.125769621e-05	0.0002043473856	2.016973529e-05	6.989123413e-05	3.078375477e-05	2.402382873e-05	6.024318002e-05	0.0001561548867	-0.001492000277	3.226376205e-05	0.0001247594099	7.137490443e-05	0.0002233335119	9.784027967e-05	5.09060236e-05	4.827613749e-05	2.493530687e-05	1.659250411e-05
Q9BZQ8	NIBAN1	2	928	927	1	103133.2550	103002.0600	0.00127209211	0.001218758295	M	6.117273514e-05	2.142857002e-05	5.400421617e-05	0.0001806210018	5.499443392e-05	4.139303684e-05	3.712484255e-05	4.366862339e-05	8.669170137e-05	0.0001228180033	-0.001218758295	3.986131002e-05	7.30639831e-05	8.058050358e-05	5.618169646e-05	8.418546629e-05	5.452835118e-05	7.43459187e-05	1.062314919e-05	4.147075197e-05
Q9BZV1	UBXN6	2	441	441	0	49752.9300	49752.9300	0	0	A	0	0	0	0	0	0	0	0	0	0	0	0	0	0	0	0	0	0	0	0
Q9BZW5	TM6SF1	2	370	370	0	41635.4650	41635.4650	0	0	A	0	0	0	0	0	0	0	0	0	0	0	0	0	0	0	0	0	0	0	0
Q9BZZ5	API5	2	524	523	1	59003.7850	58872.5900	0.002223501425	0.002156788274	M	8.820618466e-05	2.321768418e-05	0.0001105248128	0.0002067579873	0.0001318961583	8.391562714e-05	2.47759416e-05	9.635421975e-05	0.0001960989828	0.0002890626593	-0.002156788274	9.705206613e-05	8.824866227e-05	0.0001400227949	0.0001557810284	0.0001006910874	0.0001141338123	0.0001159878161	1.304477678e-05	8.101597167e-05
Q9C029	TRIM7	2	511	511	0	56629.9300	56629.9300	0	0	A	0	0	0	0	0	0	0	0	0	0	0	0	0	0	0	0	0	0	0	0
Q9C0B1	FTO	2	505	505	0	58281.1400	58281.1400	0	0	A	0	0	0	0	0	0	0	0	0	0	0	0	0	0	0	0	0	0	0	0
Q9C0C2	CNOT12	2	1729	1729	0	181792.6600	181792.6600	0	0	A	0	0	0	0	0	0	0	0	0	0	0	0	0	0	0	0	0	0	0	0
Q9C0D5	TANC1	2	1861	1861	0	202216.0800	202216.0800	0	0	A	0	0	0	0	0	0	0	0	0	0	0	0	0	0	0	0	0	0	0	0
Q9C0E2	XPO4	2	1151	1151	0	130137.2300	130137.2300	0	0	A	0	0	0	0	0	0	0	0	0	0	0	0	0	0	0	0	0	0	0	0
Q9C0E8	LNPK	2	428	427	1	47739.2050	47608.0100	0.002748160553	0.002662724366	M	0.0001301378904	3.539680502e-05	0.0001166552018	0.000315215424	0.0001528237678	8.041603303e-05	3.021797238e-05	0.0001277373972	0.000149482554	0.0002490879246	-0.002662724366	9.649690244e-05	0.0002410518722	0.0001351998633	0.0002290158093	0.000184211798	0.0001392032821	0.0001311969315	3.977514869e-05	7.940178816e-05
Q9C0I1	MTMR12	1	747	747	0	86146.4300	86146.4300	0	0	A	0	0	0	0	0	0	0	0	0	0	0	0	0	0	0	0	0	0	0	0
Q9GZL7	WDR12	2	423	422	1	47707.2200	47576.0250	0.002750003039	0.002632049101	M	9.149958505e-05	5.333013032e-05	0.0002083046211	0.0002014791626	7.27105004e-05	8.077183837e-05	0.0001062308573	0.0001475479655	0.0002287907781	0.0002501900284	-0.002632049101	7.753908681e-05	7.319859209e-05	7.147266466e-05	0.0001277939461	0.0002518421063	0.0001747739937	0.000166154138	0.0001598045444	8.861456214e-05
Q9GZM7	TINAGL1	2	467	446	21	52386.8000	50146.9950	0.04275514061	0.01650822442	L	-0.00121606551	7.036261393e-05	0.002464236154	0.002615030373	0.001590345068	-0.0009810983062	-0.0004843927145	0.001651382587	0.0008661077285	-0.01650822442	-0.0009078473942	0.001956873813	-0.001315723333	0.002056302317	0.001778252793	0.001790001887	0.001587893792	0.002082177722	-0.001242548052	0.002146932886
Q9GZP4	PITHD1	2	211	211	0	24177.5100	24177.5100	0	0	A	0	0	0	0	0	0	0	0	0	0	0	0	0	0	0	0	0	0	0	0
Q9GZQ8	MAP1LC3B	2	125	120	5	14687.8400	14129.1050	0.03804065131	0.00741140825	M	0.0006297367936	0	0.001568039197	0.004159980893	0.002724524064	0.0007075143652	0.001096684965	0.002472483263	-0.005539150548	-0.004660981164	-0.00741140825	0.001245195124	0.001627603481	0.002410327179	0.003694022319	-0.004229479508	0.001684010481	-0.003886769204	0	0.001707666549
Q9GZR7	DDX24	2	859	859	0	96330.3800	96330.3800	0	0	A	0	0	0	0	0	0	0	0	0	0	0	0	0	0	0	0	0	0	0	0
Q9GZS3	SKIC8	2	305	305	0	33579.9900	33579.9900	0	0	A	0	0	0	0	0	0	0	0	0	0	0	0	0	0	0	0	0	0	0	0
Q9GZT3	SLIRP	2	109	109	0	12348.7900	12348.7900	0	0	A	0	0	0	0	0	0	0	0	0	0	0	0	0	0	0	0	0	0	0	0
Q9GZT8	NIF3L1	2	377	377	0	41967.4200	41967.4200	0	0	A	0	0	0	0	0	0	0	0	0	0	0	0	0	0	0	0	0	0	0	0
Q9GZT9	EGLN1	2	426	425	1	46020.4450	45889.2500	0.002850798162	0.002741040932	M	0.0001989439394	9.43808366e-05	0.0001935393979	0.0001757366607	9.436473774e-05	0.0001832304182	8.057217342e-05	9.536650199e-05	0.0002505329804	0.000177109218	-0.002741040932	0.000102918423	0.0002032828405	0.0001062503667	0.0002533025028	0.0001418953093	8.041949396e-05	0.0001338438044	5.302755158e-05	0.0001223237753
Q9GZV1	ANKRD2	1	360	360	0	39858.5950	39858.5950	0	0	A	0	0	0	0	0	0	0	0	0	0	0	0	0	0	0	0	0	0	0	0
Q9GZY8	MFF	2	342	342	0	38463.8950	38463.8950	0	0	A	0	0	0	0	0	0	0	0	0	0	0	0	0	0	0	0	0	0	0	0
Q9GZZ1	NAA50	2	169	169	0	19398.1300	19398.1300	0	0	A	0	0	0	0	0	0	0	0	0	0	0	0	0	0	0	0	0	0	0	0
Q9GZZ8	LACRT	2	138	119	19	14245.8550	12263.4300	0.1391580218	0.01998062237	L	-0.01287291964	0	0.00385969854	0.01706618922	-0.01497650915	0.003490558223	0.001499705055	0.005071641949	0.006797451799	-0.01998062237	-0.007485006638	0.003831280024	0.01001578722	0.009888290541	0.001683845444	0.01320562072	-0.002739663289	-0.009488700253	0.001974023631	-0.01084067103
Q9H008	LHPP	2	270	270	0	29164.9650	29164.9650	0	0	A	0	0	0	0	0	0	0	0	0	0	0	0	0	0	0	0	0	0	0	0
Q9H019	MTFR1L	2	292	292	0	31956.9250	31956.9250	0	0	A	0	0	0	0	0	0	0	0	0	0	0	0	0	0	0	0	0	0	0	0
Q9H061	TMEM126A	2	195	195	0	21526.9500	21526.9500	0	0	A	0	0	0	0	0	0	0	0	0	0	0	0	0	0	0	0	0	0	0	0
Q9H074	PAIP1	2	479	479	0	53523.9100	53523.9100	0	0	A	0	0	0	0	0	0	0	0	0	0	0	0	0	0	0	0	0	0	0	0
Q9H078	CLPB	2	707	671	36	78727.6300	74837.9800	0.04940641551	0.009025931002	L	0.0002822873684	0.0006226712081	0.002888142801	0.004284778949	0.001980888627	-0.001832645554	-1.332225869e-05	0.002396853597	0.001990931294	-0.009025931002	-0.000779639305	0.0008185409184	-0.0007429380608	0.002336598777	-0.008261491142	-0.001407284674	0.0008060210526	0.001260962208	0.001049537092	0.001345038104
Q9H0A0	NAT10	2	1025	1025	0	115728.1100	115728.1100	0	0	A	0	0	0	0	0	0	0	0	0	0	0	0	0	0	0	0	0	0	0	0
Q9H0D6	XRN2	2	950	950	0	108580.9750	108580.9750	0	0	A	0	0	0	0	0	0	0	0	0	0	0	0	0	0	0	0	0	0	0	0
Q9H0E2	TOLLIP	2	274	273	1	30281.4150	30150.2200	0.004332525412	0.004004388728	M	0.0002585888374	5.86123088e-05	0.000225359393	0.0002313205202	9.989030301e-05	0.0001815791524	5.629147229e-05	0.0002062279116	0.000159121824	0.0003172737102	-0.004004388728	0.000159785784	0.0003202476221	0.0003888314249	0.0003160159353	0.0001398053046	0.0002160953973	0.0003542027059	7.409503365e-05	0.0002410440874
Q9H0N5	PCBD2	2	130	130	0	14365.2150	14365.2150	0	0	A	0	0	0	0	0	0	0	0	0	0	0	0	0	0	0	0	0	0	0	0
Q9H0P0	NT5C3A	2	336	336	0	37947.6450	37947.6450	0	0	A	0	0	0	0	0	0	0	0	0	0	0	0	0	0	0	0	0	0	0	0
Q9H0R4	HDHD2	2	259	259	0	28535.4800	28535.4800	0	0	A	0	0	0	0	0	0	0	0	0	0	0	0	0	0	0	0	0	0	0	0
Q9H0S4	DDX47	2	455	454	1	50645.8100	50514.6150	0.002590441342	0.002472019871	M	0.000150202179	2.618857912e-05	0.0001438469743	0.0001908117685	0.0001428224293	9.735770721e-05	6.03638535e-05	0.0001757838125	0.000233830984	0.0002608404959	-0.002472019871	7.99611935e-05	8.958672837e-05	0.0001326694916	0.000210857401	0.000109032332	0.0001596353415	0.0001367378428	8.828378387e-06	6.2662379e-05
Q9H0U3	MAGT1	2	335	306	29	38036.1500	34871.3350	0.0832054506	0.01012577964	V	-0.005862834437	-0.004244481203	-0.000261478389	0.003355866613	0.003443274484	0.003268861204	0.002573668086	0.001646209617	0.004546944942	0.001388522763	-0.00182382072	0.00438328105	0.0004900014043	0.003636311834	-0.0006844408018	-0.003016338473	0.000259983978	-0.01012577964	-0.006730785189	0.003757032875
Q9H0U4	RAB1B	2	201	201	0	22170.9000	22170.9000	0	0	A	0	0	0	0	0	0	0	0	0	0	0	0	0	0	0	0	0	0	0	0
Q9H0U6	MRPL18	2	180	180	0	20576.2650	20576.2650	0	0	A	0	0	0	0	0	0	0	0	0	0	0	0	0	0	0	0	0	0	0	0
Q9H0V9	LMAN2L	2	348	304	44	39710.2450	35033.8450	0.1177630609	0.0165898536	L	-0.005659030757	-0.001567987404	0.00375334286	0.007350141701	0.008252361229	-0.00591819516	0.004559291243	0.006167370749	0.006873583364	-0.0165898536	-0.001669622584	0.004659028494	0.0004033489748	-0.01074468157	-0.005946149305	-0.003587145984	0.002659014707	0.00536912821	-0.005285810293	0.006921865126
Q9H0W9	BKGD	2	315	315	0	35117.0000	35117.0000	0	0	A	0	0	0	0	0	0	0	0	0	0	0	0	0	0	0	0	0	0	0	0
Q9H0Z9	RBM38	2	239	239	0	25497.5300	25497.5300	0	0	A	0	0	0	0	0	0	0	0	0	0	0	0	0	0	0	0	0	0	0	0
Q9H173	SIL1	2	461	430	31	52083.8800	48842.9050	0.06222606688	0.008890271362	M	-0.002533054973	-0.003609494264	0.002517232408	0.008184036864	-0.002532157944	-0.0007331567146	0.001553426205	0.001459253878	0.00504168488	-0.005578103415	-0.008890271362	0.002204733808	-0.004056091721	0.002619253019	0.0009904152455	-0.004390915216	0.001074817173	0.003779519831	0.0006815784714	0.002217293826
Q9H1B7	IRF2BPL	2	796	796	0	82657.5450	82657.5450	0	0	A	0	0	0	0	0	0	0	0	0	0	0	0	0	0	0	0	0	0	0	0
Q9H1C7	CYSTM1	2	97	97	0	10630.9600	10630.9600	0	0	A	0	0	0	0	0	0	0	0	0	0	0	0	0	0	0	0	0	0	0	0
Q9H1E1	RNASE7	2	156	128	28	17419.2650	14501.6750	0.1674921416	0.04265952465	L	-0.01575053228	0.003779822053	0.005368822046	-0.004312113314	-0.00150980489	-0.004400330952	0.01251649497	-0.002521611648	0.02653573574	-0.04265952465	-0.001363750758	0.01065858405	-0.006639776223	0.01473703332	-0.001592154561	0.006457729281	0.008408599877	-0.003322819726	-0.008044710626	0.003654308289
Q9H1E3	NUCKS1	2	243	243	0	27296.0700	27296.0700	0	0	A	0	0	0	0	0	0	0	0	0	0	0	0	0	0	0	0	0	0	0	0
Q9H1E5	TMX4	2	349	326	23	38951.6000	36757.0050	0.05634158802	0.01298659245	A	-0.01298659245	-0.001859088401	0.003604151299	0.009960157411	0.003354825806	-0.002642525777	0.001260369814	-0.0007695212017	0.00257309595	-0.004262102968	-0.002087470454	0.001609926456	0.0004157215637	-0.0002637558373	-0.0005502529075	0.003272534177	-0.0005375490599	0.000740240445	-0.002304071089	0.001471907229
Q9H1H9	KIF13A	2	1805	1805	0	202305.6000	202305.6000	0	0	A	0	0	0	0	0	0	0	0	0	0	0	0	0	0	0	0	0	0	0	0
Q9H1K1	ISCU	2	167	133	34	17998.7600	14385.5200	0.200749385	0.05391213046	R	-0.0274659735	0.005820515324	0.01278822366	0.01066050056	-0.00390236303	0.005439297064	0.005590043862	0.009452092213	0.03511477118	-0.02641689126	-0.003524859784	0.006347032722	-0.009542023196	0.00526541418	-0.05391213046	-0.006185646744	0.01001439934	0.01547665705	0.002452677533	0.006528263277
Q9H1R3	MYLK2	1	596	595	1	64684.0250	64552.8300	0.002028244223	0.001912134658	M	0.0001311893229	3.185963304e-05	0.0001049979488	0.0001857051625	8.687508719e-05	9.475216846e-05	4.079747496e-05	8.278035125e-05	0.0001998952684	0.0001724590651	-0.001912134658	8.337988875e-05	0.0001422878664	8.838497504e-05	0.0001099362445	0.0001077723874	9.396961425e-05	9.549606828e-05	2.148027157e-05	3.811585943e-05
Q9H223	EHD4	2	541	541	0	61174.2300	61174.2300	0	0	A	0	0	0	0	0	0	0	0	0	0	0	0	0	0	0	0	0	0	0	0
Q9H239	MMP28	2	520	398	122	58937.9950	44930.0550	0.2376724895	0.01382779337	R	-0.002838826331	0.000434044678	0.003597054639	-0.003684945874	0.008388723366	0.005987269085	0.003939434682	0.001537495701	-0.00485124181	-0.003709788413	-0.005195278332	0.002150646296	0.008357401559	-0.00299425231	-0.01382779337	0.001301150336	-0.006240099553	-0.001866474939	0.005916977276	0.00359850331
Q9H267	VPS33B	2	617	616	1	70584.2800	70453.0850	0.001858699982	0.001779926345	M	7.585023453e-05	3.257503441e-05	0.0001133198587	0.000164822164	0.0001221355424	5.382211584e-05	3.476131141e-05	9.404351851e-05	0.0001375660695	0.0002321699363	-0.001779926345	6.216303818e-05	5.674865306e-05	7.203377189e-05	0.0001639237247	0.0001059542248	6.405312147e-05	9.449072172e-05	1.830217213e-05	8.119113135e-05
Q9H269	VPS16	2	839	839	0	94692.1100	94692.1100	0	0	A	0	0	0	0	0	0	0	0	0	0	0	0	0	0	0	0	0	0	0	0
Q9H270	VPS11	2	941	940	1	107806.9800	107675.7850	0.001216943467	0.001174670073	M	4.96084524e-05	2.675382161e-05	6.900340817e-05	9.04023948e-05	6.660882458e-05	3.60358812e-05	5.958137172e-05	5.792833908e-05	8.2807258e-05	0.0001322277305	-0.001174670073	4.058983348e-05	3.979144694e-05	8.558500184e-05	8.52937194e-05	6.356245574e-05	5.26067222e-05	5.623555992e-05	1.568508892e-05	6.43627624e-05
Q9H299	SH3BGRL3	2	93	92	1	10437.5600	10306.3650	0.01256950858	0.01218247211	M	0.0005520287885	0.0001251240469	0.0008247281597	0.001063606034	0.0003411891928	0.0004651565961	0	0.000677307743	0.0006038918591	0.001219153937	-0.01218247211	0.0005457705207	0.0003566902818	0.00135829196	0.001079396284	0.0007596979415	0.0006150865163	0.0008468799491	0	0.0007484723028
Q9H2D6	TRIOBP	2	2365	2365	0	261370.8300	261370.8300	0	0	A	0	0	0	0	0	0	0	0	0	0	0	0	0	0	0	0	0	0	0	0
Q9H2G2	SLK	2	1235	1235	0	142692.8400	142692.8400	0	0	A	0	0	0	0	0	0	0	0	0	0	0	0	0	0	0	0	0	0	0	0
Q9H2H8	PPIL3	2	161	160	1	18154.4000	18023.2050	0.007226622747	0.006940806862	M	0.0001512616667	0.0001645694335	0.0004067714682	0.0004996100352	0.0005048428162	0.0003823733298	0.0003161061522	0.0004454145879	0.0005957016874	0.0004454145879	-0.006940806862	0.0005832326596	0.000273663239	0.000198499315	0.000295765881	0.0002141127653	0.0005258452499	0.0004375874886	6.934708176e-05	0.0004306874166
Q9H2J4	PDCL3	2	239	239	0	27613.9900	27613.9900	0	0	A	0	0	0	0	0	0	0	0	0	0	0	0	0	0	0	0	0	0	0	0
Q9H2K0	MTIF3	2	278	247	31	31724.9450	28164.6500	0.1122238352	0.007931830328	L	5.266590744e-05	-0.006183032168	0.005038759993	0.006119735147	-0.005018920507	0.001055614858	4.585876944e-05	-0.0003738852498	-0.003348990424	-0.007931830328	-0.0004694092716	0.003221926293	0.003169796806	0.002098178375	-0.0004965373981	-0.0006612186898	0.000890330959	0.0008409798706	0.0007028314772	0.001247145582
Q9H2K8	TAOK3	2	898	898	0	105404.0650	105404.0650	0	0	A	0	0	0	0	0	0	0	0	0	0	0	0	0	0	0	0	0	0	0	0
Q9H2M9	RAB3GAP2	2	1393	1393	0	155982.2200	155982.2200	0	0	A	0	0	0	0	0	0	0	0	0	0	0	0	0	0	0	0	0	0	0	0
Q9H2P9	DPH5	2	285	285	0	31651.0400	31651.0400	0	0	A	0	0	0	0	0	0	0	0	0	0	0	0	0	0	0	0	0	0	0	0
Q9H2S1	KCNN2	1	579	579	0	63758.7200	63758.7200	0	0	A	0	0	0	0	0	0	0	0	0	0	0	0	0	0	0	0	0	0	0	0
Q9H2U2	PPA2	2	334	302	32	37919.7750	34706.9850	0.08472597741	0.01683580535	R	-0.01113490513	-0.0006747621221	0.004578673466	0.008540958927	0.005327416439	-0.004093339244	0.002668599505	0.006204386349	0.009429323921	-0.0125615671	-0.005190797662	0.00681744183	0.00158660183	0.002827829669	-0.01683580535	-0.003563357302	-0.005063521434	0.003778115115	0.003073533465	0.004285174821
Q9H2W6	MRPL46	2	279	279	0	31704.5800	31704.5800	0	0	A	0	0	0	0	0	0	0	0	0	0	0	0	0	0	0	0	0	0	0	0
Q9H307	PNN	2	717	716	1	81626.5300	81495.3350	0.001607259307	0.001546076061	M	4.32130697e-05	4.053007633e-06	6.901252391e-05	0.0002657744033	2.486648637e-05	4.394633091e-05	2.854516951e-05	3.94907321e-05	0.0001467091084	9.433897112e-05	-0.001546076061	4.419638234e-05	6.354634933e-05	0.0001295487223	0.0002243504976	0.0001828028207	5.578672639e-05	7.641789338e-05	3.415752801e-06	6.061113016e-06
Q9H330	TMEM245	2	879	878	1	97355.5500	97224.3550	0.001347586244	0.001301021815	M	6.858991751e-05	1.272006001e-05	3.571028182e-05	5.663730252e-05	7.129726384e-05	5.604460027e-05	3.981638681e-05	9.639676379e-05	5.798076875e-05	0.0002035042791	-0.001301021815	3.852972948e-05	6.580698153e-05	4.261833686e-05	6.908988246e-05	8.703764403e-05	6.808761956e-05	9.839254078e-05	7.146722392e-05	6.129423216e-05
Q9H361	PABPC3	2	631	631	0	70030.0300	70030.0300	0	0	A	0	0	0	0	0	0	0	0	0	0	0	0	0	0	0	0	0	0	0	0
Q9H3H3	C11orf68	2	292	292	0	31429.7750	31429.7750	0	0	A	0	0	0	0	0	0	0	0	0	0	0	0	0	0	0	0	0	0	0	0
Q9H3K2	GHITM	2	345	300	45	37204.7400	32080.7150	0.1377250587	0.009862969866	G	0.001868577978	-0.001907224977	0.002914527084	0.0009057173474	-0.001583424837	0.009862969866	-0.001876047315	0.0065519999	-0.003169005311	-0.002335848123	0.006908557239	-0.003195144972	-0.004728184865	-0.0001670661683	-0.007789835814	-0.002014675418	-0.003153111618	-0.0005357000581	-0.0009787729895	0.00442169305
Q9H3N1	TMX1	2	280	254	26	31790.7350	29151.5950	0.0830160108	0.01382254347	L	-0.006556230973	0.002123607679	0.004332498193	0.009578369034	0.005377050162	-0.003485475619	-0.003437134867	0.004269675342	0.005124632002	-0.01382254347	-0.002184721573	0.002646522158	-0.004480626329	0.00365919948	0.006106511353	0.0003433133637	-0.0002528232133	-0.006025900069	-0.006491694155	0.003175771504
Q9H3P7	ACBD3	2	528	528	0	60592.5550	60592.5550	0	0	A	0	0	0	0	0	0	0	0	0	0	0	0	0	0	0	0	0	0	0	0
Q9H3S7	PTPN23	2	1636	1636	0	178970.4350	178970.4350	0	0	A	0	0	0	0	0	0	0	0	0	0	0	0	0	0	0	0	0	0	0	0
Q9H3U1	UNC45A	2	944	944	0	103075.4250	103075.4250	0	0	A	0	0	0	0	0	0	0	0	0	0	0	0	0	0	0	0	0	0	0	0
Q9H425	C1orf198	2	327	326	1	36345.8400	36214.6450	0.003609629052	0.003459003577	M	0.0002170461893	2.035703245e-05	0.0002012684811	0.000395527261	0.0001804065552	0.0001135178428	2.606795629e-05	9.917500625e-05	0.0002333439126	0.000242427793	-0.003459003577	6.659552146e-05	0.0002998302225	0.0002455411622	0.0003951273787	0.0003531397392	0.0001200856572	0.0001180996872	8.578147009e-05	4.566470835e-05
Q9H444	CHMP4B	2	224	223	1	24949.8150	24818.6200	0.005258355623	0.004937643595	M	0.0003662568228	0	0.0003330696187	0.0008678488724	0.0001771592905	0.0002012735023	5.546393833e-05	0.0002344571315	0.0006793912399	0.0005158056893	-0.004937643595	0.0002125396706	0.0001852080856	0.0003134579419	0.0001868221345	0.0001690568724	0.0002129186057	0.0001256384217	3.650288587e-05	6.477287132e-05
Q9H446	RWDD1	2	243	242	1	27939.1100	27807.9150	0.004695747288	0.004533922708	M	0.0001792234018	0	0.0004590151489	0.0008668078052	0.0002611043817	7.550960136e-05	4.458815449e-05	0.0001884830237	0.0003991250525	0.0004523592568	-0.004533922708	0.0002657873593	0.0001488910991	0.0002519927643	0.0001001257688	0.0001963100194	0.0002738686929	0.0001851708839	2.934512701e-05	0.0001562151668
Q9H479	FN3K	2	309	309	0	35170.6800	35170.6800	0	0	A	0	0	0	0	0	0	0	0	0	0	0	0	0	0	0	0	0	0	0	0
Q9H488	POFUT1	2	388	362	26	43955.0750	41279.8050	0.06086373416	0.01260709964	L	-0.005524301255	0.001252167242	0.002751130075	0.003801406536	0.00166455726	-0.001008560362	0.002806033826	0.001525071181	0.004343687655	-0.01260709964	-0.003932200047	0.001194757296	-0.004729568845	0.003587036454	0.0006301436956	-0.0004615512307	0.001846626303	0.001483157468	-0.001899485355	0.003276991743
Q9H4A3	WNK1	2	2382	2382	0	250789.7350	250789.7350	0	0	A	0	0	0	0	0	0	0	0	0	0	0	0	0	0	0	0	0	0	0	0
Q9H4A4	RNPEP	2	650	649	1	72594.6950	72463.5000	0.001807225721	0.001738878858	M	0.0001162178297	3.059092599e-05	8.401395365e-05	0.0001454960508	0.0001355502968	7.423631168e-05	4.896605901e-05	6.071686116e-05	9.535236574e-05	0.0001876702981	-0.001738878858	5.559691238e-05	0.0001211185385	7.687076876e-05	0.0001099566546	8.402279058e-05	6.767068327e-05	9.366514337e-05	5.585907463e-05	9.530733948e-05
Q9H4B0	OSGEPL1	2	414	385	29	45122.1250	41633.9600	0.07730498065	0.01259846152	F	0.002925390733	0.001904098752	0.003346788298	0.002056534089	-0.01259846152	0.002229071453	0.001437153658	0.004307144487	-0.005611176845	0.002614375305	-0.001197281145	-0.0002296121125	0.001247381987	0.003674678001	-0.002521843274	-0.0002001180878	-0.0007884464713	-3.897546438e-05	0.0003209434195	-0.002877645256
Q9H4G4	GLIPR2	2	154	153	1	17218.1150	17086.9200	0.007619591343	0.007357614449	M	0.0004363939331	9.13052297e-05	0.0001504546807	0.0006098181037	0.0004979435752	0.0003677190769	0.0002922995706	9.884868752e-05	0.0008262573165	0.0003953947501	-0.007357614449	0.0005476053005	0.0003036637408	0.0004405198504	0.0003938272783	0.0005543650225	0.0002693037049	0.0004414166251	0.0002308478955	0.0004096301065
Q9H4I9	SMDT1	2	107	55	52	11440.9800	6108.9400	0.4660474889	0.07978661657	R	-0.02899056175	0	0.04183701991	0.02926630472	0.05476450391	-0.01880536652	0.01028719993	0.03366099757	0.01812923073	0.0117552214	-0.001282952808	0.008760198871	0.004663911286	0	-0.07978661657	-0.05084382684	-0.001024229868	-0.01381136229	-0.03059345032	0.01201377864
Q9H4M9	EHD1	2	534	534	0	60625.9650	60625.9650	0	0	A	0	0	0	0	0	0	0	0	0	0	0	0	0	0	0	0	0	0	0	0
Q9H511	KLHL31	2	634	633	1	70245.1950	70114.0000	0.00186767223	0.001773931698	M	9.988328904e-05	5.161866129e-05	9.848857794e-05	0.0001121693036	7.037707707e-05	6.901510356e-05	3.826822657e-05	8.529555274e-05	0.0001048966252	0.0001823560093	-0.001773931698	0.0001036884735	6.453902271e-05	8.192245965e-05	0.0001210887277	0.0001319602989	8.280189002e-05	0.0001287159138	4.12130402e-05	0.0001056334452
Q9H583	HEATR1	2	2144	2144	0	242366.3350	242366.3350	0	0	A	0	0	0	0	0	0	0	0	0	0	0	0	0	0	0	0	0	0	0	0
Q9H5N1	RABEP2	2	569	568	1	63541.6100	63410.4150	0.002064710038	0.001989733528	M	0.0001346048307	2.662675544e-05	8.043956884e-05	0.0003395076143	1.361363197e-05	5.361777176e-05	3.409657566e-05	5.044655947e-05	7.630276307e-05	0.0002666461	-0.001989733528	2.177653678e-05	7.906740968e-05	0.0002448882433	0.0002296986199	0.0001443445511	7.199069452e-05	9.654561324e-05	5.610056946e-06	1.990963114e-05
Q9H6F2	TMEM38A	2	299	299	0	33259.4100	33259.4100	0	0	A	0	0	0	0	0	0	0	0	0	0	0	0	0	0	0	0	0	0	0	0
Q9H6K4	OPA3	2	179	178	1	19995.9000	19864.7050	0.006561095024	0.006264264151	M	0.0006461448891	0.0001013930357	3.712835108e-05	0.0007387565537	0.0002303994108	0.0002512900359	0.0002163960808	0.0002561298323	0.0003670183531	0.0007683894968	-0.006264264151	0.0001474199172	0.0002890404473	0.0004891904336	0.0006803052037	0.0001465746963	0.0001661430947	0.0003594699445	0.0001709019953	0.0002021723796
Q9H6L5	RETREG1	2	497	497	0	54679.6000	54679.6000	0	0	A	0	0	0	0	0	0	0	0	0	0	0	0	0	0	0	0	0	0	0	0
Q9H6N6	MYH16	2	1097	1097	0	128287.8800	128287.8800	0	0	A	0	0	0	0	0	0	0	0	0	0	0	0	0	0	0	0	0	0	0	0
Q9H6W3	RIOX1	2	641	641	0	71084.4700	71084.4700	0	0	A	0	0	0	0	0	0	0	0	0	0	0	0	0	0	0	0	0	0	0	0
Q9H6Z4	RANBP3	2	567	566	1	60208.9600	60077.7650	0.002178994621	0.002083288522	M	0.0001881194704	2.192892102e-05	0.0001284797794	0.0002529780491	6.477894248e-05	8.378666191e-05	3.744109273e-05	4.352451617e-05	0.0001278858259	0.0001582709679	-0.002083288522	8.369405463e-05	0.0001667003418	0.0001410671297	0.0001366243935	0.0002060542123	0.0001077984926	8.83464392e-05	1.848103438e-05	2.732819687e-05
Q9H773	DCTPP1	2	170	169	1	18680.5250	18549.3300	0.007023089554	0.006820608227	M	0.0005388297816	7.71362092e-05	0.0004660577909	0.000749359555	0.0002629194948	0.0003345518865	0.0001975517144	0.0002505271516	0.0001396072436	0.0007515814547	-0.006820608227	8.411386563e-05	0.0004397833492	0.0003256388218	0.0008317799383	0.0004014317048	0.0003033497933	0.0002983330112	0.0001950242239	0.0001730312365
Q9H7C4	SYNC	1	482	482	0	55298.4550	55298.4550	0	0	A	0	0	0	0	0	0	0	0	0	0	0	0	0	0	0	0	0	0	0	0
Q9H7C9	AAMDC	2	122	122	0	13332.0550	13332.0550	0	0	A	0	0	0	0	0	0	0	0	0	0	0	0	0	0	0	0	0	0	0	0
Q9H7D7	WDR26	2	661	661	0	72122.8700	72122.8700	0	0	A	0	0	0	0	0	0	0	0	0	0	0	0	0	0	0	0	0	0	0	0
Q9H7F0	ATP13A3	2	1226	1226	0	138041.0550	138041.0550	0	0	A	0	0	0	0	0	0	0	0	0	0	0	0	0	0	0	0	0	0	0	0
Q9H7Z7	PTGES2	2	377	377	0	41942.4200	41942.4200	0	0	A	0	0	0	0	0	0	0	0	0	0	0	0	0	0	0	0	0	0	0	0
Q9H845	ACAD9	2	621	584	37	68759.4400	64817.7850	0.05732529235	0.01125585595	R	-0.002640755861	-0.002197024918	0.0025470296	0.005405780412	0.001473727934	-5.944860861e-05	0.001306352537	0.004016154742	0.004364135246	-0.001679182534	-0.0002678120299	0.0006730416395	-0.001558924947	0.002237252626	-0.01125585595	-0.001048513404	-0.002678822291	-0.001168839521	0.0003126397505	0.002219065572
Q9H8H3	TMT1A	2	244	215	29	28318.7450	24848.5200	0.1225416239	0.02438715959	L	0.002960416797	0.004639016976	0.002831211069	0.004889057396	-0.003912535661	0.00153643686	0.003960292087	-0.01158277958	0.008085096468	-0.02438715959	-0.002659165639	0.001579917306	0.001376747498	0.00559546006	0.003565303064	0.00215084787	-0.004245825493	0.009469348095	-0.000164312405	-0.005687373177
Q9H8M1	COQ10B	2	238	201	37	27070.2450	23235.8500	0.1416461137	0.0193681074	R	-0.01892784473	0.0006723747265	0.004273398278	0.01102232812	0.01060740288	-0.005966054813	0.001691226548	0.007720959395	0.005504952792	0.006369187795	-0.0007688413527	-0.002094758822	4.567563435e-05	-0.002317045521	-0.0193681074	0.002291086019	-0.002478810099	-0.002437815674	0.002185608305	0.001975077913
Q9H8W4	PLEKHF2	2	249	249	0	27797.4400	27797.4400	0	0	A	0	0	0	0	0	0	0	0	0	0	0	0	0	0	0	0	0	0	0	0
Q9H8Y8	GORASP2	2	452	451	1	47144.6850	47013.4900	0.002782816345	0.002648526971	M	0.0001265402373	1.780254971e-05	0.0001108226841	0.0001945658819	8.090687757e-05	0.0001397177876	5.319263538e-05	0.0001156401673	0.0001002414614	0.0003340715944	-0.002648526971	0.0001553035898	0.0003326918821	5.726124385e-05	9.385178207e-05	0.0002676494919	0.000192530843	0.0001836089973	3.000690575e-05	6.21203584e-05
Q9H987	SYNPO2L	1	977	977	0	102479.0200	102479.0200	0	0	A	0	0	0	0	0	0	0	0	0	0	0	0	0	0	0	0	0	0	0	0
Q9H993	DCPH1	2	441	440	1	51171.4400	51040.2450	0.002563832482	0.002492834186	M	7.631477314e-05	3.632511247e-05	0.0001425173463	0.0002142544323	0.0001627276123	7.073571694e-05	0.0001063215809	0.0001573048862	0.0001941015587	0.0003033737091	-0.002492834186	9.619824507e-05	8.875864686e-05	0.0001439615792	8.953215949e-05	0.0001485336984	0.0001071404935	0.0001003510571	0.0001224548443	0.0001319267335
Q9H9A6	LRRC40	2	602	602	0	68248.8050	68248.8050	0	0	A	0	0	0	0	0	0	0	0	0	0	0	0	0	0	0	0	0	0	0	0
Q9H9B4	SFXN1	2	322	321	1	35618.9450	35487.7500	0.003683292697	0.003447527586	M	0.0002490618816	5.292460149e-05	8.139625488e-05	0.0002056598644	0.0002309043227	0.000124608694	6.777197029e-05	0.0002406479358	0.000166031062	0.0003208639144	-0.003447527586	0.0002308484103	0.0002212786499	0.000165974276	0.0002587172579	0.0001560769037	0.0002393540874	0.0002353956627	8.920652126e-05	0.000110805315
Q9H9E3	COG4	2	785	784	1	89081.7700	88950.5750	0.001472748016	0.001401797899	M	6.249126194e-05	2.889538715e-05	8.215822796e-05	0.000148612063	7.415732628e-05	3.79130958e-05	2.176567357e-05	7.728658902e-05	9.639086012e-05	0.0001840156882	-0.001401797899	5.560452707e-05	2.907243052e-05	9.225755661e-05	0.0001050840828	8.108572667e-05	8.021327598e-05	8.217365963e-05	1.432480134e-05	4.829566579e-05
Q9H9G7	AGO3	2	860	860	0	97358.9750	97358.9750	0	0	A	0	0	0	0	0	0	0	0	0	0	0	0	0	0	0	0	0	0	0	0
Q9H9J2	MRPL44	2	332	302	30	37534.8550	34375.0050	0.08418442005	0.01037835708	E	-0.001954918084	-0.001490507649	0.001991542275	0.01037835708	0.006002692673	-0.00261006363	-0.002571929296	0.003084186543	0.002888869622	-0.007719238529	-0.002154519875	0.003106523795	-0.006403590443	-0.001721345067	-0.00456721984	0.001402789014	0.004583219153	-0.006265531552	0.001309582795	0.002711101013
Q9H9P8	L2HGDH	2	463	412	51	50315.4300	45286.6950	0.09994419207	0.01078269146	R	-0.005490399369	-0.003866414562	0.003110556465	0.006797196497	-0.003363598471	-0.007166493242	0.002090581814	0.006600374775	0.006753769836	0.0003945689335	-0.0005340372514	0.002797554774	-0.002977956847	0.005626216589	-0.01078269146	-0.007285608397	0.000720152478	0.002995032868	0.0003931113835	0.003188083185
Q9H9S3	SEC61A2	2	476	476	0	52247.0450	52247.0450	0	0	A	0	0	0	0	0	0	0	0	0	0	0	0	0	0	0	0	0	0	0	0
Q9H9S4	CAB39L	2	337	337	0	39086.9000	39086.9000	0	0	A	0	0	0	0	0	0	0	0	0	0	0	0	0	0	0	0	0	0	0	0
Q9HA65	TBC1D17	2	648	648	0	72669.0550	72669.0550	0	0	A	0	0	0	0	0	0	0	0	0	0	0	0	0	0	0	0	0	0	0	0
Q9HA77	CARS2	2	564	564	0	62222.8950	62222.8950	0	0	A	0	0	0	0	0	0	0	0	0	0	0	0	0	0	0	0	0	0	0	0
Q9HAB8	PPCS	2	311	310	1	34004.5400	33873.3450	0.003858161293	0.003683405425	M	0.0003831123048	0	0.0001144735611	0.0003374404215	0.000284145568	0.0001291289291	7.41321187e-05	0.0001629530521	0.0001676422729	0.0004261849054	-0.003683405425	8.837943752e-05	0.0002310427939	0.0001675849358	0.000316290669	0.0002209371264	0.0001365999559	0.0002462916011	5.854693373e-05	0.0001385188382
Q9HAC7	SUGCT	2	438	407	31	47707.4050	44423.5300	0.06883365381	0.01554661727	R	-0.002721362678	-0.0013704531	0.003379113441	0.004718278719	-0.0007648474188	-0.004091661967	0.002487735143	0.005082807146	0.00546948975	-0.005490424816	-0.0006908583048	0.003354233417	0.001466811308	0.002343265316	-0.01554661727	0.001058054614	-0.003087127266	0.002901368402	-0.002855710305	0.004357905871
Q9HAD4	WDR41	2	459	459	0	51727.1500	51727.1500	0	0	A	0	0	0	0	0	0	0	0	0	0	0	0	0	0	0	0	0	0	0	0
Q9HAN9	NMNAT1	2	279	279	0	31932.0000	31932.0000	0	0	A	0	0	0	0	0	0	0	0	0	0	0	0	0	0	0	0	0	0	0	0
Q9HAT2	SIAE	2	523	500	23	58313.9500	55970.0950	0.04019372723	0.0080032381	L	-0.002103408279	0.0009116336438	-4.602095625e-05	0.001845062424	0.002278695358	-0.001678256677	0.001459227053	3.689228288e-05	0.002291593114	-0.0080032381	-0.0008936070494	0.001656831697	-0.001162443516	0.002657338836	-0.0007155907349	0.001017956566	0.002464781686	-0.002839357923	-0.001223057648	0.002044968223
Q9HAU0	PLEKHA5	2	1116	1115	1	127462.2350	127331.0400	0.001029285262	0.0009805472403	M	3.422803888e-05	9.14359498e-06	4.474444919e-05	0.0001080065374	2.153289312e-05	2.575143594e-05	3.299730754e-05	4.229581591e-05	7.622479922e-05	6.659341229e-05	-0.0009805472403	4.713428673e-05	5.52906347e-05	6.516996539e-05	9.441484243e-05	6.993557614e-05	6.946541605e-05	5.465328066e-05	1.821405547e-05	4.47508982e-05
Q9HAU5	UPF2	2	1272	1272	0	147808.0050	147808.0050	0	0	A	0	0	0	0	0	0	0	0	0	0	0	0	0	0	0	0	0	0	0	0
Q9HAV0	GNB4	2	340	339	1	37566.6250	37435.4300	0.003492328629	0.003311061181	M	0.0001818219707	0.000123636491	0.0003134320216	9.239219301e-05	0.0001426331561	0.0001591014852	9.74284561e-05	0.0001750360457	9.180190781e-05	0.0003191833775	-0.003311061181	0.0001555621288	4.518586106e-05	0.0001491270782	0.0003144995587	0.000280468675	0.0002337592187	0.0001655231916	0.0001282425994	0.0001422257651
Q9HAV7	GRPEL1	2	217	190	27	24278.7900	21336.2350	0.1211985853	0.02663414848	R	-0.009676505205	-0.002512738166	0.005238713813	0.01737277152	0.003250875788	0.004062709152	0.003816615552	0.001936031435	0.01726177849	-0.01775166181	-0.003828566211	0.003900106324	-0.00716304585	0.002721159624	-0.02663414848	-0.009123550513	0.007032707619	0.005639559856	0	0.004457187057
Q9HB07	MYG1	2	376	329	47	42507.6550	37143.1800	0.1262002103	0.01662700971	P	0.005496944219	0.002128957372	0.007406075023	0.008216308968	0.002935820903	0.0004849488635	6.235004837e-05	0.001947062965	-0.002081893091	-0.01051874611	-0.006901620006	0.00193461709	-0.01662700971	0.007275694834	-0.01301908513	0.0003711127116	0.00074557456	0.003797448547	0.00418651607	0.00215892187
Q9HB40	SCPEP1	2	452	426	26	50829.9950	47935.4550	0.05694551022	0.01632717131	L	-0.0004627005369	0.0006216089375	0.002868040841	0.001580534073	0.003220515067	-8.176974066e-05	0.0007959939473	0.002422674147	0.004500149088	-0.01632717131	7.184053841e-05	6.361217033e-05	-0.003850274731	0.002699165966	-0.007076965002	0.001775916769	0.002689028138	0.001859511664	-0.0005303216054	0.003160611584
Q9HB71	CACYBP	2	228	227	1	26209.6750	26078.4800	0.005005594308	0.004827086256	M	0.0001455164207	3.95796824e-05	0.0003261011717	0.0005767605155	0.0001079261759	9.809332314e-05	5.068329255e-05	0.0002356732269	0.000787979013	0.0003856470986	-0.004827086256	0.0002373800926	0.0001128295354	0.0002148298658	0.0002276256413	0.000240310348	0.0003502194281	0.0003826972428	0.0001000696939	0.0002071644874
Q9HB90	RRAGC	2	399	398	1	44223.3800	44092.1850	0.002966643436	0.002827210978	M	0.000141329813	4.805118458e-05	0.0002262278687	0.0002250669849	0.0002246165688	0.000131848412	0.0001054823556	0.000215515897	0.0001987813802	0.0002452422276	-0.002827210978	0.0001122810895	7.827382277e-05	9.107697173e-05	0.0001184339436	0.0002083896908	0.0001214797764	0.000159294334	1.157031188e-05	0.0001642483447
Q9HBH5	RDH14	2	336	336	0	36864.2350	36864.2350	0	0	A	0	0	0	0	0	0	0	0	0	0	0	0	0	0	0	0	0	0	0	0
Q9HBI1	PARVB	1	364	364	0	41713.6650	41713.6650	0	0	A	0	0	0	0	0	0	0	0	0	0	0	0	0	0	0	0	0	0	0	0
Q9HBK9	AS3MT	2	375	375	0	41747.3400	41747.3400	0	0	A	0	0	0	0	0	0	0	0	0	0	0	0	0	0	0	0	0	0	0	0
Q9HBL0	TNS1	2	1839	1839	0	197019.5400	197019.5400	0	0	A	0	0	0	0	0	0	0	0	0	0	0	0	0	0	0	0	0	0	0	0
Q9HBL7	PLGRKT	2	147	147	0	17201.0700	17201.0700	0	0	A	0	0	0	0	0	0	0	0	0	0	0	0	0	0	0	0	0	0	0	0
Q9HBU9	POPDC2	2	364	364	0	40446.9150	40446.9150	0	0	A	0	0	0	0	0	0	0	0	0	0	0	0	0	0	0	0	0	0	0	0
Q9HC38	GLOD4	2	313	313	0	34793.0200	34793.0200	0	0	A	0	0	0	0	0	0	0	0	0	0	0	0	0	0	0	0	0	0	0	0
Q9HCC0	MCCC2	2	563	541	22	61332.3800	58986.5700	0.03824749667	0.006832802955	R	-0.004744148424	-0.001154260003	0.002155621903	0.00262934605	0.002121817972	0.001297180617	0.0009531055522	0.002783650134	0.002285978976	-0.002357042989	-0.001171499084	0.00154947436	-0.003290441254	0.001713897843	-0.006832802955	0.0001726180222	0.001330488775	0.0008466700679	-0.002515800519	0.002226144957
Q9HCE1	MOV10	2	1003	1003	0	113669.6100	113669.6100	0	0	A	0	0	0	0	0	0	0	0	0	0	0	0	0	0	0	0	0	0	0	0
Q9HCJ2	LRRC4C	2	640	596	44	71948.6450	67041.6250	0.06820170137	0.0100306211	L	-0.002000797018	0.001489700189	0.0009768811064	0.004134878817	-0.001347165591	-0.0002825684077	0.001547491294	0.002040630232	0.0008161756965	-0.0100306211	-0.003266725715	0.00286763793	-0.0009028137889	-0.002814476214	-0.002130966577	0.003968637395	0.004745051044	-0.003314437412	0.001434827962	0.002068660157
Q9HCP6	HHATL	2	504	504	0	56702.3950	56702.3950	0	0	A	0	0	0	0	0	0	0	0	0	0	0	0	0	0	0	0	0	0	0	0
Q9HCU0	CD248	2	757	740	17	80857.9400	79108.7950	0.02163232207	0.006446787542	L	-0.002115187922	0.0009982090001	0.00103391817	0.001489237155	0.0006999232668	-0.0005465774344	0.0008399893663	0.0005866543452	0.0002408850672	-0.006446787542	-0.001333460222	0.0002488013453	0.00132887866	0.001582417609	-0.0002446142656	0.001236874308	0.0001411705027	0.001103053194	-0.001440497474	0.0005971128714
Q9HCU5	PREB	2	417	417	0	45467.4600	45467.4600	0	0	A	0	0	0	0	0	0	0	0	0	0	0	0	0	0	0	0	0	0	0	0
Q9HCY8	S100A14	2	104	104	0	11661.9350	11661.9350	0	0	A	0	0	0	0	0	0	0	0	0	0	0	0	0	0	0	0	0	0	0	0
Q9HD20	ATP13A1	2	1204	1203	1	132952.8450	132821.6500	0.0009867784326	0.0009444745675	M	6.121812941e-05	2.194904726e-05	3.907817959e-05	6.15792576e-05	5.881891647e-05	3.28263705e-05	2.616820631e-05	4.670547414e-05	5.570650503e-05	0.0001253673253	-0.0009444745675	2.310920512e-05	5.322046141e-05	4.655836172e-05	6.855625905e-05	5.448762715e-05	4.613545258e-05	7.244958441e-05	1.658441036e-05	3.395579404e-05
Q9HD33	MRPL47	2	250	250	0	29449.8950	29449.8950	0	0	A	0	0	0	0	0	0	0	0	0	0	0	0	0	0	0	0	0	0	0	0
Q9HD34	LYRM4	2	91	91	0	10758.2800	10758.2800	0	0	A	0	0	0	0	0	0	0	0	0	0	0	0	0	0	0	0	0	0	0	0
Q9HD45	TM9SF3	2	589	561	28	67887.4400	64979.8700	0.0428292774	0.0120036982	L	-0.006398435769	0.0009122072637	0.002081290629	0.002300678364	0.00430513898	-0.000217498303	0.0009884060026	0.003570452712	0.002539977269	-0.0120036982	0.0001727161652	0.001300793612	-0.003134106495	0.001100280369	-0.00464124145	0.002130199829	0.0002758625107	0.00149255349	-0.00118289536	0.004407318379
Q9HD47	RANGRF	2	186	186	0	20447.7350	20447.7350	0	0	A	0	0	0	0	0	0	0	0	0	0	0	0	0	0	0	0	0	0	0	0
Q9HDC5	JPH1	1	661	661	0	71685.0200	71685.0200	0	0	A	0	0	0	0	0	0	0	0	0	0	0	0	0	0	0	0	0	0	0	0
Q9HDC9	APMAP	2	416	415	1	46479.7550	46348.5600	0.002822626754	0.002665709913	M	8.699694116e-05	1.868107837e-05	0.0001846984465	0.0001966056553	0.0001952688696	0.0001350379646	4.784366638e-05	9.43808702e-05	0.0001202151138	0.0003370745364	-0.002665709913	7.469347645e-05	0.0001656791886	9.01304983e-05	0.0002864966526	0.0001728354375	0.000128565784	0.000204711685	4.198360103e-05	8.38104471e-05
Q9NNX1	TUFT1	1	390	390	0	44263.1150	44263.1150	0	0	A	0	0	0	0	0	0	0	0	0	0	0	0	0	0	0	0	0	0	0	0
Q9NP72	RAB18	2	206	203	3	22976.8350	22677.4700	0.01302899203	0.003663353251	L	0.000493458687	0.0003050411459	0.001005306451	0.001259445303	0.0006654307942	0.0007182062358	0.0001562467276	0.0007925833036	0.001104175432	-0.003663353251	0.0002253971082	0.0006652696632	0.0001739157501	0.0004415191125	0.0009648726375	-0.003464147869	0.0008997152848	-0.003507754908	0.000308495392	0.0004561769992
Q9NP74	PALMD	2	551	551	0	62757.1000	62757.1000	0	0	A	0	0	0	0	0	0	0	0	0	0	0	0	0	0	0	0	0	0	0	0
Q9NP77	SSU72	2	194	194	0	22574.2050	22574.2050	0	0	A	0	0	0	0	0	0	0	0	0	0	0	0	0	0	0	0	0	0	0	0
Q9NP79	VTA1	2	307	306	1	33878.6800	33747.4850	0.003872494442	0.003701478902	M	0.0002837847468	5.84756986e-05	0.0002184103057	0.0002698366807	0.0001275615801	0.0001159398004	0.0001347846513	0.0002025819052	0.000268112719	0.0003165342268	-0.003701478902	0.0001912960374	0.0002556009659	0.0002539146495	0.000184963905	0.0001724473255	0.0002644591944	0.0001356968258	1.971262325e-05	0.0002273650607
Q9NP81	SARS2	2	518	484	34	58281.6350	54379.1150	0.06695968636	0.01360738571	R	-0.0002748562386	-0.0008943671348	0.0005678110119	0.006075964686	-0.0013892623	-0.000470074222	0.002464293537	0.0002817892624	0.002321979195	0.002373203308	-0.002834833608	0.0001439300435	-0.001330470404	0.004951861398	-0.01360738571	-0.003659364566	0.001517248109	0.003473359398	-0.00258872036	0.002877894592
Q9NP87	POLM	2	494	494	0	54814.6250	54814.6250	0	0	A	0	0	0	0	0	0	0	0	0	0	0	0	0	0	0	0	0	0	0	0
Q9NP92	MRPS30	2	439	439	0	50363.8800	50363.8800	0	0	A	0	0	0	0	0	0	0	0	0	0	0	0	0	0	0	0	0	0	0	0
Q9NP97	DYNLRB1	2	96	95	1	10921.4450	10790.2500	0.01201260456	0.01138773187	M	0.0003371653386	0	0.0007555849125	0.000835230715	0.0004688770537	0.0002130794868	0.000146793137	0.001241047746	0.0009682102535	0.000868733422	-0.01138773187	0.000625018023	0.000544643695	0.000829610662	0.0008240852226	0.0005965771484	0.001014334426	0.0007758795486	0	0.0003428610826
Q9NP98	MYOZ1	1	299	299	0	31744.3000	31744.3000	0	0	A	0	0	0	0	0	0	0	0	0	0	0	0	0	0	0	0	0	0	0	0
Q9NPA0	EMC7	2	242	219	23	26470.2950	24026.3800	0.09232670055	0.02414106496	L	-0.006013419744	0	0.0005388886207	0.005859048173	-0.005788798565	0.0003587579387	0.001544605662	0.003482323337	0.006791884464	-0.02414106496	0.001099270521	0.002630658073	0.001994377936	-0.003288065108	0.008093209341	0.002943426584	0.002767115662	0.00211491637	-0.004594831369	0.003607697066
Q9NPA8	ENY2	2	101	101	0	11528.4500	11528.4500	0	0	A	0	0	0	0	0	0	0	0	0	0	0	0	0	0	0	0	0	0	0	0
Q9NPC6	MYOZ2	1	264	264	0	29897.4750	29897.4750	0	0	A	0	0	0	0	0	0	0	0	0	0	0	0	0	0	0	0	0	0	0	0
Q9NPJ1	MKKS	2	570	570	0	62340.6350	62340.6350	0	0	A	0	0	0	0	0	0	0	0	0	0	0	0	0	0	0	0	0	0	0	0
Q9NPJ3	ACOT13	2	140	140	0	14960.3250	14960.3250	0	0	A	0	0	0	0	0	0	0	0	0	0	0	0	0	0	0	0	0	0	0	0
Q9NPL8	TIMMDC1	2	285	285	0	32177.2500	32177.2500	0	0	A	0	0	0	0	0	0	0	0	0	0	0	0	0	0	0	0	0	0	0	0
Q9NPY3	CD93	2	652	631	21	68559.3750	66450.7500	0.03075618761	0.0119881825	L	-0.0005166994337	0.00207427497	0.001695768799	0.002225991174	0.001183845056	-0.0005933033532	0.000679490003	0.0003655705188	0.001629724911	-0.0119881825	-0.003419874826	0.0011046545	0.0009496058688	-0.0003074183836	0.001803267291	0.001117839571	-0.001259986731	0.001585841638	0.0007317780656	0.0009378128599
Q9NQ38	SPINK5	2	1064	1042	22	120713.6250	118460.8750	0.01866193646	0.003874437821	L	-0.001723974047	0.000204086892	0.0001139640464	0.002498025314	0.0008436765265	0.0007771738298	0.0004069076638	-0.001423032401	0.001214859444	-0.003874437821	-0.0005313225096	0.001221894912	-0.000187478672	-0.0002783206076	0.00211602752	-0.0006178755713	-9.531935846e-05	-0.00119007849	0	0.0005252233295
Q9NQ50	MRPL40	2	206	160	46	24489.9450	19253.9250	0.2138028485	0.03129038568	K	-0.001682517787	0	0.009064558681	0.02248197945	0.003781522903	-0.003866601185	-0.002486162669	0.0009008373071	0.03129038568	-0.02019326988	-0.007685301223	0.003856207447	0.007511314497	-0.001338137259	-0.0071779192	-0.01930576736	-0.01186189397	0.0004022760179	-0.01250554702	0.008814035566
Q9NQ66	PLCB1	2	1216	1216	0	138565.0150	138565.0150	0	0	A	0	0	0	0	0	0	0	0	0	0	0	0	0	0	0	0	0	0	0	0
Q9NQ88	TIGAR	2	270	270	0	30062.1950	30062.1950	0	0	A	0	0	0	0	0	0	0	0	0	0	0	0	0	0	0	0	0	0	0	0
Q9NQ89	FERRY3	2	552	552	0	63799.5650	63799.5650	0	0	A	0	0	0	0	0	0	0	0	0	0	0	0	0	0	0	0	0	0	0	0
Q9NQC3	RTN4	2	1192	1192	0	129929.4050	129929.4050	0	0	A	0	0	0	0	0	0	0	0	0	0	0	0	0	0	0	0	0	0	0	0
Q9NQE9	HINT3	2	182	181	1	20361.0450	20229.8500	0.006443431563	0.006196172997	M	0.0003116719485	0.0002608402792	0.0003581817552	0.0005147187538	0.0003556306184	0.0001818169341	0.0003757679142	0.0002823903881	0.0003934078948	0.0005647807763	-0.006196172997	0.0002844356033	0.0002788408635	0.0001573093364	0.000421906353	0.0002828048133	0.0004487847855	0.0004728887222	5.495708343e-05	0.0001950381735
Q9NQP4	PFDN4	2	134	133	1	15313.9850	15182.7900	0.00856700591	0.008138844979	M	0.0005556593366	0.0001162587275	0.0007662943198	0.001270603493	0.0003170151733	7.203320134e-05	7.443686684e-05	0.0006293189702	0.0008416571496	0.0007551827643	-0.008138844979	0.0004437137733	5.523632923e-05	0.0007011410712	0.0003343062121	0.0003529358192	0.0002857531285	0.0003934383026	0	0.0001738603404
Q9NQR4	NIT2	2	276	276	0	30607.5250	30607.5250	0	0	A	0	0	0	0	0	0	0	0	0	0	0	0	0	0	0	0	0	0	0	0
Q9NQT5	EXOSC3	2	275	274	1	29571.8500	29440.6550	0.004436482668	0.004230042086	M	0.0002466567068	0.0001219805369	0.000201002098	0.0003518002347	0.0001247315423	0.0003023135987	5.85752733e-05	0.0002476093651	0.0002575650851	0.0004456968572	-0.004230042086	0.0001163879166	0.000188353262	0.000220694565	0.0004384493548	0.0002248286239	0.0001199267213	0.0003980589069	5.14007619e-05	0.0001140106754
Q9NQW7	XPNPEP1	2	623	622	1	69916.8200	69785.6250	0.001876444037	0.001791874109	M	9.309049948e-05	3.302623605e-05	0.0001269830973	0.0001470525234	7.879916542e-05	6.820951745e-05	6.34370319e-05	0.0001132235285	0.0001228677655	0.0001698352927	-0.001791874109	5.101948334e-05	8.891724367e-05	5.64334491e-05	0.0001147531771	9.071175275e-05	0.0001082338846	0.0001144272125	6.030595427e-05	9.054729395e-05
Q9NQX3	GPHN	2	736	736	0	79747.3050	79747.3050	0	0	A	0	0	0	0	0	0	0	0	0	0	0	0	0	0	0	0	0	0	0	0
Q9NR09	BIRC6	2	4857	4857	0	530260.3400	530260.3400	0	0	A	0	0	0	0	0	0	0	0	0	0	0	0	0	0	0	0	0	0	0	0
Q9NR12	PDLIM7	1	457	457	0	49844.0400	49844.0400	0	0	A	0	0	0	0	0	0	0	0	0	0	0	0	0	0	0	0	0	0	0	0
Q9NR19	ACSS2	2	701	701	0	78578.6700	78578.6700	0	0	A	0	0	0	0	0	0	0	0	0	0	0	0	0	0	0	0	0	0	0	0
Q9NR28	DIABLO	2	239	218	21	27130.3800	24610.4550	0.09288203851	0.01332510571	E	0.0009565013694	-0.002680706653	0.001722064617	0.01332510571	-0.008378395627	0.001699714004	0.002509187879	0.004242735084	0.001021201547	0.000559739936	-0.00233607363	0.00128203894	0.001489566487	0.001966241167	-0.01043579386	-0.007601024892	0.004299782297	0.001955120481	-0.004518437709	-0.001078567149
Q9NR31	SAR1A	2	198	198	0	22366.5150	22366.5150	0	0	A	0	0	0	0	0	0	0	0	0	0	0	0	0	0	0	0	0	0	0	0
Q9NR45	NANS	2	359	358	1	40307.0700	40175.8750	0.003254888038	0.003068620435	M	0.0001281006858	6.636704068e-05	0.0001458146767	0.0003324439057	0.000169659512	0.0001387820765	0.0001168550986	0.0001616628477	0.0003103005612	0.0002874006182	-0.003068620435	9.950947875e-05	0.0001576600651	0.000130081536	0.0001669857408	0.0001439111981	0.0001304992058	0.0002165754663	4.194910773e-05	0.0001240616138
Q9NR46	SH3GLB2	2	395	395	0	43973.2300	43973.2300	0	0	A	0	0	0	0	0	0	0	0	0	0	0	0	0	0	0	0	0	0	0	0
Q9NR50	EIF2B3	2	452	452	0	50239.6650	50239.6650	0	0	A	0	0	0	0	0	0	0	0	0	0	0	0	0	0	0	0	0	0	0	0
Q9NR56	MBNL1	2	388	388	0	41816.6150	41816.6150	0	0	A	0	0	0	0	0	0	0	0	0	0	0	0	0	0	0	0	0	0	0	0
Q9NR99	MXRA5	2	2828	2802	26	312145.8850	309271.4150	0.009208739048	0.001004005848	L	-0.0006257956516	0.0001147374772	0.0004394526356	0.0006288716456	0.0003128670164	-8.497012857e-05	-0.0005607945993	8.859054451e-05	0.0001960174951	-0.001004005848	-0.0001818266411	0.000392257144	2.880747388e-05	0.0004338817668	-0.0002818854762	0.0004313977862	0.0007256144947	-0.0004102851269	-0.0009629155376	0.0003199835287
Q9NRG1	PRTFDC1	2	225	224	1	25673.2300	25542.0350	0.005110186759	0.004819634172	M	0.0001362360483	6.175911854e-05	0.0004523021172	0.0002999874253	0.0002245403058	0.0002423486397	0.0001318081771	0.0004011692099	0.0003725885416	0.0004457435666	-0.004819634172	0.0002469345278	0.0001369326819	7.449222172e-05	0.0003847796298	0.0002321268157	0.0001011987757	0.0003781955926	3.46991504e-05	0.0004617916263
Q9NRG4	SMYD2	2	433	433	0	49687.4700	49687.4700	0	0	A	0	0	0	0	0	0	0	0	0	0	0	0	0	0	0	0	0	0	0	0
Q9NRG7	SDR39U1	2	293	293	0	31076.2200	31076.2200	0	0	A	0	0	0	0	0	0	0	0	0	0	0	0	0	0	0	0	0	0	0	0
Q9NRH3	TUBG2	2	451	451	0	51090.9400	51090.9400	0	0	A	0	0	0	0	0	0	0	0	0	0	0	0	0	0	0	0	0	0	0	0
Q9NRI5	DISC1	2	854	854	0	93608.9350	93608.9350	0	0	A	0	0	0	0	0	0	0	0	0	0	0	0	0	0	0	0	0	0	0	0
Q9NRK6	ABCB10	2	738	633	105	79146.5650	68332.9800	0.1366273445	0.01377078669	R	-0.003858711217	-0.004616895943	0.004819873207	0.005442359837	0.004686132834	-0.008053832289	0.001605244881	0.008142828402	0.006806434879	-0.004097973751	0.001987756053	0.005240040752	-0.0114835728	0.004788075252	-0.01377078669	0.00164518789	0.004462650062	0.002752945287	-0.01149686409	0.004999107446
Q9NRP2	CMC2	2	79	79	0	9459.7600	9459.7600	0	0	A	0	0	0	0	0	0	0	0	0	0	0	0	0	0	0	0	0	0	0	0
Q9NRS6	SNX15	2	342	342	0	38290.3750	38290.3750	0	0	A	0	0	0	0	0	0	0	0	0	0	0	0	0	0	0	0	0	0	0	0
Q9NRV9	HEBP1	2	189	189	0	21096.8400	21096.8400	0	0	A	0	0	0	0	0	0	0	0	0	0	0	0	0	0	0	0	0	0	0	0
Q9NRW7	VPS45	2	570	570	0	65076.0350	65076.0350	0	0	A	0	0	0	0	0	0	0	0	0	0	0	0	0	0	0	0	0	0	0	0
Q9NRX2	MRPL17	2	175	167	8	20049.8500	19249.8800	0.03989905161	0.009896794838	A	-0.009896794838	0.0002218368394	0.002193284499	0.002424477449	0.0009073595454	0.001649385098	0.001704423191	0.001921316489	0.001873657089	0.0001062804944	-0.004796607932	0.001451423732	0.002107962638	0.002408163762	-0.001453604259	-0.002993468648	0.001744813755	-0.003980479748	0.000747829636	0.001658741207
Q9NRX4	PHPT1	2	125	124	1	13832.3200	13701.1250	0.009484670684	0.009113089102	M	0.0007277494718	0.0002120827879	0.00093193196	0.0005150832054	9.638482373e-05	0.0004818190925	0.0004526334948	0.0006888139473	0.0008529873105	0.0003061395322	-0.009113089102	7.708918767e-05	0.0003358794345	0.0004263477856	0.0004065678623	0.0005518598592	0.0001390079327	0.0006151906223	0.0002383159841	0.001057204807
Q9NRY5	FAM114A2	2	505	505	0	55467.4500	55467.4500	0	0	A	0	0	0	0	0	0	0	0	0	0	0	0	0	0	0	0	0	0	0	0
Q9NRZ7	AGPAT3	2	376	376	0	43380.4150	43380.4150	0	0	A	0	0	0	0	0	0	0	0	0	0	0	0	0	0	0	0	0	0	0	0
Q9NS69	TOMM22	2	142	141	1	15521.3550	15390.1600	0.008452548118	0.007917149993	M	0.0006163319331	0	0.0004297051387	0.00115357174	0.000457119192	0.0004154723378	0	0.0002419852873	0.0003371181401	0.001149430115	-0.007917149993	6.093446702e-05	0.0005309858604	0.0006740056774	0.0004820519598	0.0003877446648	0.0003845715712	0.0003241813266	0.0001883747632	8.356581955e-05
Q9NS86	LANCL2	2	450	449	1	50853.6450	50722.4500	0.002579854404	0.002460785473	M	0.0001342580666	7.825172303e-05	0.0001260793966	0.0002090540378	9.246353453e-05	0.0001195945875	9.35240275e-05	0.0001016600711	0.0001636569297	0.000288036868	-0.002460785473	5.119817256e-05	9.418581301e-05	0.0001069698556	0.0002175151614	0.0001085965477	0.0001179657426	0.0001109707086	4.396546406e-05	0.0002028387653
Q9NSB8	HOMER2	2	354	354	0	40626.6850	40626.6850	0	0	A	0	0	0	0	0	0	0	0	0	0	0	0	0	0	0	0	0	0	0	0
Q9NSC7	ST6GALNAC1	2	600	600	0	68563.2150	68563.2150	0	0	A	0	0	0	0	0	0	0	0	0	0	0	0	0	0	0	0	0	0	0	0
Q9NSD9	FARSB	2	589	589	0	66114.7700	66114.7700	0	0	A	0	0	0	0	0	0	0	0	0	0	0	0	0	0	0	0	0	0	0	0
Q9NSE4	IARS2	2	1012	964	48	113789.9150	108736.0650	0.04441386568	0.006759789744	R	-0.002791813717	-0.000228490774	0.002413899698	0.003662437852	0.001879770026	-0.002512641675	0.001268967808	0.002518832378	0.002531564715	-0.001764079648	9.003228979e-05	0.001597417621	-0.001986299369	0.0006598332546	-0.006759789744	-0.0004190320397	-0.0005468509412	0.001182860662	-0.003116189634	0.002319571236
Q9NSI8	SAMSN1	2	373	373	0	41707.5500	41707.5500	0	0	A	0	0	0	0	0	0	0	0	0	0	0	0	0	0	0	0	0	0	0	0
Q9NT99	LRRC4B	2	713	678	35	76432.8500	72636.3450	0.04967111654	0.007558935388	P	-2.537581262e-05	-0.0002948480212	0.001867604453	0.003354759918	-0.00196293287	-0.0004674063309	0.0004388112346	0.001840523487	0.001965808034	-0.003065573875	-0.002470928904	0.002935268035	-0.007558935388	0.001367050913	-0.002392074788	-0.0005829005181	0.003969676752	0.003219109534	-0.003620692925	0.001483057072
Q9NTG7	SIRT3	2	399	399	0	43572.5300	43572.5300	0	0	A	0	0	0	0	0	0	0	0	0	0	0	0	0	0	0	0	0	0	0	0
Q9NTI5	PDS5B	2	1447	1447	0	164664.8000	164664.8000	0	0	A	0	0	0	0	0	0	0	0	0	0	0	0	0	0	0	0	0	0	0	0
Q9NTJ4	MAN2C1	2	1040	1040	0	115833.3550	115833.3550	0	0	A	0	0	0	0	0	0	0	0	0	0	0	0	0	0	0	0	0	0	0	0
Q9NTJ5	SACM1L	2	587	587	0	66965.8900	66965.8900	0	0	A	0	0	0	0	0	0	0	0	0	0	0	0	0	0	0	0	0	0	0	0
Q9NTK5	OLA1	2	396	396	0	44742.9850	44742.9850	0	0	A	0	0	0	0	0	0	0	0	0	0	0	0	0	0	0	0	0	0	0	0
Q9NTM9	CUTC	2	273	273	0	29340.6600	29340.6600	0	0	A	0	0	0	0	0	0	0	0	0	0	0	0	0	0	0	0	0	0	0	0
Q9NTX5	ECHDC1	2	307	307	0	33697.5900	33697.5900	0	0	A	0	0	0	0	0	0	0	0	0	0	0	0	0	0	0	0	0	0	0	0
Q9NTZ6	RBM12	2	932	932	0	97394.4950	97394.4950	0	0	A	0	0	0	0	0	0	0	0	0	0	0	0	0	0	0	0	0	0	0	0
Q9NUB1	ACSS1	2	689	652	37	74855.7500	71130.3950	0.04976711876	0.01037776864	R	-0.001370957668	-0.0003581719531	0.002991797139	0.003396543606	0.001806377941	-0.003423280369	0.001696589004	0.002868728066	0.002753161723	-0.00377161555	-0.0003504467321	0.0009631682855	-0.002830176055	-7.689240145e-05	-0.01037776864	-0.001251213295	0.001384652591	0.001584792623	0.001612850032	0.002751861654
Q9NUI1	DECR2	2	292	291	1	30777.1350	30645.9400	0.004262742455	0.004056320838	M	0.0003909650342	8.395293383e-05	0.0002151946419	0.0001189390972	0.0002670774072	0.0002600836391	0.0001254224219	0.0002120742388	0.0001688274375	0.0004544447974	-0.004056320838	0.0001525787061	0.0002393240658	0.0001181387865	0.0003822320628	0.000218453627	0.0002201050617	0.0002976393424	4.716866993e-05	8.369886696e-05
Q9NUJ1	ABHD10	2	306	254	52	33931.9750	28203.2050	0.1688310215	0.02283779733	R	-0.01795988626	-0.003645137372	0.012363477	0.009870397708	0.000924941488	0.0008736117717	0.003270670159	0.009534156121	0.01062589223	0.002995373486	0.001605460499	0.005454420508	-0.01039116868	-0.003642516179	-0.02283779733	0.006600000123	0.006147163288	-0.002765736258	-0.01650354067	0.007480218376
Q9NUL3	STAU2	2	570	570	0	62607.6950	62607.6950	0	0	A	0	0	0	0	0	0	0	0	0	0	0	0	0	0	0	0	0	0	0	0
Q9NUL5	SHFL	2	291	290	1	33109.7600	32978.5650	0.003962426789	0.00381630774	M	0.0001453014103	0.0001482045028	0.0002849169183	0.0003749403079	0.0001178698365	0.000145392132	0.0001897815171	8.022443312e-05	0.0002682322912	0.0002807855159	-0.00381630774	9.427303592e-05	0.000258185634	0.000193657064	0.0004794383862	0.0002463826466	0.000109281861	0.0002030075091	0.0001040852439	9.234749458e-05
Q9NUP9	LIN7C	2	197	196	1	21833.7000	21702.5050	0.006008830386	0.005778169547	M	0.0003741143036	5.65317083e-05	0.0001242055195	0.0007894632534	0.0001541510877	0.0002627002729	0.0002171730243	0.0002754101089	0.0004433675127	0.0005202190946	-0.005778169547	0.0001541137607	0.000241731843	0.000340935286	0.0006502359581	0.0003187187352	0.0001667396111	0.0005192765884	0	0.0001690818789
Q9NUQ6	SPATS2L	2	558	557	1	61728.1850	61596.9900	0.002125366233	0.002027232605	M	0.0001267451351	3.165979028e-05	7.728839894e-05	0.0001879577212	4.796119692e-05	6.102822052e-05	7.20738999e-05	7.616768812e-05	0.0002504239938	0.0001485269918	-0.002027232605	0.0001457667333	0.0001270218287	0.0001272906832	0.0001719623325	0.0001556101165	7.954607959e-05	0.000102039849	1.185863023e-05	2.630331518e-05
Q9NUQ7	UFSP2	2	469	469	0	53260.4900	53260.4900	0	0	A	0	0	0	0	0	0	0	0	0	0	0	0	0	0	0	0	0	0	0	0
Q9NUQ9	CYRIB	2	324	323	1	36747.5050	36616.3100	0.003570174356	0.003394374672	M	0.0001693350776	5.006329212e-05	0.0001429919352	0.0003647645512	0.0001911181465	8.685295272e-05	8.975113636e-05	0.0001409184984	0.0002537038729	0.0004010757264	-0.003394374672	0.0002183678493	0.0001332007519	0.0001690780673	0.0002303341165	0.0001563234147	0.0002362577494	0.0001936254431	1.68767341e-05	0.0001497353565
Q9NUU7	DDX19A	2	478	477	1	53974.2850	53843.0900	0.002430694543	0.002304975479	M	0.0001225376522	3.703286799e-05	0.0001373029648	0.0002192319957	9.467015924e-05	6.309968513e-05	3.556649968e-05	0.0001453351328	0.0002122459237	0.00023053159	-0.002304975479	0.0001161006086	7.917701144e-05	0.0001619217528	0.0001663896295	0.0001084084791	0.0001183303443	0.0001566565048	3.121018612e-05	6.922649132e-05
Q9NVA1	UQCC1	2	299	299	0	34599.6800	34599.6800	0	0	A	0	0	0	0	0	0	0	0	0	0	0	0	0	0	0	0	0	0	0	0
Q9NVD7	PARVA	1	372	371	1	42243.1150	42111.9200	0.003105713203	0.002993691884	M	8.91213701e-05	7.575166406e-06	0.0001830769418	0.0003035624769	0.0001549201558	6.570937924e-05	6.790202604e-05	0.0001394171989	0.000292482952	0.0004182515967	-0.002993691884	0.0001404269293	0.0001655576501	0.0001644653907	0.0001742613388	0.000157690506	0.0001340571872	0.0002417069542	2.553648867e-05	6.797017503e-05
Q9NVE7	PANK4	2	773	772	1	85989.6800	85858.4850	0.001525706341	0.001473526028	M	8.271048891e-05	2.177110389e-05	9.168025799e-05	0.0001233755784	9.64691162e-05	6.969442589e-05	5.111100261e-05	6.678107029e-05	9.412956707e-05	0.0001787375705	-0.001473526028	4.945936239e-05	5.344291497e-05	5.25194639e-05	0.000114773273	8.654939195e-05	5.707876958e-05	9.297326917e-05	3.058005143e-05	5.968934943e-05
Q9NVG8	TBC1D13	2	400	400	0	46552.8250	46552.8250	0	0	A	0	0	0	0	0	0	0	0	0	0	0	0	0	0	0	0	0	0	0	0
Q9NVH1	DNAJC11	2	559	558	1	63277.1600	63145.9650	0.002073338943	0.001997448136	M	9.660915659e-05	1.68443398e-05	9.992324847e-05	0.000184093508	0.0001010487996	7.723121455e-05	5.176756658e-05	9.847432383e-05	0.0001341393911	0.0002078902392	-0.001997448136	6.245140468e-05	6.402406209e-05	0.0001178397536	0.0002082770084	0.000119803629	9.936436562e-05	0.0001335521471	2.839180483e-05	9.572217336e-05
Q9NVH6	TMLHE	2	421	406	15	49516.7800	47555.6050	0.03960627084	0.006163669696	H	0.001269810902	0.0009497997409	-0.0004345982482	0.002726180958	0.002119026341	0.001123481195	-0.006163669696	0.001776103281	0.002292030771	-0.002593596911	-0.002294903094	0.001694810582	0.001476866049	-0.0005813240528	-0.00312391151	-0.002558606066	0.002461856755	0.002170679665	-0.001976667271	-0.0003333693913
Q9NVI7	ATAD3A	2	586	585	1	66217.1450	66085.9500	0.001981284454	0.001883373191	M	0.0001492080079	6.149056703e-06	9.119290639e-05	0.0002053445411	6.706917642e-05	7.429340452e-05	3.93705079e-05	5.658517684e-05	0.0001335486199	0.000196383849	-0.001883373191	5.699499554e-05	7.011629894e-05	0.0001446281888	0.0002475457162	7.200197244e-05	9.06828534e-05	8.621037385e-05	3.627567894e-05	5.97718661e-05
Q9NVJ2	ARL8B	2	186	186	0	21538.6950	21538.6950	0	0	A	0	0	0	0	0	0	0	0	0	0	0	0	0	0	0	0	0	0	0	0
Q9NVM4	PRMT7	2	692	692	0	78458.0950	78458.0950	0	0	A	0	0	0	0	0	0	0	0	0	0	0	0	0	0	0	0	0	0	0	0
Q9NVP1	DDX18	2	670	670	0	75405.8650	75405.8650	0	0	A	0	0	0	0	0	0	0	0	0	0	0	0	0	0	0	0	0	0	0	0
Q9NVS2	MRPS18A	2	196	162	34	22183.7150	18779.6750	0.153447698	0.02249220385	L	-0.02169969147	-0.0003473915184	0.002878823683	0.01060759651	0.002381932804	-0.008653433803	0.00671148752	0.007565545755	0.008012702583	-0.02249220385	-0.002579328395	0.007620339294	0.006810245678	0.005268110356	-0.007021576304	-0.006965265145	0.002234907462	0.003887173805	-0.002057902286	0.00783792732
Q9NVS9	PNPO	2	261	261	0	29987.6100	29987.6100	0	0	A	0	0	0	0	0	0	0	0	0	0	0	0	0	0	0	0	0	0	0	0
Q9NVT9	ARMC1	2	282	282	0	31280.1650	31280.1650	0	0	A	0	0	0	0	0	0	0	0	0	0	0	0	0	0	0	0	0	0	0	0
Q9NVV0	TMEM38B	2	291	291	0	32509.3500	32509.3500	0	0	A	0	0	0	0	0	0	0	0	0	0	0	0	0	0	0	0	0	0	0	0
Q9NVV4	MTPAP	2	582	545	37	66170.7450	62143.8500	0.06085612305	0.01057292816	R	-0.001591515379	-0.001821115425	0.00260592759	0.004634036086	0.005202857481	-0.001468866747	0.0009244986309	0.001526525323	0.004231097523	-0.003569893077	-0.001057855387	0.002212383052	-0.002154701595	0.001576341147	-0.01057292816	0.003548913297	-0.001113967785	-0.005349482081	0.0006953680232	0.001542377487
Q9NW15	ANO10	2	660	660	0	76328.2550	76328.2550	0	0	A	0	0	0	0	0	0	0	0	0	0	0	0	0	0	0	0	0	0	0	0
Q9NWB6	ARGLU1	2	273	273	0	33215.8500	33215.8500	0	0	A	0	0	0	0	0	0	0	0	0	0	0	0	0	0	0	0	0	0	0	0
Q9NWH9	SLTM	2	1034	1033	1	117146.8050	117015.6100	0.001119919574	0.001084589598	M	4.188056128e-05	4.910037511e-06	8.198741407e-05	0.0001633718937	2.409970904e-05	4.745877887e-05	3.520994545e-05	4.677811702e-05	0.000118487683	4.677811702e-05	-0.001084589598	3.533768099e-05	4.012476494e-05	3.908756206e-05	0.0001609565086	9.624881173e-05	4.344629427e-05	3.418222548e-05	6.620850844e-06	1.762264173e-05
Q9NWU1	OXSM	2	459	432	27	48842.2500	45702.5350	0.06428276748	0.008331350542	L	0.005608896255	-0.005215053002	0.002845922959	0.004194546906	0.0006387228512	0.004012836899	0.002395894612	0.001130438175	0.001259882266	-0.008331350542	-0.001018257543	-0.002587973198	0.003008733794	-0.005943065966	-0.005635679278	-0.003492844842	-0.0006353253252	0.004453124629	0.0007277665747	0.002582783776
Q9NWU2	GID8	2	228	228	0	26748.1150	26748.1150	0	0	A	0	0	0	0	0	0	0	0	0	0	0	0	0	0	0	0	0	0	0	0
Q9NWU5	MRPL22	2	206	166	40	23640.2750	19428.4350	0.1781637481	0.02571120199	L	-0.01166182404	0.002928085856	0.0004915591607	0.01422282179	0.005322884368	-0.005543174332	-0.003853380921	0.004138861265	0.01467185607	-0.02571120199	-0.0006509350896	-0.0005763792242	0.006917362366	-0.001275084163	0.008303210552	-0.009453000381	-0.000519666161	-7.841863979e-05	-0.004181188728	0.00650761224
Q9NWV4	CZIB	2	160	160	0	18048.2450	18048.2450	0	0	A	0	0	0	0	0	0	0	0	0	0	0	0	0	0	0	0	0	0	0	0
Q9NX14	NDUFB11	2	153	124	29	17316.4000	14309.8550	0.1736241367	0.03428933672	A	-0.03428933672	0.001290128177	0.01275540231	0.02193324383	0.002316813578	-0.007233019825	0.001652058325	0.005586864081	0.009339906152	-0.02013264557	-0.002673733417	0.007034158748	0.01019615427	0.003112237237	-0.02859201638	0.005949952925	-0.0008661367764	0.006632762253	-0.003659472142	0.009646678955
Q9NX18	SDHAF2	2	166	137	29	19599.0950	16567.5400	0.1546783155	0.03115627577	S	-0.001993102903	0.001003132835	0.009917900487	0.01949038415	0.0008875520481	0.001243070022	-0.004304591416	0.007602067825	0.01210366368	-0.02330289388	-0.008279575703	0.007657125876	0.003478207906	0.006049761988	0.01103186974	-0.03115627577	-0.01090109163	-0.01460053964	0.0050724609	0.009000873475
Q9NX20	MRPL16	2	251	222	29	28448.8600	25347.2450	0.109024228	0.01999407348	L	-0.01154444187	0.0004543315401	-0.0005454007276	0.009379156417	0.007433247981	0.003070400182	0.003490733168	0.00491867515	0.0104156143	-0.01999407348	0.0005076152386	0.003963438962	-0.003142176284	0.002192010937	-0.0034478926	-0.009603929018	0.00491350036	0.003473609071	-0.009331593796	0.00339717447
Q9NX40	OCIAD1	2	245	245	0	27625.7700	27625.7700	0	0	A	0	0	0	0	0	0	0	0	0	0	0	0	0	0	0	0	0	0	0	0
Q9NX46	ADPRS	2	363	363	0	38946.1400	38946.1400	0	0	A	0	0	0	0	0	0	0	0	0	0	0	0	0	0	0	0	0	0	0	0
Q9NX55	HYPK	2	121	121	0	13651.0700	13651.0700	0	0	A	0	0	0	0	0	0	0	0	0	0	0	0	0	0	0	0	0	0	0	0
Q9NX62	BPNT2	2	359	359	0	38680.9600	38680.9600	0	0	A	0	0	0	0	0	0	0	0	0	0	0	0	0	0	0	0	0	0	0	0
Q9NX63	CHCHD3	2	227	226	1	26152.0000	26020.8050	0.005016633527	0.004863422967	M	0.0003509951868	9.944666636e-05	0.0001747949989	0.000772880186	0.0001084687674	9.858648061e-05	0.0001273452483	0.0001291953043	0.000527960349	0.000387585913	-0.004863422967	0.0001301310026	3.779892604e-05	0.000359849847	0.0006005212857	0.0002932724544	0.0002150989697	0.0002115416748	0	0.0002379497059
Q9NXA8	SIRT5	2	310	274	36	33880.4850	29817.5750	0.1199188855	0.01112980412	E	0.004673031135	-0.001976872691	0.003203610442	0.01112980412	0.007383983382	0.004291945303	0.005334766128	-0.005465409077	-0.001379931494	-0.008507651912	-0.006025907785	0.0007393065796	-0.007467301705	-0.007596646555	-0.00688252798	-0.002210659205	0.003533685249	0.005892136824	0.002808806803	-0.001478167559
Q9NXC5	MIOS	2	875	875	0	98583.0900	98583.0900	0	0	A	0	0	0	0	0	0	0	0	0	0	0	0	0	0	0	0	0	0	0	0
Q9NXE4	SMPD4	2	866	866	0	97808.1650	97808.1650	0	0	A	0	0	0	0	0	0	0	0	0	0	0	0	0	0	0	0	0	0	0	0
Q9NXG2	THUMPD1	2	353	352	1	39315.0000	39183.8050	0.003337021493	0.003193106385	M	0.0001535531514	6.090821022e-05	0.0001624970609	0.0003486853558	0.0001067689068	0.0001347798466	3.342655101e-05	0.000122460606	0.0003779537861	0.0002355011653	-0.003193106385	0.0002277185134	0.0001405581263	0.0002203976355	0.0002001643205	0.0001584890346	0.0001625387139	0.0002019166201	1.466617305e-05	0.0001301226078
Q9NXJ5	PGPEP1	2	209	209	0	23138.0900	23138.0900	0	0	A	0	0	0	0	0	0	0	0	0	0	0	0	0	0	0	0	0	0	0	0
Q9NXW2	DNAJB12	2	375	375	0	41859.1400	41859.1400	0	0	A	0	0	0	0	0	0	0	0	0	0	0	0	0	0	0	0	0	0	0	0
Q9NY12	GAR1	2	217	217	0	22347.8700	22347.8700	0	0	A	0	0	0	0	0	0	0	0	0	0	0	0	0	0	0	0	0	0	0	0
Q9NY33	DPP3	2	737	736	1	82587.8900	82456.6950	0.001588550089	0.001539762233	M	8.98542826e-05	1.182574875e-05	8.011206238e-05	0.0001603593068	0.0001048012573	7.082923352e-05	2.523887034e-05	5.761245944e-05	7.847832744e-05	0.0001792387627	-0.001539762233	4.083572765e-05	6.55502997e-05	8.320612176e-05	0.0001246863638	8.889613277e-05	7.169758731e-05	8.194621167e-05	3.322128328e-05	9.137219365e-05
Q9NY65	TUBA8	2	449	449	0	50092.9200	50092.9200	0	0	A	0	0	0	0	0	0	0	0	0	0	0	0	0	0	0	0	0	0	0	0
Q9NY72	SCN3B	1	215	193	22	24702.0200	22179.9500	0.1020997473	0.01524772735	E	-0.002688328543	-0.001828027199	0.003183170053	0.01524772735	-0.005643115417	0.0023937949	0.001236836548	0.0001122867308	0.004661634161	-0.01000756272	-0.002251237524	0.0001130999685	-0.003932997627	0.003495029839	0.0008434725124	-0.001914488671	0.005222854225	-0.002967813261	-0.004709229066	-0.0005671062608
Q9NYF8	BCLAF1	2	920	920	0	106120.5650	106120.5650	0	0	A	0	0	0	0	0	0	0	0	0	0	0	0	0	0	0	0	0	0	0	0
Q9NYJ1	COA4	2	87	87	0	10133.9000	10133.9000	0	0	A	0	0	0	0	0	0	0	0	0	0	0	0	0	0	0	0	0	0	0	0
Q9NYK5	MRPL39	2	338	338	0	38711.2750	38711.2750	0	0	A	0	0	0	0	0	0	0	0	0	0	0	0	0	0	0	0	0	0	0	0
Q9NYL2	MAP3K20	2	800	799	1	91153.6850	91022.4900	0.001439272587	0.001375649264	M	4.301762944e-05	1.787586081e-05	7.676469443e-05	0.0001164309018	7.090040989e-05	4.63168763e-05	5.20243668e-05	7.389223851e-05	0.000111765441	0.0001090790188	-0.001375649264	5.847867439e-05	6.640059557e-05	6.468417708e-05	0.0001098148375	0.0001198106246	6.710408974e-05	6.913691296e-05	4.382614477e-05	5.832577003e-05
Q9NYL9	TMOD3	1	352	352	0	39594.2550	39594.2550	0	0	A	0	0	0	0	0	0	0	0	0	0	0	0	0	0	0	0	0	0	0	0
Q9NYU2	UGGT1	2	1555	1513	42	177186.9400	173029.9000	0.02346132283	0.002581819091	V	-0.00159313685	-0.001626616862	0.0009428992652	0.001935295558	0.000775165672	-0.001557868902	0.0005751311012	0.001364605605	-0.0004068275746	-0.0008436583065	-0.0009013024052	0.001169105395	0.0004163518738	0.001240740137	0.001458141164	-0.0001793530577	-0.000121287479	-0.002581819091	-0.0004824831914	0.0004169179492
Q9NZ01	TECR	2	308	308	0	36033.8450	36033.8450	0	0	A	0	0	0	0	0	0	0	0	0	0	0	0	0	0	0	0	0	0	0	0
Q9NZ08	ERAP1	2	941	941	0	107233.1600	107233.1600	0	0	A	0	0	0	0	0	0	0	0	0	0	0	0	0	0	0	0	0	0	0	0
Q9NZ32	ACTR10	2	417	417	0	46306.4200	46306.4200	0	0	A	0	0	0	0	0	0	0	0	0	0	0	0	0	0	0	0	0	0	0	0
Q9NZ45	CISD1	2	108	107	1	12198.9050	12067.7100	0.0107546538	0.0103368997	M	0.0007405619709	0.0002746757265	0.0007040700296	0.0005559183399	0.0004993252256	0.0003403748231	0.0005862212358	0.0007929837139	0.001325679909	0.0004956148212	-0.0103368997	0.0004992043163	0.0002610054175	0.0001104355416	0.0006582000598	0.0004764884796	0.0005401018907	0.0006196980012	0.0003086512428	0.0005476889499
Q9NZA1	CLIC5	2	410	410	0	46501.9950	46501.9950	0	0	A	0	0	0	0	0	0	0	0	0	0	0	0	0	0	0	0	0	0	0	0
Q9NZB2	FAM120A	2	1118	1118	0	121885.9050	121885.9050	0	0	A	0	0	0	0	0	0	0	0	0	0	0	0	0	0	0	0	0	0	0	0
Q9NZC3	GDE1	2	331	331	0	37717.8200	37717.8200	0	0	A	0	0	0	0	0	0	0	0	0	0	0	0	0	0	0	0	0	0	0	0
Q9NZD2	GLTP	2	209	208	1	23849.4800	23718.2850	0.005500958511	0.005259862064	M	0.0003509944529	7.160145008e-05	0.0002097535602	0.0004637271421	0.0003254056217	0.0001330914706	0.0001222511828	0.0003617460958	0.0005183599862	0.0006201361642	-0.005259862064	0.000260261461	0.0002494723903	0.0002303034206	0.0002058925818	0.0001242092504	0.000258118224	0.0002769267044	0.0001206870926	0.0003569238126
Q9NZD4	AHSP	2	102	102	0	11840.2250	11840.2250	0	0	A	0	0	0	0	0	0	0	0	0	0	0	0	0	0	0	0	0	0	0	0
Q9NZH6	IL37	2	218	173	45	24126.2050	19299.8900	0.2000445159	0.0169596683	E	0.006419148861	-0.002117569894	-0.00468418746	-0.0169596683	0.00304440317	-0.007997298712	0.008356496872	0.009419887804	0.01319277804	0.002448650871	-0.01194828322	6.290492702e-05	-0.01327102978	0.002658527204	0.007818786954	0.0001250885328	-0.001040957931	0.003210671417	-0.003617864874	0.004879515527
Q9NZH8	IL36G	2	169	152	17	18721.0900	17031.2750	0.09026263962	0.01411978318	G	-0.005295138346	0.002252073315	-0.007910909348	0.006836983056	0.003838106542	-0.01411978318	0	0.006095337915	0.006113971982	0.008533473082	-0.004780892236	0.004297638422	0.001126055251	0.0007502577602	-0.01197270182	0.004395083902	0.001165080356	5.704379721e-05	0.001897979582	-0.003279660028
Q9NZI8	IGF2BP1	2	577	577	0	63479.6900	63479.6900	0	0	A	0	0	0	0	0	0	0	0	0	0	0	0	0	0	0	0	0	0	0	0
Q9NZJ4	SACS	2	4579	4579	0	521118.5000	521118.5000	0	0	A	0	0	0	0	0	0	0	0	0	0	0	0	0	0	0	0	0	0	0	0
Q9NZJ6	COQ3	2	369	284	85	41053.5400	31317.2650	0.2371604251	0.02244399062	R	0.002932405403	0.0004215773323	0.009500571265	0.02078264831	-0.006602456331	-0.004913701879	0.009060940295	-0.0009868931821	-0.002268509829	0.002676793369	-0.000224524406	-0.001652561672	0.000801191784	0.004301715838	-0.02244399062	-0.005514797186	0.005466789218	0.009937510516	-0.01050551459	-0.01076919364
Q9NZL4	HSPBP1	2	359	359	0	39302.2000	39302.2000	0	0	A	0	0	0	0	0	0	0	0	0	0	0	0	0	0	0	0	0	0	0	0
Q9NZL9	MAT2B	2	334	333	1	37551.2650	37420.0700	0.003493757134	0.003367261835	M	0.0002039547849	5.738751995e-05	0.0001786215767	0.0002671382107	0.0001956059017	0.0001185231959	0.0001592216331	0.0001760314967	0.0001961884921	0.0002899342299	-0.003367261835	0.0001877361952	0.0001726827862	0.0001730482867	0.0003025364965	0.000141031867	0.0001222460904	0.0002589448428	8.060745656e-05	8.582077204e-05
Q9NZM1	MYOF	2	2061	2061	0	234705.5900	234705.5900	0	0	A	0	0	0	0	0	0	0	0	0	0	0	0	0	0	0	0	0	0	0	0
Q9NZM3	ITSN2	2	1697	1697	0	193458.5000	193458.5000	0	0	A	0	0	0	0	0	0	0	0	0	0	0	0	0	0	0	0	0	0	0	0
Q9NZN5	ARHGEF12	2	1544	1543	1	173229.5750	173098.3800	0.0007573475834	0.0007251484427	M	2.666409237e-05	7.610637091e-06	4.918026707e-05	7.556642257e-05	2.563574074e-05	2.330013993e-05	2.809057876e-05	3.586567969e-05	5.401700408e-05	6.833865996e-05	-0.0007251484427	2.294453445e-05	3.786093532e-05	5.291855856e-05	5.59989947e-05	5.669269142e-05	4.005335542e-05	3.895808759e-05	6.036720746e-06	1.941534223e-05
Q9NZQ9	TMOD4	1	345	345	0	39334.8900	39334.8900	0	0	A	0	0	0	0	0	0	0	0	0	0	0	0	0	0	0	0	0	0	0	0
Q9NZR1	TMOD2	1	351	351	0	39594.5400	39594.5400	0	0	A	0	0	0	0	0	0	0	0	0	0	0	0	0	0	0	0	0	0	0	0
Q9NZT1	CALML5	2	146	145	1	15892.2450	15761.0500	0.00825528426	0.007866834172	M	0.0008218855582	0	0.0008185951868	0.001098786341	0.0004354096992	0.000428719131	6.815769198e-05	0.0002881161604	0.0004495508278	0.0008067252491	-0.007866834172	0.0002321622756	0.0001517304881	0.0006419958173	0.0006122111476	0.0002308311908	0.0003139778641	0.0003087853155	0	0.0001591942277
Q9NZT2	OGFR	2	677	677	0	73323.6700	73323.6700	0	0	A	0	0	0	0	0	0	0	0	0	0	0	0	0	0	0	0	0	0	0	0
Q9NZU5	LMCD1	2	365	365	0	40832.3800	40832.3800	0	0	A	0	0	0	0	0	0	0	0	0	0	0	0	0	0	0	0	0	0	0	0
Q9P003	CNIH4	2	139	139	0	16093.1400	16093.1400	0	0	A	0	0	0	0	0	0	0	0	0	0	0	0	0	0	0	0	0	0	0	0
Q9P016	THYN1	2	225	225	0	25696.9500	25696.9500	0	0	A	0	0	0	0	0	0	0	0	0	0	0	0	0	0	0	0	0	0	0	0
Q9P032	NDUFAF4	2	175	174	1	20266.1900	20134.9950	0.006473589757	0.006253524271	M	0.0002198801566	3.322567662e-05	0.0002919998388	0.0007262536185	0.0003624001004	8.23457096e-05	0.0001701869834	0.0004676193136	0.0008017929457	0.0006115021793	-0.006253524271	0.0002898498775	0.0003472927835	0.0002404556148	0.0004299374035	0.0003746444588	0.0001959974876	0.0003533861685	5.600319973e-05	0.0001987507543
Q9P035	HACD3	2	362	362	0	43158.9250	43158.9250	0	0	A	0	0	0	0	0	0	0	0	0	0	0	0	0	0	0	0	0	0	0	0
Q9P0I2	EMC3	2	261	260	1	29951.5400	29820.3450	0.004380242218	0.00402842575	M	0.0001446784383	0	0.0002327756736	0.0002573124332	0.0003301681959	0.0001219105439	5.814395045e-05	0.0002457860774	0.0003104545923	0.0004915721547	-0.00402842575	0.0001650441236	0.0001869663104	0.000237325255	0.0002176104021	0.0002231730837	0.0002678481744	0.0002487841541	0.0001530668071	0.0001358053804
Q9P0J0	NDUFA13	2	144	143	1	16698.0450	16566.8500	0.0078569078	0.007379055945	M	0.0003245579662	0	0.0003232586171	0.0007146662711	0.000200597637	0.0003646434919	0.0002512074853	0.0005309520763	0.0003550501671	0.000849523322	-0.007379055945	0.0001604392505	0.0004194225912	0.0002366191551	0.0009166685003	0.0002552310148	0.000385740711	0.0002371008452	0.0004133225319	0.0004400543113
Q9P0K7	RAI14	2	980	980	0	110039.5050	110039.5050	0	0	A	0	0	0	0	0	0	0	0	0	0	0	0	0	0	0	0	0	0	0	0
Q9P0L0	VAPA	2	249	248	1	27892.9200	27761.7250	0.004703523331	0.00437590582	M	0.0001785368292	6.93729366e-05	0.0003238901941	0.0003159099588	0.0002837499686	0.0001074576253	0.0001110433633	0.0001502087833	0.0004813005134	0.0004130741541	-0.00437590582	0.0002269450078	0.0003460816895	0.0001045947606	0.0003241621662	0.0003008584478	0.0002557683293	0.0003018461361	2.923271111e-05	5.187224489e-05
Q9P0M6	MACROH2A2	2	372	372	0	40057.6850	40057.6850	0	0	A	0	0	0	0	0	0	0	0	0	0	0	0	0	0	0	0	0	0	0	0
Q9P0P8	MTRES1	2	240	156	84	27940.9550	18352.6450	0.3431632884	0.04813825084	E	-0.009462330724	-0.007514604668	0.02404429137	0.04813825084	-0.01754498162	-0.004306498785	0.005052147035	-0.003660596368	0.03683723547	-0.02684555518	-0.001966241839	-0.003687108272	-0.01767285677	0.007138131818	-0.004050420347	-0.00879832444	0.002678903246	0.01026410694	-0.01234923499	-0.01629431274
Q9P0S9	TMEM14C	2	112	112	0	11564.4250	11564.4250	0	0	A	0	0	0	0	0	0	0	0	0	0	0	0	0	0	0	0	0	0	0	0
Q9P121	NTM	2	344	288	56	37971.0650	31737.3150	0.1641710603	0.03581968443	L	0.004713788363	-0.0044631416	0.008873897359	0.01177114818	-0.006085064056	-0.002162010923	-6.614263763e-05	0.01049426702	0.003124227439	-0.03581968443	-0.002053203457	0.01057027185	-0.002754933254	0.007145076364	-0.004942684297	0.004536559497	0.00572244954	-0.007739280979	-0.005620336573	0.004754796601
Q9P1Z2	CALCOCO1	2	691	691	0	77334.9800	77334.9800	0	0	A	0	0	0	0	0	0	0	0	0	0	0	0	0	0	0	0	0	0	0	0
Q9P258	RCC2	2	522	522	0	56083.8850	56083.8850	0	0	A	0	0	0	0	0	0	0	0	0	0	0	0	0	0	0	0	0	0	0	0
Q9P265	DIP2B	2	1576	1576	0	171489.2350	171489.2350	0	0	A	0	0	0	0	0	0	0	0	0	0	0	0	0	0	0	0	0	0	0	0
Q9P270	SLAIN2	2	581	581	0	62542.4100	62542.4100	0	0	A	0	0	0	0	0	0	0	0	0	0	0	0	0	0	0	0	0	0	0	0
Q9P289	STK26	2	416	415	1	46528.1250	46396.9300	0.00281969239	0.002701686318	M	0.0001371172964	3.107930489e-05	0.0001980241151	0.0002717351149	0.0001525451085	8.858012316e-05	5.571752901e-05	0.0002018820942	0.000292498943	0.0002287997068	-0.002701686318	0.0001084502545	0.0001181300882	0.000149948155	0.00010724361	0.0001725255411	0.0001344464668	0.0001262128622	5.238540479e-05	7.436459891e-05
Q9P291	ARMCX1	2	453	453	0	49179.8900	49179.8900	0	0	A	0	0	0	0	0	0	0	0	0	0	0	0	0	0	0	0	0	0	0	0
Q9P2B2	PTGFRN	2	879	854	25	98555.0300	95837.6550	0.02757215943	0.006855420809	L	-0.001094261561	-0.0005765258327	0.001856411887	0.00190551704	0.001193136163	-0.0004526641525	0.0008501248648	0.0009147466084	0.001347186271	-0.006855420809	-0.0008586489436	0.0008884655386	0.0001690312245	0.001055541612	-0.005185832956	0.0005179732378	0.001394411002	0.0005482375475	0.001118997743	0.001263573515
Q9P2B4	CTTNBP2NL	2	639	639	0	70156.9300	70156.9300	0	0	A	0	0	0	0	0	0	0	0	0	0	0	0	0	0	0	0	0	0	0	0
Q9P2E3	ZNFX1	2	1918	1918	0	220223.7050	220223.7050	0	0	A	0	0	0	0	0	0	0	0	0	0	0	0	0	0	0	0	0	0	0	0
Q9P2E9	RRBP1	2	1410	1410	0	152454.0350	152454.0350	0	0	A	0	0	0	0	0	0	0	0	0	0	0	0	0	0	0	0	0	0	0	0
Q9P2F8	SIPA1L2	2	1722	1722	0	190434.8050	190434.8050	0	0	A	0	0	0	0	0	0	0	0	0	0	0	0	0	0	0	0	0	0	0	0
Q9P2J5	LARS1	2	1176	1176	0	134464.4650	134464.4650	0	0	A	0	0	0	0	0	0	0	0	0	0	0	0	0	0	0	0	0	0	0	0
Q9P2K3	RCOR3	2	495	495	0	55580.5100	55580.5100	0	0	A	0	0	0	0	0	0	0	0	0	0	0	0	0	0	0	0	0	0	0	0
Q9P2K5	MYEF2	2	600	600	0	64121.1450	64121.1450	0	0	A	0	0	0	0	0	0	0	0	0	0	0	0	0	0	0	0	0	0	0	0
Q9P2R3	ANKFY1	2	1169	1168	1	128397.1000	128265.9050	0.001021790991	0.0009745196043	M	7.448092339e-05	2.268941906e-05	5.875273271e-05	7.183402068e-05	3.645891779e-05	3.313724752e-05	4.565733273e-05	4.474152419e-05	5.084252256e-05	0.0001359791421	-0.0009745196043	6.097105868e-05	3.003026689e-05	5.571216542e-05	6.174902443e-05	5.201147762e-05	4.700486143e-05	5.562970052e-05	1.502439654e-05	2.181286997e-05
Q9P2R7	SUCLA2	2	463	411	52	50316.6100	44584.2100	0.113926594	0.01450059026	Q	-0.004160719598	0.00159087726	0.007864443175	0.009015408821	-0.0009345649668	0.0006291274695	-0.003594002171	0.009759770259	0.01183710634	-0.001137610567	-0.0005176271182	-0.005253645436	0.001312001262	-0.01450059026	-0.01324952514	-0.0005468544385	-0.0006739232329	0.001238151516	0.0004469144851	0.0008752623315
Q9P2T1	GMPR2	2	348	348	0	37873.9950	37873.9950	0	0	A	0	0	0	0	0	0	0	0	0	0	0	0	0	0	0	0	0	0	0	0
Q9UBB4	ATXN10	2	475	475	0	53487.9200	53487.9200	0	0	A	0	0	0	0	0	0	0	0	0	0	0	0	0	0	0	0	0	0	0	0
Q9UBB5	MBD2	2	411	411	0	43254.0800	43254.0800	0	0	A	0	0	0	0	0	0	0	0	0	0	0	0	0	0	0	0	0	0	0	0
Q9UBC2	EPS15L1	2	864	863	1	94253.4350	94122.2400	0.00139193866	0.0013348813	M	6.293389798e-05	3.003101961e-06	0.0001237143666	9.117002135e-05	9.826657238e-05	5.20997045e-05	2.499631272e-05	3.901454779e-05	0.0001177638078	0.0001316740988	-0.0013348813	3.274759253e-05	0.0001141456351	0.0001032344803	5.828982239e-05	0.0001354489206	5.609822223e-05	5.517047292e-05	1.265461956e-05	2.245510252e-05
Q9UBE0	SAE1	2	346	346	0	38449.4150	38449.4150	0	0	A	0	0	0	0	0	0	0	0	0	0	0	0	0	0	0	0	0	0	0	0
Q9UBF8	PI4KB	2	816	815	1	91377.4650	91246.2700	0.001435747862	0.001371173054	M	5.562057286e-05	2.092238829e-05	7.956081255e-05	0.0001172630338	5.924560763e-05	4.587043812e-05	4.740108215e-05	8.014953201e-05	7.961779826e-05	0.0001498447772	-0.001371173054	5.616001098e-05	6.576057484e-05	7.959056733e-05	0.0001110703214	0.0001102800931	5.854570626e-05	8.714429496e-05	1.898912496e-05	4.813631731e-05
Q9UBF9	MYOT	1	498	498	0	55394.2350	55394.2350	0	0	A	0	0	0	0	0	0	0	0	0	0	0	0	0	0	0	0	0	0	0	0
Q9UBG3	CRNN	2	495	495	0	53532.3900	53532.3900	0	0	A	0	0	0	0	0	0	0	0	0	0	0	0	0	0	0	0	0	0	0	0
Q9UBI1	COMMD3	2	195	195	0	22150.7000	22150.7000	0	0	A	0	0	0	0	0	0	0	0	0	0	0	0	0	0	0	0	0	0	0	0
Q9UBI6	GNG12	2	72	68	4	8006.0850	7535.4250	0.05878778454	0.02386882132	I	0.004169478488	0.001620108121	0.002669648285	0.004918424145	0.001104430754	0.000501904575	0.001037305113	-0.02386882132	0.005864400944	-0.009741962841	-0.01507215444	0.002649991972	0.002309215681	0.002931197599	0.005823350004	0.006323516266	0.003982074928	0.001566487837	0	0.001211403889
Q9UBQ0	VPS29	2	182	182	0	20505.4450	20505.4450	0	0	A	0	0	0	0	0	0	0	0	0	0	0	0	0	0	0	0	0	0	0	0
Q9UBQ5	EIF3K	2	218	217	1	25059.2550	24928.0600	0.005235391076	0.004964091228	M	0.0002547635467	0.0001082723626	0.0003330384954	0.0004470318853	0.0003247616827	0.0001207528167	0.0001386468889	0.0003516528344	0.0003135358869	0.0005860880574	-0.004964091228	0.0002125198101	0.0001028837662	0.000391785814	0.00021793879	0.0002441704418	0.0002341885807	0.0002093778026	0.0001459978996	0.0002266838655
Q9UBQ7	GRHPR	2	328	328	0	35667.7450	35667.7450	0	0	A	0	0	0	0	0	0	0	0	0	0	0	0	0	0	0	0	0	0	0	0
Q9UBR2	CTSZ	2	303	242	61	33867.5000	27148.7950	0.1983820772	0.02925098802	L	-0.003470917595	0.005334863912	0.004996345254	0.009266008455	-0.001072624832	-0.005335279332	0.00291203218	0.01408310452	0.008309504703	-0.02925098802	-2.651079861e-05	0.01418510154	-0.01541261735	-5.193067635e-05	-0.02668283948	0.005272311859	0.00447156008	0.005898170483	0.008992125356	-0.002417420258
Q9UBS4	DNAJB11	2	358	336	22	40513.4650	38166.5950	0.05792814809	0.01260302574	L	-0.004397732664	-0.001940208125	0.004574914803	0.005640671916	0.0001936692743	0.0016758935	0.001845975347	-0.002293533772	0.004831581192	-0.01260302574	-0.002192133997	-0.0005437529022	0.0002871806865	0.0003645321422	0.005296727055	-0.000432508269	-0.0004902501189	0.001376325862	0.0002699789346	-0.001464305123
Q9UBS8	RNF14	2	474	474	0	53836.7550	53836.7550	0	0	A	0	0	0	0	0	0	0	0	0	0	0	0	0	0	0	0	0	0	0	0
Q9UBT2	UBA2	2	640	640	0	71222.6050	71222.6050	0	0	A	0	0	0	0	0	0	0	0	0	0	0	0	0	0	0	0	0	0	0	0
Q9UBU9	NXF1	2	619	618	1	70181.2700	70050.0750	0.00186937341	0.001804613331	M	7.855118265e-05	2.465249823e-05	0.0001263823737	0.0001230728113	9.709933672e-05	5.600663987e-05	3.858367824e-05	9.192960086e-05	0.0001222865105	0.0001808937307	-0.001804613331	9.856929878e-05	9.370228196e-05	8.590167121e-05	0.0001929760412	0.0001330480706	7.809834752e-05	7.680676135e-05	3.231881838e-05	7.373367701e-05
Q9UBW8	COPS7A	2	275	274	1	30276.1000	30144.9050	0.004333285991	0.00421941819	M	0.0003660694202	4.392746029e-05	0.000160854654	0.000391182566	9.98181078e-05	0.0001270135419	7.500105055e-05	0.0001585222011	0.0003180136391	0.0005548277039	-0.00421941819	0.0001596702997	0.0001252237166	0.0003708890172	0.0003368400388	0.0002159065853	0.0002015432678	0.0003114731028	4.936098789e-05	0.0001532808289
Q9UBX5	FBLN5	2	448	425	23	50180.0850	47819.1700	0.04704884418	0.006530152072	L	-0.001987941746	0.002084191615	0.003202665947	0.003160943978	0.001987409421	-0.0005783937357	0.000666649165	-0.003939473991	-0.002133551402	-0.006530152072	-0.001280049802	0.0006831827473	-0.002765171634	0.003390848782	0.0009007753147	0.0005434126166	-0.001429622201	-0.0001996189867	0.000175498669	0.004048397316
Q9UBY9	HSPB7	2	170	170	0	18610.2150	18610.2150	0	0	A	0	0	0	0	0	0	0	0	0	0	0	0	0	0	0	0	0	0	0	0
Q9UDR5	AASS	2	926	899	27	102130.3750	99268.9700	0.02801717902	0.003583181944	L	-6.455451746e-05	0.0003844921293	0.001494585361	0.002226782305	0.000927462644	-0.001171659072	-0.002895531664	0.00208129055	-0.000534165683	-0.003583181944	-0.0001633294769	0.001032056279	0.001349008168	-0.0002313173185	-0.001359417946	-0.0003326828658	0.0003057828975	-0.001357019987	0.0002991123599	0.001592287783
Q9UDW1	UQCR10	2	63	62	1	7308.3700	7177.1750	0.01795133525	0.01739046517	M	0.00133448701	0	0.0008544500154	0.0009445171358	0.00176742547	0.0004819200801	0.0009960024034	0.001403433615	0.001876965406	0.001684120338	-0.01739046517	0.0005654391988	0	0.0003127205741	0.001118295963	0.0006746367552	0.001274506459	0.0005013714967	0.0004370042128	0.001163169033
Q9UDX5	MTFP1	2	166	166	0	18009.4750	18009.4750	0	0	A	0	0	0	0	0	0	0	0	0	0	0	0	0	0	0	0	0	0	0	0
Q9UDY2	TJP2	2	1190	1190	0	133956.0150	133956.0150	0	0	A	0	0	0	0	0	0	0	0	0	0	0	0	0	0	0	0	0	0	0	0
Q9UDY4	DNAJB4	1	337	336	1	37806.3800	37675.1850	0.003470181488	0.003332326864	M	0.0001109433038	3.771997612e-05	0.0002589823798	0.0002977328373	0.000257137787	0.0002044968456	7.24528016e-05	0.000275645201	0.0003527211592	0.0001735543858	-0.003332326864	0.0001131132298	0.0001971348191	6.824526218e-05	0.0003253955021	0.0002044812794	0.0001112546275	0.0001002968125	1.589463008e-05	0.0001551240244
Q9UEW8	STK39	2	545	545	0	59473.1500	59473.1500	0	0	A	0	0	0	0	0	0	0	0	0	0	0	0	0	0	0	0	0	0	0	0
Q9UEY8	ADD3	2	706	705	1	79153.5350	79022.3400	0.001657474931	0.001579491991	M	5.996797044e-05	1.287707752e-05	8.487647829e-05	0.0001563721043	6.437440519e-05	5.31903934e-05	4.946876637e-05	9.526320101e-05	0.0001320670988	0.000134762577	-0.001579491991	7.489026004e-05	9.381086308e-05	9.578061522e-05	0.000101828392	0.0001135528457	8.229171001e-05	9.545681064e-05	1.44698843e-05	6.419053803e-05
Q9UFN0	NIPSNAP3A	2	247	247	0	28466.1900	28466.1900	0	0	A	0	0	0	0	0	0	0	0	0	0	0	0	0	0	0	0	0	0	0	0
Q9UG56	PISD	2	409	357	52	46671.0500	40877.3400	0.1241392683	0.006956608185	R	-0.004255730018	-0.002251230754	0.001393401917	0.006191743193	0.003023491645	0.001566582357	-0.001667298183	0.002064346016	0.001135150534	-0.006293147228	-0.0004034543184	0.005221159524	-0.001851849144	-0.002330361475	-0.006956608185	-0.003358840379	-0.0009662786357	0.003070124053	-1.416918827e-05	0.00668296827
Q9UG63	ABCF2	2	623	623	0	71289.2700	71289.2700	0	0	A	0	0	0	0	0	0	0	0	0	0	0	0	0	0	0	0	0	0	0	0
Q9UGI6	KCNN3	1	731	731	0	81383.7700	81383.7700	0	0	A	0	0	0	0	0	0	0	0	0	0	0	0	0	0	0	0	0	0	0	0
Q9UGI8	TES	2	421	421	0	47996.0500	47996.0500	0	0	A	0	0	0	0	0	0	0	0	0	0	0	0	0	0	0	0	0	0	0	0
Q9UGI9	PRKAG3	2	489	489	0	54257.2200	54257.2200	0	0	A	0	0	0	0	0	0	0	0	0	0	0	0	0	0	0	0	0	0	0	0
Q9UGJ0	PRKAG2	2	569	569	0	63065.2600	63065.2600	0	0	A	0	0	0	0	0	0	0	0	0	0	0	0	0	0	0	0	0	0	0	0
Q9UGM3	DMBT1	2	2413	2394	19	260732.0900	258656.5450	0.007960450898	0.001144429453	L	0.0003402632389	1.656707428e-05	0.0005469161202	-0.0001504005495	0.0002219075097	1.459765436e-05	0.0003065004481	-0.0006171301957	3.850664991e-05	-0.001144429453	-0.0009299573133	0.0004315273444	0.0003881651531	-0.0001840326746	0.000660737131	0.0001062458035	4.452686722e-05	-0.0002456797441	-0.0001980012352	0.0003531701706
Q9UGM6	WARS2	2	360	342	18	40145.9350	37917.3150	0.05551296788	0.01213360476	R	-0.002522325261	0.0004518079349	0.003143438666	0.0003183929359	-0.00169584691	0.001586312227	-0.001207071023	0.0001208099655	0.002496939869	0.00321866759	-0.005289218891	0.0008211299707	0.002146609753	0.003633058853	-0.01213360476	-0.001112695716	0.002665204417	0.004951018448	-0.003619610891	0.002026982826
Q9UGP8	SEC63	2	760	760	0	87995.6550	87995.6550	0	0	A	0	0	0	0	0	0	0	0	0	0	0	0	0	0	0	0	0	0	0	0
Q9UGV2	NDRG3	2	375	375	0	41408.1200	41408.1200	0	0	A	0	0	0	0	0	0	0	0	0	0	0	0	0	0	0	0	0	0	0	0
Q9UH62	ARMCX3	2	379	379	0	42500.0500	42500.0500	0	0	A	0	0	0	0	0	0	0	0	0	0	0	0	0	0	0	0	0	0	0	0
Q9UH90	FBXO40	2	709	709	0	79780.9800	79780.9800	0	0	A	0	0	0	0	0	0	0	0	0	0	0	0	0	0	0	0	0	0	0	0
Q9UH92	MLX	2	298	298	0	33299.6750	33299.6750	0	0	A	0	0	0	0	0	0	0	0	0	0	0	0	0	0	0	0	0	0	0	0
Q9UH99	SUN2	2	717	717	0	80309.3800	80309.3800	0	0	A	0	0	0	0	0	0	0	0	0	0	0	0	0	0	0	0	0	0	0	0
Q9UHA4	LAMTOR3	2	124	124	0	13622.5350	13622.5350	0	0	A	0	0	0	0	0	0	0	0	0	0	0	0	0	0	0	0	0	0	0	0
Q9UHB6	LIMA1	2	759	759	0	85224.3600	85224.3600	0	0	A	0	0	0	0	0	0	0	0	0	0	0	0	0	0	0	0	0	0	0	0
Q9UHB9	SRP68	2	627	627	0	70728.6000	70728.6000	0	0	A	0	0	0	0	0	0	0	0	0	0	0	0	0	0	0	0	0	0	0	0
Q9UHG3	PCYOX1	2	505	478	27	56639.3800	53851.0050	0.0492303235	0.008737821815	L	0.0008482711087	-0.005144085741	0.002549112771	-0.0008378768113	0.002768234007	-0.002412559277	0.001485705659	0.003349532904	0.003499763298	-0.008737821815	-0.0004843953635	0.002214050953	-0.0001900118955	0.001749283153	-0.0002875017128	-0.00194596592	0.002471483892	-0.002543222688	-0.001966710889	0.003614714367
Q9UHL4	DPP7	2	492	467	25	54340.5550	51783.5100	0.04705592352	0.00747586583	L	-0.003174362936	0.0007666226802	0.0031581425	0.002676464472	0.00418086499	-0.002258602101	0.001104400771	0.00134868424	0.001040621004	-0.00747586583	-0.001653365014	0.001671941045	-0.001276642981	0.0001144281683	-0.003448592336	0.0002485213741	0.002166930252	0.0002770413833	-0.001616832884	0.0021496012
Q9UHP3	USP25	2	1055	1055	0	122215.8900	122215.8900	0	0	A	0	0	0	0	0	0	0	0	0	0	0	0	0	0	0	0	0	0	0	0
Q9UHP9	SMPX	1	88	88	0	9558.9250	9558.9250	0	0	A	0	0	0	0	0	0	0	0	0	0	0	0	0	0	0	0	0	0	0	0
Q9UHQ4	BCAP29	2	241	241	0	28319.6500	28319.6500	0	0	A	0	0	0	0	0	0	0	0	0	0	0	0	0	0	0	0	0	0	0	0
Q9UHQ9	CYB5R1	2	305	305	0	34094.3800	34094.3800	0	0	A	0	0	0	0	0	0	0	0	0	0	0	0	0	0	0	0	0	0	0	0
Q9UHV9	PFDN2	2	154	154	0	16647.6250	16647.6250	0	0	A	0	0	0	0	0	0	0	0	0	0	0	0	0	0	0	0	0	0	0	0
Q9UHX1	PUF60	2	559	559	0	59874.5700	59874.5700	0	0	A	0	0	0	0	0	0	0	0	0	0	0	0	0	0	0	0	0	0	0	0
Q9UHY7	ENOPH1	2	261	261	0	28932.2500	28932.2500	0	0	A	0	0	0	0	0	0	0	0	0	0	0	0	0	0	0	0	0	0	0	0
Q9UI09	NDUFA12	2	145	145	0	17114.2600	17114.2600	0	0	A	0	0	0	0	0	0	0	0	0	0	0	0	0	0	0	0	0	0	0	0
Q9UI12	ATP6V1H	2	483	483	0	55882.2300	55882.2300	0	0	A	0	0	0	0	0	0	0	0	0	0	0	0	0	0	0	0	0	0	0	0
Q9UI42	CPA4	2	421	308	113	47350.5900	34523.2950	0.270900426	0.01751383783	Y	0.01096843567	0.0002498000469	-0.001676519112	-0.006520701221	-0.00654549368	0.001083422141	0.00660999184	-0.0007658901574	0.002494835905	-0.01571288108	-0.0003929519692	-0.005583071578	0.006157656283	-0.01338912519	-0.0001992196107	-0.005211036605	0.01151414737	-0.002817252098	0.002222015212	0.01751383783
Q9UI47	CTNNA3	2	895	895	0	99807.1200	99807.1200	0	0	A	0	0	0	0	0	0	0	0	0	0	0	0	0	0	0	0	0	0	0	0
Q9UIA9	XPO7	2	1087	1086	1	123905.3600	123774.1650	0.001058832322	0.00100644569	M	3.749615288e-05	2.11008653e-05	5.408736712e-05	6.299165304e-05	6.113412323e-05	2.124519794e-05	2.589461001e-05	5.52067614e-05	4.773752937e-05	0.0001503908328	-0.00100644569	5.464786248e-05	2.840515611e-05	6.787015417e-05	6.952493618e-05	7.473382771e-05	6.137235552e-05	4.930603109e-05	1.333738046e-05	4.996289334e-05
Q9UIC8	LCMT1	2	334	334	0	38378.5850	38378.5850	0	0	A	0	0	0	0	0	0	0	0	0	0	0	0	0	0	0	0	0	0	0	0
Q9UII2	ATP5IF1	2	106	81	25	12248.6250	9516.4000	0.2230638133	0.04230973782	E	-0.01869270971	0	0.01093576352	0.04230973782	-0.004896124656	-0.006675078599	0.01912115376	0.01347148855	0.03002816058	-0.007775587762	-0.01803952073	0.002713811188	0	0.007675661141	-0.008333214606	0.008634405623	-0.02527262698	-0.02004202993	-0.02888502284	0.003721733644
Q9UIQ6	LNPEP	2	1025	1025	0	117347.3400	117347.3400	0	0	A	0	0	0	0	0	0	0	0	0	0	0	0	0	0	0	0	0	0	0	0
Q9UIV8	SERPINB13	2	391	391	0	44275.4900	44275.4900	0	0	A	0	0	0	0	0	0	0	0	0	0	0	0	0	0	0	0	0	0	0	0
Q9UIW2	PLXNA1	2	1896	1870	26	211064.0850	208157.3650	0.01377174141	0.005416282266	L	0.0002553194989	0.0003861933625	0.0007878960231	0.0009211947066	0.0006299644897	0.0002065943131	0.0003797324831	0.0005823534261	0.0007322474229	-0.005416282266	-0.0009792339603	0.0005264099853	-0.001170387534	7.777278502e-05	0.0004199105092	0.0004925851425	0.0007119204978	0.0004090842524	-0.0006236305112	0.0006703553739
Q9UJ14	GGT7	2	662	662	0	70465.6250	70465.6250	0	0	A	0	0	0	0	0	0	0	0	0	0	0	0	0	0	0	0	0	0	0	0
Q9UJ68	MSRA	2	235	212	23	26132.2100	23495.9850	0.1008802929	0.02206919193	L	-0.001606370674	-0.002207726482	0.001960539818	0.009210596916	3.150231632e-05	0.00663460815	-0.0005417454665	0.002415139068	0.006998398024	-0.02206919193	-0.007086061517	0.004865261472	-0.002499855877	0.002180486161	-0.01273001663	-0.001507875328	0.002215987671	0.003473539111	0.002256093773	0.008006691426
Q9UJ70	NAGK	2	344	343	1	37375.1150	37243.9200	0.003510223313	0.003343404541	M	0.0002109488897	5.737696144e-05	0.000210104368	0.0002206387895	0.0001955699129	0.0002429278479	0.000122455645	0.0002484693309	0.0001499988912	0.0003830568851	-0.003343404541	8.342295747e-05	0.0001090427463	0.0001153442988	0.0002612334475	0.0002156561115	0.0001128217835	0.0001664339146	8.059262591e-05	0.000157309134
Q9UJC3	HOOK1	2	728	728	0	84646.4750	84646.4750	0	0	A	0	0	0	0	0	0	0	0	0	0	0	0	0	0	0	0	0	0	0	0
Q9UJP4	KLHL21	2	597	597	0	66616.4000	66616.4000	0	0	A	0	0	0	0	0	0	0	0	0	0	0	0	0	0	0	0	0	0	0	0
Q9UJS0	SLC25A13	2	675	674	1	74174.6000	74043.4050	0.001768732154	0.001695707155	M	0.0001197466357	1.701440881e-05	7.476453657e-05	0.0001151132726	0.0001690104228	8.584219823e-05	3.112514181e-05	8.683764105e-05	0.0001143778245	0.0001684123948	-0.001695707155	5.035953657e-05	8.083810195e-05	8.50210883e-05	0.0001223138831	7.589679761e-05	8.84190751e-05	0.000129260116	1.229076982e-05	6.906330934e-05
Q9UJU6	DBNL	2	430	430	0	48206.6050	48206.6050	0	0	A	0	0	0	0	0	0	0	0	0	0	0	0	0	0	0	0	0	0	0	0
Q9UJW0	DCTN4	1	460	459	1	52336.4050	52205.2100	0.002506763695	0.002407308832	M	0.0001124703549	7.894536919e-05	0.0001300878422	0.0002276838594	8.745296095e-05	5.197120064e-05	6.318284722e-05	0.0001014928697	0.0002024156073	0.0002564030392	-0.002407308832	8.608668024e-05	0.0001500326899	0.0001428327367	0.000198634003	0.0001198303523	0.0001164242206	0.0001383527206	2.494979257e-05	0.0001180596851
Q9UJY1	HSPB8	2	196	196	0	21604.0850	21604.0850	0	0	A	0	0	0	0	0	0	0	0	0	0	0	0	0	0	0	0	0	0	0	0
Q9UJZ1	STOML2	2	356	328	28	38533.4350	35688.0850	0.07384106815	0.01701616076	R	-0.007490349349	0.0004345161081	0.004057360506	0.006859480148	0.001184841794	-0.004395069465	0.0008346216676	0.004468942225	0.004456390175	-0.01046084023	-0.001180588053	0.002606020758	0.0003277338648	0.004716916939	-0.01701616076	0.0004098650298	0.0005526919935	0.006302025676	0.0007323941861	0.002599206788
Q9UK41	VPS28	2	221	221	0	25424.8000	25424.8000	0	0	A	0	0	0	0	0	0	0	0	0	0	0	0	0	0	0	0	0	0	0	0
Q9UK45	LSM7	2	103	102	1	11602.2200	11471.0250	0.01130774972	0.01085285839	M	0.0002976823349	0.0002024199781	0.001223023646	0.0007374228635	0.00041397024	0.0005016727553	0	0.0008765740684	0.001221185895	0.001205289344	-0.01085285839	0.0002207306661	0.0004808643959	0.0008545377568	0.0007275825394	0.0003511441978	0.0004975294609	0.0005871616153	0	0.0004540666371
Q9UK76	JPT1	2	154	154	0	16014.3350	16014.3350	0	0	A	0	0	0	0	0	0	0	0	0	0	0	0	0	0	0	0	0	0	0	0
Q9UK99	FBXO3	2	471	471	0	54559.7900	54559.7900	0	0	A	0	0	0	0	0	0	0	0	0	0	0	0	0	0	0	0	0	0	0	0
Q9UKA9	PTBP2	2	531	531	0	57489.9200	57489.9200	0	0	A	0	0	0	0	0	0	0	0	0	0	0	0	0	0	0	0	0	0	0	0
Q9UKF6	CPSF3	2	684	683	1	77484.9250	77353.7300	0.001693168058	0.001592628827	M	7.266979829e-05	2.695335491e-05	9.869845766e-05	0.0001581982037	7.043425227e-05	5.288376075e-05	7.19058307e-05	0.0001288791632	0.0001138254238	0.0001629227157	-0.001592628827	6.858022658e-05	5.97611375e-05	6.773005542e-05	9.042291455e-05	7.597983015e-05	7.508201529e-05	9.77298261e-05	2.271547598e-05	7.725638458e-05
Q9UKG1	APPL1	2	709	709	0	79662.2400	79662.2400	0	0	A	0	0	0	0	0	0	0	0	0	0	0	0	0	0	0	0	0	0	0	0
Q9UKK3	PARP4	2	1724	1724	0	192591.7350	192591.7350	0	0	A	0	0	0	0	0	0	0	0	0	0	0	0	0	0	0	0	0	0	0	0
Q9UKK9	NUDT5	2	219	219	0	24327.3300	24327.3300	0	0	A	0	0	0	0	0	0	0	0	0	0	0	0	0	0	0	0	0	0	0	0
Q9UKL0	RCOR1	2	485	485	0	53326.6500	53326.6500	0	0	A	0	0	0	0	0	0	0	0	0	0	0	0	0	0	0	0	0	0	0	0
Q9UKM9	RALY	2	306	305	1	32462.7850	32331.5900	0.004041396941	0.003915476266	M	0.000250097429	1.25972506e-05	0.0002767735316	0.0002600558696	0.0001202259721	0.0003122071978	6.452503896e-05	0.0001500181163	0.0003343927486	0.0003136742431	-0.003915476266	0.0001785781919	0.0001915247885	0.0001671391897	0.0003803504633	0.0002731605037	0.0001981623626	0.0002436064555	0	0.0001883869128
Q9UKP3	ITGB1BP2	1	347	347	0	38381.7000	38381.7000	0	0	A	0	0	0	0	0	0	0	0	0	0	0	0	0	0	0	0	0	0	0	0
Q9UKQ9	KLK9	2	250	235	15	27512.2550	26014.3200	0.05444610047	0.02246117925	L	-0.00263714538	-0.001128801836	0.002432994985	0.002689455689	0.002113707807	-0.001673245205	0.002836056889	0.002397715644	-0.003232587971	-0.02246117925	-0.003572114622	0.002173573011	0.003577672513	0.002671359032	0.004457992615	-1.858995678e-05	0.001959703429	0.002355581509	0.003733029571	0.001324821522
Q9UKS6	PACSIN3	2	424	424	0	48485.9850	48485.9850	0	0	A	0	0	0	0	0	0	0	0	0	0	0	0	0	0	0	0	0	0	0	0
Q9UKU7	ACAD8	2	415	393	22	45069.2200	42681.3200	0.0529829449	0.009552976401	R	0.00210122745	-0.002934838197	0.002411083287	0.003605905216	-0.0001524450494	-0.004266044511	0.001322595384	0.002935209126	0.002959760043	-0.005376214427	-0.0007736775183	0.001970978271	-0.0007196473048	0.003114471309	-0.009552976401	0.001358778702	0.002284769674	0.001015380646	-0.003235036438	0.001930720735
Q9UKV3	ACIN1	2	1341	1341	0	151859.1300	151859.1300	0	0	A	0	0	0	0	0	0	0	0	0	0	0	0	0	0	0	0	0	0	0	0
Q9UKV8	AGO2	2	859	859	0	97206.8100	97206.8100	0	0	A	0	0	0	0	0	0	0	0	0	0	0	0	0	0	0	0	0	0	0	0
Q9UKW4	VAV3	2	847	847	0	97774.6400	97774.6400	0	0	A	0	0	0	0	0	0	0	0	0	0	0	0	0	0	0	0	0	0	0	0
Q9UKX2	MYH2	1	1941	1941	0	223041.1500	223041.1500	0	0	A	0	0	0	0	0	0	0	0	0	0	0	0	0	0	0	0	0	0	0	0
Q9UKX3	MYH13	1	1938	1938	0	223601.3850	223601.3850	0	0	A	0	0	0	0	0	0	0	0	0	0	0	0	0	0	0	0	0	0	0	0
Q9UKY7	CDV3	2	258	257	1	27334.5150	27203.3200	0.004799609578	0.004580439989	M	0.0004052176208	0	0.0002734033053	0.0005396832177	9.694857145e-05	0.0003414489482	6.829213721e-05	5.773689744e-05	0.0004933364129	0.0001732106923	-0.004580439989	0.0001938501916	0.0002702751748	0.0002787469505	0.0003578276167	0.0003392202285	0.0002621643372	0.0002062629423	8.989120374e-05	0.00013292354
Q9UL25	RAB21	2	225	221	4	24347.3000	23984.9000	0.01488460733	0.006714531878	S	0.001024686735	0.0004645154521	0.0008018877911	0.001289329971	0.0005428475277	-0.001575912645	0.0004248783921	0.001005785603	0.001441229131	0.00122131109	-0.005093638343	0.0007236214395	0.0001891701552	0.0008004090007	0.001049503029	-0.006714531878	0.0006524204199	0.000834119945	0.0002237026497	0.0006946645325
Q9UL46	PSME2	2	239	238	1	27401.2500	27270.0550	0.004787920259	0.004619497465	M	0.0002394070901	5.426453219e-05	0.0002583193574	0.0005710973262	0.0002219534022	0.0001008659235	0.0001158130044	0.0002741562166	0.0004801488476	0.0005091472594	-0.004619497465	0.0001577953118	0.000223443333	0.0002181748304	0.0002860726768	0.0001568906044	0.0001422689793	0.000332300839	6.097668517e-05	0.0002164012455
Q9ULA0	DNPEP	2	485	485	0	53409.6300	53409.6300	0	0	A	0	0	0	0	0	0	0	0	0	0	0	0	0	0	0	0	0	0	0	0
Q9ULC3	RAB23	2	237	234	3	26658.9500	26361.6050	0.01115366509	0.003658000319	I	0.0004639807294	0.0001802860837	0.0007426980151	0.001039914861	0.0005530561313	0.0004188906085	0.0001154316024	-0.003658000319	0.001142036303	0.0008783143379	0.0002775306057	0.000688080974	-0.00355331208	0.0005980048922	0.0007776288158	-0.002735227523	0.0005317516908	0.0009151758186	0.0001519396831	0.0004718187696
Q9ULC4	MCTS1	2	181	181	0	20555.0400	20555.0400	0	0	A	0	0	0	0	0	0	0	0	0	0	0	0	0	0	0	0	0	0	0	0
Q9ULD2	MTUS1	2	1270	1270	0	141394.9050	141394.9050	0	0	A	0	0	0	0	0	0	0	0	0	0	0	0	0	0	0	0	0	0	0	0
Q9ULH0	KIDINS220	2	1771	1771	0	196539.2200	196539.2200	0	0	A	0	0	0	0	0	0	0	0	0	0	0	0	0	0	0	0	0	0	0	0
Q9ULJ7	ANKRD50	2	1429	1429	0	155856.6800	155856.6800	0	0	A	0	0	0	0	0	0	0	0	0	0	0	0	0	0	0	0	0	0	0	0
Q9ULQ0	STRIP2	2	834	834	0	95358.0750	95358.0750	0	0	A	0	0	0	0	0	0	0	0	0	0	0	0	0	0	0	0	0	0	0	0
Q9ULT8	HECTD1	2	2610	2610	0	289364.1550	289364.1550	0	0	A	0	0	0	0	0	0	0	0	0	0	0	0	0	0	0	0	0	0	0	0
Q9ULV4	CORO1C	1	474	474	0	53248.3350	53248.3350	0	0	A	0	0	0	0	0	0	0	0	0	0	0	0	0	0	0	0	0	0	0	0
Q9ULX7	CA14	2	337	322	15	37666.9800	35952.8450	0.04550763029	0.009437843541	L	-0.002137755078	0.0005270503213	0.001736969241	-5.168584571e-06	-0.001981904598	0.002040982359	0.002530905126	-0.004146023632	0.001907795142	-0.009437843541	-0.002926051351	0.001580498458	0.002504098031	0.00365535672	0.002462772692	0.0005677398144	0.00246133718	-0.0005137220842	-0.003782722326	0.002955686109
Q9ULZ3	PYCARD	2	195	195	0	21626.4100	21626.4100	0	0	A	0	0	0	0	0	0	0	0	0	0	0	0	0	0	0	0	0	0	0	0
Q9UM00	TMCO1	2	239	239	0	27078.7200	27078.7200	0	0	A	0	0	0	0	0	0	0	0	0	0	0	0	0	0	0	0	0	0	0	0
Q9UM22	EPDR1	2	224	187	37	25436.7050	21732.2800	0.1456330527	0.02553841724	L	-0.01143394987	-0.003926109586	0.00944957793	0.008704710749	0.006841241202	-0.01683660866	0	0.0093125555	0.007784187439	-0.02553841724	-0.0006519715092	0.003126667258	-0.003552622538	0.01729227797	-0.0004917037039	0.006380040008	0.0003685216462	-0.001716870568	-0.0147593605	0.009647834477
Q9UMR2	DDX19B	2	479	478	1	53926.1100	53794.9150	0.002432866009	0.002317461123	M	0.0001328773497	3.706863919e-05	0.000132345383	0.0002250705218	9.47616041e-05	6.316063508e-05	4.153433022e-05	0.0001354427223	0.0002124509387	0.000245803459	-0.002317461123	0.0001313709391	8.365646271e-05	0.000162078158	0.0001532263224	0.000104494187	0.0001047779537	0.0001568078242	3.124033301e-05	6.929335935e-05
Q9UMS0	NFU1	2	254	245	9	28462.1550	27461.0000	0.03517495425	0.00843209353	R	-0.006517819891	0.0004019683531	0.002207906396	0.003254187509	0.002922907549	-0.001028188318	0.0005147358037	0.002175890924	0.002101707923	0.002901187899	-0.003363715977	0.001168879912	0.00267373981	0.00193937455	-0.00843209353	0.001394613873	-0.001631514485	0.00207287741	-0.005958901338	0.001202255627
Q9UMS4	PRPF19	2	504	503	1	55179.8850	55048.6900	0.002377587413	0.002295608255	M	0.0001291416605	3.512583586e-05	0.0001350558818	0.0001439601913	9.578139363e-05	7.889361015e-05	0.0001012049375	0.0001473579694	0.0001589338255	0.0002376741442	-0.002295608255	6.703074042e-05	0.0001084774003	0.0001323995557	0.0001073184738	0.0001751848879	0.0001683552669	0.0001570801954	4.440449529e-05	7.22277899e-05
Q9UMS6	SYNPO2	1	1093	1093	0	117512.3900	117512.3900	0	0	A	0	0	0	0	0	0	0	0	0	0	0	0	0	0	0	0	0	0	0	0
Q9UMX0	UBQLN1	2	589	588	1	62517.8500	62386.6550	0.002098520662	0.001907320067	M	0.0001270933378	0	5.212304053e-05	0.0001234656481	7.393113719e-05	0.000109192651	3.037899977e-05	7.338176694e-05	4.498150705e-05	0.0002128071241	-0.001907320067	0.0001552177937	0.0001416983626	0.0002657089054	9.258175353e-05	0.0001881330155	0.0001432771028	5.243073262e-05	5.712443564e-06	1.520474463e-05
Q9UMX5	NENF	2	172	141	31	18856.1450	15684.2800	0.1682138634	0.02837975249	L	-0.0233366131	0	0.01491802936	0.01923895269	0.0108002535	0.002270875138	0.002898237234	0.004900570776	0.013654312	-0.02837975249	-0.005408202043	0.003702047406	-0.01441280083	0.004094892581	-0.0266887513	0.003926210131	0.006808370526	-0.0008329777894	0	0.01184634622
Q9UMY4	SNX12	2	162	161	1	18884.2650	18753.0700	0.00694731831	0.006754835643	M	0.0002256313061	7.67131245e-05	0.0003792285071	0.0006986713029	0.0005229548133	0.0002138894367	9.82340811e-05	0.0003737295513	0.0004165245338	0.0005813570797	-0.006754835643	0.0003346100366	0.0004009235814	0.0003701173989	0.0009375133992	0.0002328841027	0.0002639752052	0.0003337837686	6.465151157e-05	0.0002294429024
Q9UMZ2	SYNRG	2	1314	1314	0	140652.2350	140652.2350	0	0	A	0	0	0	0	0	0	0	0	0	0	0	0	0	0	0	0	0	0	0	0
Q9UN36	NDRG2	2	371	370	1	40797.5800	40666.3850	0.003215754464	0.003034648922	M	0.0001539057804	4.830178043e-05	0.00015034175	0.0002346200381	0.0001317096585	0.0001446495338	9.277840749e-05	0.0001568771345	0.0001165605362	0.0003311850618	-0.003034648922	0.0001404562833	0.0001835914157	0.0002039111726	0.0001736169147	0.0002094764818	0.0001899540471	0.0001634610228	4.070728623e-05	0.0001685446164
Q9UN37	VPS4A	2	437	437	0	48897.2200	48897.2200	0	0	A	0	0	0	0	0	0	0	0	0	0	0	0	0	0	0	0	0	0	0	0
Q9UN42	ATP1B4	2	357	357	0	41597.1500	41597.1500	0	0	A	0	0	0	0	0	0	0	0	0	0	0	0	0	0	0	0	0	0	0	0
Q9UN86	G3BP2	2	482	481	1	54120.5550	53989.3600	0.002424125178	0.002314220962	M	5.746278724e-05	4.596931921e-06	0.0001161487924	0.0003237710665	0.0001190820114	0.0001310186303	7.652510595e-05	6.469737768e-05	0.000122025095	0.0001293947554	-0.002314220962	0.0001052680716	0.000214039236	0.0001164386617	0.0002775915542	0.0001315782601	7.231251639e-05	0.0001689019629	7.748311628e-06	7.561983362e-05
Q9UNE7	STUB1	1	303	303	0	34855.6700	34855.6700	0	0	A	0	0	0	0	0	0	0	0	0	0	0	0	0	0	0	0	0	0	0	0
Q9UNF0	PACSIN2	2	486	486	0	55737.8450	55737.8450	0	0	A	0	0	0	0	0	0	0	0	0	0	0	0	0	0	0	0	0	0	0	0
Q9UNF1	MAGED2	2	606	605	1	64953.2050	64822.0100	0.002019838744	0.001924464159	M	0.0002083470076	9.444877257e-06	0.0001002979028	0.000168216933	5.580111853e-05	7.802651433e-05	2.015754246e-05	6.816796247e-05	0.0002013303899	0.0001567863137	-0.001924464159	5.14962522e-05	8.376495026e-05	9.493468433e-05	0.0001584280198	0.0001665739276	0.0001238113546	8.523463844e-05	3.714600483e-05	5.649776528e-05
Q9UNH6	SNX7	2	387	387	0	45302.0500	45302.0500	0	0	A	0	0	0	0	0	0	0	0	0	0	0	0	0	0	0	0	0	0	0	0
Q9UNH7	SNX6	2	406	406	0	46648.1050	46648.1050	0	0	A	0	0	0	0	0	0	0	0	0	0	0	0	0	0	0	0	0	0	0	0
Q9UNK0	STX8	2	236	236	0	26906.2250	26906.2250	0	0	A	0	0	0	0	0	0	0	0	0	0	0	0	0	0	0	0	0	0	0	0
Q9UNL2	SSR3	2	185	185	0	21080.1600	21080.1600	0	0	A	0	0	0	0	0	0	0	0	0	0	0	0	0	0	0	0	0	0	0	0
Q9UNM6	PSMD13	2	376	376	0	42944.8450	42944.8450	0	0	A	0	0	0	0	0	0	0	0	0	0	0	0	0	0	0	0	0	0	0	0
Q9UNN5	FAF1	2	650	650	0	73952.9650	73952.9650	0	0	A	0	0	0	0	0	0	0	0	0	0	0	0	0	0	0	0	0	0	0	0
Q9UNN8	PROCR	2	238	221	17	26671.0050	24796.6700	0.07027612945	0.01707922803	L	-0.0002595950776	-0.002431373345	0.001956981515	0.004326531785	-0.0004813392173	0.0008850182273	0.003041579585	-0.001667946336	0.0007164816621	-0.01707922803	-0.004456831121	0.001942572485	-0.001463983088	0.006446129495	0.006403196467	0.001238931204	-0.002737533782	0.005167401603	-0.005099064965	0.003552070931
Q9UNS2	COPS3	2	423	422	1	47872.4500	47741.2550	0.002740511505	0.002566373605	M	0.000112610465	5.890276874e-05	0.000129414964	0.0001716678316	0.0001365240362	7.299159541e-05	9.051268971e-05	0.0001402922383	0.0001989995719	0.0003379767558	-0.002566373605	0.0001541545158	7.835973978e-05	0.0002131409035	9.315738319e-05	0.0001634887281	0.0001158220174	0.0001309925431	0	0.000167364857
Q9UNX3	RPL26L1	2	145	145	0	17256.0700	17256.0700	0	0	A	0	0	0	0	0	0	0	0	0	0	0	0	0	0	0	0	0	0	0	0
Q9UNZ2	NSFL1C	2	370	370	0	40572.1650	40572.1650	0	0	A	0	0	0	0	0	0	0	0	0	0	0	0	0	0	0	0	0	0	0	0
Q9UP83	COG5	2	860	860	0	94899.6650	94899.6650	0	0	A	0	0	0	0	0	0	0	0	0	0	0	0	0	0	0	0	0	0	0	0
Q9UP95	SLC12A4	2	1085	1085	0	120648.2000	120648.2000	0	0	A	0	0	0	0	0	0	0	0	0	0	0	0	0	0	0	0	0	0	0	0
Q9UPN6	SCAF8	2	1271	1271	0	140517.3200	140517.3200	0	0	A	0	0	0	0	0	0	0	0	0	0	0	0	0	0	0	0	0	0	0	0
Q9UPN7	PPP6R1	2	881	881	0	96721.9600	96721.9600	0	0	A	0	0	0	0	0	0	0	0	0	0	0	0	0	0	0	0	0	0	0	0
Q9UPQ0	LIMCH1	2	1083	1083	0	121865.4400	121865.4400	0	0	A	0	0	0	0	0	0	0	0	0	0	0	0	0	0	0	0	0	0	0	0
Q9UPT5	EXOC7	2	735	735	0	83380.5700	83380.5700	0	0	A	0	0	0	0	0	0	0	0	0	0	0	0	0	0	0	0	0	0	0	0
Q9UPT6	MAPK8IP3	2	1336	1336	0	147454.9950	147454.9950	0	0	A	0	0	0	0	0	0	0	0	0	0	0	0	0	0	0	0	0	0	0	0
Q9UPU5	USP24	2	2620	2620	0	294360.7350	294360.7350	0	0	A	0	0	0	0	0	0	0	0	0	0	0	0	0	0	0	0	0	0	0	0
Q9UPV9	TRAK1	2	953	953	0	106038.0400	106038.0400	0	0	A	0	0	0	0	0	0	0	0	0	0	0	0	0	0	0	0	0	0	0	0
Q9UPY3	DICER1	2	1922	1922	0	218678.5050	218678.5050	0	0	A	0	0	0	0	0	0	0	0	0	0	0	0	0	0	0	0	0	0	0	0
Q9UPY8	MAPRE3	2	281	281	0	31981.7600	31981.7600	0	0	A	0	0	0	0	0	0	0	0	0	0	0	0	0	0	0	0	0	0	0	0
Q9UQ13	SHOC2	2	582	582	0	64887.0450	64887.0450	0	0	A	0	0	0	0	0	0	0	0	0	0	0	0	0	0	0	0	0	0	0	0
Q9UQ35	SRRM2	2	2752	2752	0	299609.6750	299609.6750	0	0	A	0	0	0	0	0	0	0	0	0	0	0	0	0	0	0	0	0	0	0	0
Q9UQ80	PA2G4	2	394	393	1	43786.3750	43655.1800	0.002996251688	0.002838447811	M	0.0001700422594	4.204598036e-05	0.000169361505	0.0003233693098	0.000162422669	0.0001085476417	8.973580187e-05	0.0001213859633	0.0003551247366	0.0002048388131	-0.002838447811	9.934039565e-05	7.990679628e-05	0.0001690491793	0.0001309801463	0.0001519551308	0.000151572821	0.0002235991771	1.181169543e-05	7.335778897e-05
Q9UQ90	SPG7	2	795	690	105	88233.4800	76791.2250	0.1296815563	0.01219967015	L	0.001750671785	0.0007064960275	0.004522832098	0.01085709252	0.0005393968894	-0.004962913799	0.002105673827	0.004074816667	0.007951209129	-0.01219967015	0.002745026419	-0.000398694808	-0.01068433034	-0.0005219650556	-0.008705267839	0.0009559418951	0.0009099144038	0.004940607955	-0.004486457221	-0.0001003804105
Q9UQD0	SCN8A	1	1980	1980	0	225277.3050	225277.3050	0	0	A	0	0	0	0	0	0	0	0	0	0	0	0	0	0	0	0	0	0	0	0
Q9UQE7	SMC3	2	1217	1217	0	141539.6500	141539.6500	0	0	A	0	0	0	0	0	0	0	0	0	0	0	0	0	0	0	0	0	0	0	0
Q9UQM7	CAMK2A	2	478	478	0	54086.9050	54086.9050	0	0	A	0	0	0	0	0	0	0	0	0	0	0	0	0	0	0	0	0	0	0	0
Q9Y217	MTMR6	2	621	621	0	71966.8800	71966.8800	0	0	A	0	0	0	0	0	0	0	0	0	0	0	0	0	0	0	0	0	0	0	0
Q9Y223	GNE	2	722	722	0	79273.5450	79273.5450	0	0	A	0	0	0	0	0	0	0	0	0	0	0	0	0	0	0	0	0	0	0	0
Q9Y224	RTRAF	2	244	244	0	28067.6150	28067.6150	0	0	A	0	0	0	0	0	0	0	0	0	0	0	0	0	0	0	0	0	0	0	0
Q9Y230	RUVBL2	2	463	462	1	51155.8500	51024.6550	0.002564613822	0.002420299342	M	0.0001393783634	1.536898537e-05	0.0001519520268	0.0002612854361	9.08012408e-05	0.0001142703597	3.936114361e-05	0.0002273961215	0.0001668960691	0.000205211134	-0.002420299342	2.793207806e-05	5.841635145e-05	0.0001174052132	0.0002430674295	0.0001288617627	0.000206506259	0.0001486032218	8.635012083e-06	6.895113384e-05
Q9Y235	APOBEC2	2	224	224	0	25702.7650	25702.7650	0	0	A	0	0	0	0	0	0	0	0	0	0	0	0	0	0	0	0	0	0	0	0
Q9Y237	PIN4	2	131	131	0	13809.8400	13809.8400	0	0	A	0	0	0	0	0	0	0	0	0	0	0	0	0	0	0	0	0	0	0	0
Q9Y241	HIGD1A	2	93	92	1	10142.8100	10011.6150	0.01293477843	0.0118350298	M	0.0009668863573	0	0.0002889046451	0.0006387158593	0.0007171173302	0.0008147284639	0.0003367660082	0.0007117885481	0.001269270325	0.0007117885481	-0.0118350298	0.0001433887367	0.0006247481553	0.0003172090521	0.0007562312423	0.0007983731182	0.0005171197795	0.001017135362	0.0002216382668	0.0009832199971
Q9Y262	EIF3L	2	564	563	1	66725.9550	66594.7600	0.00196617643	0.001880705978	M	6.536917996e-05	1.226211362e-05	0.0001111317301	0.0001451817149	0.000117027483	3.798765556e-05	5.495736423e-05	0.0001128390746	0.000136856513	0.0001758962044	-0.001880705978	8.02279854e-05	6.991105025e-05	0.0001405072648	0.0001145955039	9.838053867e-05	6.329218073e-05	9.781429135e-05	3.100242048e-05	0.0002154657091
Q9Y263	PLAA	2	795	795	0	87155.9100	87155.9100	0	0	A	0	0	0	0	0	0	0	0	0	0	0	0	0	0	0	0	0	0	0	0
Q9Y265	RUVBL1	2	456	456	0	50227.3850	50227.3850	0	0	A	0	0	0	0	0	0	0	0	0	0	0	0	0	0	0	0	0	0	0	0
Q9Y266	NUDC	2	331	331	0	38242.3900	38242.3900	0	0	A	0	0	0	0	0	0	0	0	0	0	0	0	0	0	0	0	0	0	0	0
Q9Y276	BCS1L	2	419	418	1	47533.4800	47402.2850	0.002760054597	0.002658228656	M	0.0001318848802	1.793598842e-05	0.0001313568867	0.000166983618	0.0001630266275	0.0001148346379	8.421496271e-05	0.00010356173	7.935150111e-05	0.0003301030144	-0.002658228656	8.475331869e-05	0.000119303338	0.0001442261114	0.0003008576027	0.0001503848841	0.0001351939684	0.0001676428697	8.061819205e-05	0.0001519945241
Q9Y277	VDAC3	2	283	282	1	30658.3600	30527.1650	0.004279256947	0.004122526716	M	0.0002299279322	8.528067103e-05	0.0002185980004	0.000189860235	0.0002906799696	0.0002818100572	7.280343408e-05	0.0001692650515	0.0004630432143	0.0004000810307	-0.004122526716	0.0002944843772	5.402423053e-05	0.0001028632986	8.174256021e-05	0.0002712215332	0.0003633273796	0.0001786593457	0.0001197866364	0.0002550677581
Q9Y281	CFL2	1	166	165	1	18736.4050	18605.2100	0.007002143688	0.006778087913	M	0.0002556170813	7.725163211e-05	0.0005940520439	0.0006097656991	0.0003159754979	0.0002153908889	4.946183031e-05	0.0004599870519	0.001071923779	0.0005854380661	-0.006778087913	0.0002105993239	0.0001835172583	0.0001863577669	0.0002776748579	0.0004020323878	0.0003038037113	0.0005602114168	0.0001302106991	0.0002888169202
Q9Y285	FARSA	2	508	507	1	57562.7550	57431.5600	0.002279164713	0.002166928482	M	0.0001138095988	4.07310496e-06	9.396447404e-05	0.0002176307448	0.0001332788792	9.085215927e-05	8.345225944e-05	6.614425276e-05	0.0001376074777	0.0002425289268	-0.002166928482	5.774019607e-05	0.0001083709481	0.0001179089255	0.0002166786952	0.0001307162117	8.809955252e-05	0.0001299638505	5.492304358e-05	7.918518109e-05
Q9Y291	MRPS33	2	106	105	1	12628.5350	12497.3400	0.01038877431	0.009849314995	M	0.0003822295559	0	0.000380699322	0.0009468644275	0.0005906059448	0.0002683987425	0.0003328258817	0	0.001672559996	0.001125537116	-0.009849314995	0.0001889481383	0.0003293006231	0.0003134977399	0.001245639029	0.0006011674192	0.0004258912776	0.0002513087466	0.0001460300818	0.0006478109518
Q9Y2A7	NCKAP1	2	1128	1127	1	128788.0450	128656.8500	0.001018689274	0.0009556814586	M	4.489732305e-05	1.872480596e-05	4.829498555e-05	7.810135191e-05	5.660882681e-05	1.614160143e-05	3.336045639e-05	5.905267107e-05	6.483235939e-05	0.0001216308747	-0.0009556814586	4.438832882e-05	3.017055761e-05	4.517073527e-05	6.203749389e-05	6.990798941e-05	4.722445141e-05	5.66767599e-05	1.097788012e-05	4.748200585e-05
Q9Y2B0	CNPY2	2	182	162	20	20651.8950	18541.3550	0.1021959486	0.02463665534	W	-0.01146799908	0.003503220911	0.009621135342	0.01418039212	0.00318420305	-0.009663292073	0.004486007959	0.006953191862	-0.000477592862	-0.02406282515	-0.004801717764	0.002546745608	0.002219246305	0.004225492769	0.01007363953	0.007090003298	-0.002111275169	0.005645459581	-0.02463665534	0.003492619109
Q9Y2E4	DIP2C	2	1556	1556	0	170765.0550	170765.0550	0	0	A	0	0	0	0	0	0	0	0	0	0	0	0	0	0	0	0	0	0	0	0
Q9Y2G5	POFUT2	2	429	408	21	49975.0500	47814.4950	0.0432326731	0.004908079772	L	-0.00468448849	0.0004834867267	0.002655665373	0.004109836701	-0.00335419002	0.0003162857984	0.001609720293	0.002198412071	0.0024501476	-0.004908079772	-0.001872109556	0.0009490003251	-0.002245834753	0.001749506856	0.004587936278	-0.00328465736	-0.0005438837467	-0.001724256909	-0.001095424586	0.002602927171
Q9Y2H0	DLGAP4	2	992	992	0	108010.1150	108010.1150	0	0	A	0	0	0	0	0	0	0	0	0	0	0	0	0	0	0	0	0	0	0	0
Q9Y2H1	STK38L	2	464	463	1	54002.1350	53870.9400	0.002429440984	0.002301497749	M	7.885312138e-05	1.865010797e-05	0.0001434161901	0.0002434623362	0.0001525657644	7.222183505e-05	7.164652324e-05	0.0001362888657	0.000213778171	0.0002120049023	-0.002301497749	8.643299874e-05	9.304004116e-05	7.873344113e-05	0.0001944053637	8.897052788e-05	0.0001512727559	9.918067695e-05	5.501212313e-05	0.0001115620028
Q9Y2I8	WDR37	2	494	494	0	54664.5250	54664.5250	0	0	A	0	0	0	0	0	0	0	0	0	0	0	0	0	0	0	0	0	0	0	0
Q9Y2J2	EPB41L3	2	1087	1087	0	120675.8100	120675.8100	0	0	A	0	0	0	0	0	0	0	0	0	0	0	0	0	0	0	0	0	0	0	0
Q9Y2J8	PADI2	2	665	665	0	75563.0400	75563.0400	0	0	A	0	0	0	0	0	0	0	0	0	0	0	0	0	0	0	0	0	0	0	0
Q9Y2K3	MYH15	1	1926	1926	0	222158.5650	222158.5650	0	0	A	0	0	0	0	0	0	0	0	0	0	0	0	0	0	0	0	0	0	0	0
Q9Y2L1	DIS3	2	958	958	0	109001.1850	109001.1850	0	0	A	0	0	0	0	0	0	0	0	0	0	0	0	0	0	0	0	0	0	0	0
Q9Y2Q3	GSTK1	2	226	226	0	25496.4450	25496.4450	0	0	A	0	0	0	0	0	0	0	0	0	0	0	0	0	0	0	0	0	0	0	0
Q9Y2Q5	LAMTOR2	2	125	125	0	13507.3200	13507.3200	0	0	A	0	0	0	0	0	0	0	0	0	0	0	0	0	0	0	0	0	0	0	0
Q9Y2R0	COA3	2	106	105	1	11731.0650	11599.8700	0.01118355409	0.01083179108	M	0.001086372336	0	0.0005410115538	0.000956862869	0.0004028686637	0.0004882192318	0.0001261276372	0.000533166683	0.0004753747802	0.001172966703	-0.01083179108	0.0001074056296	0.000467968897	0.0007128182883	0.001699369725	0.0006834548963	0.0004841870495	0.0002857077544	0.0001660186018	0.0004418897826
Q9Y2R5	MRPS17	2	130	110	20	14501.8850	12337.3050	0.1492619753	0.02129075571	V	0.002183736672	0.002542665202	0.005586476367	0.009263015792	0.005200018958	-0.005772350841	-0.004336977711	-0.01008604316	0.009719238055	0.01926914626	-0.007302257055	0.004159007838	0.007248358649	0.007667239447	-0.01156686349	-0.01212101405	0.004169746291	-0.02129075571	-0.01213729851	0.007604910992
Q9Y2R9	MRPS7	2	242	205	37	28133.6350	24115.9000	0.1428089545	0.01450916962	E	-0.009061538977	0.001257699772	0.00414492835	0.01450916962	0.00685901041	-0.006519005139	0.006442130063	0.007488846442	0.01294993661	-0.007940903562	0.002375350041	0.004114409719	0.0006778627098	-0.002932067358	-0.01325831888	-0.002653906879	0.001896331995	-0.01195644255	-0.009397107957	0.001003615571
Q9Y2S2	CRYL1	2	319	318	1	35418.7000	35287.5050	0.003704116752	0.003454659606	M	0.0001891165639	9.64475371e-05	0.0001530420504	0.0003253348679	0.0001168861645	0.0001327962402	0.0001097819991	0.0002436369651	0.0002198143067	0.0003828580881	-0.003454659606	8.180050274e-05	0.0001832948984	0.0002455907875	0.0002311153428	0.0002230807015	8.428766824e-05	0.0002694046011	5.418872022e-05	0.0001121816008
Q9Y2S7	POLDIP2	2	368	317	51	42032.5850	36636.4700	0.1283793276	0.01733273161	A	-0.01733273161	-0.004238325953	0.006531198658	0.01128070129	0.004203344441	-0.001798637133	0.003947871481	0.004425089504	0.005380142365	-0.0007290780068	-0.001694560474	0.003646749483	-3.858213274e-05	0.006722877807	-0.01529270367	-0.002744504152	-0.008482316359	0.006573775926	-0.007584223236	0.007223911769
Q9Y2U8	LEMD3	2	911	910	1	99996.0100	99864.8150	0.001312002349	0.00125236594	M	7.663899657e-05	2.004364822e-05	7.046047087e-05	0.0001022275689	4.190229765e-05	6.126668522e-05	3.935553895e-05	3.616602478e-05	7.255317597e-05	0.0001301976892	-0.00125236594	5.53704955e-05	7.11054321e-05	5.318746494e-05	0.0001267997317	9.967496494e-05	5.911850552e-05	6.330887865e-05	2.702749316e-05	4.596087724e-05
Q9Y2W1	THRAP3	2	955	954	1	108664.2700	108533.0750	0.001207342579	0.001172946228	M	3.529238005e-05	1.142778241e-06	6.528059394e-05	0.0001151813131	5.297431726e-05	5.452050112e-05	3.951102006e-05	1.60835002e-05	0.0001378860606	3.464138505e-05	-0.001172946228	3.987688642e-05	5.538107464e-05	4.962200427e-05	0.0001873077297	0.0001546281957	4.494148038e-05	2.541398837e-05	1.54095855e-05	4.785143369e-05
Q9Y2X3	NOP58	2	529	529	0	59577.4700	59577.4700	0	0	A	0	0	0	0	0	0	0	0	0	0	0	0	0	0	0	0	0	0	0	0
Q9Y2X7	GIT1	2	761	761	0	84339.5100	84339.5100	0	0	A	0	0	0	0	0	0	0	0	0	0	0	0	0	0	0	0	0	0	0	0
Q9Y2X8	UBE2D4	2	147	147	0	16648.8200	16648.8200	0	0	A	0	0	0	0	0	0	0	0	0	0	0	0	0	0	0	0	0	0	0	0
Q9Y2Z0	SUGT1	2	365	364	1	41023.5000	40892.3050	0.003198045023	0.003086593639	M	0.0001825938873	4.005205934e-05	0.0001935959725	0.000330731632	0.0001201356826	9.430084812e-05	5.128818922e-05	0.0001387554605	0.0003189533646	0.000277510921	-0.003086593639	0.0001572304481	0.0001141761371	0.0002029009029	0.0001151711577	0.0001945427297	0.0001417596955	0.0001626511617	9.451307511e-05	0.000155730314
Q9Y2Z4	YARS2	2	477	461	16	53198.1500	51394.0900	0.03391208153	0.006148316987	W	-0.001114781097	0.0002750467136	0.001586297188	0.002171009816	-0.0001428849677	-0.0006411189358	0.001232727317	-0.0007834422629	0.001908238731	0.002640918833	-0.001907360238	0.001049744976	-0.0006223002779	0.002073463124	-0.002772940692	-0.003493341473	0.001690098038	0.00166214729	-0.006148316987	0.001336794905
Q9Y2Z9	COQ6	2	468	440	28	50869.0450	47808.5050	0.06016507682	0.01093218585	R	-0.002706327678	-0.001520716002	0.004022343066	0.002540763487	0.002496058794	-0.0001829654126	0.0002295635429	0.002265152903	0.002682313958	0.002511745203	-0.000745481417	0.001996363508	-0.00177172282	0.002050479715	-0.01093218585	-0.002213622024	0.003214161653	-0.001376590034	-0.004906039562	0.00234670497
Q9Y305	ACOT9	2	439	418	21	49901.0300	47693.3650	0.04424087038	0.008809585816	R	-0.003252702856	-0.001507264632	0.001834020258	0.003935431219	0.003347348372	-0.003918110888	0.001760584878	0.002020064661	0.0007882138376	-0.004719741165	-0.0005258588802	0.001606338157	0.0001541571262	-0.0005150393188	-0.008809585816	0.003151666589	-0.000130156706	0.002943615889	0.0006621180309	0.001174901244
Q9Y337	KLK5	2	293	271	22	32020.0100	29610.0200	0.07526512328	0.01157760309	L	-0.006640918818	0.0001893082026	0.004940730465	0.00160633242	0.001803507459	0.001756489139	0.003726564568	-0.000654302354	0.003830567304	-0.01157760309	-0.00670151147	0.004038878475	-0.001399975929	0.005105676228	0.00103293197	0.006195685174	-0.00326922987	0.001973667203	-0.008726265704	0.00276946863
Q9Y371	SH3GLB1	2	365	365	0	40795.7400	40795.7400	0	0	A	0	0	0	0	0	0	0	0	0	0	0	0	0	0	0	0	0	0	0	0
Q9Y376	CAB39	2	341	341	0	39868.3700	39868.3700	0	0	A	0	0	0	0	0	0	0	0	0	0	0	0	0	0	0	0	0	0	0	0
Q9Y383	LUC7L2	2	392	392	0	46513.1750	46513.1750	0	0	A	0	0	0	0	0	0	0	0	0	0	0	0	0	0	0	0	0	0	0	0
Q9Y394	DHRS7	2	339	311	28	38298.2200	34935.9900	0.08779076417	0.0309381051	L	-0.001332841039	-0.001166784847	0.004005954635	0.002695039777	-0.001235671855	0.003873268406	0.00200125747	0.005921800182	0.006285612409	-0.0309381051	-0.000474590466	0.001283964315	0.002227567894	-0.0004648257536	-0.001857145279	0.005422163005	0.005121705658	0.0007658657382	-0.005250426716	0.003116191565
Q9Y399	MRPS2	2	296	296	0	33248.6450	33248.6450	0	0	A	0	0	0	0	0	0	0	0	0	0	0	0	0	0	0	0	0	0	0	0
Q9Y3A3	MOB4	2	225	225	0	26032.0800	26032.0800	0	0	A	0	0	0	0	0	0	0	0	0	0	0	0	0	0	0	0	0	0	0	0
Q9Y3A5	SBDS	2	250	249	1	28763.2050	28632.0100	0.004561209365	0.004386512393	M	0.0001207882346	8.213437258e-05	0.0002526397984	0.0005186450746	0.0001791717003	0.0001221359	8.414095679e-05	0.0003556806092	0.0006540745949	0.0003556806092	-0.004386512393	0.0001433026518	9.365596219e-05	0.0002575776225	0.0003070345001	0.0001424810369	0.000226104078	0.0003653135692	2.768815049e-05	9.826297107e-05
Q9Y3A6	TMED5	2	229	202	27	26004.4800	23252.0950	0.105842724	0.02051755195	L	-0.008981892572	0.0009698754373	0.004103453531	0.01001098606	0.004431617627	-0.004774922764	0.00186294372	0.002468944967	0.002751658647	-0.02051755195	-0.0007747373222	0.00370163255	-0.01681301232	0.005849191004	0.005577824403	0.007150509925	0.005721272471	-0.001216546844	-0.005147272705	0.003626026133
Q9Y3B3	TMED7	2	224	190	34	25171.2550	21690.1250	0.1382978322	0.01670031138	L	-0.01333435185	-0.0007653083718	0.008926252677	0.01151169158	0.01477112627	-0.01123593886	0.003468339852	0.005131477551	0.009804123808	-0.01670031138	-0.003444150948	0.003691887377	-0.01256026422	0.002343828736	-0.01511038847	0.005796665535	0.01131731701	0.001138900924	-0.01285181242	0.008100915214
Q9Y3B7	MRPL11	2	192	192	0	20682.8950	20682.8950	0	0	A	0	0	0	0	0	0	0	0	0	0	0	0	0	0	0	0	0	0	0	0
Q9Y3B8	REXO2	2	237	212	25	26832.3900	24394.5950	0.09085269706	0.0192618409	G	0.001244061018	0.001597063856	0.006140576076	0.01066662288	-0.001503796554	-0.0192618409	-0.001923673351	0.006916040475	0.01011672596	-0.009098915975	-0.0008666228048	0.00304768186	0.003035159487	0.004334256783	-0.01725026057	-0.005640516269	0.003140347417	-0.0002943643689	0.002018935998	0.003582518984
Q9Y3C6	PPIL1	2	166	166	0	18236.6150	18236.6150	0	0	A	0	0	0	0	0	0	0	0	0	0	0	0	0	0	0	0	0	0	0	0
Q9Y3D2	MSRB2	2	182	162	20	19535.9950	17288.2650	0.1150558239	0.02560374378	L	-0.007180419784	0.005492647591	0.003016966798	0.01000495098	0.006552609348	0.003198193787	0.005275158512	0.002229914734	0.009112611077	-0.02560374378	-0.005699710001	0.002994753218	0.002778636687	0.004140679262	-0.02365580412	0.008932749082	-0.003700422608	0.004647001545	-0.006643791206	0.004107018888
Q9Y3D6	FIS1	2	152	152	0	16937.5050	16937.5050	0	0	A	0	0	0	0	0	0	0	0	0	0	0	0	0	0	0	0	0	0	0	0
Q9Y3D7	PAM16	2	125	125	0	13824.4900	13824.4900	0	0	A	0	0	0	0	0	0	0	0	0	0	0	0	0	0	0	0	0	0	0	0
Q9Y3D9	MRPS23	2	190	189	1	21770.3250	21639.1300	0.006026322528	0.00592687395	M	0.0002742883928	2.869421732e-05	0.0002836976141	0.0006272040565	0.0003912180388	0.0002311239157	0.0001837201971	0.0001553243845	0.0004500866555	0.0005281029073	-0.00592687395	9.386959372e-05	0.000327193652	0.0003807122986	0.0007013457837	0.0002737721053	0.000253899773	0.0003884234551	9.67304896e-05	0.0002574664197
Q9Y3E1	HDGFL3	2	203	203	0	22619.5000	22619.5000	0	0	A	0	0	0	0	0	0	0	0	0	0	0	0	0	0	0	0	0	0	0	0
Q9Y3E2	BOLA1	2	137	137	0	14289.1600	14289.1600	0	0	A	0	0	0	0	0	0	0	0	0	0	0	0	0	0	0	0	0	0	0	0
Q9Y3E5	PTRH2	2	179	179	0	19193.2900	19193.2900	0	0	A	0	0	0	0	0	0	0	0	0	0	0	0	0	0	0	0	0	0	0	0
Q9Y3F4	STRAP	2	350	350	0	38437.7850	38437.7850	0	0	A	0	0	0	0	0	0	0	0	0	0	0	0	0	0	0	0	0	0	0	0
Q9Y3I0	RTCB	2	505	505	0	55209.6500	55209.6500	0	0	A	0	0	0	0	0	0	0	0	0	0	0	0	0	0	0	0	0	0	0	0
Q9Y3L5	RAP2C	2	183	180	3	20744.5500	20418.1550	0.01573401207	0.00834060275	V	0.0004177161106	0.0003246186614	0.0008915224463	0.001675345498	0.0008851726095	0.0005531123144	0	0.0008785950359	0.00117504132	0.001142173547	0.0006996006382	0.0003539833076	0.0005398098082	-0.005006513086	0.001050134404	0.001055861313	0.000718094203	-0.00834060275	0.000136789417	0.0008495452023
Q9Y3P9	RABGAP1	2	1069	1069	0	121735.1700	121735.1700	0	0	A	0	0	0	0	0	0	0	0	0	0	0	0	0	0	0	0	0	0	0	0
Q9Y3R4	NEU2	2	380	380	0	42252.8850	42252.8850	0	0	A	0	0	0	0	0	0	0	0	0	0	0	0	0	0	0	0	0	0	0	0
Q9Y3S1	WNK2	2	2297	2297	0	242672.1100	242672.1100	0	0	A	0	0	0	0	0	0	0	0	0	0	0	0	0	0	0	0	0	0	0	0
Q9Y3T9	NOC2L	2	749	749	0	84918.1100	84918.1100	0	0	A	0	0	0	0	0	0	0	0	0	0	0	0	0	0	0	0	0	0	0	0
Q9Y3Z3	SAMHD1	2	626	626	0	72199.4850	72199.4850	0	0	A	0	0	0	0	0	0	0	0	0	0	0	0	0	0	0	0	0	0	0	0
Q9Y446	PKP3	2	797	797	0	87080.5800	87080.5800	0	0	A	0	0	0	0	0	0	0	0	0	0	0	0	0	0	0	0	0	0	0	0
Q9Y450	HBS1L	2	684	684	0	75471.9750	75471.9750	0	0	A	0	0	0	0	0	0	0	0	0	0	0	0	0	0	0	0	0	0	0	0
Q9Y463	DYRK1B	2	629	629	0	69196.7400	69196.7400	0	0	A	0	0	0	0	0	0	0	0	0	0	0	0	0	0	0	0	0	0	0	0
Q9Y490	TLN1	2	2541	2541	0	269762.5400	269762.5400	0	0	A	0	0	0	0	0	0	0	0	0	0	0	0	0	0	0	0	0	0	0	0
Q9Y4B6	DCAF1	2	1507	1507	0	169004.6000	169004.6000	0	0	A	0	0	0	0	0	0	0	0	0	0	0	0	0	0	0	0	0	0	0	0
Q9Y4C2	TCAF1	2	921	921	0	102124.5000	102124.5000	0	0	A	0	0	0	0	0	0	0	0	0	0	0	0	0	0	0	0	0	0	0	0
Q9Y4D1	DAAM1	2	1078	1078	0	123471.6750	123471.6750	0	0	A	0	0	0	0	0	0	0	0	0	0	0	0	0	0	0	0	0	0	0	0
Q9Y4E1	WASHC2C	2	1341	1341	0	147151.3700	147151.3700	0	0	A	0	0	0	0	0	0	0	0	0	0	0	0	0	0	0	0	0	0	0	0
Q9Y4E8	USP15	2	981	980	1	112417.6400	112286.4450	0.001167032149	0.001118147644	M	3.146411007e-05	2.353468814e-05	9.401443597e-05	9.353200276e-05	6.271605195e-05	3.711769043e-05	2.876719896e-05	5.443257491e-05	9.035292333e-05	0.0001030744504	-0.001118147644	7.932388571e-05	5.184241009e-05	4.645132496e-05	6.459872458e-05	6.216739896e-05	5.784607238e-05	4.447718074e-05	2.524368835e-05	6.719083184e-05
Q9Y4F1	FARP1	2	1045	1045	0	118631.0000	118631.0000	0	0	A	0	0	0	0	0	0	0	0	0	0	0	0	0	0	0	0	0	0	0	0
Q9Y4G6	TLN2	2	2542	2542	0	271608.6450	271608.6450	0	0	A	0	0	0	0	0	0	0	0	0	0	0	0	0	0	0	0	0	0	0	0
Q9Y4I1	MYO5A	2	1855	1854	1	215401.8700	215270.6750	0.0006090708498	0.000581001182	M	2.44954631e-05	8.766623666e-06	2.728656235e-05	6.351935948e-05	2.470172525e-05	1.321725047e-05	1.609059411e-05	3.543271127e-05	5.852987523e-05	6.517087967e-05	-0.000581001182	2.612969025e-05	1.666063689e-05	3.736171579e-05	5.041749233e-05	2.636007099e-05	2.528245256e-05	2.627707893e-05	6.895696707e-06	2.840530297e-05
Q9Y4J8	DTNA	2	743	743	0	83899.6600	83899.6600	0	0	A	0	0	0	0	0	0	0	0	0	0	0	0	0	0	0	0	0	0	0	0
Q9Y4K0	LOXL2	2	774	749	25	86723.8550	84068.6000	0.03061735436	0.008641697333	L	-0.001443640162	-0.002308249159	0.00168413381	0.0009583483947	0.001306358302	0.001662275499	-0.000265450601	0.001203292097	0.001711031236	-0.008641697333	-0.002115354969	0.00171352707	-0.001158755764	0.001664217757	0.0004183140994	-0.002614055848	0.001281156398	0.002112300474	0.001227412158	0.00160483654
Q9Y4L1	HYOU1	2	999	967	32	111333.9200	107658.5700	0.03301195179	0.005746949731	R	-0.001500643653	-0.000841388628	-0.001373167292	0.00440979149	0.001606931803	0.001223686233	0.0004487003763	0.001069075018	0.001790564744	-0.002913429445	-0.0002123661855	0.001181025979	0.0008652905591	0.0007909777943	-0.005746949731	0.0005964255827	0.0006447329606	-0.001436950824	-0.001364501923	0.0007621951419
Q9Y4P3	TBL2	2	447	447	0	49797.1300	49797.1300	0	0	A	0	0	0	0	0	0	0	0	0	0	0	0	0	0	0	0	0	0	0	0
Q9Y4W6	AFG3L2	2	797	731	66	88582.6400	81183.0700	0.0835329586	0.008760804798	R	-0.0003876104283	-0.004280075048	0.003651822251	0.006379450311	0.002196646576	-0.0009210165357	-0.0005467362805	0.001628227433	0.008017716635	-0.003115810579	0.0002661326151	0.00175498473	-0.0008080944112	-0.00412621415	-0.008760804798	0.000839686475	-0.0005199835262	0.001870404809	-0.002342563567	-0.00079616251
Q9Y4Z0	LSM4	2	139	139	0	15349.5900	15349.5900	0	0	A	0	0	0	0	0	0	0	0	0	0	0	0	0	0	0	0	0	0	0	0
Q9Y508	RNF114	2	228	228	0	25694.0850	25694.0850	0	0	A	0	0	0	0	0	0	0	0	0	0	0	0	0	0	0	0	0	0	0	0
Q9Y512	SAMM50	2	469	469	0	51975.5300	51975.5300	0	0	A	0	0	0	0	0	0	0	0	0	0	0	0	0	0	0	0	0	0	0	0
Q9Y520	PRRC2C	2	2896	2896	0	316906.0750	316906.0750	0	0	A	0	0	0	0	0	0	0	0	0	0	0	0	0	0	0	0	0	0	0	0
Q9Y570	PPME1	2	386	385	1	42314.8950	42183.7000	0.003100444891	0.002891507623	M	0.0001374232924	5.232975318e-05	0.0001560353639	0.0002995756819	0.0001325007959	0.0001713797565	9.57289205e-05	0.0001537727925	0.0002164812512	0.0002751723655	-0.002891507623	7.336728636e-05	0.0001562796994	0.0001172205722	0.0002042175837	0.0002204609582	0.0001028973291	0.000195162979	7.560332637e-05	5.589791526e-05
Q9Y576	ASB1	2	335	335	0	37013.9500	37013.9500	0	0	A	0	0	0	0	0	0	0	0	0	0	0	0	0	0	0	0	0	0	0	0
Q9Y584	TIMM22	2	194	194	0	20030.7450	20030.7450	0	0	A	0	0	0	0	0	0	0	0	0	0	0	0	0	0	0	0	0	0	0	0
Q9Y5A9	YTHDF2	2	579	578	1	62333.2300	62202.0350	0.002104736109	0.002013170787	M	0.0001157868876	1.026959008e-05	9.777413732e-05	8.729575371e-05	8.867678586e-05	0.0001187755451	5.698594067e-05	8.523833226e-05	0.000144563382	0.0001148864478	-0.002013170787	0.0001455813564	0.0001626413979	0.0001651587867	8.859174276e-05	0.0001959647316	7.740786871e-05	0.0001026069022	5.769934209e-05	9.726585646e-05
Q9Y5B9	SUPT16H	2	1047	1046	1	119912.4000	119781.2050	0.001094090353	0.001042927351	M	4.354422823e-05	9.399837675e-06	6.195700204e-05	0.000140400106	6.02341381e-05	3.319726924e-05	2.407370114e-05	6.309388898e-05	0.0001213563576	7.428796605e-05	-0.001042927351	5.842577877e-05	3.03688615e-05	3.401350968e-05	6.622246156e-05	5.707166217e-05	4.251122362e-05	6.089451626e-05	1.267504028e-05	4.91998024e-05
Q9Y5J5	PHLDA3	2	127	127	0	13890.9400	13890.9400	0	0	A	0	0	0	0	0	0	0	0	0	0	0	0	0	0	0	0	0	0	0	0
Q9Y5J7	TIMM9	2	89	88	1	10377.7700	10246.5750	0.01264192596	0.01215747251	M	0.0005643417941	0.0005116597581	0.0004215618633	0.001397995423	0.0008719985499	0.0002377659585	0.0003275999153	0.0005539320772	0.001234723342	0.001107864154	-0.01215747251	0.0002789719678	0.0003646462608	0.001388588671	0.0007356481501	0.0003328470038	0.00100608964	0.0002473627462	0	0.0005738752367
Q9Y5J9	TIMM8B	2	83	82	1	9343.4000	9212.2050	0.01404146242	0.01359659419	M	0.001036083217	0.0006262423394	0.0008599460979	0.001520948092	0.0008538211625	0.0003880159493	0.0004009635975	0.0005084859338	0.0007556154473	0.001186467179	-0.01359659419	0.0003414457654	0.0001487687367	0.001510714022	0.001125489183	0.0005431809793	0.0007696226835	0.000756894706	0.0002638890941	0
Q9Y5K5	UCHL5	2	329	329	0	37606.3400	37606.3400	0	0	A	0	0	0	0	0	0	0	0	0	0	0	0	0	0	0	0	0	0	0	0
Q9Y5K8	ATP6V1D	2	247	247	0	28262.4300	28262.4300	0	0	A	0	0	0	0	0	0	0	0	0	0	0	0	0	0	0	0	0	0	0	0
Q9Y5L0	TNPO3	2	923	923	0	104201.9400	104201.9400	0	0	A	0	0	0	0	0	0	0	0	0	0	0	0	0	0	0	0	0	0	0	0
Q9Y5L4	TIMM13	2	95	95	0	10499.9300	10499.9300	0	0	A	0	0	0	0	0	0	0	0	0	0	0	0	0	0	0	0	0	0	0	0
Q9Y5M8	SRPRB	2	271	271	0	29701.7300	29701.7300	0	0	A	0	0	0	0	0	0	0	0	0	0	0	0	0	0	0	0	0	0	0	0
Q9Y5N5	HEMK2	2	214	214	0	22957.1650	22957.1650	0	0	A	0	0	0	0	0	0	0	0	0	0	0	0	0	0	0	0	0	0	0	0
Q9Y5P6	GMPPB	2	360	360	0	39833.9050	39833.9050	0	0	A	0	0	0	0	0	0	0	0	0	0	0	0	0	0	0	0	0	0	0	0
Q9Y5Q8	GTF3C5	2	519	518	1	59570.0300	59438.8350	0.002202365854	0.00210444879	M	8.979605076e-05	3.05300525e-05	0.0001257701589	0.0002224440389	9.885887265e-05	7.093588152e-05	5.375548253e-05	0.0001074202518	0.0001519532193	0.0001817881184	-0.00210444879	6.242206385e-05	0.0001305477241	6.904602188e-05	0.0002304494843	0.0001125430313	9.004803204e-05	0.0001070085774	3.216226128e-05	0.0001369694671
Q9Y5Q9	GTF3C3	2	886	885	1	101270.7050	101139.5100	0.001295488167	0.001224295403	M	6.200136265e-05	1.844504002e-05	7.236696537e-05	0.0001439912315	5.209236232e-05	3.265267071e-05	3.542936562e-05	6.133315078e-05	7.789436614e-05	0.0001611778148	-0.001224295403	5.746730858e-05	3.755796569e-05	6.038721504e-05	8.713613327e-05	7.542192784e-05	4.14502319e-05	5.73254019e-05	1.332422089e-05	7.684066833e-05
Q9Y5R8	TRAPPC1	2	145	145	0	16831.3500	16831.3500	0	0	A	0	0	0	0	0	0	0	0	0	0	0	0	0	0	0	0	0	0	0	0
Q9Y5S2	CDC42BPB	2	1711	1711	0	194312.4200	194312.4200	0	0	A	0	0	0	0	0	0	0	0	0	0	0	0	0	0	0	0	0	0	0	0
Q9Y5S9	RBM8A	2	174	173	1	19888.7550	19757.5600	0.006596441054	0.006316517455	M	0.0002528105287	3.438155085e-05	0.0006043161992	0.0008767721122	0.0002343796791	0.0004473546011	0.0002201344344	0.0002233325202	0.000497811712	0.000372220867	-0.006316517455	0.0001124750041	0.0001960225132	0.0002073506042	0.0009392213355	0.0002385709593	0.0001690133021	0.0002659490711	0.0001159029435	0.0003084975173
Q9Y5U8	MPC1	2	109	108	1	12347.3100	12216.1150	0.01062539128	0.00988877032	M	0.0009205979598	0.000268283234	0.0003929624568	0.0003257883148	0.0007315567419	0.0003324533241	0.0003435469112	0.0005808965303	0.000755316061	0.0008713447954	-0.00988877032	0.0003900691194	0.0003399080965	0.0003235961688	0.0009000345976	0.0004653992252	0.0005275321696	0.000432339893	0.0004522020638	0.0005349426562
Q9Y5U9	IER3IP1	2	82	82	0	8968.6350	8968.6350	0	0	A	0	0	0	0	0	0	0	0	0	0	0	0	0	0	0	0	0	0	0	0
Q9Y5X3	SNX5	2	404	403	1	46815.8350	46684.6400	0.002802363773	0.002705828369	M	0.0001185203809	3.099702407e-05	0.0001906895168	0.0003011285673	0.0001859504208	3.457002207e-05	8.732431682e-05	0.000100673811	0.000321645036	0.000302021433	-0.002705828369	0.0001081631382	7.069040702e-05	0.0001196409402	0.0001871794544	0.0001505601903	0.000115805455	0.0001678382937	1.044934344e-05	0.0001019806185
Q9Y5Z4	HEBP2	2	205	204	1	22875.1000	22743.9050	0.005735275474	0.005492880081	M	0.0003034311581	0	0.0003116606512	0.000657705938	0.0002813098721	0.0001917603859	3.30265351e-05	0.0002792195043	0.0004045500429	0.0003071414547	-0.005492880081	0.0002531175788	0.0004166281969	0.0003421944971	0.0002224900708	0.0004026661574	0.0003042826318	0.0002992504224	0.0001738879535	0.0003085570297
Q9Y608	LRRFIP2	2	721	721	0	82170.0700	82170.0700	0	0	A	0	0	0	0	0	0	0	0	0	0	0	0	0	0	0	0	0	0	0	0
Q9Y613	FHOD1	2	1164	1163	1	126549.2950	126418.1000	0.001036710635	0.0009921255562	M	6.788925132e-05	1.247669634e-05	4.84287218e-05	9.090605807e-05	3.62896528e-05	3.968315768e-05	2.02373882e-05	3.061699175e-05	4.616624791e-05	0.0001323734643	-0.0009921255562	2.53966058e-05	8.140944818e-05	4.314064561e-05	0.0001016520539	7.214570367e-05	5.151981748e-05	5.71017901e-05	9.813985082e-06	2.48778762e-05
Q9Y617	PSAT1	2	370	370	0	40422.2250	40422.2250	0	0	A	0	0	0	0	0	0	0	0	0	0	0	0	0	0	0	0	0	0	0	0
Q9Y618	NCOR2	2	2514	2514	0	273652.3350	273652.3350	0	0	A	0	0	0	0	0	0	0	0	0	0	0	0	0	0	0	0	0	0	0	0
Q9Y623	MYH4	1	1939	1939	0	223068.1900	223068.1900	0	0	A	0	0	0	0	0	0	0	0	0	0	0	0	0	0	0	0	0	0	0	0
Q9Y639	NPTN	2	398	370	28	44386.6050	41837.6450	0.05742633391	0.01683456015	L	-0.004301793389	0.0008882803996	0.002927454305	0.004674273791	0.001412932313	-0.004175197808	0.00132705641	0.00384667349	0.003751254463	-0.01683456015	-0.001801185856	0.004681727448	-0.003747333399	0.001785700693	0.00532142228	-0.01080630379	0.004075512977	0.001878203879	0.001996309268	0.003099572684
Q9Y676	MRPS18B	2	258	223	35	29395.1250	25475.4100	0.1333457504	0.01805862422	L	-0.0003861275356	-0.0008122868007	0.005435093346	0.01001333939	-0.001856972393	0.002221563573	0.001775612496	0.004761139957	0.003662942892	-0.01805862422	-0.007416628394	-0.000885765369	0.007336502571	-0.0006333895841	-0.006252275746	-0.001160023117	-0.004557708083	-0.006862329222	0.004632919122	0.009043017111
Q9Y678	COPG1	2	874	874	0	97717.0250	97717.0250	0	0	A	0	0	0	0	0	0	0	0	0	0	0	0	0	0	0	0	0	0	0	0
Q9Y679	AUP1	2	410	410	0	45786.1950	45786.1950	0	0	A	0	0	0	0	0	0	0	0	0	0	0	0	0	0	0	0	0	0	0	0
Q9Y680	FKBP7	2	222	199	23	25794.0050	22898.4800	0.1122557354	0.02773658434	F	0.0003757277229	0.001526707136	0.00950390733	0.0123596578	-0.02773658434	0.001893163957	-0.001952346766	0.002206036371	0.009213026141	-0.006053669321	-0.008142236151	0.003884559886	0.0009691235561	0.005524421777	2.986536173e-06	0.004414043494	-0.004498920347	0.0009861272005	-0.006000925223	0.001525193235
Q9Y696	CLIC4	2	253	252	1	28771.7600	28640.5650	0.004559853134	0.004358305951	M	0.0001684671301	6.546021675e-05	0.0002876445972	0.0004570747748	0.0002900582941	0.0001013968816	6.286822773e-05	0.0002303223345	0.0004936462677	0.000513795977	-0.004358305951	0.0002676812842	0.0002643599183	5.921729165e-05	0.0002117623965	0.0002271117259	0.0002252531658	0.000205704517	5.516789974e-05	0.0001713130503
Q9Y697	NFS1	2	457	457	0	50194.9400	50194.9400	0	0	A	0	0	0	0	0	0	0	0	0	0	0	0	0	0	0	0	0	0	0	0
Q9Y6A4	CFAP20	2	193	193	0	22774.1400	22774.1400	0	0	A	0	0	0	0	0	0	0	0	0	0	0	0	0	0	0	0	0	0	0	0
Q9Y6A9	SPCS1	2	169	169	0	18297.8900	18297.8900	0	0	A	0	0	0	0	0	0	0	0	0	0	0	0	0	0	0	0	0	0	0	0
Q9Y6B6	SAR1B	2	198	198	0	22409.5750	22409.5750	0	0	A	0	0	0	0	0	0	0	0	0	0	0	0	0	0	0	0	0	0	0	0
Q9Y6B7	AP4B1	2	739	739	0	83258.3800	83258.3800	0	0	A	0	0	0	0	0	0	0	0	0	0	0	0	0	0	0	0	0	0	0	0
Q9Y6C2	EMILIN1	2	1016	995	21	106693.5350	104495.8900	0.0205977335	0.002500295995	C	-0.002184049123	-0.002500295995	0.0008068487067	0.002180195596	0.0004172406019	0.00114378202	0.000496383037	0.0002429622242	0.000270783316	-0.001348869085	-0.001043131681	0.0003782065425	0.0005134066047	0.001673360706	0.0008354876851	0.0005571141463	-0.0011440248	0.001124420357	-0.001427708276	-0.0009921125841
Q9Y6C9	MTCH2	2	303	302	1	33330.4900	33199.2950	0.003936185757	0.00369981184	M	0.0001331613835	0.0001328036558	0.0001193654516	0.0001759302669	0.0002304463689	0.0002169314376	9.276007924e-05	0.0002483397274	0.000160239076	0.000470538431	-0.00369981184	0.0001316517528	0.000160610754	0.0001747464773	0.0002256574019	0.0002722656299	0.0002017863045	0.0002568165777	6.104886685e-05	0.0002347121966
Q9Y6D5	ARFGEF2	2	1785	1785	0	202035.2200	202035.2200	0	0	A	0	0	0	0	0	0	0	0	0	0	0	0	0	0	0	0	0	0	0	0
Q9Y6D6	ARFGEF1	2	1849	1849	0	208763.8900	208763.8900	0	0	A	0	0	0	0	0	0	0	0	0	0	0	0	0	0	0	0	0	0	0	0
Q9Y6D9	MAD1L1	2	718	718	0	83065.3650	83065.3650	0	0	A	0	0	0	0	0	0	0	0	0	0	0	0	0	0	0	0	0	0	0	0
Q9Y6E2	BZW2	2	419	419	0	48161.6900	48161.6900	0	0	A	0	0	0	0	0	0	0	0	0	0	0	0	0	0	0	0	0	0	0	0
Q9Y6G9	DYNC1LI1	2	523	523	0	56578.4100	56578.4100	0	0	A	0	0	0	0	0	0	0	0	0	0	0	0	0	0	0	0	0	0	0	0
Q9Y6H1	CHCHD2	2	151	151	0	15512.3200	15512.3200	0	0	A	0	0	0	0	0	0	0	0	0	0	0	0	0	0	0	0	0	0	0	0
Q9Y6I3	EPN1	2	576	576	0	60292.3250	60292.3250	0	0	A	0	0	0	0	0	0	0	0	0	0	0	0	0	0	0	0	0	0	0	0
Q9Y6I9	TEX264	2	313	313	0	34188.0800	34188.0800	0	0	A	0	0	0	0	0	0	0	0	0	0	0	0	0	0	0	0	0	0	0	0
Q9Y6K5	OAS3	2	1087	1087	0	121168.2300	121168.2300	0	0	A	0	0	0	0	0	0	0	0	0	0	0	0	0	0	0	0	0	0	0	0
Q9Y6M1	IGF2BP2	2	599	599	0	66120.4100	66120.4100	0	0	A	0	0	0	0	0	0	0	0	0	0	0	0	0	0	0	0	0	0	0	0
Q9Y6M9	NDUFB9	2	179	178	1	21830.5700	21699.3750	0.006009691914	0.005816607345	M	0.0002559948105	0.000116048682	0.00025496995	0.0007046154912	0.0002373318147	0.0001078545876	0.000185755953	6.28181975e-05	0.0004900796374	0.00050254558	-0.005816607345	3.163657945e-05	0.0004686605334	0.0003149434415	0.0007091172145	0.0001509849289	0.0001711421137	0.0001402598124	0.0003912093403	0.0005206386767
Q9Y6N1	COX11	2	276	201	75	31429.5650	22733.5700	0.2766820031	0.04397700224	R	0.004571111186	-0.006179039687	0.01116461306	0.006964874636	0.01343615382	-0.01197452952	-0.003648222574	0.01289889614	0.007292257242	-0.006502378256	0.002156957737	0.01385301163	-0.01474308668	0.01130639807	-0.04397700224	0.001251835844	0.005165943416	0.0132137111	-0.03714939998	0.02089789505
Q9Y6N5	SQOR	2	450	450	0	49960.0650	49960.0650	0	0	A	0	0	0	0	0	0	0	0	0	0	0	0	0	0	0	0	0	0	0	0
Q9Y6P5	SESN1	2	492	492	0	56556.4150	56556.4150	0	0	A	0	0	0	0	0	0	0	0	0	0	0	0	0	0	0	0	0	0	0	0
Q9Y6W3	CAPN7	2	813	813	0	92651.0600	92651.0600	0	0	A	0	0	0	0	0	0	0	0	0	0	0	0	0	0	0	0	0	0	0	0
Q9Y6X5	ENPP4	2	453	438	15	51640.3100	50040.2550	0.0309846126	0.007781888916	L	0.0008181473226	0.0004581534253	0.002157013898	0.001589589055	-0.001246153397	-0.001700357996	0.001592425099	-0.001979029494	-0.0007079636639	-0.007781888916	-0.001448016408	0.002355245258	0.001679213442	0.001026280527	0.001223334253	0.0002290773603	-0.0007055670109	-0.0003141926302	0.0009928746317	0.001761815244
Q9Y6Y8	SEC23IP	2	1000	1000	0	111074.8750	111074.8750	0	0	A	0	0	0	0	0	0	0	0	0	0	0	0	0	0	0	0	0	0	0	0
