accession	gene	tier	feature_type	start	end	start_modifier	end_modifier	description	qualifier	lookup_key	vocabulary_id	vocabulary_ac	match_rule	correction_formula	average_mass_delta_g_per_mol	mass_status	in_master
A2RUH7	MYBPHL	1	Modified residue	38	38	EXACT	EXACT	Phosphoserine		Phosphoserine	Phosphoserine	PTM-0253	exact	H1 O3 P1	79.98	vocabulary	true
A2RUH7	MYBPHL	1	Modified residue	321	321	EXACT	EXACT	Omega-N-methylarginine		Omega-N-methylarginine	Omega-N-methylarginine	PTM-0237	exact	C1 H2	14.03	vocabulary	true
A2RUH7	MYBPHL	1	Disulfide bond	282	333	EXACT	EXACT						not_in_vocabulary	H-2 (arithmetic)	-2.016	disulfide_arithmetic	true
A4UGR9	XIRP2	1	Modified residue	621	621	EXACT	EXACT	Phosphoserine		Phosphoserine	Phosphoserine	PTM-0253	exact	H1 O3 P1	79.98	vocabulary	true
A4UGR9	XIRP2	1	Modified residue	868	868	EXACT	EXACT	Phosphoserine		Phosphoserine	Phosphoserine	PTM-0253	exact	H1 O3 P1	79.98	vocabulary	true
A4UGR9	XIRP2	1	Modified residue	1265	1265	EXACT	EXACT	Phosphoserine		Phosphoserine	Phosphoserine	PTM-0253	exact	H1 O3 P1	79.98	vocabulary	true
A4UGR9	XIRP2	1	Modified residue	1629	1629	EXACT	EXACT	Phosphoserine		Phosphoserine	Phosphoserine	PTM-0253	exact	H1 O3 P1	79.98	vocabulary	true
A4UGR9	XIRP2	1	Modified residue	1989	1989	EXACT	EXACT	Phosphothreonine		Phosphothreonine	Phosphothreonine	PTM-0254	exact	H1 O3 P1	79.98	vocabulary	true
A4UGR9	XIRP2	1	Modified residue	1994	1994	EXACT	EXACT	Phosphoserine		Phosphoserine	Phosphoserine	PTM-0253	exact	H1 O3 P1	79.98	vocabulary	true
A4UGR9	XIRP2	1	Modified residue	2222	2222	EXACT	EXACT	Phosphoserine		Phosphoserine	Phosphoserine	PTM-0253	exact	H1 O3 P1	79.98	vocabulary	true
A4UGR9	XIRP2	1	Modified residue	2276	2276	EXACT	EXACT	Phosphoserine		Phosphoserine	Phosphoserine	PTM-0253	exact	H1 O3 P1	79.98	vocabulary	true
A4UGR9	XIRP2	1	Modified residue	2318	2318	EXACT	EXACT	Phosphoserine		Phosphoserine	Phosphoserine	PTM-0253	exact	H1 O3 P1	79.98	vocabulary	true
A4UGR9	XIRP2	1	Modified residue	3059	3059	EXACT	EXACT	Phosphoserine		Phosphoserine	Phosphoserine	PTM-0253	exact	H1 O3 P1	79.98	vocabulary	true
A4UGR9	XIRP2	1	Modified residue	3297	3297	EXACT	EXACT	Phosphoserine		Phosphoserine	Phosphoserine	PTM-0253	exact	H1 O3 P1	79.98	vocabulary	true
A8MU46	SMTNL1	1	Modified residue	336	336	EXACT	EXACT	Phosphoserine		Phosphoserine	Phosphoserine	PTM-0253	exact	H1 O3 P1	79.98	vocabulary	true
O00151	PDLIM1	1	Modified residue	2	2	EXACT	EXACT	N-acetylthreonine		N-acetylthreonine	N-acetylthreonine	PTM-0208	exact	C2 H2 O1	42.04	vocabulary	true
O00151	PDLIM1	1	Modified residue	90	90	EXACT	EXACT	Phosphoserine		Phosphoserine	Phosphoserine	PTM-0253	exact	H1 O3 P1	79.98	vocabulary	true
O00151	PDLIM1	1	Modified residue	130	130	EXACT	EXACT	Phosphoserine		Phosphoserine	Phosphoserine	PTM-0253	exact	H1 O3 P1	79.98	vocabulary	true
O00151	PDLIM1	1	Modified residue	144	144	EXACT	EXACT	Phosphotyrosine		Phosphotyrosine	Phosphotyrosine	PTM-0255	exact	H1 O3 P1	79.98	vocabulary	true
O00151	PDLIM1	1	Modified residue	316	316	EXACT	EXACT	Phosphothreonine		Phosphothreonine	Phosphothreonine	PTM-0254	exact	H1 O3 P1	79.98	vocabulary	true
O00151	PDLIM1	1	Modified residue	321	321	EXACT	EXACT	Phosphotyrosine		Phosphotyrosine	Phosphotyrosine	PTM-0255	exact	H1 O3 P1	79.98	vocabulary	true
O00165	HAX1	2	Modified residue	2	2	EXACT	EXACT	N-acetylserine		N-acetylserine	N-acetylserine	PTM-0207	exact	C2 H2 O1	42.04	vocabulary	true
O00165	HAX1	2	Modified residue	189	189	EXACT	EXACT	Phosphoserine		Phosphoserine	Phosphoserine	PTM-0253	exact	H1 O3 P1	79.98	vocabulary	true
O00165	HAX1	2	Modified residue	192	192	EXACT	EXACT	Phosphoserine		Phosphoserine	Phosphoserine	PTM-0253	exact	H1 O3 P1	79.98	vocabulary	true
O00499	BIN1	1	Modified residue	2	2	EXACT	EXACT	N-acetylalanine		N-acetylalanine	N-acetylalanine	PTM-0199	exact	C2 H2 O1	42.04	vocabulary	true
O00499	BIN1	1	Modified residue	296	296	EXACT	EXACT	Phosphoserine		Phosphoserine	Phosphoserine	PTM-0253	exact	H1 O3 P1	79.98	vocabulary	true
O00499	BIN1	1	Modified residue	298	298	EXACT	EXACT	Phosphoserine		Phosphoserine	Phosphoserine	PTM-0253	exact	H1 O3 P1	79.98	vocabulary	true
O00499	BIN1	1	Modified residue	303	303	EXACT	EXACT	Phosphoserine		Phosphoserine	Phosphoserine	PTM-0253	exact	H1 O3 P1	79.98	vocabulary	true
O00499	BIN1	1	Modified residue	307	307	EXACT	EXACT	Phosphothreonine		Phosphothreonine	Phosphothreonine	PTM-0254	exact	H1 O3 P1	79.98	vocabulary	true
O00499	BIN1	1	Modified residue	323	323	EXACT	EXACT	Phosphothreonine		Phosphothreonine	Phosphothreonine	PTM-0254	exact	H1 O3 P1	79.98	vocabulary	true
O00499	BIN1	1	Modified residue	331	331	EXACT	EXACT	Phosphoserine		Phosphoserine	Phosphoserine	PTM-0253	exact	H1 O3 P1	79.98	vocabulary	true
O00757	FBP2	1	Modified residue	216	216	EXACT	EXACT	Phosphotyrosine		Phosphotyrosine	Phosphotyrosine	PTM-0255	exact	H1 O3 P1	79.98	vocabulary	true
O00757	FBP2	1	Modified residue	219	219	EXACT	EXACT	Phosphotyrosine		Phosphotyrosine	Phosphotyrosine	PTM-0255	exact	H1 O3 P1	79.98	vocabulary	true
O14950	MYL12B	1	Modified residue	19	19	EXACT	EXACT	Phosphothreonine; by MLCK and ZIPK/DAPK3		Phosphothreonine	Phosphothreonine	PTM-0254	exact	H1 O3 P1	79.98	vocabulary	true
O14950	MYL12B	1	Modified residue	20	20	EXACT	EXACT	Phosphoserine; by MLCK and ZIPK/DAPK3		Phosphoserine	Phosphoserine	PTM-0253	exact	H1 O3 P1	79.98	vocabulary	true
O14958	CASQ2	1;2	Modified residue	282	282	EXACT	EXACT	Phosphotyrosine		Phosphotyrosine	Phosphotyrosine	PTM-0255	exact	H1 O3 P1	79.98	vocabulary	true
O14958	CASQ2	1;2	Modified residue	385	385	EXACT	EXACT	Phosphoserine		Phosphoserine	Phosphoserine	PTM-0253	exact	H1 O3 P1	79.98	vocabulary	true
O14958	CASQ2	1;2	Modified residue	393	393	EXACT	EXACT	Phosphoserine		Phosphoserine	Phosphoserine	PTM-0253	exact	H1 O3 P1	79.98	vocabulary	true
O14958	CASQ2	1;2	Glycosylation	335	335	EXACT	EXACT	N-linked (GlcNAc...) asparagine		N-linked (GlcNAc...) asparagine	N-linked (GlcNAc...) asparagine	PTM-0528	exact			no_mass_in_vocabulary	true
O14974	PPP1R12A	1	Modified residue	67	67	EXACT	EXACT	(3S)-3-hydroxyasparagine; by HIF1AN; partial		(3S)-3-hydroxyasparagine	(3S)-3-hydroxyasparagine	PTM-0370	exact	O1	16	vocabulary	true
O14974	PPP1R12A	1	Modified residue	100	100	EXACT	EXACT	(3S)-3-hydroxyasparagine; by HIF1AN; partial		(3S)-3-hydroxyasparagine	(3S)-3-hydroxyasparagine	PTM-0370	exact	O1	16	vocabulary	true
O14974	PPP1R12A	1	Modified residue	226	226	EXACT	EXACT	(3S)-3-hydroxyasparagine; by HIF1AN; partial		(3S)-3-hydroxyasparagine	(3S)-3-hydroxyasparagine	PTM-0370	exact	O1	16	vocabulary	true
O14974	PPP1R12A	1	Modified residue	299	299	EXACT	EXACT	Phosphoserine		Phosphoserine	Phosphoserine	PTM-0253	exact	H1 O3 P1	79.98	vocabulary	true
O14974	PPP1R12A	1	Modified residue	422	422	EXACT	EXACT	Phosphoserine		Phosphoserine	Phosphoserine	PTM-0253	exact	H1 O3 P1	79.98	vocabulary	true
O14974	PPP1R12A	1	Modified residue	432	432	EXACT	EXACT	Phosphoserine		Phosphoserine	Phosphoserine	PTM-0253	exact	H1 O3 P1	79.98	vocabulary	true
O14974	PPP1R12A	1	Modified residue	443	443	EXACT	EXACT	Phosphothreonine		Phosphothreonine	Phosphothreonine	PTM-0254	exact	H1 O3 P1	79.98	vocabulary	true
O14974	PPP1R12A	1	Modified residue	445	445	EXACT	EXACT	Phosphoserine; by NUAK1		Phosphoserine	Phosphoserine	PTM-0253	exact	H1 O3 P1	79.98	vocabulary	true
O14974	PPP1R12A	1	Modified residue	446	446	EXACT	EXACT	Phosphotyrosine		Phosphotyrosine	Phosphotyrosine	PTM-0255	exact	H1 O3 P1	79.98	vocabulary	true
O14974	PPP1R12A	1	Modified residue	472	472	EXACT	EXACT	Phosphoserine; by NUAK1		Phosphoserine	Phosphoserine	PTM-0253	exact	H1 O3 P1	79.98	vocabulary	true
O14974	PPP1R12A	1	Modified residue	473	473	EXACT	EXACT	Phosphoserine; by CDK1		Phosphoserine	Phosphoserine	PTM-0253	exact	H1 O3 P1	79.98	vocabulary	true
O14974	PPP1R12A	1	Modified residue	477	477	EXACT	EXACT	Phosphoserine		Phosphoserine	Phosphoserine	PTM-0253	exact	H1 O3 P1	79.98	vocabulary	true
O14974	PPP1R12A	1	Modified residue	507	507	EXACT	EXACT	Phosphoserine		Phosphoserine	Phosphoserine	PTM-0253	exact	H1 O3 P1	79.98	vocabulary	true
O14974	PPP1R12A	1	Modified residue	509	509	EXACT	EXACT	Phosphoserine		Phosphoserine	Phosphoserine	PTM-0253	exact	H1 O3 P1	79.98	vocabulary	true
O14974	PPP1R12A	1	Modified residue	601	601	EXACT	EXACT	Phosphoserine		Phosphoserine	Phosphoserine	PTM-0253	exact	H1 O3 P1	79.98	vocabulary	true
O14974	PPP1R12A	1	Modified residue	618	618	EXACT	EXACT	Phosphoserine		Phosphoserine	Phosphoserine	PTM-0253	exact	H1 O3 P1	79.98	vocabulary	true
O14974	PPP1R12A	1	Modified residue	692	692	EXACT	EXACT	Phosphoserine; by PKA and PKG; in vitro		Phosphoserine	Phosphoserine	PTM-0253	exact	H1 O3 P1	79.98	vocabulary	true
O14974	PPP1R12A	1	Modified residue	695	695	EXACT	EXACT	Phosphoserine; by PKA and PKG; in vitro		Phosphoserine	Phosphoserine	PTM-0253	exact	H1 O3 P1	79.98	vocabulary	true
O14974	PPP1R12A	1	Modified residue	696	696	EXACT	EXACT	Phosphothreonine; by ROCK1, ROCK2, CDC42BP, ZIPK/DAPK3 and RAF1		Phosphothreonine	Phosphothreonine	PTM-0254	exact	H1 O3 P1	79.98	vocabulary	true
O14974	PPP1R12A	1	Modified residue	802	802	EXACT	EXACT	Phosphoserine		Phosphoserine	Phosphoserine	PTM-0253	exact	H1 O3 P1	79.98	vocabulary	true
O14974	PPP1R12A	1	Modified residue	852	852	EXACT	EXACT	Phosphoserine; by ROCK2		Phosphoserine	Phosphoserine	PTM-0253	exact	H1 O3 P1	79.98	vocabulary	true
O14974	PPP1R12A	1	Modified residue	862	862	EXACT	EXACT	Phosphoserine		Phosphoserine	Phosphoserine	PTM-0253	exact	H1 O3 P1	79.98	vocabulary	true
O14974	PPP1R12A	1	Modified residue	871	871	EXACT	EXACT	Phosphoserine		Phosphoserine	Phosphoserine	PTM-0253	exact	H1 O3 P1	79.98	vocabulary	true
O14974	PPP1R12A	1	Modified residue	903	903	EXACT	EXACT	Phosphoserine		Phosphoserine	Phosphoserine	PTM-0253	exact	H1 O3 P1	79.98	vocabulary	true
O14974	PPP1R12A	1	Modified residue	908	908	EXACT	EXACT	Phosphoserine		Phosphoserine	Phosphoserine	PTM-0253	exact	H1 O3 P1	79.98	vocabulary	true
O14974	PPP1R12A	1	Modified residue	910	910	EXACT	EXACT	Phosphoserine; by NUAK1		Phosphoserine	Phosphoserine	PTM-0253	exact	H1 O3 P1	79.98	vocabulary	true
O14974	PPP1R12A	1	Modified residue	995	995	EXACT	EXACT	Phosphoserine		Phosphoserine	Phosphoserine	PTM-0253	exact	H1 O3 P1	79.98	vocabulary	true
O14983	ATP2A1	1;2	Modified residue	441	441	EXACT	EXACT	Phosphothreonine		Phosphothreonine	Phosphothreonine	PTM-0254	exact	H1 O3 P1	79.98	vocabulary	true
O14983	ATP2A1	1;2	Modified residue	569	569	EXACT	EXACT	Phosphothreonine		Phosphothreonine	Phosphothreonine	PTM-0254	exact	H1 O3 P1	79.98	vocabulary	true
O14983	ATP2A1	1;2	Modified residue	581	581	EXACT	EXACT	Phosphoserine		Phosphoserine	Phosphoserine	PTM-0253	exact	H1 O3 P1	79.98	vocabulary	true
O14983	ATP2A1	1;2	Disulfide bond	876	888	EXACT	EXACT						not_in_vocabulary	H-2 (arithmetic)	-2.016	disulfide_arithmetic	true
O15061	SYNM	1	Modified residue	429	429	EXACT	EXACT	Phosphoserine		Phosphoserine	Phosphoserine	PTM-0253	exact	H1 O3 P1	79.98	vocabulary	true
O15061	SYNM	1	Modified residue	598	598	EXACT	EXACT	Phosphothreonine		Phosphothreonine	Phosphothreonine	PTM-0254	exact	H1 O3 P1	79.98	vocabulary	true
O15061	SYNM	1	Modified residue	651	651	EXACT	EXACT	Phosphothreonine		Phosphothreonine	Phosphothreonine	PTM-0254	exact	H1 O3 P1	79.98	vocabulary	true
O15061	SYNM	1	Modified residue	653	653	EXACT	EXACT	Phosphoserine		Phosphoserine	Phosphoserine	PTM-0253	exact	H1 O3 P1	79.98	vocabulary	true
O15061	SYNM	1	Modified residue	777	777	EXACT	EXACT	Phosphoserine		Phosphoserine	Phosphoserine	PTM-0253	exact	H1 O3 P1	79.98	vocabulary	true
O15061	SYNM	1	Modified residue	1044	1044	EXACT	EXACT	Phosphoserine		Phosphoserine	Phosphoserine	PTM-0253	exact	H1 O3 P1	79.98	vocabulary	true
O15061	SYNM	1	Modified residue	1049	1049	EXACT	EXACT	Phosphoserine		Phosphoserine	Phosphoserine	PTM-0253	exact	H1 O3 P1	79.98	vocabulary	true
O15061	SYNM	1	Modified residue	1077	1077	EXACT	EXACT	Phosphoserine		Phosphoserine	Phosphoserine	PTM-0253	exact	H1 O3 P1	79.98	vocabulary	true
O15061	SYNM	1	Modified residue	1087	1087	EXACT	EXACT	Phosphoserine		Phosphoserine	Phosphoserine	PTM-0253	exact	H1 O3 P1	79.98	vocabulary	true
O15061	SYNM	1	Modified residue	1181	1181	EXACT	EXACT	Phosphoserine		Phosphoserine	Phosphoserine	PTM-0253	exact	H1 O3 P1	79.98	vocabulary	true
O15061	SYNM	1	Modified residue	1184	1184	EXACT	EXACT	Phosphoserine		Phosphoserine	Phosphoserine	PTM-0253	exact	H1 O3 P1	79.98	vocabulary	true
O15061	SYNM	1	Modified residue	1435	1435	EXACT	EXACT	Phosphoserine		Phosphoserine	Phosphoserine	PTM-0253	exact	H1 O3 P1	79.98	vocabulary	true
O15061	SYNM	1	Modified residue	1487	1487	EXACT	EXACT	Omega-N-methylarginine		Omega-N-methylarginine	Omega-N-methylarginine	PTM-0237	exact	C1 H2	14.03	vocabulary	true
O15273	TCAP	1	Modified residue	39	39	EXACT	EXACT	Phosphoserine		Phosphoserine	Phosphoserine	PTM-0253	exact	H1 O3 P1	79.98	vocabulary	true
O43707	ACTN4	1	Modified residue	31	31	EXACT	EXACT	Phosphotyrosine		Phosphotyrosine	Phosphotyrosine	PTM-0255	exact	H1 O3 P1	79.98	vocabulary	true
O43707	ACTN4	1	Modified residue	114	114	EXACT	EXACT	N6-acetyllysine		N6-acetyllysine	N6-acetyllysine	PTM-0190	exact	C2 H2 O1	42.04	vocabulary	true
O43707	ACTN4	1	Modified residue	214	214	EXACT	EXACT	N6-acetyllysine		N6-acetyllysine	N6-acetyllysine	PTM-0190	exact	C2 H2 O1	42.04	vocabulary	true
O43707	ACTN4	1	Modified residue	249	249	EXACT	EXACT	Phosphothreonine		Phosphothreonine	Phosphothreonine	PTM-0254	exact	H1 O3 P1	79.98	vocabulary	true
O43707	ACTN4	1	Modified residue	592	592	EXACT	EXACT	N6-acetyllysine		N6-acetyllysine	N6-acetyllysine	PTM-0190	exact	C2 H2 O1	42.04	vocabulary	true
O43707	ACTN4	1	Modified residue	625	625	EXACT	EXACT	N6-acetyllysine		N6-acetyllysine	N6-acetyllysine	PTM-0190	exact	C2 H2 O1	42.04	vocabulary	true
O43707	ACTN4	1	Modified residue	696	696	EXACT	EXACT	Phosphoserine		Phosphoserine	Phosphoserine	PTM-0253	exact	H1 O3 P1	79.98	vocabulary	true
O43707	ACTN4	1	Modified residue	779	779	EXACT	EXACT	N6-acetyllysine		N6-acetyllysine	N6-acetyllysine	PTM-0190	exact	C2 H2 O1	42.04	vocabulary	true
O43707	ACTN4	1	Modified residue	859	859	EXACT	EXACT	N6-acetyllysine		N6-acetyllysine	N6-acetyllysine	PTM-0190	exact	C2 H2 O1	42.04	vocabulary	true
O43707	ACTN4	1	Modified residue	909	909	EXACT	EXACT	Phosphoserine		Phosphoserine	Phosphoserine	PTM-0253	exact	H1 O3 P1	79.98	vocabulary	true
O43819	SCO2	1	Disulfide bond	133	137	EXACT	EXACT	Redox-active		Redox-active			not_in_vocabulary	H-2 (arithmetic)	-2.016	disulfide_arithmetic	true
O43852	CALU	2	Modified residue	44	44	EXACT	EXACT	Phosphoserine		Phosphoserine	Phosphoserine	PTM-0253	exact	H1 O3 P1	79.98	vocabulary	true
O43852	CALU	2	Modified residue	47	47	EXACT	EXACT	Phosphotyrosine		Phosphotyrosine	Phosphotyrosine	PTM-0255	exact	H1 O3 P1	79.98	vocabulary	true
O43852	CALU	2	Modified residue	65	65	EXACT	EXACT	Phosphothreonine		Phosphothreonine	Phosphothreonine	PTM-0254	exact	H1 O3 P1	79.98	vocabulary	true
O43852	CALU	2	Modified residue	69	69	EXACT	EXACT	Phosphoserine; by FAM20C		Phosphoserine	Phosphoserine	PTM-0253	exact	H1 O3 P1	79.98	vocabulary	true
O43852	CALU	2	Modified residue	165	165	EXACT	EXACT	N6-acetyllysine		N6-acetyllysine	N6-acetyllysine	PTM-0190	exact	C2 H2 O1	42.04	vocabulary	true
O43852	CALU	2	Modified residue	254	254	EXACT	EXACT	Phosphothreonine		Phosphothreonine	Phosphothreonine	PTM-0254	exact	H1 O3 P1	79.98	vocabulary	true
O43852	CALU	2	Modified residue	261	261	EXACT	EXACT	Phosphoserine		Phosphoserine	Phosphoserine	PTM-0253	exact	H1 O3 P1	79.98	vocabulary	true
O43852	CALU	2	Modified residue	277	277	EXACT	EXACT	Phosphoserine		Phosphoserine	Phosphoserine	PTM-0253	exact	H1 O3 P1	79.98	vocabulary	true
O43852	CALU	2	Glycosylation	131	131	EXACT	EXACT	N-linked (GlcNAc...) (complex) asparagine		N-linked (GlcNAc...) (complex) asparagine	N-linked (GlcNAc...) (complex) asparagine	PTM-0529	exact			no_mass_in_vocabulary	true
O60237	PPP1R12B	1	Modified residue	29	29	EXACT	EXACT	Phosphoserine		Phosphoserine	Phosphoserine	PTM-0253	exact	H1 O3 P1	79.98	vocabulary	true
O60237	PPP1R12B	1	Modified residue	445	445	EXACT	EXACT	Phosphothreonine		Phosphothreonine	Phosphothreonine	PTM-0254	exact	H1 O3 P1	79.98	vocabulary	true
O60237	PPP1R12B	1	Modified residue	646	646	EXACT	EXACT	Phosphothreonine		Phosphothreonine	Phosphothreonine	PTM-0254	exact	H1 O3 P1	79.98	vocabulary	true
O60237	PPP1R12B	1	Modified residue	808	808	EXACT	EXACT	Phosphothreonine		Phosphothreonine	Phosphothreonine	PTM-0254	exact	H1 O3 P1	79.98	vocabulary	true
O60237	PPP1R12B	1	Modified residue	839	839	EXACT	EXACT	Phosphoserine		Phosphoserine	Phosphoserine	PTM-0253	exact	H1 O3 P1	79.98	vocabulary	true
O60237	PPP1R12B	1	Modified residue	947	947	EXACT	EXACT	Phosphoserine		Phosphoserine	Phosphoserine	PTM-0253	exact	H1 O3 P1	79.98	vocabulary	true
O60662	KLHL41	1;2	Modified residue	3	3	EXACT	EXACT	Phosphoserine		Phosphoserine	Phosphoserine	PTM-0253	exact	H1 O3 P1	79.98	vocabulary	true
O60706	ABCC9	1	Glycosylation	9	9	EXACT	EXACT	N-linked (GlcNAc...) asparagine		N-linked (GlcNAc...) asparagine	N-linked (GlcNAc...) asparagine	PTM-0528	exact			no_mass_in_vocabulary	true
O60706	ABCC9	1	Glycosylation	326	326	EXACT	EXACT	N-linked (GlcNAc...) asparagine		N-linked (GlcNAc...) asparagine	N-linked (GlcNAc...) asparagine	PTM-0528	exact			no_mass_in_vocabulary	true
O60706	ABCC9	1	Glycosylation	330	330	EXACT	EXACT	N-linked (GlcNAc...) asparagine		N-linked (GlcNAc...) asparagine	N-linked (GlcNAc...) asparagine	PTM-0528	exact			no_mass_in_vocabulary	true
O60706	ABCC9	1	Glycosylation	333	333	EXACT	EXACT	N-linked (GlcNAc...) asparagine		N-linked (GlcNAc...) asparagine	N-linked (GlcNAc...) asparagine	PTM-0528	exact			no_mass_in_vocabulary	true
O60706	ABCC9	1	Glycosylation	334	334	EXACT	EXACT	N-linked (GlcNAc...) asparagine		N-linked (GlcNAc...) asparagine	N-linked (GlcNAc...) asparagine	PTM-0528	exact			no_mass_in_vocabulary	true
O60936	NOL3	2	Modified residue	149	149	EXACT	EXACT	Phosphothreonine; by CK2		Phosphothreonine	Phosphothreonine	PTM-0254	exact	H1 O3 P1	79.98	vocabulary	true
O60936	NOL3	2	Lipidation	2	2	EXACT	EXACT	N-myristoyl glycine		N-myristoyl glycine	N-myristoyl glycine	PTM-0221	exact	C14 H26 O1	210.36	vocabulary	true
O75052	NOS1AP	1;2	Modified residue	188	188	EXACT	EXACT	Phosphoserine		Phosphoserine	Phosphoserine	PTM-0253	exact	H1 O3 P1	79.98	vocabulary	true
O75052	NOS1AP	1;2	Modified residue	192	192	EXACT	EXACT	Phosphoserine		Phosphoserine	Phosphoserine	PTM-0253	exact	H1 O3 P1	79.98	vocabulary	true
O75052	NOS1AP	1;2	Modified residue	195	195	EXACT	EXACT	Phosphoserine		Phosphoserine	Phosphoserine	PTM-0253	exact	H1 O3 P1	79.98	vocabulary	true
O75052	NOS1AP	1;2	Modified residue	266	266	EXACT	EXACT	Phosphoserine		Phosphoserine	Phosphoserine	PTM-0253	exact	H1 O3 P1	79.98	vocabulary	true
O75052	NOS1AP	1;2	Modified residue	371	371	EXACT	EXACT	Phosphoserine		Phosphoserine	Phosphoserine	PTM-0253	exact	H1 O3 P1	79.98	vocabulary	true
O75052	NOS1AP	1;2	Modified residue	374	374	EXACT	EXACT	Phosphoserine		Phosphoserine	Phosphoserine	PTM-0253	exact	H1 O3 P1	79.98	vocabulary	true
O75052	NOS1AP	1;2	Modified residue	401	401	EXACT	EXACT	Phosphoserine		Phosphoserine	Phosphoserine	PTM-0253	exact	H1 O3 P1	79.98	vocabulary	true
O75052	NOS1AP	1;2	Modified residue	417	417	EXACT	EXACT	Phosphoserine		Phosphoserine	Phosphoserine	PTM-0253	exact	H1 O3 P1	79.98	vocabulary	true
O75112	LDB3	1	Modified residue	44	44	EXACT	EXACT	Phosphoserine		Phosphoserine	Phosphoserine	PTM-0253	exact	H1 O3 P1	79.98	vocabulary	true
O75112	LDB3	1	Modified residue	121	121	EXACT	EXACT	Phosphoserine		Phosphoserine	Phosphoserine	PTM-0253	exact	H1 O3 P1	79.98	vocabulary	true
O75112	LDB3	1	Modified residue	123	123	EXACT	EXACT	Phosphoserine		Phosphoserine	Phosphoserine	PTM-0253	exact	H1 O3 P1	79.98	vocabulary	true
O75112	LDB3	1	Modified residue	217	217	EXACT	EXACT	Phosphoserine		Phosphoserine	Phosphoserine	PTM-0253	exact	H1 O3 P1	79.98	vocabulary	true
O75112	LDB3	1	Modified residue	219	219	EXACT	EXACT	Omega-N-methylarginine		Omega-N-methylarginine	Omega-N-methylarginine	PTM-0237	exact	C1 H2	14.03	vocabulary	true
O75112	LDB3	1	Modified residue	223	223	EXACT	EXACT	Phosphoserine		Phosphoserine	Phosphoserine	PTM-0253	exact	H1 O3 P1	79.98	vocabulary	true
O75112	LDB3	1	Modified residue	516	516	EXACT	EXACT	Omega-N-methylarginine		Omega-N-methylarginine	Omega-N-methylarginine	PTM-0237	exact	C1 H2	14.03	vocabulary	true
O75112	LDB3	1	Modified residue	533	533	EXACT	EXACT	Omega-N-methylarginine		Omega-N-methylarginine	Omega-N-methylarginine	PTM-0237	exact	C1 H2	14.03	vocabulary	true
O75147	OBSL1	1	Modified residue	10	10	EXACT	EXACT	Phosphoserine		Phosphoserine	Phosphoserine	PTM-0253	exact	H1 O3 P1	79.98	vocabulary	true
O75147	OBSL1	1	Disulfide bond	33	84	EXACT	EXACT						not_in_vocabulary	H-2 (arithmetic)	-2.016	disulfide_arithmetic	true
O75147	OBSL1	1	Disulfide bond	149	209	EXACT	EXACT						not_in_vocabulary	H-2 (arithmetic)	-2.016	disulfide_arithmetic	true
O75147	OBSL1	1	Disulfide bond	267	319	EXACT	EXACT						not_in_vocabulary	H-2 (arithmetic)	-2.016	disulfide_arithmetic	true
O75147	OBSL1	1	Disulfide bond	362	412	EXACT	EXACT						not_in_vocabulary	H-2 (arithmetic)	-2.016	disulfide_arithmetic	true
O75147	OBSL1	1	Disulfide bond	738	788	EXACT	EXACT						not_in_vocabulary	H-2 (arithmetic)	-2.016	disulfide_arithmetic	true
O75147	OBSL1	1	Disulfide bond	829	879	EXACT	EXACT						not_in_vocabulary	H-2 (arithmetic)	-2.016	disulfide_arithmetic	true
O75147	OBSL1	1	Disulfide bond	920	970	EXACT	EXACT						not_in_vocabulary	H-2 (arithmetic)	-2.016	disulfide_arithmetic	true
O75147	OBSL1	1	Disulfide bond	1011	1061	EXACT	EXACT						not_in_vocabulary	H-2 (arithmetic)	-2.016	disulfide_arithmetic	true
O75147	OBSL1	1	Disulfide bond	1103	1153	EXACT	EXACT						not_in_vocabulary	H-2 (arithmetic)	-2.016	disulfide_arithmetic	true
O75147	OBSL1	1	Disulfide bond	1195	1245	EXACT	EXACT						not_in_vocabulary	H-2 (arithmetic)	-2.016	disulfide_arithmetic	true
O75147	OBSL1	1	Disulfide bond	1381	1522	EXACT	EXACT						not_in_vocabulary	H-2 (arithmetic)	-2.016	disulfide_arithmetic	true
O75147	OBSL1	1	Disulfide bond	1650	1700	EXACT	EXACT						not_in_vocabulary	H-2 (arithmetic)	-2.016	disulfide_arithmetic	true
O75190	DNAJB6	1	Modified residue	135	135	EXACT	EXACT	Omega-N-methylarginine		Omega-N-methylarginine	Omega-N-methylarginine	PTM-0237	exact	C1 H2	14.03	vocabulary	true
O75190	DNAJB6	1	Modified residue	277	277	EXACT	EXACT	Phosphoserine		Phosphoserine	Phosphoserine	PTM-0253	exact	H1 O3 P1	79.98	vocabulary	true
O75298	RTN2	1;2	Modified residue	44	44	EXACT	EXACT	Phosphoserine		Phosphoserine	Phosphoserine	PTM-0253	exact	H1 O3 P1	79.98	vocabulary	true
O75298	RTN2	1;2	Modified residue	227	227	EXACT	EXACT	Phosphoserine		Phosphoserine	Phosphoserine	PTM-0253	exact	H1 O3 P1	79.98	vocabulary	true
O75298	RTN2	1;2	Modified residue	229	229	EXACT	EXACT	Phosphoserine		Phosphoserine	Phosphoserine	PTM-0253	exact	H1 O3 P1	79.98	vocabulary	true
O75369	FLNB	1	Modified residue	216	216	EXACT	EXACT	Phosphothreonine		Phosphothreonine	Phosphothreonine	PTM-0254	exact	H1 O3 P1	79.98	vocabulary	true
O75369	FLNB	1	Modified residue	519	519	EXACT	EXACT	Phosphothreonine		Phosphothreonine	Phosphothreonine	PTM-0254	exact	H1 O3 P1	79.98	vocabulary	true
O75369	FLNB	1	Modified residue	681	681	EXACT	EXACT	N6-acetyllysine		N6-acetyllysine	N6-acetyllysine	PTM-0190	exact	C2 H2 O1	42.04	vocabulary	true
O75369	FLNB	1	Modified residue	730	730	EXACT	EXACT	Phosphoserine		Phosphoserine	Phosphoserine	PTM-0253	exact	H1 O3 P1	79.98	vocabulary	true
O75369	FLNB	1	Modified residue	886	886	EXACT	EXACT	Phosphoserine		Phosphoserine	Phosphoserine	PTM-0253	exact	H1 O3 P1	79.98	vocabulary	true
O75369	FLNB	1	Modified residue	932	932	EXACT	EXACT	Phosphoserine		Phosphoserine	Phosphoserine	PTM-0253	exact	H1 O3 P1	79.98	vocabulary	true
O75369	FLNB	1	Modified residue	983	983	EXACT	EXACT	Phosphoserine		Phosphoserine	Phosphoserine	PTM-0253	exact	H1 O3 P1	79.98	vocabulary	true
O75369	FLNB	1	Modified residue	1028	1028	EXACT	EXACT	Phosphoserine		Phosphoserine	Phosphoserine	PTM-0253	exact	H1 O3 P1	79.98	vocabulary	true
O75369	FLNB	1	Modified residue	1307	1307	EXACT	EXACT	Phosphothreonine		Phosphothreonine	Phosphothreonine	PTM-0254	exact	H1 O3 P1	79.98	vocabulary	true
O75369	FLNB	1	Modified residue	1316	1316	EXACT	EXACT	Phosphoserine		Phosphoserine	Phosphoserine	PTM-0253	exact	H1 O3 P1	79.98	vocabulary	true
O75369	FLNB	1	Modified residue	1433	1433	EXACT	EXACT	Phosphoserine		Phosphoserine	Phosphoserine	PTM-0253	exact	H1 O3 P1	79.98	vocabulary	true
O75369	FLNB	1	Modified residue	1505	1505	EXACT	EXACT	Phosphoserine		Phosphoserine	Phosphoserine	PTM-0253	exact	H1 O3 P1	79.98	vocabulary	true
O75369	FLNB	1	Modified residue	1602	1602	EXACT	EXACT	Phosphoserine		Phosphoserine	Phosphoserine	PTM-0253	exact	H1 O3 P1	79.98	vocabulary	true
O75369	FLNB	1	Modified residue	1780	1780	EXACT	EXACT	N6-acetyllysine		N6-acetyllysine	N6-acetyllysine	PTM-0190	exact	C2 H2 O1	42.04	vocabulary	true
O75369	FLNB	1	Modified residue	2083	2083	EXACT	EXACT	Phosphoserine		Phosphoserine	Phosphoserine	PTM-0253	exact	H1 O3 P1	79.98	vocabulary	true
O75369	FLNB	1	Modified residue	2107	2107	EXACT	EXACT	Phosphoserine		Phosphoserine	Phosphoserine	PTM-0253	exact	H1 O3 P1	79.98	vocabulary	true
O75369	FLNB	1	Modified residue	2113	2113	EXACT	EXACT	Phosphoserine		Phosphoserine	Phosphoserine	PTM-0253	exact	H1 O3 P1	79.98	vocabulary	true
O75369	FLNB	1	Modified residue	2369	2369	EXACT	EXACT	Phosphoserine		Phosphoserine	Phosphoserine	PTM-0253	exact	H1 O3 P1	79.98	vocabulary	true
O75369	FLNB	1	Modified residue	2465	2465	EXACT	EXACT	Phosphoserine		Phosphoserine	Phosphoserine	PTM-0253	exact	H1 O3 P1	79.98	vocabulary	true
O75369	FLNB	1	Modified residue	2478	2478	EXACT	EXACT	Phosphoserine		Phosphoserine	Phosphoserine	PTM-0253	exact	H1 O3 P1	79.98	vocabulary	true
O75369	FLNB	1	Modified residue	2481	2481	EXACT	EXACT	Phosphoserine		Phosphoserine	Phosphoserine	PTM-0253	exact	H1 O3 P1	79.98	vocabulary	true
O75369	FLNB	1	Modified residue	2492	2492	EXACT	EXACT	Phosphoserine		Phosphoserine	Phosphoserine	PTM-0253	exact	H1 O3 P1	79.98	vocabulary	true
O75369	FLNB	1	Modified residue	2518	2518	EXACT	EXACT	N6-succinyllysine		N6-succinyllysine	N6-succinyllysine	PTM-0438	exact	C4 H4 O3	100.07	vocabulary	true
O75369	FLNB	1	Modified residue	2524	2524	EXACT	EXACT	N6-succinyllysine		N6-succinyllysine	N6-succinyllysine	PTM-0438	exact	C4 H4 O3	100.07	vocabulary	true
O75369	FLNB	1	Modified residue	2576	2576	EXACT	EXACT	N6-acetyllysine		N6-acetyllysine	N6-acetyllysine	PTM-0190	exact	C2 H2 O1	42.04	vocabulary	true
O75369	FLNB	1	Cross-link	2468	2468	EXACT	EXACT	Glycyl lysine isopeptide (Lys-Gly) (interchain with G-Cter in ISG15)		Glycyl lysine isopeptide (Lys-Gly) (interchain with G-Cter in ISG15)	Glycyl lysine isopeptide (Lys-Gly) (interchain with G-...)	PTM-0135	wildcard	H-2 O-1	-18.02	vocabulary	true
O75369	FLNB	1	Modified residue	1474	1474	EXACT	EXACT	Phosphoserine		Phosphoserine	Phosphoserine	PTM-0253	exact	H1 O3 P1	79.98	vocabulary	true
O75628	REM1	1	Modified residue	51	51	EXACT	EXACT	Phosphoserine		Phosphoserine	Phosphoserine	PTM-0253	exact	H1 O3 P1	79.98	vocabulary	true
O75880	SCO1	1	Disulfide bond	169	173	EXACT	EXACT	Redox-active		Redox-active			not_in_vocabulary	H-2 (arithmetic)	-2.016	disulfide_arithmetic	true
O76003	GLRX3	1	Modified residue	2	2	EXACT	EXACT	N-acetylalanine		N-acetylalanine	N-acetylalanine	PTM-0199	exact	C2 H2 O1	42.04	vocabulary	true
O76003	GLRX3	1	Modified residue	117	117	EXACT	EXACT	Phosphoserine		Phosphoserine	Phosphoserine	PTM-0253	exact	H1 O3 P1	79.98	vocabulary	true
O76003	GLRX3	1	Modified residue	120	120	EXACT	EXACT	Phosphoserine		Phosphoserine	Phosphoserine	PTM-0253	exact	H1 O3 P1	79.98	vocabulary	true
O76041	NEBL	1	Modified residue	795	795	EXACT	EXACT	Omega-N-methylarginine		Omega-N-methylarginine	Omega-N-methylarginine	PTM-0237	exact	C1 H2	14.03	vocabulary	true
O76041	NEBL	1	Modified residue	96	96	EXACT	EXACT	Omega-N-methylarginine		Omega-N-methylarginine	Omega-N-methylarginine	PTM-0237	exact	C1 H2	14.03	vocabulary	true
O94875	SORBS2	1	Modified residue	30	30	EXACT	EXACT	Phosphoserine		Phosphoserine	Phosphoserine	PTM-0253	exact	H1 O3 P1	79.98	vocabulary	true
O94875	SORBS2	1	Modified residue	43	43	EXACT	EXACT	Phosphoserine		Phosphoserine	Phosphoserine	PTM-0253	exact	H1 O3 P1	79.98	vocabulary	true
O94875	SORBS2	1	Modified residue	154	154	EXACT	EXACT	Phosphoserine		Phosphoserine	Phosphoserine	PTM-0253	exact	H1 O3 P1	79.98	vocabulary	true
O94875	SORBS2	1	Modified residue	157	157	EXACT	EXACT	Phosphoserine		Phosphoserine	Phosphoserine	PTM-0253	exact	H1 O3 P1	79.98	vocabulary	true
O94875	SORBS2	1	Modified residue	239	239	EXACT	EXACT	Phosphoserine		Phosphoserine	Phosphoserine	PTM-0253	exact	H1 O3 P1	79.98	vocabulary	true
O94875	SORBS2	1	Modified residue	245	245	EXACT	EXACT	Phosphoserine		Phosphoserine	Phosphoserine	PTM-0253	exact	H1 O3 P1	79.98	vocabulary	true
O94875	SORBS2	1	Modified residue	248	248	EXACT	EXACT	Phosphoserine		Phosphoserine	Phosphoserine	PTM-0253	exact	H1 O3 P1	79.98	vocabulary	true
O94875	SORBS2	1	Modified residue	259	259	EXACT	EXACT	Phosphoserine		Phosphoserine	Phosphoserine	PTM-0253	exact	H1 O3 P1	79.98	vocabulary	true
O94875	SORBS2	1	Modified residue	277	277	EXACT	EXACT	Phosphothreonine		Phosphothreonine	Phosphothreonine	PTM-0254	exact	H1 O3 P1	79.98	vocabulary	true
O94875	SORBS2	1	Modified residue	287	287	EXACT	EXACT	Phosphoserine		Phosphoserine	Phosphoserine	PTM-0253	exact	H1 O3 P1	79.98	vocabulary	true
O94875	SORBS2	1	Modified residue	292	292	EXACT	EXACT	Phosphothreonine		Phosphothreonine	Phosphothreonine	PTM-0254	exact	H1 O3 P1	79.98	vocabulary	true
O94875	SORBS2	1	Modified residue	297	297	EXACT	EXACT	Phosphoserine		Phosphoserine	Phosphoserine	PTM-0253	exact	H1 O3 P1	79.98	vocabulary	true
O94875	SORBS2	1	Modified residue	298	298	EXACT	EXACT	Phosphoserine		Phosphoserine	Phosphoserine	PTM-0253	exact	H1 O3 P1	79.98	vocabulary	true
O94875	SORBS2	1	Modified residue	299	299	EXACT	EXACT	Phosphoserine		Phosphoserine	Phosphoserine	PTM-0253	exact	H1 O3 P1	79.98	vocabulary	true
O94875	SORBS2	1	Modified residue	301	301	EXACT	EXACT	Phosphoserine		Phosphoserine	Phosphoserine	PTM-0253	exact	H1 O3 P1	79.98	vocabulary	true
O94875	SORBS2	1	Modified residue	302	302	EXACT	EXACT	Phosphoserine		Phosphoserine	Phosphoserine	PTM-0253	exact	H1 O3 P1	79.98	vocabulary	true
O94875	SORBS2	1	Modified residue	304	304	EXACT	EXACT	Phosphoserine		Phosphoserine	Phosphoserine	PTM-0253	exact	H1 O3 P1	79.98	vocabulary	true
O94875	SORBS2	1	Modified residue	383	383	EXACT	EXACT	Phosphoserine		Phosphoserine	Phosphoserine	PTM-0253	exact	H1 O3 P1	79.98	vocabulary	true
O94875	SORBS2	1	Modified residue	494	494	EXACT	EXACT	Phosphoserine		Phosphoserine	Phosphoserine	PTM-0253	exact	H1 O3 P1	79.98	vocabulary	true
O94875	SORBS2	1	Modified residue	497	497	EXACT	EXACT	Phosphoserine		Phosphoserine	Phosphoserine	PTM-0253	exact	H1 O3 P1	79.98	vocabulary	true
O94875	SORBS2	1	Modified residue	550	550	EXACT	EXACT	Phosphoserine		Phosphoserine	Phosphoserine	PTM-0253	exact	H1 O3 P1	79.98	vocabulary	true
O94875	SORBS2	1	Modified residue	750	750	EXACT	EXACT	Phosphoserine		Phosphoserine	Phosphoserine	PTM-0253	exact	H1 O3 P1	79.98	vocabulary	true
O94875	SORBS2	1	Modified residue	843	843	EXACT	EXACT	Phosphoserine		Phosphoserine	Phosphoserine	PTM-0253	exact	H1 O3 P1	79.98	vocabulary	true
O94875	SORBS2	1	Modified residue	1017	1017	EXACT	EXACT	Phosphoserine		Phosphoserine	Phosphoserine	PTM-0253	exact	H1 O3 P1	79.98	vocabulary	true
O94875	SORBS2	1	Modified residue	1023	1023	EXACT	EXACT	Phosphoserine		Phosphoserine	Phosphoserine	PTM-0253	exact	H1 O3 P1	79.98	vocabulary	true
O94875	SORBS2	1	Modified residue	316	316	EXACT	EXACT	Phosphoserine		Phosphoserine	Phosphoserine	PTM-0253	exact	H1 O3 P1	79.98	vocabulary	true
O94875	SORBS2	1	Modified residue	234	234	EXACT	EXACT	Phosphothreonine		Phosphothreonine	Phosphothreonine	PTM-0254	exact	H1 O3 P1	79.98	vocabulary	true
O94875	SORBS2	1	Modified residue	236	236	EXACT	EXACT	Phosphothreonine		Phosphothreonine	Phosphothreonine	PTM-0254	exact	H1 O3 P1	79.98	vocabulary	true
O94875	SORBS2	1	Modified residue	258	258	EXACT	EXACT	Phosphoserine		Phosphoserine	Phosphoserine	PTM-0253	exact	H1 O3 P1	79.98	vocabulary	true
O94875	SORBS2	1	Modified residue	260	260	EXACT	EXACT	Phosphoserine		Phosphoserine	Phosphoserine	PTM-0253	exact	H1 O3 P1	79.98	vocabulary	true
O94875	SORBS2	1	Modified residue	280	280	EXACT	EXACT	Phosphothreonine		Phosphothreonine	Phosphothreonine	PTM-0254	exact	H1 O3 P1	79.98	vocabulary	true
O94875	SORBS2	1	Modified residue	295	295	EXACT	EXACT	Phosphoserine		Phosphoserine	Phosphoserine	PTM-0253	exact	H1 O3 P1	79.98	vocabulary	true
O94875	SORBS2	1	Modified residue	280	280	EXACT	EXACT	Phosphothreonine		Phosphothreonine	Phosphothreonine	PTM-0254	exact	H1 O3 P1	79.98	vocabulary	true
O94875	SORBS2	1	Modified residue	282	282	EXACT	EXACT	Phosphothreonine		Phosphothreonine	Phosphothreonine	PTM-0254	exact	H1 O3 P1	79.98	vocabulary	true
O94875	SORBS2	1	Modified residue	304	304	EXACT	EXACT	Phosphoserine		Phosphoserine	Phosphoserine	PTM-0253	exact	H1 O3 P1	79.98	vocabulary	true
O94875	SORBS2	1	Modified residue	306	306	EXACT	EXACT	Phosphoserine		Phosphoserine	Phosphoserine	PTM-0253	exact	H1 O3 P1	79.98	vocabulary	true
O94875	SORBS2	1	Modified residue	326	326	EXACT	EXACT	Phosphothreonine		Phosphothreonine	Phosphothreonine	PTM-0254	exact	H1 O3 P1	79.98	vocabulary	true
O94875	SORBS2	1	Modified residue	341	341	EXACT	EXACT	Phosphoserine		Phosphoserine	Phosphoserine	PTM-0253	exact	H1 O3 P1	79.98	vocabulary	true
O94875	SORBS2	1	Modified residue	280	280	EXACT	EXACT	Phosphothreonine		Phosphothreonine	Phosphothreonine	PTM-0254	exact	H1 O3 P1	79.98	vocabulary	true
O94875	SORBS2	1	Modified residue	282	282	EXACT	EXACT	Phosphothreonine		Phosphothreonine	Phosphothreonine	PTM-0254	exact	H1 O3 P1	79.98	vocabulary	true
O94875	SORBS2	1	Modified residue	304	304	EXACT	EXACT	Phosphoserine		Phosphoserine	Phosphoserine	PTM-0253	exact	H1 O3 P1	79.98	vocabulary	true
O94875	SORBS2	1	Modified residue	306	306	EXACT	EXACT	Phosphoserine		Phosphoserine	Phosphoserine	PTM-0253	exact	H1 O3 P1	79.98	vocabulary	true
O94875	SORBS2	1	Modified residue	326	326	EXACT	EXACT	Phosphothreonine		Phosphothreonine	Phosphothreonine	PTM-0254	exact	H1 O3 P1	79.98	vocabulary	true
O94875	SORBS2	1	Modified residue	341	341	EXACT	EXACT	Phosphoserine		Phosphoserine	Phosphoserine	PTM-0253	exact	H1 O3 P1	79.98	vocabulary	true
O94875	SORBS2	1	Modified residue	153	153	EXACT	EXACT	Alanine amide		Alanine amide	Alanine amide	PTM-0057	exact	H1 N1 O-1	-0.98	vocabulary	true
O94875	SORBS2	1	Modified residue	311	311	EXACT	EXACT	Phosphoserine		Phosphoserine	Phosphoserine	PTM-0253	exact	H1 O3 P1	79.98	vocabulary	true
O94875	SORBS2	1	Modified residue	13	13	EXACT	EXACT	Phosphoserine		Phosphoserine	Phosphoserine	PTM-0253	exact	H1 O3 P1	79.98	vocabulary	true
O94875	SORBS2	1	Modified residue	14	14	EXACT	EXACT	Phosphoserine		Phosphoserine	Phosphoserine	PTM-0253	exact	H1 O3 P1	79.98	vocabulary	true
O94875	SORBS2	1	Modified residue	413	413	EXACT	EXACT	Phosphothreonine		Phosphothreonine	Phosphothreonine	PTM-0254	exact	H1 O3 P1	79.98	vocabulary	true
O94875	SORBS2	1	Modified residue	415	415	EXACT	EXACT	Phosphothreonine		Phosphothreonine	Phosphothreonine	PTM-0254	exact	H1 O3 P1	79.98	vocabulary	true
O94875	SORBS2	1	Modified residue	437	437	EXACT	EXACT	Phosphoserine		Phosphoserine	Phosphoserine	PTM-0253	exact	H1 O3 P1	79.98	vocabulary	true
O94875	SORBS2	1	Modified residue	439	439	EXACT	EXACT	Phosphoserine		Phosphoserine	Phosphoserine	PTM-0253	exact	H1 O3 P1	79.98	vocabulary	true
O94875	SORBS2	1	Modified residue	459	459	EXACT	EXACT	Phosphothreonine		Phosphothreonine	Phosphothreonine	PTM-0254	exact	H1 O3 P1	79.98	vocabulary	true
O94875	SORBS2	1	Modified residue	474	474	EXACT	EXACT	Phosphoserine		Phosphoserine	Phosphoserine	PTM-0253	exact	H1 O3 P1	79.98	vocabulary	true
O94875	SORBS2	1	Modified residue	27	27	EXACT	EXACT	Phosphoserine		Phosphoserine	Phosphoserine	PTM-0253	exact	H1 O3 P1	79.98	vocabulary	true
O94875	SORBS2	1	Modified residue	28	28	EXACT	EXACT	Phosphoserine		Phosphoserine	Phosphoserine	PTM-0253	exact	H1 O3 P1	79.98	vocabulary	true
O94875	SORBS2	1	Modified residue	13	13	EXACT	EXACT	Phosphoserine		Phosphoserine	Phosphoserine	PTM-0253	exact	H1 O3 P1	79.98	vocabulary	true
O94875	SORBS2	1	Modified residue	14	14	EXACT	EXACT	Phosphoserine		Phosphoserine	Phosphoserine	PTM-0253	exact	H1 O3 P1	79.98	vocabulary	true
O94875	SORBS2	1	Modified residue	320	320	EXACT	EXACT	Phosphothreonine		Phosphothreonine	Phosphothreonine	PTM-0254	exact	H1 O3 P1	79.98	vocabulary	true
O94875	SORBS2	1	Modified residue	322	322	EXACT	EXACT	Phosphothreonine		Phosphothreonine	Phosphothreonine	PTM-0254	exact	H1 O3 P1	79.98	vocabulary	true
O94875	SORBS2	1	Modified residue	344	344	EXACT	EXACT	Phosphoserine		Phosphoserine	Phosphoserine	PTM-0253	exact	H1 O3 P1	79.98	vocabulary	true
O94875	SORBS2	1	Modified residue	346	346	EXACT	EXACT	Phosphoserine		Phosphoserine	Phosphoserine	PTM-0253	exact	H1 O3 P1	79.98	vocabulary	true
O94875	SORBS2	1	Modified residue	366	366	EXACT	EXACT	Phosphothreonine		Phosphothreonine	Phosphothreonine	PTM-0254	exact	H1 O3 P1	79.98	vocabulary	true
O94875	SORBS2	1	Modified residue	381	381	EXACT	EXACT	Phosphoserine		Phosphoserine	Phosphoserine	PTM-0253	exact	H1 O3 P1	79.98	vocabulary	true
O95393	BMP10	1	Glycosylation	67	67	EXACT	EXACT	N-linked (GlcNAc...) asparagine		N-linked (GlcNAc...) asparagine	N-linked (GlcNAc...) asparagine	PTM-0528	exact			no_mass_in_vocabulary	false
O95393	BMP10	1	Glycosylation	131	131	EXACT	EXACT	N-linked (GlcNAc...) asparagine		N-linked (GlcNAc...) asparagine	N-linked (GlcNAc...) asparagine	PTM-0528	exact			no_mass_in_vocabulary	false
O95393	BMP10	1	Disulfide bond	323	389	EXACT	EXACT						not_in_vocabulary	H-2 (arithmetic)	-2.016	disulfide_arithmetic	true
O95393	BMP10	1	Disulfide bond	352	421	EXACT	EXACT						not_in_vocabulary	H-2 (arithmetic)	-2.016	disulfide_arithmetic	true
O95393	BMP10	1	Disulfide bond	356	423	EXACT	EXACT						not_in_vocabulary	H-2 (arithmetic)	-2.016	disulfide_arithmetic	true
O95393	BMP10	1	Disulfide bond	388	388	EXACT	EXACT	Interchain		Interchain			not_in_vocabulary			interchain_count_only	true
O95425	SVIL	1	Modified residue	50	50	EXACT	EXACT	Phosphoserine		Phosphoserine	Phosphoserine	PTM-0253	exact	H1 O3 P1	79.98	vocabulary	true
O95425	SVIL	1	Modified residue	221	221	EXACT	EXACT	Phosphoserine		Phosphoserine	Phosphoserine	PTM-0253	exact	H1 O3 P1	79.98	vocabulary	true
O95425	SVIL	1	Modified residue	238	238	EXACT	EXACT	Phosphoserine		Phosphoserine	Phosphoserine	PTM-0253	exact	H1 O3 P1	79.98	vocabulary	true
O95425	SVIL	1	Modified residue	240	240	EXACT	EXACT	Phosphothreonine		Phosphothreonine	Phosphothreonine	PTM-0254	exact	H1 O3 P1	79.98	vocabulary	true
O95425	SVIL	1	Modified residue	245	245	EXACT	EXACT	Phosphoserine		Phosphoserine	Phosphoserine	PTM-0253	exact	H1 O3 P1	79.98	vocabulary	true
O95425	SVIL	1	Modified residue	253	253	EXACT	EXACT	Phosphoserine		Phosphoserine	Phosphoserine	PTM-0253	exact	H1 O3 P1	79.98	vocabulary	true
O95425	SVIL	1	Modified residue	259	259	EXACT	EXACT	Phosphoserine		Phosphoserine	Phosphoserine	PTM-0253	exact	H1 O3 P1	79.98	vocabulary	true
O95425	SVIL	1	Modified residue	270	270	EXACT	EXACT	Phosphoserine		Phosphoserine	Phosphoserine	PTM-0253	exact	H1 O3 P1	79.98	vocabulary	true
O95425	SVIL	1	Modified residue	319	319	EXACT	EXACT	Phosphoserine		Phosphoserine	Phosphoserine	PTM-0253	exact	H1 O3 P1	79.98	vocabulary	true
O95425	SVIL	1	Modified residue	673	673	EXACT	EXACT	Phosphoserine		Phosphoserine	Phosphoserine	PTM-0253	exact	H1 O3 P1	79.98	vocabulary	true
O95425	SVIL	1	Modified residue	707	707	EXACT	EXACT	Phosphoserine		Phosphoserine	Phosphoserine	PTM-0253	exact	H1 O3 P1	79.98	vocabulary	true
O95425	SVIL	1	Modified residue	769	769	EXACT	EXACT	Phosphoserine		Phosphoserine	Phosphoserine	PTM-0253	exact	H1 O3 P1	79.98	vocabulary	true
O95425	SVIL	1	Modified residue	850	850	EXACT	EXACT	Phosphotyrosine		Phosphotyrosine	Phosphotyrosine	PTM-0255	exact	H1 O3 P1	79.98	vocabulary	true
O95425	SVIL	1	Modified residue	852	852	EXACT	EXACT	Phosphothreonine		Phosphothreonine	Phosphothreonine	PTM-0254	exact	H1 O3 P1	79.98	vocabulary	true
O95425	SVIL	1	Modified residue	914	914	EXACT	EXACT	Phosphoserine		Phosphoserine	Phosphoserine	PTM-0253	exact	H1 O3 P1	79.98	vocabulary	true
O95425	SVIL	1	Modified residue	920	920	EXACT	EXACT	Phosphoserine		Phosphoserine	Phosphoserine	PTM-0253	exact	H1 O3 P1	79.98	vocabulary	true
O95425	SVIL	1	Modified residue	924	924	EXACT	EXACT	Phosphoserine		Phosphoserine	Phosphoserine	PTM-0253	exact	H1 O3 P1	79.98	vocabulary	true
O95425	SVIL	1	Modified residue	968	968	EXACT	EXACT	Phosphoserine		Phosphoserine	Phosphoserine	PTM-0253	exact	H1 O3 P1	79.98	vocabulary	true
O95425	SVIL	1	Modified residue	1000	1000	EXACT	EXACT	Phosphoserine		Phosphoserine	Phosphoserine	PTM-0253	exact	H1 O3 P1	79.98	vocabulary	true
O95425	SVIL	1	Modified residue	1052	1052	EXACT	EXACT	Phosphoserine		Phosphoserine	Phosphoserine	PTM-0253	exact	H1 O3 P1	79.98	vocabulary	true
O95425	SVIL	1	Modified residue	1111	1111	EXACT	EXACT	Phosphothreonine		Phosphothreonine	Phosphothreonine	PTM-0254	exact	H1 O3 P1	79.98	vocabulary	true
O95425	SVIL	1	Modified residue	1120	1120	EXACT	EXACT	Phosphoserine		Phosphoserine	Phosphoserine	PTM-0253	exact	H1 O3 P1	79.98	vocabulary	true
O95425	SVIL	1	Modified residue	1203	1203	EXACT	EXACT	Omega-N-methylarginine		Omega-N-methylarginine	Omega-N-methylarginine	PTM-0237	exact	C1 H2	14.03	vocabulary	true
O95425	SVIL	1	Modified residue	1225	1225	EXACT	EXACT	Phosphoserine		Phosphoserine	Phosphoserine	PTM-0253	exact	H1 O3 P1	79.98	vocabulary	true
O95425	SVIL	1	Modified residue	1230	1230	EXACT	EXACT	Phosphothreonine		Phosphothreonine	Phosphothreonine	PTM-0254	exact	H1 O3 P1	79.98	vocabulary	true
O95425	SVIL	1	Modified residue	1234	1234	EXACT	EXACT	Phosphoserine		Phosphoserine	Phosphoserine	PTM-0253	exact	H1 O3 P1	79.98	vocabulary	true
O95425	SVIL	1	Modified residue	1322	1322	EXACT	EXACT	Phosphoserine		Phosphoserine	Phosphoserine	PTM-0253	exact	H1 O3 P1	79.98	vocabulary	true
O95425	SVIL	1	Modified residue	1405	1405	EXACT	EXACT	Phosphoserine		Phosphoserine	Phosphoserine	PTM-0253	exact	H1 O3 P1	79.98	vocabulary	true
O95425	SVIL	1	Modified residue	261	261	EXACT	EXACT	Phosphoserine		Phosphoserine	Phosphoserine	PTM-0253	exact	H1 O3 P1	79.98	vocabulary	true
O95425	SVIL	1	Modified residue	270	270	EXACT	EXACT	Phosphoserine		Phosphoserine	Phosphoserine	PTM-0253	exact	H1 O3 P1	79.98	vocabulary	true
O95425	SVIL	1	Modified residue	261	261	EXACT	EXACT	Phosphoserine		Phosphoserine	Phosphoserine	PTM-0253	exact	H1 O3 P1	79.98	vocabulary	true
O95425	SVIL	1	Modified residue	270	270	EXACT	EXACT	Phosphoserine		Phosphoserine	Phosphoserine	PTM-0253	exact	H1 O3 P1	79.98	vocabulary	true
O95479	H6PD	2	Modified residue	20	20	EXACT	EXACT	Pyrrolidone carboxylic acid		Pyrrolidone carboxylic acid	Pyrrolidone carboxylic acid	PTM-0261	exact	H-3 N-1	-17.03	vocabulary	true
O95479	H6PD	2	Modified residue	208	208	EXACT	EXACT	N6-succinyllysine		N6-succinyllysine	N6-succinyllysine	PTM-0438	exact	C4 H4 O3	100.07	vocabulary	true
O95479	H6PD	2	Glycosylation	157	157	EXACT	EXACT	N-linked (GlcNAc...) asparagine		N-linked (GlcNAc...) asparagine	N-linked (GlcNAc...) asparagine	PTM-0528	exact			no_mass_in_vocabulary	true
O95479	H6PD	2	Glycosylation	282	282	EXACT	EXACT	N-linked (GlcNAc...) asparagine		N-linked (GlcNAc...) asparagine	N-linked (GlcNAc...) asparagine	PTM-0528	exact			no_mass_in_vocabulary	true
O95479	H6PD	2	Glycosylation	683	683	EXACT	EXACT	N-linked (GlcNAc...) asparagine		N-linked (GlcNAc...) asparagine	N-linked (GlcNAc...) asparagine	PTM-0528	exact			no_mass_in_vocabulary	true
O95749	GGPS1	1	Modified residue	1	1	EXACT	EXACT	N-acetylmethionine		N-acetylmethionine	N-acetylmethionine	PTM-0205	exact	C2 H2 O1	42.04	vocabulary	true
O95817	BAG3	1	Modified residue	2	2	EXACT	EXACT	N-acetylserine		N-acetylserine	N-acetylserine	PTM-0207	exact	C2 H2 O1	42.04	vocabulary	true
O95817	BAG3	1	Modified residue	136	136	EXACT	EXACT	Phosphoserine		Phosphoserine	Phosphoserine	PTM-0253	exact	H1 O3 P1	79.98	vocabulary	true
O95817	BAG3	1	Modified residue	139	139	EXACT	EXACT	Omega-N-methylarginine		Omega-N-methylarginine	Omega-N-methylarginine	PTM-0237	exact	C1 H2	14.03	vocabulary	true
O95817	BAG3	1	Modified residue	173	173	EXACT	EXACT	Phosphoserine		Phosphoserine	Phosphoserine	PTM-0253	exact	H1 O3 P1	79.98	vocabulary	true
O95817	BAG3	1	Modified residue	198	198	EXACT	EXACT	Phosphoserine		Phosphoserine	Phosphoserine	PTM-0253	exact	H1 O3 P1	79.98	vocabulary	true
O95817	BAG3	1	Modified residue	261	261	EXACT	EXACT	Omega-N-methylarginine		Omega-N-methylarginine	Omega-N-methylarginine	PTM-0237	exact	C1 H2	14.03	vocabulary	true
O95817	BAG3	1	Modified residue	269	269	EXACT	EXACT	Phosphoserine		Phosphoserine	Phosphoserine	PTM-0253	exact	H1 O3 P1	79.98	vocabulary	true
O95817	BAG3	1	Modified residue	274	274	EXACT	EXACT	Phosphoserine		Phosphoserine	Phosphoserine	PTM-0253	exact	H1 O3 P1	79.98	vocabulary	true
O95817	BAG3	1	Modified residue	275	275	EXACT	EXACT	Phosphoserine		Phosphoserine	Phosphoserine	PTM-0253	exact	H1 O3 P1	79.98	vocabulary	true
O95817	BAG3	1	Modified residue	279	279	EXACT	EXACT	Phosphoserine		Phosphoserine	Phosphoserine	PTM-0253	exact	H1 O3 P1	79.98	vocabulary	true
O95817	BAG3	1	Modified residue	285	285	EXACT	EXACT	Phosphothreonine		Phosphothreonine	Phosphothreonine	PTM-0254	exact	H1 O3 P1	79.98	vocabulary	true
O95817	BAG3	1	Modified residue	289	289	EXACT	EXACT	Phosphoserine		Phosphoserine	Phosphoserine	PTM-0253	exact	H1 O3 P1	79.98	vocabulary	true
O95817	BAG3	1	Modified residue	291	291	EXACT	EXACT	Phosphoserine		Phosphoserine	Phosphoserine	PTM-0253	exact	H1 O3 P1	79.98	vocabulary	true
O95817	BAG3	1	Modified residue	377	377	EXACT	EXACT	Phosphoserine		Phosphoserine	Phosphoserine	PTM-0253	exact	H1 O3 P1	79.98	vocabulary	true
O95817	BAG3	1	Modified residue	385	385	EXACT	EXACT	Phosphoserine		Phosphoserine	Phosphoserine	PTM-0253	exact	H1 O3 P1	79.98	vocabulary	true
O95817	BAG3	1	Modified residue	386	386	EXACT	EXACT	Phosphoserine		Phosphoserine	Phosphoserine	PTM-0253	exact	H1 O3 P1	79.98	vocabulary	true
O95817	BAG3	1	Modified residue	406	406	EXACT	EXACT	Phosphothreonine		Phosphothreonine	Phosphothreonine	PTM-0254	exact	H1 O3 P1	79.98	vocabulary	true
O95817	BAG3	1	Cross-link	445	445	EXACT	EXACT	Glycyl lysine isopeptide (Lys-Gly) (interchain with G-Cter in SUMO1); alternate		Glycyl lysine isopeptide (Lys-Gly) (interchain with G-Cter in SUMO1)	Glycyl lysine isopeptide (Lys-Gly) (interchain with G-...)	PTM-0135	wildcard	H-2 O-1	-18.02	vocabulary	true
O95817	BAG3	1	Cross-link	445	445	EXACT	EXACT	Glycyl lysine isopeptide (Lys-Gly) (interchain with G-Cter in SUMO2); alternate		Glycyl lysine isopeptide (Lys-Gly) (interchain with G-Cter in SUMO2)	Glycyl lysine isopeptide (Lys-Gly) (interchain with G-...)	PTM-0135	wildcard	H-2 O-1	-18.02	vocabulary	true
P02144	MB	2	Modified residue	4	4	EXACT	EXACT	Phosphoserine		Phosphoserine	Phosphoserine	PTM-0253	exact	H1 O3 P1	79.98	vocabulary	true
P02144	MB	2	Modified residue	68	68	EXACT	EXACT	Phosphothreonine		Phosphothreonine	Phosphothreonine	PTM-0254	exact	H1 O3 P1	79.98	vocabulary	true
P02511	CRYAB	1	Modified residue	1	1	EXACT	EXACT	N-acetylmethionine		N-acetylmethionine	N-acetylmethionine	PTM-0205	exact	C2 H2 O1	42.04	vocabulary	true
P02511	CRYAB	1	Modified residue	19	19	EXACT	EXACT	Phosphoserine		Phosphoserine	Phosphoserine	PTM-0253	exact	H1 O3 P1	79.98	vocabulary	true
P02511	CRYAB	1	Modified residue	45	45	EXACT	EXACT	Phosphoserine		Phosphoserine	Phosphoserine	PTM-0253	exact	H1 O3 P1	79.98	vocabulary	true
P02511	CRYAB	1	Modified residue	59	59	EXACT	EXACT	Phosphoserine		Phosphoserine	Phosphoserine	PTM-0253	exact	H1 O3 P1	79.98	vocabulary	true
P02511	CRYAB	1	Modified residue	92	92	EXACT	EXACT	N6-acetyllysine; partial		N6-acetyllysine	N6-acetyllysine	PTM-0190	exact	C2 H2 O1	42.04	vocabulary	true
P02511	CRYAB	1	Modified residue	166	166	EXACT	EXACT	N6-acetyllysine		N6-acetyllysine	N6-acetyllysine	PTM-0190	exact	C2 H2 O1	42.04	vocabulary	true
P02511	CRYAB	1	Glycosylation	41	41	EXACT	EXACT	O-linked (GlcNAc) serine		O-linked (GlcNAc) serine	O-linked (GlcNAc) serine	PTM-0580	exact	C8 H13 N1 O5	203.19	vocabulary	true
P02511	CRYAB	1	Glycosylation	170	170	EXACT	EXACT	O-linked (GlcNAc) threonine		O-linked (GlcNAc) threonine	O-linked (GlcNAc) threonine	PTM-0582	exact	C8 H13 N1 O5	203.19	vocabulary	true
P02585	TNNC2	1	Modified residue	2	2	EXACT	EXACT	N-acetylthreonine		N-acetylthreonine	N-acetylthreonine	PTM-0208	exact	C2 H2 O1	42.04	vocabulary	true
P02730	SLC4A1	1	Modified residue	1	1	EXACT	EXACT	N-acetylmethionine		N-acetylmethionine	N-acetylmethionine	PTM-0205	exact	C2 H2 O1	42.04	vocabulary	true
P02730	SLC4A1	1	Modified residue	8	8	EXACT	EXACT	Phosphotyrosine		Phosphotyrosine	Phosphotyrosine	PTM-0255	exact	H1 O3 P1	79.98	vocabulary	true
P02730	SLC4A1	1	Modified residue	21	21	EXACT	EXACT	Phosphotyrosine		Phosphotyrosine	Phosphotyrosine	PTM-0255	exact	H1 O3 P1	79.98	vocabulary	true
P02730	SLC4A1	1	Modified residue	46	46	EXACT	EXACT	Phosphotyrosine		Phosphotyrosine	Phosphotyrosine	PTM-0255	exact	H1 O3 P1	79.98	vocabulary	true
P02730	SLC4A1	1	Modified residue	185	185	EXACT	EXACT	Phosphoserine		Phosphoserine	Phosphoserine	PTM-0253	exact	H1 O3 P1	79.98	vocabulary	true
P02730	SLC4A1	1	Modified residue	350	350	EXACT	EXACT	Phosphoserine		Phosphoserine	Phosphoserine	PTM-0253	exact	H1 O3 P1	79.98	vocabulary	true
P02730	SLC4A1	1	Modified residue	359	359	EXACT	EXACT	Phosphotyrosine		Phosphotyrosine	Phosphotyrosine	PTM-0255	exact	H1 O3 P1	79.98	vocabulary	true
P02730	SLC4A1	1	Modified residue	904	904	EXACT	EXACT	Phosphotyrosine		Phosphotyrosine	Phosphotyrosine	PTM-0255	exact	H1 O3 P1	79.98	vocabulary	true
P02730	SLC4A1	1	Lipidation	843	843	EXACT	EXACT	S-palmitoyl cysteine		S-palmitoyl cysteine	S-palmitoyl cysteine	PTM-0281	exact	C16 H30 O1	238.41	vocabulary	true
P02730	SLC4A1	1	Glycosylation	642	642	EXACT	EXACT	N-linked (GlcNAc...) (complex) asparagine		N-linked (GlcNAc...) (complex) asparagine	N-linked (GlcNAc...) (complex) asparagine	PTM-0529	exact			no_mass_in_vocabulary	true
P04075	ALDOA	1	Modified residue	5	5	EXACT	EXACT	Phosphotyrosine		Phosphotyrosine	Phosphotyrosine	PTM-0255	exact	H1 O3 P1	79.98	vocabulary	true
P04075	ALDOA	1	Modified residue	9	9	EXACT	EXACT	Phosphothreonine		Phosphothreonine	Phosphothreonine	PTM-0254	exact	H1 O3 P1	79.98	vocabulary	true
P04075	ALDOA	1	Modified residue	36	36	EXACT	EXACT	Phosphoserine		Phosphoserine	Phosphoserine	PTM-0253	exact	H1 O3 P1	79.98	vocabulary	true
P04075	ALDOA	1	Modified residue	39	39	EXACT	EXACT	Phosphoserine		Phosphoserine	Phosphoserine	PTM-0253	exact	H1 O3 P1	79.98	vocabulary	true
P04075	ALDOA	1	Modified residue	42	42	EXACT	EXACT	N6-acetyllysine; alternate		N6-acetyllysine	N6-acetyllysine	PTM-0190	exact	C2 H2 O1	42.04	vocabulary	true
P04075	ALDOA	1	Modified residue	46	46	EXACT	EXACT	Phosphoserine		Phosphoserine	Phosphoserine	PTM-0253	exact	H1 O3 P1	79.98	vocabulary	true
P04075	ALDOA	1	Modified residue	99	99	EXACT	EXACT	N6-(2-hydroxyisobutyryl)lysine		N6-(2-hydroxyisobutyryl)lysine	N6-(2-hydroxyisobutyryl)lysine	PTM-0638	exact	C4 H6 O2	86.09	vocabulary	true
P04075	ALDOA	1	Modified residue	108	108	EXACT	EXACT	N6-acetyllysine		N6-acetyllysine	N6-acetyllysine	PTM-0190	exact	C2 H2 O1	42.04	vocabulary	true
P04075	ALDOA	1	Modified residue	111	111	EXACT	EXACT	N6-acetyllysine; alternate		N6-acetyllysine	N6-acetyllysine	PTM-0190	exact	C2 H2 O1	42.04	vocabulary	true
P04075	ALDOA	1	Modified residue	111	111	EXACT	EXACT	N6-malonyllysine; alternate		N6-malonyllysine	N6-malonyllysine	PTM-0467	exact	C3 H2 O3	86.05	vocabulary	true
P04075	ALDOA	1	Modified residue	132	132	EXACT	EXACT	Phosphoserine		Phosphoserine	Phosphoserine	PTM-0253	exact	H1 O3 P1	79.98	vocabulary	true
P04075	ALDOA	1	Modified residue	147	147	EXACT	EXACT	N6-(2-hydroxyisobutyryl)lysine		N6-(2-hydroxyisobutyryl)lysine	N6-(2-hydroxyisobutyryl)lysine	PTM-0638	exact	C4 H6 O2	86.09	vocabulary	true
P04075	ALDOA	1	Modified residue	272	272	EXACT	EXACT	Phosphoserine		Phosphoserine	Phosphoserine	PTM-0253	exact	H1 O3 P1	79.98	vocabulary	true
P04075	ALDOA	1	Modified residue	312	312	EXACT	EXACT	N6-malonyllysine		N6-malonyllysine	N6-malonyllysine	PTM-0467	exact	C3 H2 O3	86.05	vocabulary	true
P04075	ALDOA	1	Modified residue	330	330	EXACT	EXACT	N6-acetyllysine		N6-acetyllysine	N6-acetyllysine	PTM-0190	exact	C2 H2 O1	42.04	vocabulary	true
P04075	ALDOA	1	Cross-link	42	42	EXACT	EXACT	Glycyl lysine isopeptide (Lys-Gly) (interchain with G-Cter in SUMO1); alternate		Glycyl lysine isopeptide (Lys-Gly) (interchain with G-Cter in SUMO1)	Glycyl lysine isopeptide (Lys-Gly) (interchain with G-...)	PTM-0135	wildcard	H-2 O-1	-18.02	vocabulary	true
P04075	ALDOA	1	Cross-link	42	42	EXACT	EXACT	Glycyl lysine isopeptide (Lys-Gly) (interchain with G-Cter in SUMO2); alternate		Glycyl lysine isopeptide (Lys-Gly) (interchain with G-Cter in SUMO2)	Glycyl lysine isopeptide (Lys-Gly) (interchain with G-...)	PTM-0135	wildcard	H-2 O-1	-18.02	vocabulary	true
P04792	HSPB1	1	Modified residue	12	12	EXACT	EXACT	Omega-N-methylarginine		Omega-N-methylarginine	Omega-N-methylarginine	PTM-0237	exact	C1 H2	14.03	vocabulary	true
P04792	HSPB1	1	Modified residue	15	15	EXACT	EXACT	Phosphoserine; by MAPKAPK2 and MAPKAPK3		Phosphoserine	Phosphoserine	PTM-0253	exact	H1 O3 P1	79.98	vocabulary	true
P04792	HSPB1	1	Modified residue	26	26	EXACT	EXACT	Phosphoserine		Phosphoserine	Phosphoserine	PTM-0253	exact	H1 O3 P1	79.98	vocabulary	true
P04792	HSPB1	1	Modified residue	65	65	EXACT	EXACT	Phosphoserine		Phosphoserine	Phosphoserine	PTM-0253	exact	H1 O3 P1	79.98	vocabulary	true
P04792	HSPB1	1	Modified residue	78	78	EXACT	EXACT	Phosphoserine; by MAPKAPK2, MAPKAPK3 and MAPKAPK5		Phosphoserine	Phosphoserine	PTM-0253	exact	H1 O3 P1	79.98	vocabulary	true
P04792	HSPB1	1	Modified residue	82	82	EXACT	EXACT	Phosphoserine; by MAPKAPK2, MAPKAPK3 and MAPKAPK5		Phosphoserine	Phosphoserine	PTM-0253	exact	H1 O3 P1	79.98	vocabulary	true
P04792	HSPB1	1	Modified residue	83	83	EXACT	EXACT	Phosphoserine		Phosphoserine	Phosphoserine	PTM-0253	exact	H1 O3 P1	79.98	vocabulary	true
P04792	HSPB1	1	Modified residue	86	86	EXACT	EXACT	Phosphoserine		Phosphoserine	Phosphoserine	PTM-0253	exact	H1 O3 P1	79.98	vocabulary	true
P04792	HSPB1	1	Modified residue	98	98	EXACT	EXACT	Phosphoserine		Phosphoserine	Phosphoserine	PTM-0253	exact	H1 O3 P1	79.98	vocabulary	true
P04792	HSPB1	1	Modified residue	123	123	EXACT	EXACT	N6-acetyllysine		N6-acetyllysine	N6-acetyllysine	PTM-0190	exact	C2 H2 O1	42.04	vocabulary	true
P04792	HSPB1	1	Modified residue	174	174	EXACT	EXACT	Phosphothreonine		Phosphothreonine	Phosphothreonine	PTM-0254	exact	H1 O3 P1	79.98	vocabulary	true
P04792	HSPB1	1	Modified residue	176	176	EXACT	EXACT	Phosphoserine		Phosphoserine	Phosphoserine	PTM-0253	exact	H1 O3 P1	79.98	vocabulary	true
P04792	HSPB1	1	Modified residue	199	199	EXACT	EXACT	Phosphoserine		Phosphoserine	Phosphoserine	PTM-0253	exact	H1 O3 P1	79.98	vocabulary	true
P05413	FABP3	2	Modified residue	2	2	EXACT	EXACT	N-acetylvaline		N-acetylvaline	N-acetylvaline	PTM-0210	exact	C2 H2 O1	42.04	vocabulary	true
P05413	FABP3	2	Modified residue	8	8	EXACT	EXACT	Phosphothreonine		Phosphothreonine	Phosphothreonine	PTM-0254	exact	H1 O3 P1	79.98	vocabulary	true
P05413	FABP3	2	Modified residue	20	20	EXACT	EXACT	Phosphotyrosine; by Tyr-kinases		Phosphotyrosine	Phosphotyrosine	PTM-0255	exact	H1 O3 P1	79.98	vocabulary	true
P05413	FABP3	2	Modified residue	23	23	EXACT	EXACT	Phosphoserine		Phosphoserine	Phosphoserine	PTM-0253	exact	H1 O3 P1	79.98	vocabulary	true
P05413	FABP3	2	Modified residue	30	30	EXACT	EXACT	Phosphothreonine		Phosphothreonine	Phosphothreonine	PTM-0254	exact	H1 O3 P1	79.98	vocabulary	true
P05413	FABP3	2	Modified residue	83	83	EXACT	EXACT	Phosphoserine		Phosphoserine	Phosphoserine	PTM-0253	exact	H1 O3 P1	79.98	vocabulary	true
P05787	KRT8	1	Modified residue	9	9	EXACT	EXACT	Phosphoserine; by PKC/PRKCE		Phosphoserine	Phosphoserine	PTM-0253	exact	H1 O3 P1	79.98	vocabulary	true
P05787	KRT8	1	Modified residue	13	13	EXACT	EXACT	Phosphoserine		Phosphoserine	Phosphoserine	PTM-0253	exact	H1 O3 P1	79.98	vocabulary	true
P05787	KRT8	1	Modified residue	15	15	EXACT	EXACT	Phosphoserine		Phosphoserine	Phosphoserine	PTM-0253	exact	H1 O3 P1	79.98	vocabulary	true
P05787	KRT8	1	Modified residue	21	21	EXACT	EXACT	Phosphoserine		Phosphoserine	Phosphoserine	PTM-0253	exact	H1 O3 P1	79.98	vocabulary	true
P05787	KRT8	1	Modified residue	22	22	EXACT	EXACT	Phosphoserine		Phosphoserine	Phosphoserine	PTM-0253	exact	H1 O3 P1	79.98	vocabulary	true
P05787	KRT8	1	Modified residue	23	23	EXACT	EXACT	Omega-N-methylarginine		Omega-N-methylarginine	Omega-N-methylarginine	PTM-0237	exact	C1 H2	14.03	vocabulary	true
P05787	KRT8	1	Modified residue	24	24	EXACT	EXACT	Phosphoserine; by PKC/PRKCE		Phosphoserine	Phosphoserine	PTM-0253	exact	H1 O3 P1	79.98	vocabulary	true
P05787	KRT8	1	Modified residue	26	26	EXACT	EXACT	Phosphothreonine		Phosphothreonine	Phosphothreonine	PTM-0254	exact	H1 O3 P1	79.98	vocabulary	true
P05787	KRT8	1	Modified residue	27	27	EXACT	EXACT	Phosphoserine		Phosphoserine	Phosphoserine	PTM-0253	exact	H1 O3 P1	79.98	vocabulary	true
P05787	KRT8	1	Modified residue	31	31	EXACT	EXACT	Phosphoserine		Phosphoserine	Phosphoserine	PTM-0253	exact	H1 O3 P1	79.98	vocabulary	true
P05787	KRT8	1	Modified residue	32	32	EXACT	EXACT	Omega-N-methylarginine		Omega-N-methylarginine	Omega-N-methylarginine	PTM-0237	exact	C1 H2	14.03	vocabulary	true
P05787	KRT8	1	Modified residue	34	34	EXACT	EXACT	Phosphoserine		Phosphoserine	Phosphoserine	PTM-0253	exact	H1 O3 P1	79.98	vocabulary	true
P05787	KRT8	1	Modified residue	37	37	EXACT	EXACT	Phosphoserine		Phosphoserine	Phosphoserine	PTM-0253	exact	H1 O3 P1	79.98	vocabulary	true
P05787	KRT8	1	Modified residue	39	39	EXACT	EXACT	Phosphoserine		Phosphoserine	Phosphoserine	PTM-0253	exact	H1 O3 P1	79.98	vocabulary	true
P05787	KRT8	1	Modified residue	40	40	EXACT	EXACT	Omega-N-methylarginine		Omega-N-methylarginine	Omega-N-methylarginine	PTM-0237	exact	C1 H2	14.03	vocabulary	true
P05787	KRT8	1	Modified residue	43	43	EXACT	EXACT	Phosphoserine		Phosphoserine	Phosphoserine	PTM-0253	exact	H1 O3 P1	79.98	vocabulary	true
P05787	KRT8	1	Modified residue	44	44	EXACT	EXACT	Phosphoserine		Phosphoserine	Phosphoserine	PTM-0253	exact	H1 O3 P1	79.98	vocabulary	true
P05787	KRT8	1	Modified residue	47	47	EXACT	EXACT	Asymmetric dimethylarginine; alternate		Asymmetric dimethylarginine	Asymmetric dimethylarginine	PTM-0066	exact	C2 H4	28.05	vocabulary	true
P05787	KRT8	1	Modified residue	47	47	EXACT	EXACT	Omega-N-methylarginine; alternate		Omega-N-methylarginine	Omega-N-methylarginine	PTM-0237	exact	C1 H2	14.03	vocabulary	true
P05787	KRT8	1	Modified residue	74	74	EXACT	EXACT	Phosphoserine; by MAPK		Phosphoserine	Phosphoserine	PTM-0253	exact	H1 O3 P1	79.98	vocabulary	true
P05787	KRT8	1	Modified residue	101	101	EXACT	EXACT	N6-malonyllysine		N6-malonyllysine	N6-malonyllysine	PTM-0467	exact	C3 H2 O3	86.05	vocabulary	true
P05787	KRT8	1	Modified residue	207	207	EXACT	EXACT	N6-acetyllysine		N6-acetyllysine	N6-acetyllysine	PTM-0190	exact	C2 H2 O1	42.04	vocabulary	true
P05787	KRT8	1	Modified residue	228	228	EXACT	EXACT	Phosphotyrosine		Phosphotyrosine	Phosphotyrosine	PTM-0255	exact	H1 O3 P1	79.98	vocabulary	true
P05787	KRT8	1	Modified residue	253	253	EXACT	EXACT	Phosphoserine		Phosphoserine	Phosphoserine	PTM-0253	exact	H1 O3 P1	79.98	vocabulary	true
P05787	KRT8	1	Modified residue	258	258	EXACT	EXACT	Phosphoserine		Phosphoserine	Phosphoserine	PTM-0253	exact	H1 O3 P1	79.98	vocabulary	true
P05787	KRT8	1	Modified residue	274	274	EXACT	EXACT	Phosphoserine		Phosphoserine	Phosphoserine	PTM-0253	exact	H1 O3 P1	79.98	vocabulary	true
P05787	KRT8	1	Modified residue	291	291	EXACT	EXACT	Phosphoserine		Phosphoserine	Phosphoserine	PTM-0253	exact	H1 O3 P1	79.98	vocabulary	true
P05787	KRT8	1	Modified residue	295	295	EXACT	EXACT	N6-acetyllysine; alternate		N6-acetyllysine	N6-acetyllysine	PTM-0190	exact	C2 H2 O1	42.04	vocabulary	true
P05787	KRT8	1	Modified residue	325	325	EXACT	EXACT	N6-acetyllysine; alternate		N6-acetyllysine	N6-acetyllysine	PTM-0190	exact	C2 H2 O1	42.04	vocabulary	true
P05787	KRT8	1	Modified residue	330	330	EXACT	EXACT	Phosphoserine		Phosphoserine	Phosphoserine	PTM-0253	exact	H1 O3 P1	79.98	vocabulary	true
P05787	KRT8	1	Modified residue	400	400	EXACT	EXACT	Phosphoserine		Phosphoserine	Phosphoserine	PTM-0253	exact	H1 O3 P1	79.98	vocabulary	true
P05787	KRT8	1	Modified residue	404	404	EXACT	EXACT	Phosphoserine		Phosphoserine	Phosphoserine	PTM-0253	exact	H1 O3 P1	79.98	vocabulary	true
P05787	KRT8	1	Modified residue	410	410	EXACT	EXACT	Phosphoserine		Phosphoserine	Phosphoserine	PTM-0253	exact	H1 O3 P1	79.98	vocabulary	true
P05787	KRT8	1	Modified residue	417	417	EXACT	EXACT	Phosphoserine		Phosphoserine	Phosphoserine	PTM-0253	exact	H1 O3 P1	79.98	vocabulary	true
P05787	KRT8	1	Modified residue	424	424	EXACT	EXACT	Phosphoserine		Phosphoserine	Phosphoserine	PTM-0253	exact	H1 O3 P1	79.98	vocabulary	true
P05787	KRT8	1	Modified residue	432	432	EXACT	EXACT	Phosphoserine; by CaMK2 and MAPK		Phosphoserine	Phosphoserine	PTM-0253	exact	H1 O3 P1	79.98	vocabulary	true
P05787	KRT8	1	Modified residue	475	475	EXACT	EXACT	Phosphoserine		Phosphoserine	Phosphoserine	PTM-0253	exact	H1 O3 P1	79.98	vocabulary	true
P05787	KRT8	1	Modified residue	477	477	EXACT	EXACT	Phosphoserine		Phosphoserine	Phosphoserine	PTM-0253	exact	H1 O3 P1	79.98	vocabulary	true
P05787	KRT8	1	Modified residue	478	478	EXACT	EXACT	Phosphoserine		Phosphoserine	Phosphoserine	PTM-0253	exact	H1 O3 P1	79.98	vocabulary	true
P05787	KRT8	1	Cross-link	11	11	EXACT	EXACT	Glycyl lysine isopeptide (Lys-Gly) (interchain with G-Cter in SUMO2)		Glycyl lysine isopeptide (Lys-Gly) (interchain with G-Cter in SUMO2)	Glycyl lysine isopeptide (Lys-Gly) (interchain with G-...)	PTM-0135	wildcard	H-2 O-1	-18.02	vocabulary	true
P05787	KRT8	1	Cross-link	122	122	EXACT	EXACT	Glycyl lysine isopeptide (Lys-Gly) (interchain with G-Cter in SUMO2)		Glycyl lysine isopeptide (Lys-Gly) (interchain with G-Cter in SUMO2)	Glycyl lysine isopeptide (Lys-Gly) (interchain with G-...)	PTM-0135	wildcard	H-2 O-1	-18.02	vocabulary	true
P05787	KRT8	1	Cross-link	130	130	EXACT	EXACT	Glycyl lysine isopeptide (Lys-Gly) (interchain with G-Cter in SUMO2)		Glycyl lysine isopeptide (Lys-Gly) (interchain with G-Cter in SUMO2)	Glycyl lysine isopeptide (Lys-Gly) (interchain with G-...)	PTM-0135	wildcard	H-2 O-1	-18.02	vocabulary	true
P05787	KRT8	1	Cross-link	197	197	EXACT	EXACT	Glycyl lysine isopeptide (Lys-Gly) (interchain with G-Cter in SUMO1); alternate		Glycyl lysine isopeptide (Lys-Gly) (interchain with G-Cter in SUMO1)	Glycyl lysine isopeptide (Lys-Gly) (interchain with G-...)	PTM-0135	wildcard	H-2 O-1	-18.02	vocabulary	true
P05787	KRT8	1	Cross-link	197	197	EXACT	EXACT	Glycyl lysine isopeptide (Lys-Gly) (interchain with G-Cter in SUMO2); alternate		Glycyl lysine isopeptide (Lys-Gly) (interchain with G-Cter in SUMO2)	Glycyl lysine isopeptide (Lys-Gly) (interchain with G-...)	PTM-0135	wildcard	H-2 O-1	-18.02	vocabulary	true
P05787	KRT8	1	Cross-link	264	264	EXACT	EXACT	Glycyl lysine isopeptide (Lys-Gly) (interchain with G-Cter in SUMO2)		Glycyl lysine isopeptide (Lys-Gly) (interchain with G-Cter in SUMO2)	Glycyl lysine isopeptide (Lys-Gly) (interchain with G-...)	PTM-0135	wildcard	H-2 O-1	-18.02	vocabulary	true
P05787	KRT8	1	Cross-link	285	285	EXACT	EXACT	Glycyl lysine isopeptide (Lys-Gly) (interchain with G-Cter in SUMO2)		Glycyl lysine isopeptide (Lys-Gly) (interchain with G-Cter in SUMO2)	Glycyl lysine isopeptide (Lys-Gly) (interchain with G-...)	PTM-0135	wildcard	H-2 O-1	-18.02	vocabulary	true
P05787	KRT8	1	Cross-link	295	295	EXACT	EXACT	Glycyl lysine isopeptide (Lys-Gly) (interchain with G-Cter in SUMO2); alternate		Glycyl lysine isopeptide (Lys-Gly) (interchain with G-Cter in SUMO2)	Glycyl lysine isopeptide (Lys-Gly) (interchain with G-...)	PTM-0135	wildcard	H-2 O-1	-18.02	vocabulary	true
P05787	KRT8	1	Cross-link	304	304	EXACT	EXACT	Glycyl lysine isopeptide (Lys-Gly) (interchain with G-Cter in SUMO2)		Glycyl lysine isopeptide (Lys-Gly) (interchain with G-Cter in SUMO2)	Glycyl lysine isopeptide (Lys-Gly) (interchain with G-...)	PTM-0135	wildcard	H-2 O-1	-18.02	vocabulary	true
P05787	KRT8	1	Cross-link	325	325	EXACT	EXACT	Glycyl lysine isopeptide (Lys-Gly) (interchain with G-Cter in SUMO2); alternate		Glycyl lysine isopeptide (Lys-Gly) (interchain with G-Cter in SUMO2)	Glycyl lysine isopeptide (Lys-Gly) (interchain with G-...)	PTM-0135	wildcard	H-2 O-1	-18.02	vocabulary	true
P05787	KRT8	1	Cross-link	393	393	EXACT	EXACT	Glycyl lysine isopeptide (Lys-Gly) (interchain with G-Cter in SUMO2)		Glycyl lysine isopeptide (Lys-Gly) (interchain with G-Cter in SUMO2)	Glycyl lysine isopeptide (Lys-Gly) (interchain with G-...)	PTM-0135	wildcard	H-2 O-1	-18.02	vocabulary	true
P05787	KRT8	1	Cross-link	472	472	EXACT	EXACT	Glycyl lysine isopeptide (Lys-Gly) (interchain with G-Cter in SUMO1); alternate		Glycyl lysine isopeptide (Lys-Gly) (interchain with G-Cter in SUMO1)	Glycyl lysine isopeptide (Lys-Gly) (interchain with G-...)	PTM-0135	wildcard	H-2 O-1	-18.02	vocabulary	true
P05787	KRT8	1	Cross-link	472	472	EXACT	EXACT	Glycyl lysine isopeptide (Lys-Gly) (interchain with G-Cter in SUMO2); alternate		Glycyl lysine isopeptide (Lys-Gly) (interchain with G-Cter in SUMO2)	Glycyl lysine isopeptide (Lys-Gly) (interchain with G-...)	PTM-0135	wildcard	H-2 O-1	-18.02	vocabulary	true
P05976	MYL1	1	Modified residue	2	2	EXACT	EXACT	N,N,N-trimethylalanine		N,N,N-trimethylalanine	N,N,N-trimethylalanine	PTM-0177	exact	C3 H7	43.09	vocabulary	true
P05976	MYL1	1	Modified residue	71	71	EXACT	EXACT	Phosphothreonine		Phosphothreonine	Phosphothreonine	PTM-0254	exact	H1 O3 P1	79.98	vocabulary	true
P05976	MYL1	1	Modified residue	73	73	EXACT	EXACT	Phosphoserine		Phosphoserine	Phosphoserine	PTM-0253	exact	H1 O3 P1	79.98	vocabulary	true
P05976	MYL1	1	Modified residue	87	87	EXACT	EXACT	Phosphothreonine		Phosphothreonine	Phosphothreonine	PTM-0254	exact	H1 O3 P1	79.98	vocabulary	true
P05976	MYL1	1	Modified residue	99	99	EXACT	EXACT	Phosphoserine		Phosphoserine	Phosphoserine	PTM-0253	exact	H1 O3 P1	79.98	vocabulary	true
P05976	MYL1	1	Modified residue	2	2	EXACT	EXACT	N-acetylalanine		N-acetylalanine	N-acetylalanine	PTM-0199	exact	C2 H2 O1	42.04	vocabulary	true
P06396	GSN	2	Modified residue	86	86	EXACT	EXACT	Phosphotyrosine; by SRC; in vitro		Phosphotyrosine	Phosphotyrosine	PTM-0255	exact	H1 O3 P1	79.98	vocabulary	true
P06396	GSN	2	Modified residue	409	409	EXACT	EXACT	Phosphotyrosine; by SRC; in vitro		Phosphotyrosine	Phosphotyrosine	PTM-0255	exact	H1 O3 P1	79.98	vocabulary	true
P06396	GSN	2	Modified residue	465	465	EXACT	EXACT	Phosphotyrosine; by SRC		Phosphotyrosine	Phosphotyrosine	PTM-0255	exact	H1 O3 P1	79.98	vocabulary	true
P06396	GSN	2	Modified residue	584	584	EXACT	EXACT	N6-acetyllysine		N6-acetyllysine	N6-acetyllysine	PTM-0190	exact	C2 H2 O1	42.04	vocabulary	true
P06396	GSN	2	Modified residue	603	603	EXACT	EXACT	Phosphotyrosine; by SRC; in vitro		Phosphotyrosine	Phosphotyrosine	PTM-0255	exact	H1 O3 P1	79.98	vocabulary	true
P06396	GSN	2	Modified residue	651	651	EXACT	EXACT	Phosphotyrosine; by SRC; in vitro		Phosphotyrosine	Phosphotyrosine	PTM-0255	exact	H1 O3 P1	79.98	vocabulary	true
P06396	GSN	2	Modified residue	742	742	EXACT	EXACT	Phosphothreonine		Phosphothreonine	Phosphothreonine	PTM-0254	exact	H1 O3 P1	79.98	vocabulary	true
P06396	GSN	2	Disulfide bond	215	228	EXACT	EXACT	In isoform 1		In isoform 1			not_in_vocabulary	H-2 (arithmetic)	-2.016	disulfide_arithmetic	true
P06733	ENO1	1	Modified residue	2	2	EXACT	EXACT	N-acetylserine		N-acetylserine	N-acetylserine	PTM-0207	exact	C2 H2 O1	42.04	vocabulary	true
P06733	ENO1	1	Modified residue	5	5	EXACT	EXACT	N6-acetyllysine		N6-acetyllysine	N6-acetyllysine	PTM-0190	exact	C2 H2 O1	42.04	vocabulary	true
P06733	ENO1	1	Modified residue	27	27	EXACT	EXACT	Phosphoserine		Phosphoserine	Phosphoserine	PTM-0253	exact	H1 O3 P1	79.98	vocabulary	true
P06733	ENO1	1	Modified residue	44	44	EXACT	EXACT	Phosphotyrosine		Phosphotyrosine	Phosphotyrosine	PTM-0255	exact	H1 O3 P1	79.98	vocabulary	true
P06733	ENO1	1	Modified residue	60	60	EXACT	EXACT	N6-acetyllysine; alternate		N6-acetyllysine	N6-acetyllysine	PTM-0190	exact	C2 H2 O1	42.04	vocabulary	true
P06733	ENO1	1	Modified residue	60	60	EXACT	EXACT	N6-succinyllysine; alternate		N6-succinyllysine	N6-succinyllysine	PTM-0438	exact	C4 H4 O3	100.07	vocabulary	true
P06733	ENO1	1	Modified residue	64	64	EXACT	EXACT	N6-acetyllysine		N6-acetyllysine	N6-acetyllysine	PTM-0190	exact	C2 H2 O1	42.04	vocabulary	true
P06733	ENO1	1	Modified residue	71	71	EXACT	EXACT	N6-acetyllysine		N6-acetyllysine	N6-acetyllysine	PTM-0190	exact	C2 H2 O1	42.04	vocabulary	true
P06733	ENO1	1	Modified residue	89	89	EXACT	EXACT	N6-acetyllysine; alternate		N6-acetyllysine	N6-acetyllysine	PTM-0190	exact	C2 H2 O1	42.04	vocabulary	true
P06733	ENO1	1	Modified residue	89	89	EXACT	EXACT	N6-succinyllysine; alternate		N6-succinyllysine	N6-succinyllysine	PTM-0438	exact	C4 H4 O3	100.07	vocabulary	true
P06733	ENO1	1	Modified residue	92	92	EXACT	EXACT	N6-acetyllysine		N6-acetyllysine	N6-acetyllysine	PTM-0190	exact	C2 H2 O1	42.04	vocabulary	true
P06733	ENO1	1	Modified residue	126	126	EXACT	EXACT	N6-acetyllysine		N6-acetyllysine	N6-acetyllysine	PTM-0190	exact	C2 H2 O1	42.04	vocabulary	true
P06733	ENO1	1	Modified residue	193	193	EXACT	EXACT	N6-acetyllysine		N6-acetyllysine	N6-acetyllysine	PTM-0190	exact	C2 H2 O1	42.04	vocabulary	true
P06733	ENO1	1	Modified residue	199	199	EXACT	EXACT	N6-acetyllysine		N6-acetyllysine	N6-acetyllysine	PTM-0190	exact	C2 H2 O1	42.04	vocabulary	true
P06733	ENO1	1	Modified residue	202	202	EXACT	EXACT	N6-acetyllysine; alternate		N6-acetyllysine	N6-acetyllysine	PTM-0190	exact	C2 H2 O1	42.04	vocabulary	true
P06733	ENO1	1	Modified residue	228	228	EXACT	EXACT	N6-(2-hydroxyisobutyryl)lysine; alternate		N6-(2-hydroxyisobutyryl)lysine	N6-(2-hydroxyisobutyryl)lysine	PTM-0638	exact	C4 H6 O2	86.09	vocabulary	true
P06733	ENO1	1	Modified residue	228	228	EXACT	EXACT	N6-acetyllysine; alternate		N6-acetyllysine	N6-acetyllysine	PTM-0190	exact	C2 H2 O1	42.04	vocabulary	true
P06733	ENO1	1	Modified residue	228	228	EXACT	EXACT	N6-succinyllysine; alternate		N6-succinyllysine	N6-succinyllysine	PTM-0438	exact	C4 H4 O3	100.07	vocabulary	true
P06733	ENO1	1	Modified residue	233	233	EXACT	EXACT	N6-acetyllysine; alternate		N6-acetyllysine	N6-acetyllysine	PTM-0190	exact	C2 H2 O1	42.04	vocabulary	true
P06733	ENO1	1	Modified residue	233	233	EXACT	EXACT	N6-malonyllysine; alternate		N6-malonyllysine	N6-malonyllysine	PTM-0467	exact	C3 H2 O3	86.05	vocabulary	true
P06733	ENO1	1	Modified residue	254	254	EXACT	EXACT	Phosphoserine		Phosphoserine	Phosphoserine	PTM-0253	exact	H1 O3 P1	79.98	vocabulary	true
P06733	ENO1	1	Modified residue	256	256	EXACT	EXACT	N6-acetyllysine		N6-acetyllysine	N6-acetyllysine	PTM-0190	exact	C2 H2 O1	42.04	vocabulary	true
P06733	ENO1	1	Modified residue	263	263	EXACT	EXACT	Phosphoserine		Phosphoserine	Phosphoserine	PTM-0253	exact	H1 O3 P1	79.98	vocabulary	true
P06733	ENO1	1	Modified residue	272	272	EXACT	EXACT	Phosphoserine		Phosphoserine	Phosphoserine	PTM-0253	exact	H1 O3 P1	79.98	vocabulary	true
P06733	ENO1	1	Modified residue	281	281	EXACT	EXACT	N6-(2-hydroxyisobutyryl)lysine; alternate		N6-(2-hydroxyisobutyryl)lysine	N6-(2-hydroxyisobutyryl)lysine	PTM-0638	exact	C4 H6 O2	86.09	vocabulary	true
P06733	ENO1	1	Modified residue	281	281	EXACT	EXACT	N6-acetyllysine; alternate		N6-acetyllysine	N6-acetyllysine	PTM-0190	exact	C2 H2 O1	42.04	vocabulary	true
P06733	ENO1	1	Modified residue	285	285	EXACT	EXACT	N6-acetyllysine		N6-acetyllysine	N6-acetyllysine	PTM-0190	exact	C2 H2 O1	42.04	vocabulary	true
P06733	ENO1	1	Modified residue	287	287	EXACT	EXACT	Phosphotyrosine		Phosphotyrosine	Phosphotyrosine	PTM-0255	exact	H1 O3 P1	79.98	vocabulary	true
P06733	ENO1	1	Modified residue	291	291	EXACT	EXACT	Phosphoserine		Phosphoserine	Phosphoserine	PTM-0253	exact	H1 O3 P1	79.98	vocabulary	true
P06733	ENO1	1	Modified residue	335	335	EXACT	EXACT	N6-acetyllysine		N6-acetyllysine	N6-acetyllysine	PTM-0190	exact	C2 H2 O1	42.04	vocabulary	true
P06733	ENO1	1	Modified residue	343	343	EXACT	EXACT	N6-acetyllysine		N6-acetyllysine	N6-acetyllysine	PTM-0190	exact	C2 H2 O1	42.04	vocabulary	true
P06733	ENO1	1	Modified residue	406	406	EXACT	EXACT	N6-acetyllysine		N6-acetyllysine	N6-acetyllysine	PTM-0190	exact	C2 H2 O1	42.04	vocabulary	true
P06733	ENO1	1	Modified residue	420	420	EXACT	EXACT	N6-acetyllysine; alternate		N6-acetyllysine	N6-acetyllysine	PTM-0190	exact	C2 H2 O1	42.04	vocabulary	true
P06733	ENO1	1	Modified residue	420	420	EXACT	EXACT	N6-malonyllysine; alternate		N6-malonyllysine	N6-malonyllysine	PTM-0467	exact	C3 H2 O3	86.05	vocabulary	true
P06733	ENO1	1	Modified residue	420	420	EXACT	EXACT	N6-succinyllysine; alternate		N6-succinyllysine	N6-succinyllysine	PTM-0438	exact	C4 H4 O3	100.07	vocabulary	true
P06733	ENO1	1	Cross-link	202	202	EXACT	EXACT	Glycyl lysine isopeptide (Lys-Gly) (interchain with G-Cter in SUMO2); alternate		Glycyl lysine isopeptide (Lys-Gly) (interchain with G-Cter in SUMO2)	Glycyl lysine isopeptide (Lys-Gly) (interchain with G-...)	PTM-0135	wildcard	H-2 O-1	-18.02	vocabulary	true
P06753	TPM3	1	Modified residue	2	2	EXACT	EXACT	N-acetylmethionine		N-acetylmethionine	N-acetylmethionine	PTM-0205	exact	C2 H2 O1	42.04	vocabulary	true
P06753	TPM3	1	Modified residue	54	54	EXACT	EXACT	Phosphothreonine		Phosphothreonine	Phosphothreonine	PTM-0254	exact	H1 O3 P1	79.98	vocabulary	true
P06753	TPM3	1	Modified residue	62	62	EXACT	EXACT	Phosphoserine		Phosphoserine	Phosphoserine	PTM-0253	exact	H1 O3 P1	79.98	vocabulary	true
P06753	TPM3	1	Modified residue	88	88	EXACT	EXACT	Phosphoserine		Phosphoserine	Phosphoserine	PTM-0253	exact	H1 O3 P1	79.98	vocabulary	true
P06753	TPM3	1	Modified residue	109	109	EXACT	EXACT	Phosphothreonine		Phosphothreonine	Phosphothreonine	PTM-0254	exact	H1 O3 P1	79.98	vocabulary	true
P06753	TPM3	1	Modified residue	207	207	EXACT	EXACT	Phosphoserine		Phosphoserine	Phosphoserine	PTM-0253	exact	H1 O3 P1	79.98	vocabulary	true
P06753	TPM3	1	Modified residue	216	216	EXACT	EXACT	Phosphoserine		Phosphoserine	Phosphoserine	PTM-0253	exact	H1 O3 P1	79.98	vocabulary	true
P06753	TPM3	1	Modified residue	253	253	EXACT	EXACT	Phosphothreonine		Phosphothreonine	Phosphothreonine	PTM-0254	exact	H1 O3 P1	79.98	vocabulary	true
P06753	TPM3	1	Modified residue	262	262	EXACT	EXACT	Phosphotyrosine		Phosphotyrosine	Phosphotyrosine	PTM-0255	exact	H1 O3 P1	79.98	vocabulary	true
P06753	TPM3	1	Modified residue	272	272	EXACT	EXACT	Phosphoserine		Phosphoserine	Phosphoserine	PTM-0253	exact	H1 O3 P1	79.98	vocabulary	true
P06753	TPM3	1	Modified residue	283	283	EXACT	EXACT	Phosphothreonine		Phosphothreonine	Phosphothreonine	PTM-0254	exact	H1 O3 P1	79.98	vocabulary	true
P06753	TPM3	1	Modified residue	284	284	EXACT	EXACT	Phosphoserine		Phosphoserine	Phosphoserine	PTM-0253	exact	H1 O3 P1	79.98	vocabulary	true
P06753	TPM3	1	Modified residue	2	2	EXACT	EXACT	N-acetylalanine		N-acetylalanine	N-acetylalanine	PTM-0199	exact	C2 H2 O1	42.04	vocabulary	true
P06753	TPM3	1	Modified residue	177	177	EXACT	EXACT	N6-acetyllysine		N6-acetyllysine	N6-acetyllysine	PTM-0190	exact	C2 H2 O1	42.04	vocabulary	true
P06753	TPM3	1	Modified residue	215	215	EXACT	EXACT	N6-acetyllysine		N6-acetyllysine	N6-acetyllysine	PTM-0190	exact	C2 H2 O1	42.04	vocabulary	true
P06753	TPM3	1	Modified residue	2	2	EXACT	EXACT	N-acetylalanine		N-acetylalanine	N-acetylalanine	PTM-0199	exact	C2 H2 O1	42.04	vocabulary	true
P06753	TPM3	1	Modified residue	177	177	EXACT	EXACT	N6-acetyllysine		N6-acetyllysine	N6-acetyllysine	PTM-0190	exact	C2 H2 O1	42.04	vocabulary	true
P06753	TPM3	1	Modified residue	215	215	EXACT	EXACT	N6-acetyllysine		N6-acetyllysine	N6-acetyllysine	PTM-0190	exact	C2 H2 O1	42.04	vocabulary	true
P06753	TPM3	1	Modified residue	177	177	EXACT	EXACT	N6-acetyllysine		N6-acetyllysine	N6-acetyllysine	PTM-0190	exact	C2 H2 O1	42.04	vocabulary	true
P06753	TPM3	1	Modified residue	125	125	EXACT	EXACT	N6-acetyllysine		N6-acetyllysine	N6-acetyllysine	PTM-0190	exact	C2 H2 O1	42.04	vocabulary	true
P07451	CA3	1	Modified residue	2	2	EXACT	EXACT	N-acetylalanine		N-acetylalanine	N-acetylalanine	PTM-0199	exact	C2 H2 O1	42.04	vocabulary	true
P07451	CA3	1	Modified residue	29	29	EXACT	EXACT	Phosphoserine		Phosphoserine	Phosphoserine	PTM-0253	exact	H1 O3 P1	79.98	vocabulary	true
P07451	CA3	1	Modified residue	43	43	EXACT	EXACT	Phosphoserine		Phosphoserine	Phosphoserine	PTM-0253	exact	H1 O3 P1	79.98	vocabulary	true
P07451	CA3	1	Modified residue	48	48	EXACT	EXACT	Phosphoserine		Phosphoserine	Phosphoserine	PTM-0253	exact	H1 O3 P1	79.98	vocabulary	true
P07451	CA3	1	Modified residue	50	50	EXACT	EXACT	Phosphoserine		Phosphoserine	Phosphoserine	PTM-0253	exact	H1 O3 P1	79.98	vocabulary	true
P07451	CA3	1	Modified residue	55	55	EXACT	EXACT	Phosphoserine		Phosphoserine	Phosphoserine	PTM-0253	exact	H1 O3 P1	79.98	vocabulary	true
P07451	CA3	1	Modified residue	73	73	EXACT	EXACT	Phosphothreonine		Phosphothreonine	Phosphothreonine	PTM-0254	exact	H1 O3 P1	79.98	vocabulary	true
P07451	CA3	1	Modified residue	127	127	EXACT	EXACT	Phosphotyrosine		Phosphotyrosine	Phosphotyrosine	PTM-0255	exact	H1 O3 P1	79.98	vocabulary	true
P07451	CA3	1	Modified residue	129	129	EXACT	EXACT	Phosphothreonine		Phosphothreonine	Phosphothreonine	PTM-0254	exact	H1 O3 P1	79.98	vocabulary	true
P07451	CA3	1	Modified residue	176	176	EXACT	EXACT	Phosphothreonine		Phosphothreonine	Phosphothreonine	PTM-0254	exact	H1 O3 P1	79.98	vocabulary	true
P07451	CA3	1	Modified residue	182	182	EXACT	EXACT	S-glutathionyl cysteine		S-glutathionyl cysteine	S-glutathionyl cysteine	PTM-0311	exact	C10 H15 N3 O6 S1	305.3	vocabulary	true
P07451	CA3	1	Modified residue	187	187	EXACT	EXACT	S-glutathionyl cysteine		S-glutathionyl cysteine	S-glutathionyl cysteine	PTM-0311	exact	C10 H15 N3 O6 S1	305.3	vocabulary	true
P07451	CA3	1	Modified residue	216	216	EXACT	EXACT	Phosphothreonine		Phosphothreonine	Phosphothreonine	PTM-0254	exact	H1 O3 P1	79.98	vocabulary	true
P07451	CA3	1	Modified residue	219	219	EXACT	EXACT	Phosphoserine		Phosphoserine	Phosphoserine	PTM-0253	exact	H1 O3 P1	79.98	vocabulary	true
P07951	TPM2	1	Modified residue	1	1	EXACT	EXACT	N-acetylmethionine		N-acetylmethionine	N-acetylmethionine	PTM-0205	exact	C2 H2 O1	42.04	vocabulary	true
P07951	TPM2	1	Modified residue	53	53	EXACT	EXACT	Phosphothreonine		Phosphothreonine	Phosphothreonine	PTM-0254	exact	H1 O3 P1	79.98	vocabulary	true
P07951	TPM2	1	Modified residue	61	61	EXACT	EXACT	Phosphoserine; by PIK3CG		Phosphoserine	Phosphoserine	PTM-0253	exact	H1 O3 P1	79.98	vocabulary	true
P07951	TPM2	1	Modified residue	79	79	EXACT	EXACT	Phosphothreonine		Phosphothreonine	Phosphothreonine	PTM-0254	exact	H1 O3 P1	79.98	vocabulary	true
P07951	TPM2	1	Modified residue	87	87	EXACT	EXACT	Phosphoserine		Phosphoserine	Phosphoserine	PTM-0253	exact	H1 O3 P1	79.98	vocabulary	true
P07951	TPM2	1	Modified residue	108	108	EXACT	EXACT	Phosphothreonine		Phosphothreonine	Phosphothreonine	PTM-0254	exact	H1 O3 P1	79.98	vocabulary	true
P07951	TPM2	1	Modified residue	158	158	EXACT	EXACT	Phosphoserine		Phosphoserine	Phosphoserine	PTM-0253	exact	H1 O3 P1	79.98	vocabulary	true
P07951	TPM2	1	Modified residue	206	206	EXACT	EXACT	Phosphoserine		Phosphoserine	Phosphoserine	PTM-0253	exact	H1 O3 P1	79.98	vocabulary	true
P07951	TPM2	1	Modified residue	215	215	EXACT	EXACT	Phosphoserine		Phosphoserine	Phosphoserine	PTM-0253	exact	H1 O3 P1	79.98	vocabulary	true
P07951	TPM2	1	Modified residue	252	252	EXACT	EXACT	Phosphothreonine		Phosphothreonine	Phosphothreonine	PTM-0254	exact	H1 O3 P1	79.98	vocabulary	true
P07951	TPM2	1	Modified residue	261	261	EXACT	EXACT	Phosphotyrosine		Phosphotyrosine	Phosphotyrosine	PTM-0255	exact	H1 O3 P1	79.98	vocabulary	true
P07951	TPM2	1	Modified residue	271	271	EXACT	EXACT	Phosphoserine		Phosphoserine	Phosphoserine	PTM-0253	exact	H1 O3 P1	79.98	vocabulary	true
P07951	TPM2	1	Modified residue	282	282	EXACT	EXACT	Phosphothreonine		Phosphothreonine	Phosphothreonine	PTM-0254	exact	H1 O3 P1	79.98	vocabulary	true
P07951	TPM2	1	Modified residue	283	283	EXACT	EXACT	Phosphoserine		Phosphoserine	Phosphoserine	PTM-0253	exact	H1 O3 P1	79.98	vocabulary	true
P07996	THBS1	2	Glycosylation	248	248	EXACT	EXACT	N-linked (GlcNAc...) asparagine		N-linked (GlcNAc...) asparagine	N-linked (GlcNAc...) asparagine	PTM-0528	exact			no_mass_in_vocabulary	true
P07996	THBS1	2	Glycosylation	360	360	EXACT	EXACT	N-linked (GlcNAc...) asparagine		N-linked (GlcNAc...) asparagine	N-linked (GlcNAc...) asparagine	PTM-0528	exact			no_mass_in_vocabulary	true
P07996	THBS1	2	Glycosylation	385	385	EXACT	EXACT	C-linked (Man) tryptophan		C-linked (Man) tryptophan	C-linked (Man) tryptophan	PTM-0505	exact	C6 H10 O5	162.14	vocabulary	true
P07996	THBS1	2	Glycosylation	394	394	EXACT	EXACT	O-linked (Fuc...) serine		O-linked (Fuc...) serine	O-linked (Fuc...) serine	PTM-0551	exact			no_mass_in_vocabulary	true
P07996	THBS1	2	Glycosylation	438	438	EXACT	EXACT	C-linked (Man) tryptophan		C-linked (Man) tryptophan	C-linked (Man) tryptophan	PTM-0505	exact	C6 H10 O5	162.14	vocabulary	true
P07996	THBS1	2	Glycosylation	441	441	EXACT	EXACT	C-linked (Man) tryptophan		C-linked (Man) tryptophan	C-linked (Man) tryptophan	PTM-0505	exact	C6 H10 O5	162.14	vocabulary	true
P07996	THBS1	2	Glycosylation	450	450	EXACT	EXACT	O-linked (Fuc...) threonine		O-linked (Fuc...) threonine	O-linked (Fuc...) threonine	PTM-0553	exact			no_mass_in_vocabulary	true
P07996	THBS1	2	Glycosylation	498	498	EXACT	EXACT	C-linked (Man) tryptophan		C-linked (Man) tryptophan	C-linked (Man) tryptophan	PTM-0505	exact	C6 H10 O5	162.14	vocabulary	true
P07996	THBS1	2	Glycosylation	507	507	EXACT	EXACT	O-linked (Fuc...) threonine		O-linked (Fuc...) threonine	O-linked (Fuc...) threonine	PTM-0553	exact			no_mass_in_vocabulary	true
P07996	THBS1	2	Glycosylation	553	553	EXACT	EXACT	O-linked (Xyl) serine		O-linked (Xyl) serine	O-linked (Xyl) serine	PTM-0598	exact	C5 H8 O4	132.12	vocabulary	true
P07996	THBS1	2	Glycosylation	708	708	EXACT	EXACT	N-linked (GlcNAc...) asparagine		N-linked (GlcNAc...) asparagine	N-linked (GlcNAc...) asparagine	PTM-0528	exact			no_mass_in_vocabulary	true
P07996	THBS1	2	Glycosylation	1067	1067	EXACT	EXACT	N-linked (GlcNAc...) asparagine		N-linked (GlcNAc...) asparagine	N-linked (GlcNAc...) asparagine	PTM-0528	exact			no_mass_in_vocabulary	true
P07996	THBS1	2	Disulfide bond	171	232	EXACT	EXACT						not_in_vocabulary	H-2 (arithmetic)	-2.016	disulfide_arithmetic	true
P07996	THBS1	2	Disulfide bond	270	270	EXACT	EXACT	Interchain		Interchain			not_in_vocabulary			interchain_count_only	true
P07996	THBS1	2	Disulfide bond	274	274	EXACT	EXACT	Interchain		Interchain			not_in_vocabulary			interchain_count_only	true
P07996	THBS1	2	Disulfide bond	391	423	EXACT	EXACT						not_in_vocabulary	H-2 (arithmetic)	-2.016	disulfide_arithmetic	true
P07996	THBS1	2	Disulfide bond	395	428	EXACT	EXACT						not_in_vocabulary	H-2 (arithmetic)	-2.016	disulfide_arithmetic	true
P07996	THBS1	2	Disulfide bond	406	413	EXACT	EXACT						not_in_vocabulary	H-2 (arithmetic)	-2.016	disulfide_arithmetic	true
P07996	THBS1	2	Disulfide bond	447	484	EXACT	EXACT						not_in_vocabulary	H-2 (arithmetic)	-2.016	disulfide_arithmetic	true
P07996	THBS1	2	Disulfide bond	451	489	EXACT	EXACT						not_in_vocabulary	H-2 (arithmetic)	-2.016	disulfide_arithmetic	true
P07996	THBS1	2	Disulfide bond	462	474	EXACT	EXACT						not_in_vocabulary	H-2 (arithmetic)	-2.016	disulfide_arithmetic	true
P07996	THBS1	2	Disulfide bond	504	541	EXACT	EXACT						not_in_vocabulary	H-2 (arithmetic)	-2.016	disulfide_arithmetic	true
P07996	THBS1	2	Disulfide bond	508	546	EXACT	EXACT						not_in_vocabulary	H-2 (arithmetic)	-2.016	disulfide_arithmetic	true
P07996	THBS1	2	Disulfide bond	519	531	EXACT	EXACT						not_in_vocabulary	H-2 (arithmetic)	-2.016	disulfide_arithmetic	true
P07996	THBS1	2	Disulfide bond	551	562	EXACT	EXACT						not_in_vocabulary	H-2 (arithmetic)	-2.016	disulfide_arithmetic	true
P07996	THBS1	2	Disulfide bond	556	572	EXACT	EXACT						not_in_vocabulary	H-2 (arithmetic)	-2.016	disulfide_arithmetic	true
P07996	THBS1	2	Disulfide bond	575	586	EXACT	EXACT						not_in_vocabulary	H-2 (arithmetic)	-2.016	disulfide_arithmetic	true
P07996	THBS1	2	Disulfide bond	592	608	EXACT	EXACT						not_in_vocabulary	H-2 (arithmetic)	-2.016	disulfide_arithmetic	true
P07996	THBS1	2	Disulfide bond	599	617	EXACT	EXACT						not_in_vocabulary	H-2 (arithmetic)	-2.016	disulfide_arithmetic	true
P07996	THBS1	2	Disulfide bond	620	644	EXACT	EXACT						not_in_vocabulary	H-2 (arithmetic)	-2.016	disulfide_arithmetic	true
P07996	THBS1	2	Disulfide bond	650	663	EXACT	EXACT						not_in_vocabulary	H-2 (arithmetic)	-2.016	disulfide_arithmetic	true
P07996	THBS1	2	Disulfide bond	657	676	EXACT	EXACT						not_in_vocabulary	H-2 (arithmetic)	-2.016	disulfide_arithmetic	true
P07996	THBS1	2	Disulfide bond	678	689	EXACT	EXACT						not_in_vocabulary	H-2 (arithmetic)	-2.016	disulfide_arithmetic	true
P07996	THBS1	2	Disulfide bond	705	713	EXACT	EXACT						not_in_vocabulary	H-2 (arithmetic)	-2.016	disulfide_arithmetic	true
P07996	THBS1	2	Disulfide bond	718	738	EXACT	EXACT						not_in_vocabulary	H-2 (arithmetic)	-2.016	disulfide_arithmetic	true
P07996	THBS1	2	Disulfide bond	754	774	EXACT	EXACT						not_in_vocabulary	H-2 (arithmetic)	-2.016	disulfide_arithmetic	true
P07996	THBS1	2	Disulfide bond	777	797	EXACT	EXACT						not_in_vocabulary	H-2 (arithmetic)	-2.016	disulfide_arithmetic	true
P07996	THBS1	2	Disulfide bond	813	833	EXACT	EXACT						not_in_vocabulary	H-2 (arithmetic)	-2.016	disulfide_arithmetic	true
P07996	THBS1	2	Disulfide bond	836	856	EXACT	EXACT						not_in_vocabulary	H-2 (arithmetic)	-2.016	disulfide_arithmetic	true
P07996	THBS1	2	Disulfide bond	874	894	EXACT	EXACT						not_in_vocabulary	H-2 (arithmetic)	-2.016	disulfide_arithmetic	true
P07996	THBS1	2	Disulfide bond	910	930	EXACT	EXACT						not_in_vocabulary	H-2 (arithmetic)	-2.016	disulfide_arithmetic	true
P07996	THBS1	2	Disulfide bond	946	1167	EXACT	EXACT						not_in_vocabulary	H-2 (arithmetic)	-2.016	disulfide_arithmetic	true
P08253	MMP2	1	Glycosylation	573	573	EXACT	EXACT	N-linked (GlcNAc...) asparagine		N-linked (GlcNAc...) asparagine	N-linked (GlcNAc...) asparagine	PTM-0528	exact			no_mass_in_vocabulary	true
P08253	MMP2	1	Glycosylation	642	642	EXACT	EXACT	N-linked (GlcNAc...) asparagine		N-linked (GlcNAc...) asparagine	N-linked (GlcNAc...) asparagine	PTM-0528	exact			no_mass_in_vocabulary	true
P08253	MMP2	1	Disulfide bond	233	259	EXACT	EXACT						not_in_vocabulary	H-2 (arithmetic)	-2.016	disulfide_arithmetic	true
P08253	MMP2	1	Disulfide bond	247	274	EXACT	EXACT						not_in_vocabulary	H-2 (arithmetic)	-2.016	disulfide_arithmetic	true
P08253	MMP2	1	Disulfide bond	291	317	EXACT	EXACT						not_in_vocabulary	H-2 (arithmetic)	-2.016	disulfide_arithmetic	true
P08253	MMP2	1	Disulfide bond	305	332	EXACT	EXACT						not_in_vocabulary	H-2 (arithmetic)	-2.016	disulfide_arithmetic	true
P08253	MMP2	1	Disulfide bond	349	375	EXACT	EXACT						not_in_vocabulary	H-2 (arithmetic)	-2.016	disulfide_arithmetic	true
P08253	MMP2	1	Disulfide bond	363	390	EXACT	EXACT						not_in_vocabulary	H-2 (arithmetic)	-2.016	disulfide_arithmetic	true
P08253	MMP2	1	Disulfide bond	469	660	EXACT	EXACT						not_in_vocabulary	H-2 (arithmetic)	-2.016	disulfide_arithmetic	true
P08590	MYL3	1	Modified residue	2	2	EXACT	EXACT	N,N,N-trimethylalanine		N,N,N-trimethylalanine	N,N,N-trimethylalanine	PTM-0177	exact	C3 H7	43.09	vocabulary	true
P08590	MYL3	1	Modified residue	88	88	EXACT	EXACT	Phosphothreonine		Phosphothreonine	Phosphothreonine	PTM-0254	exact	H1 O3 P1	79.98	vocabulary	true
P08590	MYL3	1	Modified residue	127	127	EXACT	EXACT	Phosphothreonine		Phosphothreonine	Phosphothreonine	PTM-0254	exact	H1 O3 P1	79.98	vocabulary	true
P08590	MYL3	1	Modified residue	129	129	EXACT	EXACT	Phosphothreonine		Phosphothreonine	Phosphothreonine	PTM-0254	exact	H1 O3 P1	79.98	vocabulary	true
P08590	MYL3	1	Modified residue	130	130	EXACT	EXACT	Phosphotyrosine		Phosphotyrosine	Phosphotyrosine	PTM-0255	exact	H1 O3 P1	79.98	vocabulary	true
P08590	MYL3	1	Modified residue	179	179	EXACT	EXACT	Phosphoserine		Phosphoserine	Phosphoserine	PTM-0253	exact	H1 O3 P1	79.98	vocabulary	true
P08727	KRT19	1	Modified residue	7	7	EXACT	EXACT	Omega-N-methylarginine		Omega-N-methylarginine	Omega-N-methylarginine	PTM-0237	exact	C1 H2	14.03	vocabulary	true
P08727	KRT19	1	Modified residue	14	14	EXACT	EXACT	Phosphoserine		Phosphoserine	Phosphoserine	PTM-0253	exact	H1 O3 P1	79.98	vocabulary	true
P08727	KRT19	1	Modified residue	22	22	EXACT	EXACT	Phosphoserine		Phosphoserine	Phosphoserine	PTM-0253	exact	H1 O3 P1	79.98	vocabulary	true
P08727	KRT19	1	Modified residue	24	24	EXACT	EXACT	Asymmetric dimethylarginine; alternate		Asymmetric dimethylarginine	Asymmetric dimethylarginine	PTM-0066	exact	C2 H4	28.05	vocabulary	true
P08727	KRT19	1	Modified residue	24	24	EXACT	EXACT	Omega-N-methylarginine; alternate		Omega-N-methylarginine	Omega-N-methylarginine	PTM-0237	exact	C1 H2	14.03	vocabulary	true
P08727	KRT19	1	Modified residue	32	32	EXACT	EXACT	Omega-N-methylarginine		Omega-N-methylarginine	Omega-N-methylarginine	PTM-0237	exact	C1 H2	14.03	vocabulary	true
P08727	KRT19	1	Modified residue	35	35	EXACT	EXACT	Phosphoserine		Phosphoserine	Phosphoserine	PTM-0253	exact	H1 O3 P1	79.98	vocabulary	true
P08727	KRT19	1	Modified residue	40	40	EXACT	EXACT	Phosphoserine		Phosphoserine	Phosphoserine	PTM-0253	exact	H1 O3 P1	79.98	vocabulary	true
P08727	KRT19	1	Modified residue	43	43	EXACT	EXACT	Omega-N-methylarginine		Omega-N-methylarginine	Omega-N-methylarginine	PTM-0237	exact	C1 H2	14.03	vocabulary	true
P08727	KRT19	1	Modified residue	51	51	EXACT	EXACT	Omega-N-methylarginine		Omega-N-methylarginine	Omega-N-methylarginine	PTM-0237	exact	C1 H2	14.03	vocabulary	true
P08727	KRT19	1	Modified residue	57	57	EXACT	EXACT	Phosphoserine		Phosphoserine	Phosphoserine	PTM-0253	exact	H1 O3 P1	79.98	vocabulary	true
P08727	KRT19	1	Modified residue	72	72	EXACT	EXACT	Phosphoserine		Phosphoserine	Phosphoserine	PTM-0253	exact	H1 O3 P1	79.98	vocabulary	true
P08727	KRT19	1	Modified residue	323	323	EXACT	EXACT	Phosphothreonine		Phosphothreonine	Phosphothreonine	PTM-0254	exact	H1 O3 P1	79.98	vocabulary	true
P08727	KRT19	1	Modified residue	391	391	EXACT	EXACT	Phosphotyrosine		Phosphotyrosine	Phosphotyrosine	PTM-0255	exact	H1 O3 P1	79.98	vocabulary	true
P08727	KRT19	1	Modified residue	395	395	EXACT	EXACT	Phosphoserine		Phosphoserine	Phosphoserine	PTM-0253	exact	H1 O3 P1	79.98	vocabulary	true
P08727	KRT19	1	Modified residue	397	397	EXACT	EXACT	Phosphoserine		Phosphoserine	Phosphoserine	PTM-0253	exact	H1 O3 P1	79.98	vocabulary	true
P09493	TPM1	1	Modified residue	1	1	EXACT	EXACT	N-acetylmethionine		N-acetylmethionine	N-acetylmethionine	PTM-0205	exact	C2 H2 O1	42.04	vocabulary	true
P09493	TPM1	1	Modified residue	45	45	EXACT	EXACT	Phosphoserine		Phosphoserine	Phosphoserine	PTM-0253	exact	H1 O3 P1	79.98	vocabulary	true
P09493	TPM1	1	Modified residue	174	174	EXACT	EXACT	Phosphoserine		Phosphoserine	Phosphoserine	PTM-0253	exact	H1 O3 P1	79.98	vocabulary	true
P09493	TPM1	1	Modified residue	186	186	EXACT	EXACT	Phosphoserine		Phosphoserine	Phosphoserine	PTM-0253	exact	H1 O3 P1	79.98	vocabulary	true
P09493	TPM1	1	Modified residue	206	206	EXACT	EXACT	Phosphoserine		Phosphoserine	Phosphoserine	PTM-0253	exact	H1 O3 P1	79.98	vocabulary	true
P09493	TPM1	1	Modified residue	252	252	EXACT	EXACT	Phosphoserine		Phosphoserine	Phosphoserine	PTM-0253	exact	H1 O3 P1	79.98	vocabulary	true
P09493	TPM1	1	Modified residue	261	261	EXACT	EXACT	Phosphotyrosine		Phosphotyrosine	Phosphotyrosine	PTM-0255	exact	H1 O3 P1	79.98	vocabulary	true
P09493	TPM1	1	Modified residue	271	271	EXACT	EXACT	Phosphoserine		Phosphoserine	Phosphoserine	PTM-0253	exact	H1 O3 P1	79.98	vocabulary	true
P09493	TPM1	1	Modified residue	283	283	EXACT	EXACT	Phosphoserine; by DAPK1		Phosphoserine	Phosphoserine	PTM-0253	exact	H1 O3 P1	79.98	vocabulary	true
P09493	TPM1	1	Modified residue	31	31	EXACT	EXACT	Phosphoserine		Phosphoserine	Phosphoserine	PTM-0253	exact	H1 O3 P1	79.98	vocabulary	true
P09493	TPM1	1	Modified residue	213	213	EXACT	EXACT	N6-acetyllysine		N6-acetyllysine	N6-acetyllysine	PTM-0190	exact	C2 H2 O1	42.04	vocabulary	true
P09493	TPM1	1	Modified residue	213	213	EXACT	EXACT	N6-acetyllysine		N6-acetyllysine	N6-acetyllysine	PTM-0190	exact	C2 H2 O1	42.04	vocabulary	true
P09493	TPM1	1	Modified residue	51	51	EXACT	EXACT	Phosphoserine		Phosphoserine	Phosphoserine	PTM-0253	exact	H1 O3 P1	79.98	vocabulary	true
P09493	TPM1	1	Modified residue	213	213	EXACT	EXACT	N6-acetyllysine		N6-acetyllysine	N6-acetyllysine	PTM-0190	exact	C2 H2 O1	42.04	vocabulary	true
P09493	TPM1	1	Modified residue	213	213	EXACT	EXACT	N6-acetyllysine		N6-acetyllysine	N6-acetyllysine	PTM-0190	exact	C2 H2 O1	42.04	vocabulary	true
P0CAP2	POLR2M	1	Modified residue	270	270	EXACT	EXACT	Phosphoserine		Phosphoserine	Phosphoserine	PTM-0253	exact	H1 O3 P1	79.98	vocabulary	true
P0DP23	CALM1	1	Modified residue	2	2	EXACT	EXACT	N-acetylalanine		N-acetylalanine	N-acetylalanine	PTM-0199	exact	C2 H2 O1	42.04	vocabulary	true
P0DP23	CALM1	1	Modified residue	22	22	EXACT	EXACT	N6-acetyllysine; alternate		N6-acetyllysine	N6-acetyllysine	PTM-0190	exact	C2 H2 O1	42.04	vocabulary	true
P0DP23	CALM1	1	Modified residue	45	45	EXACT	EXACT	Phosphothreonine; by CaMK4		Phosphothreonine	Phosphothreonine	PTM-0254	exact	H1 O3 P1	79.98	vocabulary	true
P0DP23	CALM1	1	Modified residue	82	82	EXACT	EXACT	Phosphoserine		Phosphoserine	Phosphoserine	PTM-0253	exact	H1 O3 P1	79.98	vocabulary	true
P0DP23	CALM1	1	Modified residue	95	95	EXACT	EXACT	N6-acetyllysine		N6-acetyllysine	N6-acetyllysine	PTM-0190	exact	C2 H2 O1	42.04	vocabulary	true
P0DP23	CALM1	1	Modified residue	100	100	EXACT	EXACT	Phosphotyrosine		Phosphotyrosine	Phosphotyrosine	PTM-0255	exact	H1 O3 P1	79.98	vocabulary	true
P0DP23	CALM1	1	Modified residue	102	102	EXACT	EXACT	Phosphoserine		Phosphoserine	Phosphoserine	PTM-0253	exact	H1 O3 P1	79.98	vocabulary	true
P0DP23	CALM1	1	Modified residue	111	111	EXACT	EXACT	Phosphothreonine		Phosphothreonine	Phosphothreonine	PTM-0254	exact	H1 O3 P1	79.98	vocabulary	true
P0DP23	CALM1	1	Modified residue	116	116	EXACT	EXACT	N6,N6,N6-trimethyllysine; alternate		N6,N6,N6-trimethyllysine	N6,N6,N6-trimethyllysine	PTM-0187	exact	C3 H7	43.09	vocabulary	true
P0DP23	CALM1	1	Modified residue	116	116	EXACT	EXACT	N6-methyllysine; alternate		N6-methyllysine	N6-methyllysine	PTM-0194	exact	C1 H2	14.03	vocabulary	true
P0DP23	CALM1	1	Modified residue	139	139	EXACT	EXACT	Phosphotyrosine		Phosphotyrosine	Phosphotyrosine	PTM-0255	exact	H1 O3 P1	79.98	vocabulary	true
P0DP23	CALM1	1	Cross-link	22	22	EXACT	EXACT	Glycyl lysine isopeptide (Lys-Gly) (interchain with G-Cter in SUMO2); alternate		Glycyl lysine isopeptide (Lys-Gly) (interchain with G-Cter in SUMO2)	Glycyl lysine isopeptide (Lys-Gly) (interchain with G-...)	PTM-0135	wildcard	H-2 O-1	-18.02	vocabulary	true
P0DP23	CALM1	1	Cross-link	22	22	EXACT	EXACT	Glycyl lysine isopeptide (Lys-Gly) (interchain with G-Cter in ubiquitin); alternate		Glycyl lysine isopeptide (Lys-Gly) (interchain with G-Cter in ubiquitin)	Glycyl lysine isopeptide (Lys-Gly) (interchain with G-...)	PTM-0135	wildcard	H-2 O-1	-18.02	vocabulary	true
P0DP24	CALM2	1	Modified residue	2	2	EXACT	EXACT	N-acetylalanine		N-acetylalanine	N-acetylalanine	PTM-0199	exact	C2 H2 O1	42.04	vocabulary	true
P0DP24	CALM2	1	Modified residue	22	22	EXACT	EXACT	N6-acetyllysine; alternate		N6-acetyllysine	N6-acetyllysine	PTM-0190	exact	C2 H2 O1	42.04	vocabulary	true
P0DP24	CALM2	1	Modified residue	45	45	EXACT	EXACT	Phosphothreonine; by CaMK4		Phosphothreonine	Phosphothreonine	PTM-0254	exact	H1 O3 P1	79.98	vocabulary	true
P0DP24	CALM2	1	Modified residue	82	82	EXACT	EXACT	Phosphoserine		Phosphoserine	Phosphoserine	PTM-0253	exact	H1 O3 P1	79.98	vocabulary	true
P0DP24	CALM2	1	Modified residue	95	95	EXACT	EXACT	N6-acetyllysine		N6-acetyllysine	N6-acetyllysine	PTM-0190	exact	C2 H2 O1	42.04	vocabulary	true
P0DP24	CALM2	1	Modified residue	100	100	EXACT	EXACT	Phosphotyrosine		Phosphotyrosine	Phosphotyrosine	PTM-0255	exact	H1 O3 P1	79.98	vocabulary	true
P0DP24	CALM2	1	Modified residue	102	102	EXACT	EXACT	Phosphoserine		Phosphoserine	Phosphoserine	PTM-0253	exact	H1 O3 P1	79.98	vocabulary	true
P0DP24	CALM2	1	Modified residue	111	111	EXACT	EXACT	Phosphothreonine		Phosphothreonine	Phosphothreonine	PTM-0254	exact	H1 O3 P1	79.98	vocabulary	true
P0DP24	CALM2	1	Modified residue	116	116	EXACT	EXACT	N6,N6,N6-trimethyllysine; alternate		N6,N6,N6-trimethyllysine	N6,N6,N6-trimethyllysine	PTM-0187	exact	C3 H7	43.09	vocabulary	true
P0DP24	CALM2	1	Modified residue	116	116	EXACT	EXACT	N6-methyllysine; alternate		N6-methyllysine	N6-methyllysine	PTM-0194	exact	C1 H2	14.03	vocabulary	true
P0DP24	CALM2	1	Modified residue	139	139	EXACT	EXACT	Phosphotyrosine		Phosphotyrosine	Phosphotyrosine	PTM-0255	exact	H1 O3 P1	79.98	vocabulary	true
P0DP24	CALM2	1	Cross-link	22	22	EXACT	EXACT	Glycyl lysine isopeptide (Lys-Gly) (interchain with G-Cter in SUMO2); alternate		Glycyl lysine isopeptide (Lys-Gly) (interchain with G-Cter in SUMO2)	Glycyl lysine isopeptide (Lys-Gly) (interchain with G-...)	PTM-0135	wildcard	H-2 O-1	-18.02	vocabulary	true
P0DP24	CALM2	1	Cross-link	22	22	EXACT	EXACT	Glycyl lysine isopeptide (Lys-Gly) (interchain with G-Cter in ubiquitin); alternate		Glycyl lysine isopeptide (Lys-Gly) (interchain with G-Cter in ubiquitin)	Glycyl lysine isopeptide (Lys-Gly) (interchain with G-...)	PTM-0135	wildcard	H-2 O-1	-18.02	vocabulary	true
P0DP25	CALM3	1	Modified residue	2	2	EXACT	EXACT	N-acetylalanine		N-acetylalanine	N-acetylalanine	PTM-0199	exact	C2 H2 O1	42.04	vocabulary	true
P0DP25	CALM3	1	Modified residue	22	22	EXACT	EXACT	N6-acetyllysine; alternate		N6-acetyllysine	N6-acetyllysine	PTM-0190	exact	C2 H2 O1	42.04	vocabulary	true
P0DP25	CALM3	1	Modified residue	45	45	EXACT	EXACT	Phosphothreonine; by CaMK4		Phosphothreonine	Phosphothreonine	PTM-0254	exact	H1 O3 P1	79.98	vocabulary	true
P0DP25	CALM3	1	Modified residue	82	82	EXACT	EXACT	Phosphoserine		Phosphoserine	Phosphoserine	PTM-0253	exact	H1 O3 P1	79.98	vocabulary	true
P0DP25	CALM3	1	Modified residue	95	95	EXACT	EXACT	N6-acetyllysine		N6-acetyllysine	N6-acetyllysine	PTM-0190	exact	C2 H2 O1	42.04	vocabulary	true
P0DP25	CALM3	1	Modified residue	100	100	EXACT	EXACT	Phosphotyrosine		Phosphotyrosine	Phosphotyrosine	PTM-0255	exact	H1 O3 P1	79.98	vocabulary	true
P0DP25	CALM3	1	Modified residue	102	102	EXACT	EXACT	Phosphoserine		Phosphoserine	Phosphoserine	PTM-0253	exact	H1 O3 P1	79.98	vocabulary	true
P0DP25	CALM3	1	Modified residue	111	111	EXACT	EXACT	Phosphothreonine		Phosphothreonine	Phosphothreonine	PTM-0254	exact	H1 O3 P1	79.98	vocabulary	true
P0DP25	CALM3	1	Modified residue	116	116	EXACT	EXACT	N6,N6,N6-trimethyllysine; alternate		N6,N6,N6-trimethyllysine	N6,N6,N6-trimethyllysine	PTM-0187	exact	C3 H7	43.09	vocabulary	true
P0DP25	CALM3	1	Modified residue	116	116	EXACT	EXACT	N6-methyllysine; alternate		N6-methyllysine	N6-methyllysine	PTM-0194	exact	C1 H2	14.03	vocabulary	true
P0DP25	CALM3	1	Modified residue	139	139	EXACT	EXACT	Phosphotyrosine		Phosphotyrosine	Phosphotyrosine	PTM-0255	exact	H1 O3 P1	79.98	vocabulary	true
P0DP25	CALM3	1	Cross-link	22	22	EXACT	EXACT	Glycyl lysine isopeptide (Lys-Gly) (interchain with G-Cter in SUMO2); alternate		Glycyl lysine isopeptide (Lys-Gly) (interchain with G-Cter in SUMO2)	Glycyl lysine isopeptide (Lys-Gly) (interchain with G-...)	PTM-0135	wildcard	H-2 O-1	-18.02	vocabulary	true
P0DP25	CALM3	1	Cross-link	22	22	EXACT	EXACT	Glycyl lysine isopeptide (Lys-Gly) (interchain with G-Cter in ubiquitin); alternate		Glycyl lysine isopeptide (Lys-Gly) (interchain with G-Cter in ubiquitin)	Glycyl lysine isopeptide (Lys-Gly) (interchain with G-...)	PTM-0135	wildcard	H-2 O-1	-18.02	vocabulary	true
P10916	MYL2	1	Modified residue	2	2	EXACT	EXACT	N,N,N-trimethylalanine		N,N,N-trimethylalanine	N,N,N-trimethylalanine	PTM-0177	exact	C3 H7	43.09	vocabulary	true
P10916	MYL2	1	Modified residue	14	14	EXACT	EXACT	Deamidated asparagine		Deamidated asparagine	Deamidated asparagine	PTM-0116	exact	H-1 N-1 O1	0.98	vocabulary	true
P10916	MYL2	1	Modified residue	15	15	EXACT	EXACT	Phosphoserine; by ZIPK/DAPK3		Phosphoserine	Phosphoserine	PTM-0253	exact	H1 O3 P1	79.98	vocabulary	true
P10916	MYL2	1	Modified residue	19	19	EXACT	EXACT	Phosphoserine		Phosphoserine	Phosphoserine	PTM-0253	exact	H1 O3 P1	79.98	vocabulary	true
P10916	MYL2	1	Modified residue	52	52	EXACT	EXACT	Phosphothreonine		Phosphothreonine	Phosphothreonine	PTM-0254	exact	H1 O3 P1	79.98	vocabulary	true
P11055	MYH3	1	Modified residue	130	130	EXACT	EXACT	N6,N6,N6-trimethyllysine		N6,N6,N6-trimethyllysine	N6,N6,N6-trimethyllysine	PTM-0187	exact	C3 H7	43.09	vocabulary	true
P11166	SLC2A1	1	Modified residue	1	1	EXACT	EXACT	N-acetylmethionine		N-acetylmethionine	N-acetylmethionine	PTM-0205	exact	C2 H2 O1	42.04	vocabulary	true
P11166	SLC2A1	1	Modified residue	226	226	EXACT	EXACT	Phosphoserine; by PKC/PRKCB		Phosphoserine	Phosphoserine	PTM-0253	exact	H1 O3 P1	79.98	vocabulary	true
P11166	SLC2A1	1	Modified residue	465	465	EXACT	EXACT	Phosphoserine		Phosphoserine	Phosphoserine	PTM-0253	exact	H1 O3 P1	79.98	vocabulary	true
P11166	SLC2A1	1	Modified residue	478	478	EXACT	EXACT	Phosphothreonine		Phosphothreonine	Phosphothreonine	PTM-0254	exact	H1 O3 P1	79.98	vocabulary	true
P11166	SLC2A1	1	Modified residue	490	490	EXACT	EXACT	Phosphoserine		Phosphoserine	Phosphoserine	PTM-0253	exact	H1 O3 P1	79.98	vocabulary	true
P11166	SLC2A1	1	Glycosylation	45	45	EXACT	EXACT	N-linked (GlcNAc...) asparagine		N-linked (GlcNAc...) asparagine	N-linked (GlcNAc...) asparagine	PTM-0528	exact			no_mass_in_vocabulary	true
P11532	DMD	1	Modified residue	3483	3483	EXACT	EXACT	Phosphoserine		Phosphoserine	Phosphoserine	PTM-0253	exact	H1 O3 P1	79.98	vocabulary	true
P11532	DMD	1	Modified residue	3490	3490	EXACT	EXACT	Phosphoserine		Phosphoserine	Phosphoserine	PTM-0253	exact	H1 O3 P1	79.98	vocabulary	true
P11532	DMD	1	Modified residue	3500	3500	EXACT	EXACT	Phosphoserine		Phosphoserine	Phosphoserine	PTM-0253	exact	H1 O3 P1	79.98	vocabulary	true
P11532	DMD	1	Modified residue	3612	3612	EXACT	EXACT	Phosphoserine		Phosphoserine	Phosphoserine	PTM-0253	exact	H1 O3 P1	79.98	vocabulary	true
P11532	DMD	1	Modified residue	3613	3613	EXACT	EXACT	Phosphoserine		Phosphoserine	Phosphoserine	PTM-0253	exact	H1 O3 P1	79.98	vocabulary	true
P11532	DMD	1	Modified residue	3617	3617	EXACT	EXACT	Phosphoserine		Phosphoserine	Phosphoserine	PTM-0253	exact	H1 O3 P1	79.98	vocabulary	true
P11532	DMD	1	Modified residue	3623	3623	EXACT	EXACT	Phosphoserine		Phosphoserine	Phosphoserine	PTM-0253	exact	H1 O3 P1	79.98	vocabulary	true
P11532	DMD	1	Modified residue	3624	3624	EXACT	EXACT	Phosphoserine		Phosphoserine	Phosphoserine	PTM-0253	exact	H1 O3 P1	79.98	vocabulary	true
P11532	DMD	1	Modified residue	3666	3666	EXACT	EXACT	Phosphoserine		Phosphoserine	Phosphoserine	PTM-0253	exact	H1 O3 P1	79.98	vocabulary	true
P11532	DMD	1	Modified residue	340	340	EXACT	EXACT	Phosphothreonine		Phosphothreonine	Phosphothreonine	PTM-0254	exact	H1 O3 P1	79.98	vocabulary	true
P11532	DMD	1	Modified residue	344	344	EXACT	EXACT	Phosphoserine		Phosphoserine	Phosphoserine	PTM-0253	exact	H1 O3 P1	79.98	vocabulary	true
P11532	DMD	1	Modified residue	348	348	EXACT	EXACT	Phosphoserine		Phosphoserine	Phosphoserine	PTM-0253	exact	H1 O3 P1	79.98	vocabulary	true
P11532	DMD	1	Modified residue	616	616	EXACT	EXACT	Phosphothreonine		Phosphothreonine	Phosphothreonine	PTM-0254	exact	H1 O3 P1	79.98	vocabulary	true
P11532	DMD	1	Modified residue	629	629	EXACT	EXACT	Phosphothreonine		Phosphothreonine	Phosphothreonine	PTM-0254	exact	H1 O3 P1	79.98	vocabulary	true
P11532	DMD	1	Modified residue	340	340	EXACT	EXACT	Phosphothreonine		Phosphothreonine	Phosphothreonine	PTM-0254	exact	H1 O3 P1	79.98	vocabulary	true
P11532	DMD	1	Modified residue	344	344	EXACT	EXACT	Phosphoserine		Phosphoserine	Phosphoserine	PTM-0253	exact	H1 O3 P1	79.98	vocabulary	true
P11532	DMD	1	Modified residue	348	348	EXACT	EXACT	Phosphoserine		Phosphoserine	Phosphoserine	PTM-0253	exact	H1 O3 P1	79.98	vocabulary	true
P11532	DMD	1	Modified residue	519	519	EXACT	EXACT	Phosphothreonine		Phosphothreonine	Phosphothreonine	PTM-0254	exact	H1 O3 P1	79.98	vocabulary	true
P12109	COL6A1	1;2	Glycosylation	212	212	EXACT	EXACT	N-linked (GlcNAc...) asparagine		N-linked (GlcNAc...) asparagine	N-linked (GlcNAc...) asparagine	PTM-0528	exact			no_mass_in_vocabulary	true
P12109	COL6A1	1;2	Glycosylation	516	516	EXACT	EXACT	N-linked (GlcNAc...) asparagine		N-linked (GlcNAc...) asparagine	N-linked (GlcNAc...) asparagine	PTM-0528	exact			no_mass_in_vocabulary	true
P12109	COL6A1	1;2	Glycosylation	537	537	EXACT	EXACT	N-linked (GlcNAc...) asparagine		N-linked (GlcNAc...) asparagine	N-linked (GlcNAc...) asparagine	PTM-0528	exact			no_mass_in_vocabulary	true
P12109	COL6A1	1;2	Glycosylation	804	804	EXACT	EXACT	N-linked (GlcNAc...) asparagine		N-linked (GlcNAc...) asparagine	N-linked (GlcNAc...) asparagine	PTM-0528	exact			no_mass_in_vocabulary	true
P12109	COL6A1	1;2	Glycosylation	896	896	EXACT	EXACT	N-linked (GlcNAc...) asparagine		N-linked (GlcNAc...) asparagine	N-linked (GlcNAc...) asparagine	PTM-0528	exact			no_mass_in_vocabulary	true
P12814	ACTN1	1	Modified residue	1	1	EXACT	EXACT	N-acetylmethionine		N-acetylmethionine	N-acetylmethionine	PTM-0205	exact	C2 H2 O1	42.04	vocabulary	true
P12814	ACTN1	1	Modified residue	6	6	EXACT	EXACT	Phosphoserine		Phosphoserine	Phosphoserine	PTM-0253	exact	H1 O3 P1	79.98	vocabulary	true
P12814	ACTN1	1	Modified residue	12	12	EXACT	EXACT	Phosphotyrosine; by FAK1		Phosphotyrosine	Phosphotyrosine	PTM-0255	exact	H1 O3 P1	79.98	vocabulary	true
P12814	ACTN1	1	Modified residue	95	95	EXACT	EXACT	N6-acetyllysine		N6-acetyllysine	N6-acetyllysine	PTM-0190	exact	C2 H2 O1	42.04	vocabulary	true
P12814	ACTN1	1	Modified residue	195	195	EXACT	EXACT	N6-acetyllysine		N6-acetyllysine	N6-acetyllysine	PTM-0190	exact	C2 H2 O1	42.04	vocabulary	true
P12814	ACTN1	1	Modified residue	471	471	EXACT	EXACT	Phosphoserine		Phosphoserine	Phosphoserine	PTM-0253	exact	H1 O3 P1	79.98	vocabulary	true
P12814	ACTN1	1	Modified residue	676	676	EXACT	EXACT	N6-acetyllysine		N6-acetyllysine	N6-acetyllysine	PTM-0190	exact	C2 H2 O1	42.04	vocabulary	true
P12814	ACTN1	1	Modified residue	677	677	EXACT	EXACT	Phosphoserine		Phosphoserine	Phosphoserine	PTM-0253	exact	H1 O3 P1	79.98	vocabulary	true
P12814	ACTN1	1	Modified residue	890	890	EXACT	EXACT	Phosphoserine		Phosphoserine	Phosphoserine	PTM-0253	exact	H1 O3 P1	79.98	vocabulary	true
P12829	MYL4	1	Modified residue	2	2	EXACT	EXACT	N,N,N-trimethylalanine		N,N,N-trimethylalanine	N,N,N-trimethylalanine	PTM-0177	exact	C3 H7	43.09	vocabulary	true
P12882	MYH1	1	Modified residue	64	64	EXACT	EXACT	Phosphothreonine		Phosphothreonine	Phosphothreonine	PTM-0254	exact	H1 O3 P1	79.98	vocabulary	true
P12882	MYH1	1	Modified residue	69	69	EXACT	EXACT	Phosphothreonine		Phosphothreonine	Phosphothreonine	PTM-0254	exact	H1 O3 P1	79.98	vocabulary	true
P12882	MYH1	1	Modified residue	130	130	EXACT	EXACT	N6,N6,N6-trimethyllysine		N6,N6,N6-trimethyllysine	N6,N6,N6-trimethyllysine	PTM-0187	exact	C3 H7	43.09	vocabulary	true
P12882	MYH1	1	Modified residue	389	389	EXACT	EXACT	Phosphotyrosine		Phosphotyrosine	Phosphotyrosine	PTM-0255	exact	H1 O3 P1	79.98	vocabulary	true
P12882	MYH1	1	Modified residue	419	419	EXACT	EXACT	Phosphothreonine		Phosphothreonine	Phosphothreonine	PTM-0254	exact	H1 O3 P1	79.98	vocabulary	true
P12882	MYH1	1	Modified residue	424	424	EXACT	EXACT	Phosphotyrosine		Phosphotyrosine	Phosphotyrosine	PTM-0255	exact	H1 O3 P1	79.98	vocabulary	true
P12882	MYH1	1	Modified residue	757	757	EXACT	EXACT	Pros-methylhistidine		Pros-methylhistidine	Pros-methylhistidine	PTM-0259	exact	C1 H2	14.03	vocabulary	true
P12882	MYH1	1	Modified residue	1092	1092	EXACT	EXACT	Phosphoserine		Phosphoserine	Phosphoserine	PTM-0253	exact	H1 O3 P1	79.98	vocabulary	true
P12882	MYH1	1	Modified residue	1096	1096	EXACT	EXACT	Phosphoserine		Phosphoserine	Phosphoserine	PTM-0253	exact	H1 O3 P1	79.98	vocabulary	true
P12882	MYH1	1	Modified residue	1162	1162	EXACT	EXACT	Phosphoserine		Phosphoserine	Phosphoserine	PTM-0253	exact	H1 O3 P1	79.98	vocabulary	true
P12882	MYH1	1	Modified residue	1237	1237	EXACT	EXACT	Phosphoserine		Phosphoserine	Phosphoserine	PTM-0253	exact	H1 O3 P1	79.98	vocabulary	true
P12882	MYH1	1	Modified residue	1241	1241	EXACT	EXACT	Phosphothreonine		Phosphothreonine	Phosphothreonine	PTM-0254	exact	H1 O3 P1	79.98	vocabulary	true
P12882	MYH1	1	Modified residue	1243	1243	EXACT	EXACT	Phosphoserine		Phosphoserine	Phosphoserine	PTM-0253	exact	H1 O3 P1	79.98	vocabulary	true
P12882	MYH1	1	Modified residue	1261	1261	EXACT	EXACT	Phosphoserine		Phosphoserine	Phosphoserine	PTM-0253	exact	H1 O3 P1	79.98	vocabulary	true
P12882	MYH1	1	Modified residue	1265	1265	EXACT	EXACT	Phosphothreonine		Phosphothreonine	Phosphothreonine	PTM-0254	exact	H1 O3 P1	79.98	vocabulary	true
P12882	MYH1	1	Modified residue	1286	1286	EXACT	EXACT	Phosphothreonine		Phosphothreonine	Phosphothreonine	PTM-0254	exact	H1 O3 P1	79.98	vocabulary	true
P12882	MYH1	1	Modified residue	1288	1288	EXACT	EXACT	Phosphoserine		Phosphoserine	Phosphoserine	PTM-0253	exact	H1 O3 P1	79.98	vocabulary	true
P12882	MYH1	1	Modified residue	1292	1292	EXACT	EXACT	Phosphoserine		Phosphoserine	Phosphoserine	PTM-0253	exact	H1 O3 P1	79.98	vocabulary	true
P12882	MYH1	1	Modified residue	1303	1303	EXACT	EXACT	Phosphoserine		Phosphoserine	Phosphoserine	PTM-0253	exact	H1 O3 P1	79.98	vocabulary	true
P12882	MYH1	1	Modified residue	1306	1306	EXACT	EXACT	Phosphoserine		Phosphoserine	Phosphoserine	PTM-0253	exact	H1 O3 P1	79.98	vocabulary	true
P12882	MYH1	1	Modified residue	1467	1467	EXACT	EXACT	Phosphothreonine		Phosphothreonine	Phosphothreonine	PTM-0254	exact	H1 O3 P1	79.98	vocabulary	true
P12882	MYH1	1	Modified residue	1474	1474	EXACT	EXACT	Phosphoserine		Phosphoserine	Phosphoserine	PTM-0253	exact	H1 O3 P1	79.98	vocabulary	true
P12882	MYH1	1	Modified residue	1492	1492	EXACT	EXACT	Phosphotyrosine		Phosphotyrosine	Phosphotyrosine	PTM-0255	exact	H1 O3 P1	79.98	vocabulary	true
P12882	MYH1	1	Modified residue	1495	1495	EXACT	EXACT	Phosphoserine		Phosphoserine	Phosphoserine	PTM-0253	exact	H1 O3 P1	79.98	vocabulary	true
P12882	MYH1	1	Modified residue	1501	1501	EXACT	EXACT	Phosphothreonine		Phosphothreonine	Phosphothreonine	PTM-0254	exact	H1 O3 P1	79.98	vocabulary	true
P12882	MYH1	1	Modified residue	1514	1514	EXACT	EXACT	Phosphoserine		Phosphoserine	Phosphoserine	PTM-0253	exact	H1 O3 P1	79.98	vocabulary	true
P12882	MYH1	1	Modified residue	1517	1517	EXACT	EXACT	Phosphothreonine		Phosphothreonine	Phosphothreonine	PTM-0254	exact	H1 O3 P1	79.98	vocabulary	true
P12882	MYH1	1	Modified residue	1542	1542	EXACT	EXACT	Phosphoserine		Phosphoserine	Phosphoserine	PTM-0253	exact	H1 O3 P1	79.98	vocabulary	true
P12882	MYH1	1	Modified residue	1554	1554	EXACT	EXACT	Phosphoserine		Phosphoserine	Phosphoserine	PTM-0253	exact	H1 O3 P1	79.98	vocabulary	true
P12882	MYH1	1	Modified residue	1574	1574	EXACT	EXACT	Phosphoserine		Phosphoserine	Phosphoserine	PTM-0253	exact	H1 O3 P1	79.98	vocabulary	true
P12882	MYH1	1	Modified residue	1600	1600	EXACT	EXACT	Phosphoserine		Phosphoserine	Phosphoserine	PTM-0253	exact	H1 O3 P1	79.98	vocabulary	true
P12882	MYH1	1	Modified residue	1603	1603	EXACT	EXACT	Phosphoserine		Phosphoserine	Phosphoserine	PTM-0253	exact	H1 O3 P1	79.98	vocabulary	true
P12882	MYH1	1	Modified residue	1714	1714	EXACT	EXACT	Phosphoserine		Phosphoserine	Phosphoserine	PTM-0253	exact	H1 O3 P1	79.98	vocabulary	true
P12882	MYH1	1	Modified residue	1726	1726	EXACT	EXACT	Phosphoserine		Phosphoserine	Phosphoserine	PTM-0253	exact	H1 O3 P1	79.98	vocabulary	true
P12882	MYH1	1	Modified residue	1730	1730	EXACT	EXACT	Phosphothreonine		Phosphothreonine	Phosphothreonine	PTM-0254	exact	H1 O3 P1	79.98	vocabulary	true
P12882	MYH1	1	Modified residue	1736	1736	EXACT	EXACT	Phosphothreonine		Phosphothreonine	Phosphothreonine	PTM-0254	exact	H1 O3 P1	79.98	vocabulary	true
P12882	MYH1	1	Modified residue	1739	1739	EXACT	EXACT	Phosphoserine		Phosphoserine	Phosphoserine	PTM-0253	exact	H1 O3 P1	79.98	vocabulary	true
P12883	MYH7	1	Modified residue	129	129	EXACT	EXACT	N6,N6,N6-trimethyllysine		N6,N6,N6-trimethyllysine	N6,N6,N6-trimethyllysine	PTM-0187	exact	C3 H7	43.09	vocabulary	true
P12883	MYH7	1	Modified residue	378	378	EXACT	EXACT	Phosphothreonine		Phosphothreonine	Phosphothreonine	PTM-0254	exact	H1 O3 P1	79.98	vocabulary	true
P12883	MYH7	1	Modified residue	1137	1137	EXACT	EXACT	Phosphoserine		Phosphoserine	Phosphoserine	PTM-0253	exact	H1 O3 P1	79.98	vocabulary	true
P12883	MYH7	1	Modified residue	1269	1269	EXACT	EXACT	Phosphoserine		Phosphoserine	Phosphoserine	PTM-0253	exact	H1 O3 P1	79.98	vocabulary	true
P12883	MYH7	1	Modified residue	1282	1282	EXACT	EXACT	Phosphothreonine		Phosphothreonine	Phosphothreonine	PTM-0254	exact	H1 O3 P1	79.98	vocabulary	true
P12883	MYH7	1	Modified residue	1308	1308	EXACT	EXACT	Phosphotyrosine		Phosphotyrosine	Phosphotyrosine	PTM-0255	exact	H1 O3 P1	79.98	vocabulary	true
P12883	MYH7	1	Modified residue	1309	1309	EXACT	EXACT	Phosphothreonine		Phosphothreonine	Phosphothreonine	PTM-0254	exact	H1 O3 P1	79.98	vocabulary	true
P12883	MYH7	1	Modified residue	1510	1510	EXACT	EXACT	Phosphoserine		Phosphoserine	Phosphoserine	PTM-0253	exact	H1 O3 P1	79.98	vocabulary	true
P12883	MYH7	1	Modified residue	1513	1513	EXACT	EXACT	Phosphothreonine		Phosphothreonine	Phosphothreonine	PTM-0254	exact	H1 O3 P1	79.98	vocabulary	true
P13533	MYH6	1	Modified residue	129	129	EXACT	EXACT	N6,N6,N6-trimethyllysine		N6,N6,N6-trimethyllysine	N6,N6,N6-trimethyllysine	PTM-0187	exact	C3 H7	43.09	vocabulary	true
P13533	MYH6	1	Modified residue	379	379	EXACT	EXACT	Phosphothreonine		Phosphothreonine	Phosphothreonine	PTM-0254	exact	H1 O3 P1	79.98	vocabulary	true
P13533	MYH6	1	Modified residue	417	417	EXACT	EXACT	Phosphoserine		Phosphoserine	Phosphoserine	PTM-0253	exact	H1 O3 P1	79.98	vocabulary	true
P13533	MYH6	1	Modified residue	1139	1139	EXACT	EXACT	Phosphoserine		Phosphoserine	Phosphoserine	PTM-0253	exact	H1 O3 P1	79.98	vocabulary	true
P13533	MYH6	1	Modified residue	1261	1261	EXACT	EXACT	Phosphotyrosine		Phosphotyrosine	Phosphotyrosine	PTM-0255	exact	H1 O3 P1	79.98	vocabulary	true
P13533	MYH6	1	Modified residue	1271	1271	EXACT	EXACT	Phosphoserine		Phosphoserine	Phosphoserine	PTM-0253	exact	H1 O3 P1	79.98	vocabulary	true
P13533	MYH6	1	Modified residue	1277	1277	EXACT	EXACT	Phosphothreonine		Phosphothreonine	Phosphothreonine	PTM-0254	exact	H1 O3 P1	79.98	vocabulary	true
P13533	MYH6	1	Modified residue	1284	1284	EXACT	EXACT	Phosphothreonine		Phosphothreonine	Phosphothreonine	PTM-0254	exact	H1 O3 P1	79.98	vocabulary	true
P13533	MYH6	1	Modified residue	1309	1309	EXACT	EXACT	Phosphoserine		Phosphoserine	Phosphoserine	PTM-0253	exact	H1 O3 P1	79.98	vocabulary	true
P13533	MYH6	1	Modified residue	1310	1310	EXACT	EXACT	Phosphotyrosine		Phosphotyrosine	Phosphotyrosine	PTM-0255	exact	H1 O3 P1	79.98	vocabulary	true
P13533	MYH6	1	Modified residue	1311	1311	EXACT	EXACT	Phosphothreonine		Phosphothreonine	Phosphothreonine	PTM-0254	exact	H1 O3 P1	79.98	vocabulary	true
P13533	MYH6	1	Modified residue	1512	1512	EXACT	EXACT	Phosphoserine		Phosphoserine	Phosphoserine	PTM-0253	exact	H1 O3 P1	79.98	vocabulary	true
P13533	MYH6	1	Modified residue	1515	1515	EXACT	EXACT	Phosphothreonine		Phosphothreonine	Phosphothreonine	PTM-0254	exact	H1 O3 P1	79.98	vocabulary	true
P13535	MYH8	1	Modified residue	66	66	EXACT	EXACT	Phosphothreonine		Phosphothreonine	Phosphothreonine	PTM-0254	exact	H1 O3 P1	79.98	vocabulary	true
P13535	MYH8	1	Modified residue	71	71	EXACT	EXACT	Phosphothreonine		Phosphothreonine	Phosphothreonine	PTM-0254	exact	H1 O3 P1	79.98	vocabulary	true
P13535	MYH8	1	Modified residue	132	132	EXACT	EXACT	N6,N6,N6-trimethyllysine		N6,N6,N6-trimethyllysine	N6,N6,N6-trimethyllysine	PTM-0187	exact	C3 H7	43.09	vocabulary	true
P13535	MYH8	1	Modified residue	389	389	EXACT	EXACT	Phosphotyrosine		Phosphotyrosine	Phosphotyrosine	PTM-0255	exact	H1 O3 P1	79.98	vocabulary	true
P13535	MYH8	1	Modified residue	392	392	EXACT	EXACT	Phosphoserine		Phosphoserine	Phosphoserine	PTM-0253	exact	H1 O3 P1	79.98	vocabulary	true
P13535	MYH8	1	Modified residue	419	419	EXACT	EXACT	Phosphothreonine		Phosphothreonine	Phosphothreonine	PTM-0254	exact	H1 O3 P1	79.98	vocabulary	true
P13535	MYH8	1	Modified residue	424	424	EXACT	EXACT	Phosphotyrosine		Phosphotyrosine	Phosphotyrosine	PTM-0255	exact	H1 O3 P1	79.98	vocabulary	true
P13535	MYH8	1	Modified residue	625	625	EXACT	EXACT	Phosphoserine		Phosphoserine	Phosphoserine	PTM-0253	exact	H1 O3 P1	79.98	vocabulary	true
P13535	MYH8	1	Modified residue	756	756	EXACT	EXACT	Pros-methylhistidine		Pros-methylhistidine	Pros-methylhistidine	PTM-0259	exact	C1 H2	14.03	vocabulary	true
P13535	MYH8	1	Modified residue	1091	1091	EXACT	EXACT	Phosphoserine		Phosphoserine	Phosphoserine	PTM-0253	exact	H1 O3 P1	79.98	vocabulary	true
P13535	MYH8	1	Modified residue	1095	1095	EXACT	EXACT	Phosphoserine		Phosphoserine	Phosphoserine	PTM-0253	exact	H1 O3 P1	79.98	vocabulary	true
P13535	MYH8	1	Modified residue	1161	1161	EXACT	EXACT	Phosphoserine		Phosphoserine	Phosphoserine	PTM-0253	exact	H1 O3 P1	79.98	vocabulary	true
P13535	MYH8	1	Modified residue	1236	1236	EXACT	EXACT	Phosphoserine		Phosphoserine	Phosphoserine	PTM-0253	exact	H1 O3 P1	79.98	vocabulary	true
P13535	MYH8	1	Modified residue	1242	1242	EXACT	EXACT	Phosphoserine		Phosphoserine	Phosphoserine	PTM-0253	exact	H1 O3 P1	79.98	vocabulary	true
P13535	MYH8	1	Modified residue	1260	1260	EXACT	EXACT	Phosphoserine		Phosphoserine	Phosphoserine	PTM-0253	exact	H1 O3 P1	79.98	vocabulary	true
P13535	MYH8	1	Modified residue	1264	1264	EXACT	EXACT	Phosphothreonine		Phosphothreonine	Phosphothreonine	PTM-0254	exact	H1 O3 P1	79.98	vocabulary	true
P13535	MYH8	1	Modified residue	1285	1285	EXACT	EXACT	Phosphothreonine		Phosphothreonine	Phosphothreonine	PTM-0254	exact	H1 O3 P1	79.98	vocabulary	true
P13535	MYH8	1	Modified residue	1291	1291	EXACT	EXACT	Phosphoserine		Phosphoserine	Phosphoserine	PTM-0253	exact	H1 O3 P1	79.98	vocabulary	true
P13535	MYH8	1	Modified residue	1302	1302	EXACT	EXACT	Phosphoserine		Phosphoserine	Phosphoserine	PTM-0253	exact	H1 O3 P1	79.98	vocabulary	true
P13535	MYH8	1	Modified residue	1305	1305	EXACT	EXACT	Phosphoserine		Phosphoserine	Phosphoserine	PTM-0253	exact	H1 O3 P1	79.98	vocabulary	true
P13535	MYH8	1	Modified residue	1463	1463	EXACT	EXACT	Phosphotyrosine		Phosphotyrosine	Phosphotyrosine	PTM-0255	exact	H1 O3 P1	79.98	vocabulary	true
P13535	MYH8	1	Modified residue	1466	1466	EXACT	EXACT	Phosphothreonine		Phosphothreonine	Phosphothreonine	PTM-0254	exact	H1 O3 P1	79.98	vocabulary	true
P13535	MYH8	1	Modified residue	1473	1473	EXACT	EXACT	Phosphoserine		Phosphoserine	Phosphoserine	PTM-0253	exact	H1 O3 P1	79.98	vocabulary	true
P13535	MYH8	1	Modified residue	1491	1491	EXACT	EXACT	Phosphotyrosine		Phosphotyrosine	Phosphotyrosine	PTM-0255	exact	H1 O3 P1	79.98	vocabulary	true
P13535	MYH8	1	Modified residue	1494	1494	EXACT	EXACT	Phosphoserine		Phosphoserine	Phosphoserine	PTM-0253	exact	H1 O3 P1	79.98	vocabulary	true
P13535	MYH8	1	Modified residue	1500	1500	EXACT	EXACT	Phosphothreonine		Phosphothreonine	Phosphothreonine	PTM-0254	exact	H1 O3 P1	79.98	vocabulary	true
P13535	MYH8	1	Modified residue	1513	1513	EXACT	EXACT	Phosphoserine		Phosphoserine	Phosphoserine	PTM-0253	exact	H1 O3 P1	79.98	vocabulary	true
P13535	MYH8	1	Modified residue	1516	1516	EXACT	EXACT	Phosphothreonine		Phosphothreonine	Phosphothreonine	PTM-0254	exact	H1 O3 P1	79.98	vocabulary	true
P13535	MYH8	1	Modified residue	1553	1553	EXACT	EXACT	Phosphoserine		Phosphoserine	Phosphoserine	PTM-0253	exact	H1 O3 P1	79.98	vocabulary	true
P13535	MYH8	1	Modified residue	1573	1573	EXACT	EXACT	Phosphoserine		Phosphoserine	Phosphoserine	PTM-0253	exact	H1 O3 P1	79.98	vocabulary	true
P13535	MYH8	1	Modified residue	1602	1602	EXACT	EXACT	Phosphoserine		Phosphoserine	Phosphoserine	PTM-0253	exact	H1 O3 P1	79.98	vocabulary	true
P13535	MYH8	1	Modified residue	1713	1713	EXACT	EXACT	Phosphoserine		Phosphoserine	Phosphoserine	PTM-0253	exact	H1 O3 P1	79.98	vocabulary	true
P13535	MYH8	1	Modified residue	1725	1725	EXACT	EXACT	Phosphoserine		Phosphoserine	Phosphoserine	PTM-0253	exact	H1 O3 P1	79.98	vocabulary	true
P13535	MYH8	1	Modified residue	1729	1729	EXACT	EXACT	Phosphothreonine		Phosphothreonine	Phosphothreonine	PTM-0254	exact	H1 O3 P1	79.98	vocabulary	true
P13535	MYH8	1	Modified residue	1738	1738	EXACT	EXACT	Phosphoserine		Phosphoserine	Phosphoserine	PTM-0253	exact	H1 O3 P1	79.98	vocabulary	true
P13805	TNNT1	1	Modified residue	2	2	EXACT	EXACT	Phosphoserine; by CK2		Phosphoserine	Phosphoserine	PTM-0253	exact	H1 O3 P1	79.98	vocabulary	true
P14625	HSP90B1	2	Modified residue	64	64	EXACT	EXACT	Phosphoserine		Phosphoserine	Phosphoserine	PTM-0253	exact	H1 O3 P1	79.98	vocabulary	true
P14625	HSP90B1	2	Modified residue	168	168	EXACT	EXACT	N6-(2-hydroxyisobutyryl)lysine		N6-(2-hydroxyisobutyryl)lysine	N6-(2-hydroxyisobutyryl)lysine	PTM-0638	exact	C4 H6 O2	86.09	vocabulary	true
P14625	HSP90B1	2	Modified residue	172	172	EXACT	EXACT	Phosphoserine		Phosphoserine	Phosphoserine	PTM-0253	exact	H1 O3 P1	79.98	vocabulary	true
P14625	HSP90B1	2	Modified residue	306	306	EXACT	EXACT	Phosphoserine; by FAM20C		Phosphoserine	Phosphoserine	PTM-0253	exact	H1 O3 P1	79.98	vocabulary	true
P14625	HSP90B1	2	Modified residue	403	403	EXACT	EXACT	Phosphoserine		Phosphoserine	Phosphoserine	PTM-0253	exact	H1 O3 P1	79.98	vocabulary	true
P14625	HSP90B1	2	Modified residue	404	404	EXACT	EXACT	N6-succinyllysine		N6-succinyllysine	N6-succinyllysine	PTM-0438	exact	C4 H4 O3	100.07	vocabulary	true
P14625	HSP90B1	2	Modified residue	447	447	EXACT	EXACT	Phosphoserine		Phosphoserine	Phosphoserine	PTM-0253	exact	H1 O3 P1	79.98	vocabulary	true
P14625	HSP90B1	2	Modified residue	479	479	EXACT	EXACT	N6-acetyllysine		N6-acetyllysine	N6-acetyllysine	PTM-0190	exact	C2 H2 O1	42.04	vocabulary	true
P14625	HSP90B1	2	Modified residue	633	633	EXACT	EXACT	N6-succinyllysine		N6-succinyllysine	N6-succinyllysine	PTM-0438	exact	C4 H4 O3	100.07	vocabulary	true
P14625	HSP90B1	2	Modified residue	786	786	EXACT	EXACT	Phosphothreonine		Phosphothreonine	Phosphothreonine	PTM-0254	exact	H1 O3 P1	79.98	vocabulary	true
P14625	HSP90B1	2	Glycosylation	62	62	EXACT	EXACT	N-linked (GlcNAc...) asparagine		N-linked (GlcNAc...) asparagine	N-linked (GlcNAc...) asparagine	PTM-0528	exact			no_mass_in_vocabulary	true
P14625	HSP90B1	2	Glycosylation	107	107	EXACT	EXACT	N-linked (GlcNAc...) asparagine		N-linked (GlcNAc...) asparagine	N-linked (GlcNAc...) asparagine	PTM-0528	exact			no_mass_in_vocabulary	true
P14625	HSP90B1	2	Glycosylation	217	217	EXACT	EXACT	N-linked (GlcNAc...) asparagine		N-linked (GlcNAc...) asparagine	N-linked (GlcNAc...) asparagine	PTM-0528	exact			no_mass_in_vocabulary	true
P14625	HSP90B1	2	Glycosylation	445	445	EXACT	EXACT	N-linked (GlcNAc...) asparagine		N-linked (GlcNAc...) asparagine	N-linked (GlcNAc...) asparagine	PTM-0528	exact			no_mass_in_vocabulary	true
P14625	HSP90B1	2	Glycosylation	481	481	EXACT	EXACT	N-linked (GlcNAc...) asparagine		N-linked (GlcNAc...) asparagine	N-linked (GlcNAc...) asparagine	PTM-0528	exact			no_mass_in_vocabulary	true
P14625	HSP90B1	2	Glycosylation	502	502	EXACT	EXACT	N-linked (GlcNAc...) asparagine		N-linked (GlcNAc...) asparagine	N-linked (GlcNAc...) asparagine	PTM-0528	exact			no_mass_in_vocabulary	true
P14625	HSP90B1	2	Disulfide bond	138	138	EXACT	EXACT	Interchain		Interchain			not_in_vocabulary			interchain_count_only	true
P14672	SLC2A4	2	Modified residue	10	10	EXACT	EXACT	Phosphoserine		Phosphoserine	Phosphoserine	PTM-0253	exact	H1 O3 P1	79.98	vocabulary	true
P14672	SLC2A4	2	Modified residue	274	274	EXACT	EXACT	Phosphoserine; by SGK1		Phosphoserine	Phosphoserine	PTM-0253	exact	H1 O3 P1	79.98	vocabulary	true
P14672	SLC2A4	2	Modified residue	486	486	EXACT	EXACT	Phosphothreonine		Phosphothreonine	Phosphothreonine	PTM-0254	exact	H1 O3 P1	79.98	vocabulary	true
P14672	SLC2A4	2	Modified residue	488	488	EXACT	EXACT	Phosphoserine		Phosphoserine	Phosphoserine	PTM-0253	exact	H1 O3 P1	79.98	vocabulary	true
P14672	SLC2A4	2	Lipidation	223	223	EXACT	EXACT	S-palmitoyl cysteine		S-palmitoyl cysteine	S-palmitoyl cysteine	PTM-0281	exact	C16 H30 O1	238.41	vocabulary	true
P14672	SLC2A4	2	Glycosylation	57	57	EXACT	EXACT	N-linked (GlcNAc...) asparagine		N-linked (GlcNAc...) asparagine	N-linked (GlcNAc...) asparagine	PTM-0528	exact			no_mass_in_vocabulary	true
P14923	JUP	1	Modified residue	1	1	EXACT	EXACT	N-acetylmethionine		N-acetylmethionine	N-acetylmethionine	PTM-0205	exact	C2 H2 O1	42.04	vocabulary	true
P14923	JUP	1	Modified residue	99	99	EXACT	EXACT	Phosphoserine		Phosphoserine	Phosphoserine	PTM-0253	exact	H1 O3 P1	79.98	vocabulary	true
P14923	JUP	1	Modified residue	125	125	EXACT	EXACT	Phosphoserine		Phosphoserine	Phosphoserine	PTM-0253	exact	H1 O3 P1	79.98	vocabulary	true
P14923	JUP	1	Modified residue	182	182	EXACT	EXACT	Phosphoserine		Phosphoserine	Phosphoserine	PTM-0253	exact	H1 O3 P1	79.98	vocabulary	true
P14923	JUP	1	Modified residue	665	665	EXACT	EXACT	Phosphoserine		Phosphoserine	Phosphoserine	PTM-0253	exact	H1 O3 P1	79.98	vocabulary	true
P14923	JUP	1	Modified residue	730	730	EXACT	EXACT	Phosphoserine		Phosphoserine	Phosphoserine	PTM-0253	exact	H1 O3 P1	79.98	vocabulary	true
P14923	JUP	1	Glycosylation	14	14	EXACT	EXACT	O-linked (GlcNAc) threonine		O-linked (GlcNAc) threonine	O-linked (GlcNAc) threonine	PTM-0582	exact	C8 H13 N1 O5	203.19	vocabulary	true
P15172	MYOD1	1	Modified residue	104	104	EXACT	EXACT	N6-methyllysine; by EHMT2		N6-methyllysine	N6-methyllysine	PTM-0194	exact	C1 H2	14.03	vocabulary	true
P15172	MYOD1	1	Cross-link	1	1	EXACT	EXACT	Peptide (Met-Gly) (interchain with G-Cter in ubiquitin)		Peptide (Met-Gly) (interchain with G-Cter in ubiquitin)	Peptide (Met-Gly) (interchain with G-...)	PTM-0247	wildcard			no_mass_in_vocabulary	true
P15382	KCNE1	1	Modified residue	102	102	EXACT	EXACT	Phosphoserine; by PKC		Phosphoserine	Phosphoserine	PTM-0253	exact	H1 O3 P1	79.98	vocabulary	true
P15382	KCNE1	1	Glycosylation	5	5	EXACT	EXACT	N-linked (GlcNAc...) asparagine		N-linked (GlcNAc...) asparagine	N-linked (GlcNAc...) asparagine	PTM-0528	exact			no_mass_in_vocabulary	true
P15382	KCNE1	1	Glycosylation	7	7	EXACT	EXACT	O-linked (GalNAc...) threonine		O-linked (GalNAc...) threonine	O-linked (GalNAc...) threonine	PTM-0568	exact			no_mass_in_vocabulary	true
P15382	KCNE1	1	Glycosylation	26	26	EXACT	EXACT	N-linked (GlcNAc...) asparagine		N-linked (GlcNAc...) asparagine	N-linked (GlcNAc...) asparagine	PTM-0528	exact			no_mass_in_vocabulary	true
P16157	ANK1	1;2	Modified residue	105	105	EXACT	EXACT	(3S)-3-hydroxyasparagine; by HIF1AN; partial		(3S)-3-hydroxyasparagine	(3S)-3-hydroxyasparagine	PTM-0370	exact	O1	16	vocabulary	true
P16157	ANK1	1;2	Modified residue	233	233	EXACT	EXACT	(3S)-3-hydroxyasparagine; by HIF1AN; partial		(3S)-3-hydroxyasparagine	(3S)-3-hydroxyasparagine	PTM-0370	exact	O1	16	vocabulary	true
P16157	ANK1	1;2	Modified residue	429	429	EXACT	EXACT	Phosphoserine		Phosphoserine	Phosphoserine	PTM-0253	exact	H1 O3 P1	79.98	vocabulary	true
P16157	ANK1	1;2	Modified residue	431	431	EXACT	EXACT	(3S)-3-hydroxyasparagine; by HIF1AN; partial		(3S)-3-hydroxyasparagine	(3S)-3-hydroxyasparagine	PTM-0370	exact	O1	16	vocabulary	true
P16157	ANK1	1;2	Modified residue	464	464	EXACT	EXACT	(3S)-3-hydroxyasparagine; by HIF1AN; partial		(3S)-3-hydroxyasparagine	(3S)-3-hydroxyasparagine	PTM-0370	exact	O1	16	vocabulary	true
P16157	ANK1	1;2	Modified residue	629	629	EXACT	EXACT	(3S)-3-hydroxyasparagine; by HIF1AN; partial		(3S)-3-hydroxyasparagine	(3S)-3-hydroxyasparagine	PTM-0370	exact	O1	16	vocabulary	true
P16157	ANK1	1;2	Modified residue	662	662	EXACT	EXACT	(3S)-3-hydroxyasparagine; by HIF1AN; partial		(3S)-3-hydroxyasparagine	(3S)-3-hydroxyasparagine	PTM-0370	exact	O1	16	vocabulary	true
P16157	ANK1	1;2	Modified residue	695	695	EXACT	EXACT	(3S)-3-hydroxyaspartate; by HIF1AN; partial		(3S)-3-hydroxyaspartate	(3S)-3-hydroxyaspartate	PTM-0473	exact	O1	16	vocabulary	true
P16157	ANK1	1;2	Modified residue	728	728	EXACT	EXACT	(3S)-3-hydroxyasparagine; by HIF1AN; partial		(3S)-3-hydroxyasparagine	(3S)-3-hydroxyasparagine	PTM-0370	exact	O1	16	vocabulary	true
P16157	ANK1	1;2	Modified residue	759	759	EXACT	EXACT	Phosphoserine		Phosphoserine	Phosphoserine	PTM-0253	exact	H1 O3 P1	79.98	vocabulary	true
P16157	ANK1	1;2	Modified residue	761	761	EXACT	EXACT	(3S)-3-hydroxyasparagine; by HIF1AN; partial		(3S)-3-hydroxyasparagine	(3S)-3-hydroxyasparagine	PTM-0370	exact	O1	16	vocabulary	true
P16157	ANK1	1;2	Modified residue	781	781	EXACT	EXACT	Phosphoserine		Phosphoserine	Phosphoserine	PTM-0253	exact	H1 O3 P1	79.98	vocabulary	true
P16157	ANK1	1;2	Modified residue	817	817	EXACT	EXACT	Phosphoserine		Phosphoserine	Phosphoserine	PTM-0253	exact	H1 O3 P1	79.98	vocabulary	true
P16157	ANK1	1;2	Modified residue	834	834	EXACT	EXACT	Phosphoserine		Phosphoserine	Phosphoserine	PTM-0253	exact	H1 O3 P1	79.98	vocabulary	true
P16157	ANK1	1;2	Modified residue	856	856	EXACT	EXACT	Phosphoserine		Phosphoserine	Phosphoserine	PTM-0253	exact	H1 O3 P1	79.98	vocabulary	true
P16157	ANK1	1;2	Modified residue	961	961	EXACT	EXACT	Phosphothreonine		Phosphothreonine	Phosphothreonine	PTM-0254	exact	H1 O3 P1	79.98	vocabulary	true
P16157	ANK1	1;2	Modified residue	1073	1073	EXACT	EXACT	Phosphotyrosine		Phosphotyrosine	Phosphotyrosine	PTM-0255	exact	H1 O3 P1	79.98	vocabulary	true
P16157	ANK1	1;2	Modified residue	1082	1082	EXACT	EXACT	Phosphoserine		Phosphoserine	Phosphoserine	PTM-0253	exact	H1 O3 P1	79.98	vocabulary	true
P16157	ANK1	1;2	Modified residue	1378	1378	EXACT	EXACT	Phosphothreonine		Phosphothreonine	Phosphothreonine	PTM-0254	exact	H1 O3 P1	79.98	vocabulary	true
P16157	ANK1	1;2	Modified residue	1380	1380	EXACT	EXACT	Phosphothreonine		Phosphothreonine	Phosphothreonine	PTM-0254	exact	H1 O3 P1	79.98	vocabulary	true
P16157	ANK1	1;2	Modified residue	1390	1390	EXACT	EXACT	Phosphoserine		Phosphoserine	Phosphoserine	PTM-0253	exact	H1 O3 P1	79.98	vocabulary	true
P16157	ANK1	1;2	Modified residue	1392	1392	EXACT	EXACT	Phosphoserine		Phosphoserine	Phosphoserine	PTM-0253	exact	H1 O3 P1	79.98	vocabulary	true
P16157	ANK1	1;2	Modified residue	1396	1396	EXACT	EXACT	Phosphoserine		Phosphoserine	Phosphoserine	PTM-0253	exact	H1 O3 P1	79.98	vocabulary	true
P16157	ANK1	1;2	Modified residue	1400	1400	EXACT	EXACT	Phosphothreonine		Phosphothreonine	Phosphothreonine	PTM-0254	exact	H1 O3 P1	79.98	vocabulary	true
P16157	ANK1	1;2	Modified residue	1428	1428	EXACT	EXACT	Phosphoserine		Phosphoserine	Phosphoserine	PTM-0253	exact	H1 O3 P1	79.98	vocabulary	true
P16157	ANK1	1;2	Modified residue	1486	1486	EXACT	EXACT	Phosphoserine		Phosphoserine	Phosphoserine	PTM-0253	exact	H1 O3 P1	79.98	vocabulary	true
P16157	ANK1	1;2	Modified residue	1523	1523	EXACT	EXACT	Phosphoserine		Phosphoserine	Phosphoserine	PTM-0253	exact	H1 O3 P1	79.98	vocabulary	true
P16157	ANK1	1;2	Modified residue	1533	1533	EXACT	EXACT	Phosphoserine		Phosphoserine	Phosphoserine	PTM-0253	exact	H1 O3 P1	79.98	vocabulary	true
P16157	ANK1	1;2	Modified residue	1617	1617	EXACT	EXACT	Phosphoserine		Phosphoserine	Phosphoserine	PTM-0253	exact	H1 O3 P1	79.98	vocabulary	true
P16157	ANK1	1;2	Modified residue	1666	1666	EXACT	EXACT	Phosphoserine		Phosphoserine	Phosphoserine	PTM-0253	exact	H1 O3 P1	79.98	vocabulary	true
P16157	ANK1	1;2	Modified residue	1671	1671	EXACT	EXACT	Phosphoserine		Phosphoserine	Phosphoserine	PTM-0253	exact	H1 O3 P1	79.98	vocabulary	true
P16157	ANK1	1;2	Modified residue	1686	1686	EXACT	EXACT	Phosphoserine		Phosphoserine	Phosphoserine	PTM-0253	exact	H1 O3 P1	79.98	vocabulary	true
P16157	ANK1	1;2	Modified residue	1690	1690	EXACT	EXACT	Phosphoserine		Phosphoserine	Phosphoserine	PTM-0253	exact	H1 O3 P1	79.98	vocabulary	true
P16157	ANK1	1;2	Modified residue	1696	1696	EXACT	EXACT	Phosphoserine		Phosphoserine	Phosphoserine	PTM-0253	exact	H1 O3 P1	79.98	vocabulary	true
P16298	PPP3CB	1	Modified residue	2	2	EXACT	EXACT	N-acetylalanine		N-acetylalanine	N-acetylalanine	PTM-0199	exact	C2 H2 O1	42.04	vocabulary	true
P16298	PPP3CB	1	Modified residue	478	478	EXACT	EXACT	Phosphoserine		Phosphoserine	Phosphoserine	PTM-0253	exact	H1 O3 P1	79.98	vocabulary	true
P16615	ATP2A2	2	Modified residue	38	38	EXACT	EXACT	Phosphoserine		Phosphoserine	Phosphoserine	PTM-0253	exact	H1 O3 P1	79.98	vocabulary	true
P16615	ATP2A2	2	Modified residue	294	294	EXACT	EXACT	3'-nitrotyrosine		3'-nitrotyrosine	3'-nitrotyrosine	PTM-0434	exact	H-1 N1 O2	45	vocabulary	true
P16615	ATP2A2	2	Modified residue	295	295	EXACT	EXACT	3'-nitrotyrosine		3'-nitrotyrosine	3'-nitrotyrosine	PTM-0434	exact	H-1 N1 O2	45	vocabulary	true
P16615	ATP2A2	2	Modified residue	441	441	EXACT	EXACT	Phosphothreonine		Phosphothreonine	Phosphothreonine	PTM-0254	exact	H1 O3 P1	79.98	vocabulary	true
P16615	ATP2A2	2	Modified residue	531	531	EXACT	EXACT	Phosphoserine		Phosphoserine	Phosphoserine	PTM-0253	exact	H1 O3 P1	79.98	vocabulary	true
P16615	ATP2A2	2	Modified residue	580	580	EXACT	EXACT	Phosphoserine		Phosphoserine	Phosphoserine	PTM-0253	exact	H1 O3 P1	79.98	vocabulary	true
P16615	ATP2A2	2	Modified residue	663	663	EXACT	EXACT	Phosphoserine		Phosphoserine	Phosphoserine	PTM-0253	exact	H1 O3 P1	79.98	vocabulary	true
P16615	ATP2A2	2	Disulfide bond	875	887	EXACT	EXACT						not_in_vocabulary	H-2 (arithmetic)	-2.016	disulfide_arithmetic	true
P17661	DES	1	Modified residue	7	7	EXACT	EXACT	Phosphoserine; by CDK1		Phosphoserine	Phosphoserine	PTM-0253	exact	H1 O3 P1	79.98	vocabulary	true
P17661	DES	1	Modified residue	12	12	EXACT	EXACT	Phosphoserine; by AURKB		Phosphoserine	Phosphoserine	PTM-0253	exact	H1 O3 P1	79.98	vocabulary	true
P17661	DES	1	Modified residue	16	16	EXACT	EXACT	Omega-N-methylarginine		Omega-N-methylarginine	Omega-N-methylarginine	PTM-0237	exact	C1 H2	14.03	vocabulary	true
P17661	DES	1	Modified residue	17	17	EXACT	EXACT	Phosphothreonine; by AURKB and ROCK1		Phosphothreonine	Phosphothreonine	PTM-0254	exact	H1 O3 P1	79.98	vocabulary	true
P17661	DES	1	Modified residue	28	28	EXACT	EXACT	Phosphoserine; by CDK1		Phosphoserine	Phosphoserine	PTM-0253	exact	H1 O3 P1	79.98	vocabulary	true
P17661	DES	1	Modified residue	31	31	EXACT	EXACT	Phosphoserine		Phosphoserine	Phosphoserine	PTM-0253	exact	H1 O3 P1	79.98	vocabulary	true
P17661	DES	1	Modified residue	32	32	EXACT	EXACT	Phosphoserine; by CDK1		Phosphoserine	Phosphoserine	PTM-0253	exact	H1 O3 P1	79.98	vocabulary	true
P17661	DES	1	Modified residue	37	37	EXACT	EXACT	Asymmetric dimethylarginine; alternate		Asymmetric dimethylarginine	Asymmetric dimethylarginine	PTM-0066	exact	C2 H4	28.05	vocabulary	true
P17661	DES	1	Modified residue	37	37	EXACT	EXACT	Omega-N-methylarginine; alternate		Omega-N-methylarginine	Omega-N-methylarginine	PTM-0237	exact	C1 H2	14.03	vocabulary	true
P17661	DES	1	Modified residue	45	45	EXACT	EXACT	Phosphoserine		Phosphoserine	Phosphoserine	PTM-0253	exact	H1 O3 P1	79.98	vocabulary	true
P17661	DES	1	Modified residue	58	58	EXACT	EXACT	ADP-ribosylarginine		ADP-ribosylarginine	ADP-ribosylarginine	PTM-0053	exact	C15 H21 N5 O13 P2	541.3	vocabulary	true
P17661	DES	1	Modified residue	60	60	EXACT	EXACT	Phosphoserine; by AURKB		Phosphoserine	Phosphoserine	PTM-0253	exact	H1 O3 P1	79.98	vocabulary	true
P17661	DES	1	Modified residue	68	68	EXACT	EXACT	Phosphoserine		Phosphoserine	Phosphoserine	PTM-0253	exact	H1 O3 P1	79.98	vocabulary	true
P17661	DES	1	Modified residue	70	70	EXACT	EXACT	Omega-N-methylarginine		Omega-N-methylarginine	Omega-N-methylarginine	PTM-0237	exact	C1 H2	14.03	vocabulary	true
P17661	DES	1	Modified residue	76	76	EXACT	EXACT	Phosphothreonine; by ROCK1		Phosphothreonine	Phosphothreonine	PTM-0254	exact	H1 O3 P1	79.98	vocabulary	true
P17661	DES	1	Modified residue	77	77	EXACT	EXACT	Phosphothreonine; by ROCK1		Phosphothreonine	Phosphothreonine	PTM-0254	exact	H1 O3 P1	79.98	vocabulary	true
P17661	DES	1	Modified residue	81	81	EXACT	EXACT	Phosphoserine		Phosphoserine	Phosphoserine	PTM-0253	exact	H1 O3 P1	79.98	vocabulary	true
P17661	DES	1	Modified residue	290	290	EXACT	EXACT	Phosphoserine		Phosphoserine	Phosphoserine	PTM-0253	exact	H1 O3 P1	79.98	vocabulary	true
P17661	DES	1	Modified residue	358	358	EXACT	EXACT	Phosphoserine		Phosphoserine	Phosphoserine	PTM-0253	exact	H1 O3 P1	79.98	vocabulary	true
P17661	DES	1	Modified residue	361	361	EXACT	EXACT	Phosphoserine		Phosphoserine	Phosphoserine	PTM-0253	exact	H1 O3 P1	79.98	vocabulary	true
P17661	DES	1	Modified residue	424	424	EXACT	EXACT	Phosphoserine		Phosphoserine	Phosphoserine	PTM-0253	exact	H1 O3 P1	79.98	vocabulary	true
P18206	VCL	1	Modified residue	97	97	EXACT	EXACT	Phosphoserine		Phosphoserine	Phosphoserine	PTM-0253	exact	H1 O3 P1	79.98	vocabulary	true
P18206	VCL	1	Modified residue	173	173	EXACT	EXACT	N6-acetyllysine		N6-acetyllysine	N6-acetyllysine	PTM-0190	exact	C2 H2 O1	42.04	vocabulary	true
P18206	VCL	1	Modified residue	260	260	EXACT	EXACT	Phosphoserine		Phosphoserine	Phosphoserine	PTM-0253	exact	H1 O3 P1	79.98	vocabulary	true
P18206	VCL	1	Modified residue	272	272	EXACT	EXACT	Phosphoserine		Phosphoserine	Phosphoserine	PTM-0253	exact	H1 O3 P1	79.98	vocabulary	true
P18206	VCL	1	Modified residue	275	275	EXACT	EXACT	Phosphoserine		Phosphoserine	Phosphoserine	PTM-0253	exact	H1 O3 P1	79.98	vocabulary	true
P18206	VCL	1	Modified residue	288	288	EXACT	EXACT	Phosphoserine		Phosphoserine	Phosphoserine	PTM-0253	exact	H1 O3 P1	79.98	vocabulary	true
P18206	VCL	1	Modified residue	290	290	EXACT	EXACT	Phosphoserine		Phosphoserine	Phosphoserine	PTM-0253	exact	H1 O3 P1	79.98	vocabulary	true
P18206	VCL	1	Modified residue	346	346	EXACT	EXACT	Phosphoserine		Phosphoserine	Phosphoserine	PTM-0253	exact	H1 O3 P1	79.98	vocabulary	true
P18206	VCL	1	Modified residue	434	434	EXACT	EXACT	Phosphoserine		Phosphoserine	Phosphoserine	PTM-0253	exact	H1 O3 P1	79.98	vocabulary	true
P18206	VCL	1	Modified residue	496	496	EXACT	EXACT	N6-acetyllysine		N6-acetyllysine	N6-acetyllysine	PTM-0190	exact	C2 H2 O1	42.04	vocabulary	true
P18206	VCL	1	Modified residue	537	537	EXACT	EXACT	Phosphotyrosine		Phosphotyrosine	Phosphotyrosine	PTM-0255	exact	H1 O3 P1	79.98	vocabulary	true
P18206	VCL	1	Modified residue	574	574	EXACT	EXACT	Phosphoserine		Phosphoserine	Phosphoserine	PTM-0253	exact	H1 O3 P1	79.98	vocabulary	true
P18206	VCL	1	Modified residue	579	579	EXACT	EXACT	Phosphoserine		Phosphoserine	Phosphoserine	PTM-0253	exact	H1 O3 P1	79.98	vocabulary	true
P18206	VCL	1	Modified residue	600	600	EXACT	EXACT	Phosphoserine		Phosphoserine	Phosphoserine	PTM-0253	exact	H1 O3 P1	79.98	vocabulary	true
P18206	VCL	1	Modified residue	604	604	EXACT	EXACT	Phosphothreonine		Phosphothreonine	Phosphothreonine	PTM-0254	exact	H1 O3 P1	79.98	vocabulary	true
P18206	VCL	1	Modified residue	672	672	EXACT	EXACT	Phosphothreonine		Phosphothreonine	Phosphothreonine	PTM-0254	exact	H1 O3 P1	79.98	vocabulary	true
P18206	VCL	1	Modified residue	721	721	EXACT	EXACT	Phosphoserine		Phosphoserine	Phosphoserine	PTM-0253	exact	H1 O3 P1	79.98	vocabulary	true
P18206	VCL	1	Modified residue	795	795	EXACT	EXACT	Phosphoserine		Phosphoserine	Phosphoserine	PTM-0253	exact	H1 O3 P1	79.98	vocabulary	true
P18206	VCL	1	Modified residue	809	809	EXACT	EXACT	Phosphoserine		Phosphoserine	Phosphoserine	PTM-0253	exact	H1 O3 P1	79.98	vocabulary	true
P18206	VCL	1	Modified residue	822	822	EXACT	EXACT	Phosphotyrosine		Phosphotyrosine	Phosphotyrosine	PTM-0255	exact	H1 O3 P1	79.98	vocabulary	true
P18206	VCL	1	Modified residue	1133	1133	EXACT	EXACT	Phosphotyrosine; by SRC-type Tyr-kinases		Phosphotyrosine	Phosphotyrosine	PTM-0255	exact	H1 O3 P1	79.98	vocabulary	true
P19237	TNNI1	1	Modified residue	2	2	EXACT	EXACT	N-acetylproline		N-acetylproline	N-acetylproline	PTM-0206	exact	C2 H2 O1	42.04	vocabulary	true
P19237	TNNI1	1	Modified residue	58	58	EXACT	EXACT	Phosphoserine		Phosphoserine	Phosphoserine	PTM-0253	exact	H1 O3 P1	79.98	vocabulary	true
P19429	TNNI3	1	Modified residue	2	2	EXACT	EXACT	N-acetylalanine		N-acetylalanine	N-acetylalanine	PTM-0199	exact	C2 H2 O1	42.04	vocabulary	true
P19429	TNNI3	1	Modified residue	5	5	EXACT	EXACT	Phosphoserine		Phosphoserine	Phosphoserine	PTM-0253	exact	H1 O3 P1	79.98	vocabulary	true
P19429	TNNI3	1	Modified residue	6	6	EXACT	EXACT	Phosphoserine		Phosphoserine	Phosphoserine	PTM-0253	exact	H1 O3 P1	79.98	vocabulary	true
P19429	TNNI3	1	Modified residue	23	23	EXACT	EXACT	Phosphoserine; by PKA and PKD/PRKD1		Phosphoserine	Phosphoserine	PTM-0253	exact	H1 O3 P1	79.98	vocabulary	true
P19429	TNNI3	1	Modified residue	24	24	EXACT	EXACT	Phosphoserine; by PKA and PKD/PRKD1		Phosphoserine	Phosphoserine	PTM-0253	exact	H1 O3 P1	79.98	vocabulary	true
P19429	TNNI3	1	Modified residue	26	26	EXACT	EXACT	Phosphotyrosine		Phosphotyrosine	Phosphotyrosine	PTM-0255	exact	H1 O3 P1	79.98	vocabulary	true
P19429	TNNI3	1	Modified residue	31	31	EXACT	EXACT	Phosphothreonine; by STK4/MST1		Phosphothreonine	Phosphothreonine	PTM-0254	exact	H1 O3 P1	79.98	vocabulary	true
P19429	TNNI3	1	Modified residue	42	42	EXACT	EXACT	Phosphoserine; by PKC/PRKCE		Phosphoserine	Phosphoserine	PTM-0253	exact	H1 O3 P1	79.98	vocabulary	true
P19429	TNNI3	1	Modified residue	44	44	EXACT	EXACT	Phosphoserine; by PKC/PRKCE		Phosphoserine	Phosphoserine	PTM-0253	exact	H1 O3 P1	79.98	vocabulary	true
P19429	TNNI3	1	Modified residue	51	51	EXACT	EXACT	Phosphothreonine; by STK4/MST1		Phosphothreonine	Phosphothreonine	PTM-0254	exact	H1 O3 P1	79.98	vocabulary	true
P19429	TNNI3	1	Modified residue	77	77	EXACT	EXACT	Phosphoserine		Phosphoserine	Phosphoserine	PTM-0253	exact	H1 O3 P1	79.98	vocabulary	true
P19429	TNNI3	1	Modified residue	78	78	EXACT	EXACT	Phosphothreonine		Phosphothreonine	Phosphothreonine	PTM-0254	exact	H1 O3 P1	79.98	vocabulary	true
P19429	TNNI3	1	Modified residue	129	129	EXACT	EXACT	Phosphothreonine; by STK4/MST1		Phosphothreonine	Phosphothreonine	PTM-0254	exact	H1 O3 P1	79.98	vocabulary	true
P19429	TNNI3	1	Modified residue	143	143	EXACT	EXACT	Phosphothreonine; by STK4/MST1		Phosphothreonine	Phosphothreonine	PTM-0254	exact	H1 O3 P1	79.98	vocabulary	true
P19429	TNNI3	1	Modified residue	150	150	EXACT	EXACT	Phosphoserine; by PAK3		Phosphoserine	Phosphoserine	PTM-0253	exact	H1 O3 P1	79.98	vocabulary	true
P19429	TNNI3	1	Modified residue	166	166	EXACT	EXACT	Phosphoserine		Phosphoserine	Phosphoserine	PTM-0253	exact	H1 O3 P1	79.98	vocabulary	true
P19429	TNNI3	1	Modified residue	181	181	EXACT	EXACT	Phosphothreonine		Phosphothreonine	Phosphothreonine	PTM-0254	exact	H1 O3 P1	79.98	vocabulary	true
P19429	TNNI3	1	Modified residue	199	199	EXACT	EXACT	Phosphoserine		Phosphoserine	Phosphoserine	PTM-0253	exact	H1 O3 P1	79.98	vocabulary	true
P21291	CSRP1	1	Modified residue	81	81	EXACT	EXACT	Phosphoserine		Phosphoserine	Phosphoserine	PTM-0253	exact	H1 O3 P1	79.98	vocabulary	true
P21291	CSRP1	1	Modified residue	84	84	EXACT	EXACT	N6-acetyllysine		N6-acetyllysine	N6-acetyllysine	PTM-0190	exact	C2 H2 O1	42.04	vocabulary	true
P21291	CSRP1	1	Modified residue	112	112	EXACT	EXACT	N6-acetyllysine		N6-acetyllysine	N6-acetyllysine	PTM-0190	exact	C2 H2 O1	42.04	vocabulary	true
P21291	CSRP1	1	Modified residue	131	131	EXACT	EXACT	N6-acetyllysine		N6-acetyllysine	N6-acetyllysine	PTM-0190	exact	C2 H2 O1	42.04	vocabulary	true
P21291	CSRP1	1	Modified residue	137	137	EXACT	EXACT	N6-acetyllysine		N6-acetyllysine	N6-acetyllysine	PTM-0190	exact	C2 H2 O1	42.04	vocabulary	true
P21291	CSRP1	1	Modified residue	161	161	EXACT	EXACT	N6-acetyllysine		N6-acetyllysine	N6-acetyllysine	PTM-0190	exact	C2 H2 O1	42.04	vocabulary	true
P21291	CSRP1	1	Modified residue	192	192	EXACT	EXACT	Phosphoserine		Phosphoserine	Phosphoserine	PTM-0253	exact	H1 O3 P1	79.98	vocabulary	true
P21291	CSRP1	1	Cross-link	91	91	EXACT	EXACT	Glycyl lysine isopeptide (Lys-Gly) (interchain with G-Cter in SUMO2)		Glycyl lysine isopeptide (Lys-Gly) (interchain with G-Cter in SUMO2)	Glycyl lysine isopeptide (Lys-Gly) (interchain with G-...)	PTM-0135	wildcard	H-2 O-1	-18.02	vocabulary	true
P21333	FLNA	1	Modified residue	2	2	EXACT	EXACT	N-acetylserine		N-acetylserine	N-acetylserine	PTM-0207	exact	C2 H2 O1	42.04	vocabulary	true
P21333	FLNA	1	Modified residue	11	11	EXACT	EXACT	Phosphoserine		Phosphoserine	Phosphoserine	PTM-0253	exact	H1 O3 P1	79.98	vocabulary	true
P21333	FLNA	1	Modified residue	376	376	EXACT	EXACT	N6-acetyllysine		N6-acetyllysine	N6-acetyllysine	PTM-0190	exact	C2 H2 O1	42.04	vocabulary	true
P21333	FLNA	1	Modified residue	508	508	EXACT	EXACT	N6-acetyllysine		N6-acetyllysine	N6-acetyllysine	PTM-0190	exact	C2 H2 O1	42.04	vocabulary	true
P21333	FLNA	1	Modified residue	700	700	EXACT	EXACT	N6-acetyllysine		N6-acetyllysine	N6-acetyllysine	PTM-0190	exact	C2 H2 O1	42.04	vocabulary	true
P21333	FLNA	1	Modified residue	781	781	EXACT	EXACT	N6-acetyllysine		N6-acetyllysine	N6-acetyllysine	PTM-0190	exact	C2 H2 O1	42.04	vocabulary	true
P21333	FLNA	1	Modified residue	837	837	EXACT	EXACT	N6-acetyllysine		N6-acetyllysine	N6-acetyllysine	PTM-0190	exact	C2 H2 O1	42.04	vocabulary	true
P21333	FLNA	1	Modified residue	865	865	EXACT	EXACT	N6-acetyllysine		N6-acetyllysine	N6-acetyllysine	PTM-0190	exact	C2 H2 O1	42.04	vocabulary	true
P21333	FLNA	1	Modified residue	906	906	EXACT	EXACT	N6-acetyllysine		N6-acetyllysine	N6-acetyllysine	PTM-0190	exact	C2 H2 O1	42.04	vocabulary	true
P21333	FLNA	1	Modified residue	968	968	EXACT	EXACT	Phosphoserine		Phosphoserine	Phosphoserine	PTM-0253	exact	H1 O3 P1	79.98	vocabulary	true
P21333	FLNA	1	Modified residue	1055	1055	EXACT	EXACT	Phosphoserine		Phosphoserine	Phosphoserine	PTM-0253	exact	H1 O3 P1	79.98	vocabulary	true
P21333	FLNA	1	Modified residue	1071	1071	EXACT	EXACT	N6-acetyllysine; alternate		N6-acetyllysine	N6-acetyllysine	PTM-0190	exact	C2 H2 O1	42.04	vocabulary	true
P21333	FLNA	1	Modified residue	1071	1071	EXACT	EXACT	N6-succinyllysine; alternate		N6-succinyllysine	N6-succinyllysine	PTM-0438	exact	C4 H4 O3	100.07	vocabulary	true
P21333	FLNA	1	Modified residue	1081	1081	EXACT	EXACT	Phosphoserine		Phosphoserine	Phosphoserine	PTM-0253	exact	H1 O3 P1	79.98	vocabulary	true
P21333	FLNA	1	Modified residue	1084	1084	EXACT	EXACT	Phosphoserine		Phosphoserine	Phosphoserine	PTM-0253	exact	H1 O3 P1	79.98	vocabulary	true
P21333	FLNA	1	Modified residue	1089	1089	EXACT	EXACT	Phosphothreonine		Phosphothreonine	Phosphothreonine	PTM-0254	exact	H1 O3 P1	79.98	vocabulary	true
P21333	FLNA	1	Modified residue	1301	1301	EXACT	EXACT	Phosphoserine		Phosphoserine	Phosphoserine	PTM-0253	exact	H1 O3 P1	79.98	vocabulary	true
P21333	FLNA	1	Modified residue	1338	1338	EXACT	EXACT	Phosphoserine		Phosphoserine	Phosphoserine	PTM-0253	exact	H1 O3 P1	79.98	vocabulary	true
P21333	FLNA	1	Modified residue	1372	1372	EXACT	EXACT	N6-acetyllysine		N6-acetyllysine	N6-acetyllysine	PTM-0190	exact	C2 H2 O1	42.04	vocabulary	true
P21333	FLNA	1	Modified residue	1459	1459	EXACT	EXACT	Phosphoserine		Phosphoserine	Phosphoserine	PTM-0253	exact	H1 O3 P1	79.98	vocabulary	true
P21333	FLNA	1	Modified residue	1533	1533	EXACT	EXACT	Phosphoserine		Phosphoserine	Phosphoserine	PTM-0253	exact	H1 O3 P1	79.98	vocabulary	true
P21333	FLNA	1	Modified residue	1538	1538	EXACT	EXACT	N6-acetyllysine		N6-acetyllysine	N6-acetyllysine	PTM-0190	exact	C2 H2 O1	42.04	vocabulary	true
P21333	FLNA	1	Modified residue	1630	1630	EXACT	EXACT	Phosphoserine		Phosphoserine	Phosphoserine	PTM-0253	exact	H1 O3 P1	79.98	vocabulary	true
P21333	FLNA	1	Modified residue	1734	1734	EXACT	EXACT	Phosphoserine		Phosphoserine	Phosphoserine	PTM-0253	exact	H1 O3 P1	79.98	vocabulary	true
P21333	FLNA	1	Modified residue	1835	1835	EXACT	EXACT	Phosphoserine		Phosphoserine	Phosphoserine	PTM-0253	exact	H1 O3 P1	79.98	vocabulary	true
P21333	FLNA	1	Modified residue	1967	1967	EXACT	EXACT	Phosphoserine		Phosphoserine	Phosphoserine	PTM-0253	exact	H1 O3 P1	79.98	vocabulary	true
P21333	FLNA	1	Modified residue	2053	2053	EXACT	EXACT	Phosphoserine		Phosphoserine	Phosphoserine	PTM-0253	exact	H1 O3 P1	79.98	vocabulary	true
P21333	FLNA	1	Modified residue	2128	2128	EXACT	EXACT	Phosphoserine		Phosphoserine	Phosphoserine	PTM-0253	exact	H1 O3 P1	79.98	vocabulary	true
P21333	FLNA	1	Modified residue	2152	2152	EXACT	EXACT	Phosphoserine		Phosphoserine	Phosphoserine	PTM-0253	exact	H1 O3 P1	79.98	vocabulary	true
P21333	FLNA	1	Modified residue	2158	2158	EXACT	EXACT	Phosphoserine		Phosphoserine	Phosphoserine	PTM-0253	exact	H1 O3 P1	79.98	vocabulary	true
P21333	FLNA	1	Modified residue	2163	2163	EXACT	EXACT	Phosphoserine		Phosphoserine	Phosphoserine	PTM-0253	exact	H1 O3 P1	79.98	vocabulary	true
P21333	FLNA	1	Modified residue	2180	2180	EXACT	EXACT	Phosphoserine		Phosphoserine	Phosphoserine	PTM-0253	exact	H1 O3 P1	79.98	vocabulary	true
P21333	FLNA	1	Modified residue	2284	2284	EXACT	EXACT	Phosphoserine		Phosphoserine	Phosphoserine	PTM-0253	exact	H1 O3 P1	79.98	vocabulary	true
P21333	FLNA	1	Modified residue	2327	2327	EXACT	EXACT	Phosphoserine		Phosphoserine	Phosphoserine	PTM-0253	exact	H1 O3 P1	79.98	vocabulary	true
P21333	FLNA	1	Modified residue	2329	2329	EXACT	EXACT	Phosphoserine		Phosphoserine	Phosphoserine	PTM-0253	exact	H1 O3 P1	79.98	vocabulary	true
P21333	FLNA	1	Modified residue	2336	2336	EXACT	EXACT	Phosphothreonine		Phosphothreonine	Phosphothreonine	PTM-0254	exact	H1 O3 P1	79.98	vocabulary	true
P21333	FLNA	1	Modified residue	2338	2338	EXACT	EXACT	Phosphoserine		Phosphoserine	Phosphoserine	PTM-0253	exact	H1 O3 P1	79.98	vocabulary	true
P21333	FLNA	1	Modified residue	2370	2370	EXACT	EXACT	Phosphoserine		Phosphoserine	Phosphoserine	PTM-0253	exact	H1 O3 P1	79.98	vocabulary	true
P21333	FLNA	1	Modified residue	2414	2414	EXACT	EXACT	Phosphoserine		Phosphoserine	Phosphoserine	PTM-0253	exact	H1 O3 P1	79.98	vocabulary	true
P21333	FLNA	1	Modified residue	2510	2510	EXACT	EXACT	Phosphoserine		Phosphoserine	Phosphoserine	PTM-0253	exact	H1 O3 P1	79.98	vocabulary	true
P21333	FLNA	1	Modified residue	2523	2523	EXACT	EXACT	Phosphoserine		Phosphoserine	Phosphoserine	PTM-0253	exact	H1 O3 P1	79.98	vocabulary	true
P21333	FLNA	1	Modified residue	2526	2526	EXACT	EXACT	Phosphoserine		Phosphoserine	Phosphoserine	PTM-0253	exact	H1 O3 P1	79.98	vocabulary	true
P21333	FLNA	1	Modified residue	2569	2569	EXACT	EXACT	N6-acetyllysine; alternate		N6-acetyllysine	N6-acetyllysine	PTM-0190	exact	C2 H2 O1	42.04	vocabulary	true
P21333	FLNA	1	Modified residue	2569	2569	EXACT	EXACT	N6-succinyllysine; alternate		N6-succinyllysine	N6-succinyllysine	PTM-0438	exact	C4 H4 O3	100.07	vocabulary	true
P21333	FLNA	1	Modified residue	2575	2575	EXACT	EXACT	N6-acetyllysine		N6-acetyllysine	N6-acetyllysine	PTM-0190	exact	C2 H2 O1	42.04	vocabulary	true
P21333	FLNA	1	Modified residue	2599	2599	EXACT	EXACT	Phosphothreonine		Phosphothreonine	Phosphothreonine	PTM-0254	exact	H1 O3 P1	79.98	vocabulary	true
P21333	FLNA	1	Modified residue	2607	2607	EXACT	EXACT	N6-acetyllysine		N6-acetyllysine	N6-acetyllysine	PTM-0190	exact	C2 H2 O1	42.04	vocabulary	true
P21333	FLNA	1	Modified residue	2621	2621	EXACT	EXACT	N6-acetyllysine		N6-acetyllysine	N6-acetyllysine	PTM-0190	exact	C2 H2 O1	42.04	vocabulary	true
P21333	FLNA	1	Cross-link	42	42	EXACT	EXACT	Glycyl lysine isopeptide (Lys-Gly) (interchain with G-Cter in ubiquitin)		Glycyl lysine isopeptide (Lys-Gly) (interchain with G-Cter in ubiquitin)	Glycyl lysine isopeptide (Lys-Gly) (interchain with G-...)	PTM-0135	wildcard	H-2 O-1	-18.02	vocabulary	true
P21333	FLNA	1	Cross-link	43	43	EXACT	EXACT	Glycyl lysine isopeptide (Lys-Gly) (interchain with G-Cter in ubiquitin)		Glycyl lysine isopeptide (Lys-Gly) (interchain with G-Cter in ubiquitin)	Glycyl lysine isopeptide (Lys-Gly) (interchain with G-...)	PTM-0135	wildcard	H-2 O-1	-18.02	vocabulary	true
P21333	FLNA	1	Cross-link	135	135	EXACT	EXACT	Glycyl lysine isopeptide (Lys-Gly) (interchain with G-Cter in ubiquitin)		Glycyl lysine isopeptide (Lys-Gly) (interchain with G-Cter in ubiquitin)	Glycyl lysine isopeptide (Lys-Gly) (interchain with G-...)	PTM-0135	wildcard	H-2 O-1	-18.02	vocabulary	true
P21333	FLNA	1	Cross-link	299	299	EXACT	EXACT	Glycyl lysine isopeptide (Lys-Gly) (interchain with G-Cter in SUMO1); alternate		Glycyl lysine isopeptide (Lys-Gly) (interchain with G-Cter in SUMO1)	Glycyl lysine isopeptide (Lys-Gly) (interchain with G-...)	PTM-0135	wildcard	H-2 O-1	-18.02	vocabulary	true
P21333	FLNA	1	Cross-link	299	299	EXACT	EXACT	Glycyl lysine isopeptide (Lys-Gly) (interchain with G-Cter in SUMO2); alternate		Glycyl lysine isopeptide (Lys-Gly) (interchain with G-Cter in SUMO2)	Glycyl lysine isopeptide (Lys-Gly) (interchain with G-...)	PTM-0135	wildcard	H-2 O-1	-18.02	vocabulary	true
P21817	RYR1	1;2	Modified residue	1337	1337	EXACT	EXACT	Phosphoserine		Phosphoserine	Phosphoserine	PTM-0253	exact	H1 O3 P1	79.98	vocabulary	true
P21817	RYR1	1;2	Modified residue	2345	2345	EXACT	EXACT	Phosphoserine		Phosphoserine	Phosphoserine	PTM-0253	exact	H1 O3 P1	79.98	vocabulary	true
P21817	RYR1	1;2	Modified residue	2843	2843	EXACT	EXACT	Phosphoserine; by PKA and PKG		Phosphoserine	Phosphoserine	PTM-0253	exact	H1 O3 P1	79.98	vocabulary	true
P21817	RYR1	1;2	Modified residue	3635	3635	EXACT	EXACT	S-nitrosocysteine		S-nitrosocysteine	S-nitrosocysteine	PTM-0280	exact	H-1 N1 O1	29	vocabulary	true
P21817	RYR1	1;2	Modified residue	4467	4467	EXACT	EXACT	Phosphothreonine		Phosphothreonine	Phosphothreonine	PTM-0254	exact	H1 O3 P1	79.98	vocabulary	true
P21817	RYR1	1;2	Modified residue	4471	4471	EXACT	EXACT	Phosphoserine		Phosphoserine	Phosphoserine	PTM-0253	exact	H1 O3 P1	79.98	vocabulary	true
P21817	RYR1	1;2	Modified residue	4864	4864	EXACT	EXACT	Phosphotyrosine		Phosphotyrosine	Phosphotyrosine	PTM-0255	exact	H1 O3 P1	79.98	vocabulary	true
P21817	RYR1	1;2	Modified residue	4867	4867	EXACT	EXACT	Phosphoserine		Phosphoserine	Phosphoserine	PTM-0253	exact	H1 O3 P1	79.98	vocabulary	true
P22460	KCNA5	1	Modified residue	557	557	EXACT	EXACT	Phosphoserine; by PKA		Phosphoserine	Phosphoserine	PTM-0253	exact	H1 O3 P1	79.98	vocabulary	true
P22460	KCNA5	1	Lipidation	346	346	EXACT	EXACT	S-palmitoyl cysteine		S-palmitoyl cysteine	S-palmitoyl cysteine	PTM-0281	exact	C16 H30 O1	238.41	vocabulary	true
P22460	KCNA5	1	Cross-link	221	221	EXACT	EXACT	Glycyl lysine isopeptide (Lys-Gly) (interchain with G-Cter in SUMO)		Glycyl lysine isopeptide (Lys-Gly) (interchain with G-Cter in SUMO)	Glycyl lysine isopeptide (Lys-Gly) (interchain with G-...)	PTM-0135	wildcard	H-2 O-1	-18.02	vocabulary	true
P22460	KCNA5	1	Cross-link	536	536	EXACT	EXACT	Glycyl lysine isopeptide (Lys-Gly) (interchain with G-Cter in SUMO)		Glycyl lysine isopeptide (Lys-Gly) (interchain with G-Cter in SUMO)	Glycyl lysine isopeptide (Lys-Gly) (interchain with G-...)	PTM-0135	wildcard	H-2 O-1	-18.02	vocabulary	true
P23297	S100A1	2	Modified residue	86	86	EXACT	EXACT	S-nitrosocysteine		S-nitrosocysteine	S-nitrosocysteine	PTM-0280	exact	H-1 N1 O1	29	vocabulary	true
P23327	HRC	1;2	Modified residue	76	76	EXACT	EXACT	Phosphothreonine; by FAM20C		Phosphothreonine	Phosphothreonine	PTM-0254	exact	H1 O3 P1	79.98	vocabulary	true
P23327	HRC	1;2	Modified residue	119	119	EXACT	EXACT	Phosphoserine; by FAM20C		Phosphoserine	Phosphoserine	PTM-0253	exact	H1 O3 P1	79.98	vocabulary	true
P23327	HRC	1;2	Modified residue	145	145	EXACT	EXACT	Phosphoserine; by FAM20C		Phosphoserine	Phosphoserine	PTM-0253	exact	H1 O3 P1	79.98	vocabulary	true
P23327	HRC	1;2	Modified residue	333	333	EXACT	EXACT	Phosphoserine		Phosphoserine	Phosphoserine	PTM-0253	exact	H1 O3 P1	79.98	vocabulary	true
P23327	HRC	1;2	Modified residue	358	358	EXACT	EXACT	Phosphoserine; by FAM20C		Phosphoserine	Phosphoserine	PTM-0253	exact	H1 O3 P1	79.98	vocabulary	true
P23327	HRC	1;2	Modified residue	431	431	EXACT	EXACT	Phosphoserine; by FAM20C		Phosphoserine	Phosphoserine	PTM-0253	exact	H1 O3 P1	79.98	vocabulary	true
P23327	HRC	1;2	Modified residue	494	494	EXACT	EXACT	Phosphoserine; by FAM20C		Phosphoserine	Phosphoserine	PTM-0253	exact	H1 O3 P1	79.98	vocabulary	true
P23327	HRC	1;2	Modified residue	567	567	EXACT	EXACT	Phosphoserine; by FAM20C		Phosphoserine	Phosphoserine	PTM-0253	exact	H1 O3 P1	79.98	vocabulary	true
P23634	ATP2B4	1	Modified residue	13	13	EXACT	EXACT	Phosphoserine		Phosphoserine	Phosphoserine	PTM-0253	exact	H1 O3 P1	79.98	vocabulary	true
P23634	ATP2B4	1	Modified residue	328	328	EXACT	EXACT	Phosphoserine		Phosphoserine	Phosphoserine	PTM-0253	exact	H1 O3 P1	79.98	vocabulary	true
P23634	ATP2B4	1	Modified residue	1102	1102	EXACT	EXACT	Phosphothreonine; by PKC		Phosphothreonine	Phosphothreonine	PTM-0254	exact	H1 O3 P1	79.98	vocabulary	true
P24844	MYL9	1	Modified residue	2	2	EXACT	EXACT	N-acetylserine		N-acetylserine	N-acetylserine	PTM-0207	exact	C2 H2 O1	42.04	vocabulary	true
P24844	MYL9	1	Modified residue	19	19	EXACT	EXACT	Phosphothreonine; by MLCK, CIT and ROCK2		Phosphothreonine	Phosphothreonine	PTM-0254	exact	H1 O3 P1	79.98	vocabulary	true
P24844	MYL9	1	Modified residue	20	20	EXACT	EXACT	Phosphoserine; by CDC42BP, CIT, MLCK, PAK1, ROCK1, ROCK2, DAPK1, DAPK2 and ZIPK/DAPK3		Phosphoserine	Phosphoserine	PTM-0253	exact	H1 O3 P1	79.98	vocabulary	true
P26678	PLN	2	Modified residue	1	1	EXACT	EXACT	N-acetylmethionine		N-acetylmethionine	N-acetylmethionine	PTM-0205	exact	C2 H2 O1	42.04	vocabulary	true
P26678	PLN	2	Modified residue	16	16	EXACT	EXACT	Phosphoserine; by PKA and DMPK		Phosphoserine	Phosphoserine	PTM-0253	exact	H1 O3 P1	79.98	vocabulary	true
P26678	PLN	2	Modified residue	17	17	EXACT	EXACT	Phosphothreonine; by CaMK2		Phosphothreonine	Phosphothreonine	PTM-0254	exact	H1 O3 P1	79.98	vocabulary	true
P26678	PLN	2	Lipidation	36	36	EXACT	EXACT	S-palmitoyl cysteine		S-palmitoyl cysteine	S-palmitoyl cysteine	PTM-0281	exact	C16 H30 O1	238.41	vocabulary	true
P27797	CALR	2	Modified residue	48	48	EXACT	EXACT	N6-acetyllysine		N6-acetyllysine	N6-acetyllysine	PTM-0190	exact	C2 H2 O1	42.04	vocabulary	true
P27797	CALR	2	Modified residue	64	64	EXACT	EXACT	N6-(2-hydroxyisobutyryl)lysine		N6-(2-hydroxyisobutyryl)lysine	N6-(2-hydroxyisobutyryl)lysine	PTM-0638	exact	C4 H6 O2	86.09	vocabulary	true
P27797	CALR	2	Modified residue	159	159	EXACT	EXACT	N6-acetyllysine		N6-acetyllysine	N6-acetyllysine	PTM-0190	exact	C2 H2 O1	42.04	vocabulary	true
P27797	CALR	2	Modified residue	209	209	EXACT	EXACT	N6-acetyllysine		N6-acetyllysine	N6-acetyllysine	PTM-0190	exact	C2 H2 O1	42.04	vocabulary	true
P27797	CALR	2	Glycosylation	344	344	EXACT	EXACT	N-linked (GlcNAc...) asparagine		N-linked (GlcNAc...) asparagine	N-linked (GlcNAc...) asparagine	PTM-0528	exact			no_mass_in_vocabulary	true
P27797	CALR	2	Disulfide bond	105	137	EXACT	EXACT						not_in_vocabulary	H-2 (arithmetic)	-2.016	disulfide_arithmetic	true
P28161	GSTM2	2	Modified residue	27	27	EXACT	EXACT	Phosphoserine		Phosphoserine	Phosphoserine	PTM-0253	exact	H1 O3 P1	79.98	vocabulary	true
P28161	GSTM2	2	Modified residue	44	44	EXACT	EXACT	Phosphoserine		Phosphoserine	Phosphoserine	PTM-0253	exact	H1 O3 P1	79.98	vocabulary	true
P29475	NOS1	1;2	Modified residue	852	852	EXACT	EXACT	Phosphoserine		Phosphoserine	Phosphoserine	PTM-0253	exact	H1 O3 P1	79.98	vocabulary	true
P29475	NOS1	1;2	Modified residue	862	862	EXACT	EXACT	Phosphoserine		Phosphoserine	Phosphoserine	PTM-0253	exact	H1 O3 P1	79.98	vocabulary	true
P29475	NOS1	1;2	Modified residue	863	863	EXACT	EXACT	Phosphoserine		Phosphoserine	Phosphoserine	PTM-0253	exact	H1 O3 P1	79.98	vocabulary	true
P29536	LMOD1	1	Modified residue	12	12	EXACT	EXACT	Phosphoserine		Phosphoserine	Phosphoserine	PTM-0253	exact	H1 O3 P1	79.98	vocabulary	true
P29536	LMOD1	1	Modified residue	85	85	EXACT	EXACT	Phosphoserine		Phosphoserine	Phosphoserine	PTM-0253	exact	H1 O3 P1	79.98	vocabulary	true
P29536	LMOD1	1	Modified residue	135	135	EXACT	EXACT	Phosphoserine		Phosphoserine	Phosphoserine	PTM-0253	exact	H1 O3 P1	79.98	vocabulary	true
P29536	LMOD1	1	Modified residue	555	555	EXACT	EXACT	Phosphoserine		Phosphoserine	Phosphoserine	PTM-0253	exact	H1 O3 P1	79.98	vocabulary	true
P31415	CASQ1	1;2	Modified residue	43	43	EXACT	EXACT	Phosphotyrosine		Phosphotyrosine	Phosphotyrosine	PTM-0255	exact	H1 O3 P1	79.98	vocabulary	true
P31415	CASQ1	1;2	Modified residue	81	81	EXACT	EXACT	Phosphoserine		Phosphoserine	Phosphoserine	PTM-0253	exact	H1 O3 P1	79.98	vocabulary	true
P31415	CASQ1	1;2	Modified residue	124	124	EXACT	EXACT	Phosphothreonine		Phosphothreonine	Phosphothreonine	PTM-0254	exact	H1 O3 P1	79.98	vocabulary	true
P31415	CASQ1	1;2	Modified residue	216	216	EXACT	EXACT	Phosphoserine		Phosphoserine	Phosphoserine	PTM-0253	exact	H1 O3 P1	79.98	vocabulary	true
P31415	CASQ1	1;2	Glycosylation	350	350	EXACT	EXACT	N-linked (GlcNAc...) asparagine		N-linked (GlcNAc...) asparagine	N-linked (GlcNAc...) asparagine	PTM-0528	exact			no_mass_in_vocabulary	true
P31431	SDC4	1	Glycosylation	39	39	EXACT	EXACT	O-linked (Xyl...) (glycosaminoglycan) serine		O-linked (Xyl...) (glycosaminoglycan) serine	O-linked (Xyl...) (glycosaminoglycan) serine	PTM-0603	exact			no_mass_in_vocabulary	true
P31431	SDC4	1	Glycosylation	61	61	EXACT	EXACT	O-linked (Xyl...) (glycosaminoglycan) serine		O-linked (Xyl...) (glycosaminoglycan) serine	O-linked (Xyl...) (glycosaminoglycan) serine	PTM-0603	exact			no_mass_in_vocabulary	true
P31431	SDC4	1	Glycosylation	63	63	EXACT	EXACT	O-linked (Xyl...) (glycosaminoglycan) serine		O-linked (Xyl...) (glycosaminoglycan) serine	O-linked (Xyl...) (glycosaminoglycan) serine	PTM-0603	exact			no_mass_in_vocabulary	true
P31431	SDC4	1	Glycosylation	95	95	EXACT	EXACT	O-linked (Xyl...) (chondroitin sulfate) serine		O-linked (Xyl...) (chondroitin sulfate) serine	O-linked (Xyl...) (chondroitin sulfate) serine	PTM-0600	exact			no_mass_in_vocabulary	true
P32418	SLC8A1	1	Modified residue	285	285	EXACT	EXACT	Phosphoserine		Phosphoserine	Phosphoserine	PTM-0253	exact	H1 O3 P1	79.98	vocabulary	true
P32418	SLC8A1	1	Modified residue	392	392	EXACT	EXACT	Phosphoserine		Phosphoserine	Phosphoserine	PTM-0253	exact	H1 O3 P1	79.98	vocabulary	true
P32418	SLC8A1	1	Glycosylation	44	44	EXACT	EXACT	N-linked (GlcNAc...) asparagine		N-linked (GlcNAc...) asparagine	N-linked (GlcNAc...) asparagine	PTM-0528	exact			no_mass_in_vocabulary	true
P32418	SLC8A1	1	Glycosylation	160	160	EXACT	EXACT	N-linked (GlcNAc...) asparagine		N-linked (GlcNAc...) asparagine	N-linked (GlcNAc...) asparagine	PTM-0528	exact			no_mass_in_vocabulary	true
P35222	CTNNB1	1	Modified residue	2	2	EXACT	EXACT	N-acetylalanine		N-acetylalanine	N-acetylalanine	PTM-0199	exact	C2 H2 O1	42.04	vocabulary	true
P35222	CTNNB1	1	Modified residue	23	23	EXACT	EXACT	Phosphoserine; by GSK3-beta; alternate		Phosphoserine	Phosphoserine	PTM-0253	exact	H1 O3 P1	79.98	vocabulary	true
P35222	CTNNB1	1	Modified residue	29	29	EXACT	EXACT	Phosphoserine; by GSK3-beta		Phosphoserine	Phosphoserine	PTM-0253	exact	H1 O3 P1	79.98	vocabulary	true
P35222	CTNNB1	1	Modified residue	33	33	EXACT	EXACT	Phosphoserine; by GSK3-beta and HIPK2		Phosphoserine	Phosphoserine	PTM-0253	exact	H1 O3 P1	79.98	vocabulary	true
P35222	CTNNB1	1	Modified residue	37	37	EXACT	EXACT	Phosphoserine; by GSK3-beta and HIPK2		Phosphoserine	Phosphoserine	PTM-0253	exact	H1 O3 P1	79.98	vocabulary	true
P35222	CTNNB1	1	Modified residue	41	41	EXACT	EXACT	Phosphothreonine; by GSK3-beta		Phosphothreonine	Phosphothreonine	PTM-0254	exact	H1 O3 P1	79.98	vocabulary	true
P35222	CTNNB1	1	Modified residue	45	45	EXACT	EXACT	Phosphoserine		Phosphoserine	Phosphoserine	PTM-0253	exact	H1 O3 P1	79.98	vocabulary	true
P35222	CTNNB1	1	Modified residue	49	49	EXACT	EXACT	N6-acetyllysine		N6-acetyllysine	N6-acetyllysine	PTM-0190	exact	C2 H2 O1	42.04	vocabulary	true
P35222	CTNNB1	1	Modified residue	64	64	EXACT	EXACT	Phosphotyrosine; by PTK6		Phosphotyrosine	Phosphotyrosine	PTM-0255	exact	H1 O3 P1	79.98	vocabulary	true
P35222	CTNNB1	1	Modified residue	142	142	EXACT	EXACT	Phosphotyrosine; by FYN and PTK6		Phosphotyrosine	Phosphotyrosine	PTM-0255	exact	H1 O3 P1	79.98	vocabulary	true
P35222	CTNNB1	1	Modified residue	191	191	EXACT	EXACT	Phosphoserine; by CDK5		Phosphoserine	Phosphoserine	PTM-0253	exact	H1 O3 P1	79.98	vocabulary	true
P35222	CTNNB1	1	Modified residue	246	246	EXACT	EXACT	Phosphoserine; by CDK5		Phosphoserine	Phosphoserine	PTM-0253	exact	H1 O3 P1	79.98	vocabulary	true
P35222	CTNNB1	1	Modified residue	331	331	EXACT	EXACT	Phosphotyrosine; by PTK6		Phosphotyrosine	Phosphotyrosine	PTM-0255	exact	H1 O3 P1	79.98	vocabulary	true
P35222	CTNNB1	1	Modified residue	333	333	EXACT	EXACT	Phosphotyrosine; by SRC and PTK6		Phosphotyrosine	Phosphotyrosine	PTM-0255	exact	H1 O3 P1	79.98	vocabulary	true
P35222	CTNNB1	1	Modified residue	552	552	EXACT	EXACT	Phosphoserine		Phosphoserine	Phosphoserine	PTM-0253	exact	H1 O3 P1	79.98	vocabulary	true
P35222	CTNNB1	1	Modified residue	556	556	EXACT	EXACT	(Microbial infection) Phosphothreonine	(Microbial infection)	Phosphothreonine	Phosphothreonine	PTM-0254	exact	H1 O3 P1	79.98	vocabulary	true
P35222	CTNNB1	1	Modified residue	556	556	EXACT	EXACT	Phosphothreonine		Phosphothreonine	Phosphothreonine	PTM-0254	exact	H1 O3 P1	79.98	vocabulary	true
P35222	CTNNB1	1	Modified residue	619	619	EXACT	EXACT	S-nitrosocysteine		S-nitrosocysteine	S-nitrosocysteine	PTM-0280	exact	H-1 N1 O1	29	vocabulary	true
P35222	CTNNB1	1	Modified residue	675	675	EXACT	EXACT	Phosphoserine		Phosphoserine	Phosphoserine	PTM-0253	exact	H1 O3 P1	79.98	vocabulary	true
P35222	CTNNB1	1	Glycosylation	23	23	EXACT	EXACT	O-linked (GlcNAc) serine; alternate		O-linked (GlcNAc) serine	O-linked (GlcNAc) serine	PTM-0580	exact	C8 H13 N1 O5	203.19	vocabulary	true
P35443	THBS4	2	Glycosylation	612	612	EXACT	EXACT	N-linked (GlcNAc...) asparagine		N-linked (GlcNAc...) asparagine	N-linked (GlcNAc...) asparagine	PTM-0528	exact			no_mass_in_vocabulary	true
P35443	THBS4	2	Glycosylation	941	941	EXACT	EXACT	N-linked (GlcNAc...) asparagine		N-linked (GlcNAc...) asparagine	N-linked (GlcNAc...) asparagine	PTM-0528	exact			no_mass_in_vocabulary	true
P35443	THBS4	2	Disulfide bond	258	258	EXACT	EXACT	Interchain		Interchain			not_in_vocabulary			interchain_count_only	true
P35443	THBS4	2	Disulfide bond	261	261	EXACT	EXACT	Interchain		Interchain			not_in_vocabulary			interchain_count_only	true
P35443	THBS4	2	Disulfide bond	290	301	EXACT	EXACT						not_in_vocabulary	H-2 (arithmetic)	-2.016	disulfide_arithmetic	true
P35443	THBS4	2	Disulfide bond	295	310	EXACT	EXACT						not_in_vocabulary	H-2 (arithmetic)	-2.016	disulfide_arithmetic	true
P35443	THBS4	2	Disulfide bond	313	324	EXACT	EXACT						not_in_vocabulary	H-2 (arithmetic)	-2.016	disulfide_arithmetic	true
P35443	THBS4	2	Disulfide bond	330	341	EXACT	EXACT						not_in_vocabulary	H-2 (arithmetic)	-2.016	disulfide_arithmetic	true
P35443	THBS4	2	Disulfide bond	335	350	EXACT	EXACT						not_in_vocabulary	H-2 (arithmetic)	-2.016	disulfide_arithmetic	true
P35443	THBS4	2	Disulfide bond	353	377	EXACT	EXACT						not_in_vocabulary	H-2 (arithmetic)	-2.016	disulfide_arithmetic	true
P35443	THBS4	2	Disulfide bond	383	394	EXACT	EXACT						not_in_vocabulary	H-2 (arithmetic)	-2.016	disulfide_arithmetic	true
P35443	THBS4	2	Disulfide bond	388	403	EXACT	EXACT						not_in_vocabulary	H-2 (arithmetic)	-2.016	disulfide_arithmetic	true
P35443	THBS4	2	Disulfide bond	406	418	EXACT	EXACT						not_in_vocabulary	H-2 (arithmetic)	-2.016	disulfide_arithmetic	true
P35443	THBS4	2	Disulfide bond	424	438	EXACT	EXACT						not_in_vocabulary	H-2 (arithmetic)	-2.016	disulfide_arithmetic	true
P35443	THBS4	2	Disulfide bond	432	448	EXACT	EXACT						not_in_vocabulary	H-2 (arithmetic)	-2.016	disulfide_arithmetic	true
P35443	THBS4	2	Disulfide bond	450	461	EXACT	EXACT						not_in_vocabulary	H-2 (arithmetic)	-2.016	disulfide_arithmetic	true
P35443	THBS4	2	Disulfide bond	477	482	EXACT	EXACT						not_in_vocabulary	H-2 (arithmetic)	-2.016	disulfide_arithmetic	true
P35443	THBS4	2	Disulfide bond	487	507	EXACT	EXACT						not_in_vocabulary	H-2 (arithmetic)	-2.016	disulfide_arithmetic	true
P35443	THBS4	2	Disulfide bond	523	543	EXACT	EXACT						not_in_vocabulary	H-2 (arithmetic)	-2.016	disulfide_arithmetic	true
P35443	THBS4	2	Disulfide bond	546	566	EXACT	EXACT						not_in_vocabulary	H-2 (arithmetic)	-2.016	disulfide_arithmetic	true
P35443	THBS4	2	Disulfide bond	582	602	EXACT	EXACT						not_in_vocabulary	H-2 (arithmetic)	-2.016	disulfide_arithmetic	true
P35443	THBS4	2	Disulfide bond	605	625	EXACT	EXACT						not_in_vocabulary	H-2 (arithmetic)	-2.016	disulfide_arithmetic	true
P35443	THBS4	2	Disulfide bond	643	663	EXACT	EXACT						not_in_vocabulary	H-2 (arithmetic)	-2.016	disulfide_arithmetic	true
P35443	THBS4	2	Disulfide bond	683	703	EXACT	EXACT						not_in_vocabulary	H-2 (arithmetic)	-2.016	disulfide_arithmetic	true
P35443	THBS4	2	Disulfide bond	719	940	EXACT	EXACT						not_in_vocabulary	H-2 (arithmetic)	-2.016	disulfide_arithmetic	true
P35498	SCN1A	1	Modified residue	470	470	EXACT	EXACT	Phosphoserine		Phosphoserine	Phosphoserine	PTM-0253	exact	H1 O3 P1	79.98	vocabulary	true
P35498	SCN1A	1	Modified residue	523	523	EXACT	EXACT	Phosphoserine		Phosphoserine	Phosphoserine	PTM-0253	exact	H1 O3 P1	79.98	vocabulary	true
P35498	SCN1A	1	Modified residue	525	525	EXACT	EXACT	Phosphoserine		Phosphoserine	Phosphoserine	PTM-0253	exact	H1 O3 P1	79.98	vocabulary	true
P35498	SCN1A	1	Modified residue	550	550	EXACT	EXACT	Phosphoserine		Phosphoserine	Phosphoserine	PTM-0253	exact	H1 O3 P1	79.98	vocabulary	true
P35498	SCN1A	1	Modified residue	551	551	EXACT	EXACT	Phosphoserine		Phosphoserine	Phosphoserine	PTM-0253	exact	H1 O3 P1	79.98	vocabulary	true
P35498	SCN1A	1	Modified residue	607	607	EXACT	EXACT	Phosphoserine		Phosphoserine	Phosphoserine	PTM-0253	exact	H1 O3 P1	79.98	vocabulary	true
P35498	SCN1A	1	Modified residue	730	730	EXACT	EXACT	Phosphoserine		Phosphoserine	Phosphoserine	PTM-0253	exact	H1 O3 P1	79.98	vocabulary	true
P35498	SCN1A	1	Modified residue	1516	1516	EXACT	EXACT	Phosphoserine; by PKC		Phosphoserine	Phosphoserine	PTM-0253	exact	H1 O3 P1	79.98	vocabulary	true
P35498	SCN1A	1	Glycosylation	211	211	EXACT	EXACT	N-linked (GlcNAc...) asparagine		N-linked (GlcNAc...) asparagine	N-linked (GlcNAc...) asparagine	PTM-0528	exact			no_mass_in_vocabulary	true
P35498	SCN1A	1	Glycosylation	284	284	EXACT	EXACT	N-linked (GlcNAc...) asparagine		N-linked (GlcNAc...) asparagine	N-linked (GlcNAc...) asparagine	PTM-0528	exact			no_mass_in_vocabulary	true
P35498	SCN1A	1	Glycosylation	295	295	EXACT	EXACT	N-linked (GlcNAc...) asparagine		N-linked (GlcNAc...) asparagine	N-linked (GlcNAc...) asparagine	PTM-0528	exact			no_mass_in_vocabulary	true
P35498	SCN1A	1	Glycosylation	301	301	EXACT	EXACT	N-linked (GlcNAc...) asparagine		N-linked (GlcNAc...) asparagine	N-linked (GlcNAc...) asparagine	PTM-0528	exact			no_mass_in_vocabulary	true
P35498	SCN1A	1	Glycosylation	306	306	EXACT	EXACT	N-linked (GlcNAc...) asparagine		N-linked (GlcNAc...) asparagine	N-linked (GlcNAc...) asparagine	PTM-0528	exact			no_mass_in_vocabulary	true
P35498	SCN1A	1	Glycosylation	338	338	EXACT	EXACT	N-linked (GlcNAc...) asparagine		N-linked (GlcNAc...) asparagine	N-linked (GlcNAc...) asparagine	PTM-0528	exact			no_mass_in_vocabulary	true
P35498	SCN1A	1	Glycosylation	1378	1378	EXACT	EXACT	N-linked (GlcNAc...) asparagine		N-linked (GlcNAc...) asparagine	N-linked (GlcNAc...) asparagine	PTM-0528	exact			no_mass_in_vocabulary	true
P35498	SCN1A	1	Glycosylation	1392	1392	EXACT	EXACT	N-linked (GlcNAc...) asparagine		N-linked (GlcNAc...) asparagine	N-linked (GlcNAc...) asparagine	PTM-0528	exact			no_mass_in_vocabulary	true
P35498	SCN1A	1	Glycosylation	1403	1403	EXACT	EXACT	N-linked (GlcNAc...) asparagine		N-linked (GlcNAc...) asparagine	N-linked (GlcNAc...) asparagine	PTM-0528	exact			no_mass_in_vocabulary	true
P35498	SCN1A	1	Disulfide bond	277	345	EXACT	EXACT						not_in_vocabulary	H-2 (arithmetic)	-2.016	disulfide_arithmetic	true
P35498	SCN1A	1	Disulfide bond	336	351	EXACT	EXACT						not_in_vocabulary	H-2 (arithmetic)	-2.016	disulfide_arithmetic	true
P35498	SCN1A	1	Disulfide bond	919	919	EXACT	EXACT	Interchain; with SCN2B or SCN4B		Interchain			not_in_vocabulary			interchain_count_only	true
P35498	SCN1A	1	Disulfide bond	919	919	EXACT	EXACT	Interchain; with the conotoxin GVIIJ (when the channel is not linked to SCN2B or SCN4B; the bond to SCN2B or SCN4B protects the channel from the inhibition by toxin)		Interchain			not_in_vocabulary			interchain_count_only	true
P35498	SCN1A	1	Disulfide bond	921	927	EXACT	EXACT						not_in_vocabulary	H-2 (arithmetic)	-2.016	disulfide_arithmetic	true
P35498	SCN1A	1	Disulfide bond	959	968	EXACT	EXACT						not_in_vocabulary	H-2 (arithmetic)	-2.016	disulfide_arithmetic	true
P35498	SCN1A	1	Disulfide bond	1376	1396	EXACT	EXACT						not_in_vocabulary	H-2 (arithmetic)	-2.016	disulfide_arithmetic	true
P35498	SCN1A	1	Disulfide bond	1741	1756	EXACT	EXACT						not_in_vocabulary	H-2 (arithmetic)	-2.016	disulfide_arithmetic	true
P35573	AGL	2	Modified residue	64	64	EXACT	EXACT	Phosphoserine		Phosphoserine	Phosphoserine	PTM-0253	exact	H1 O3 P1	79.98	vocabulary	true
P35609	ACTN2	1	Modified residue	237	237	EXACT	EXACT	Phosphothreonine		Phosphothreonine	Phosphothreonine	PTM-0254	exact	H1 O3 P1	79.98	vocabulary	true
P41145	OPRK1	2	Lipidation	345	345	EXACT	EXACT	S-palmitoyl cysteine		S-palmitoyl cysteine	S-palmitoyl cysteine	PTM-0281	exact	C16 H30 O1	238.41	vocabulary	true
P41145	OPRK1	2	Glycosylation	25	25	EXACT	EXACT	N-linked (GlcNAc...) asparagine		N-linked (GlcNAc...) asparagine	N-linked (GlcNAc...) asparagine	PTM-0528	exact			no_mass_in_vocabulary	true
P41145	OPRK1	2	Glycosylation	39	39	EXACT	EXACT	N-linked (GlcNAc...) asparagine		N-linked (GlcNAc...) asparagine	N-linked (GlcNAc...) asparagine	PTM-0528	exact			no_mass_in_vocabulary	true
P41145	OPRK1	2	Disulfide bond	131	210	EXACT	EXACT						not_in_vocabulary	H-2 (arithmetic)	-2.016	disulfide_arithmetic	true
P45378	TNNT3	1	Modified residue	2	2	EXACT	EXACT	N-acetylserine		N-acetylserine	N-acetylserine	PTM-0207	exact	C2 H2 O1	42.04	vocabulary	true
P45378	TNNT3	1	Modified residue	2	2	EXACT	EXACT	Phosphoserine		Phosphoserine	Phosphoserine	PTM-0253	exact	H1 O3 P1	79.98	vocabulary	true
P45378	TNNT3	1	Modified residue	88	88	EXACT	EXACT	Phosphoserine		Phosphoserine	Phosphoserine	PTM-0253	exact	H1 O3 P1	79.98	vocabulary	true
P45378	TNNT3	1	Modified residue	159	159	EXACT	EXACT	Phosphoserine		Phosphoserine	Phosphoserine	PTM-0253	exact	H1 O3 P1	79.98	vocabulary	true
P45378	TNNT3	1	Modified residue	166	166	EXACT	EXACT	Phosphoserine		Phosphoserine	Phosphoserine	PTM-0253	exact	H1 O3 P1	79.98	vocabulary	true
P45378	TNNT3	1	Modified residue	167	167	EXACT	EXACT	Phosphoserine		Phosphoserine	Phosphoserine	PTM-0253	exact	H1 O3 P1	79.98	vocabulary	true
P45379	TNNT2	1	Modified residue	2	2	EXACT	EXACT	N-acetylserine		N-acetylserine	N-acetylserine	PTM-0207	exact	C2 H2 O1	42.04	vocabulary	true
P45379	TNNT2	1	Modified residue	2	2	EXACT	EXACT	Phosphoserine; by CK2		Phosphoserine	Phosphoserine	PTM-0253	exact	H1 O3 P1	79.98	vocabulary	true
P45379	TNNT2	1	Modified residue	204	204	EXACT	EXACT	Phosphothreonine; by PKC/PRKCA		Phosphothreonine	Phosphothreonine	PTM-0254	exact	H1 O3 P1	79.98	vocabulary	true
P45379	TNNT2	1	Modified residue	208	208	EXACT	EXACT	Phosphoserine; by PKC/PRKCA		Phosphoserine	Phosphoserine	PTM-0253	exact	H1 O3 P1	79.98	vocabulary	true
P45379	TNNT2	1	Modified residue	213	213	EXACT	EXACT	Phosphothreonine; by PKC/PRKCA and RAF1		Phosphothreonine	Phosphothreonine	PTM-0254	exact	H1 O3 P1	79.98	vocabulary	true
P45379	TNNT2	1	Modified residue	294	294	EXACT	EXACT	Phosphothreonine; by PKC/PRKCA		Phosphothreonine	Phosphothreonine	PTM-0254	exact	H1 O3 P1	79.98	vocabulary	true
P47756	CAPZB	1	Modified residue	2	2	EXACT	EXACT	N-acetylserine		N-acetylserine	N-acetylserine	PTM-0207	exact	C2 H2 O1	42.04	vocabulary	true
P47756	CAPZB	1	Modified residue	2	2	EXACT	EXACT	Phosphoserine		Phosphoserine	Phosphoserine	PTM-0253	exact	H1 O3 P1	79.98	vocabulary	true
P47756	CAPZB	1	Modified residue	235	235	EXACT	EXACT	N6-acetyllysine		N6-acetyllysine	N6-acetyllysine	PTM-0190	exact	C2 H2 O1	42.04	vocabulary	true
P47756	CAPZB	1	Modified residue	263	263	EXACT	EXACT	Phosphoserine		Phosphoserine	Phosphoserine	PTM-0253	exact	H1 O3 P1	79.98	vocabulary	true
P47989	XDH	2	Disulfide bond	509	1318	EXACT	EXACT	In oxidase form		In oxidase form			not_in_vocabulary	H-2 (arithmetic)	-2.016	disulfide_arithmetic	true
P47989	XDH	2	Disulfide bond	536	993	EXACT	EXACT	In oxidase form		In oxidase form			not_in_vocabulary	H-2 (arithmetic)	-2.016	disulfide_arithmetic	true
P48788	TNNI2	1	Modified residue	2	2	EXACT	EXACT	N-acetylglycine		N-acetylglycine	N-acetylglycine	PTM-0203	exact	C2 H2 O1	42.04	vocabulary	true
P48788	TNNI2	1	Modified residue	12	12	EXACT	EXACT	Phosphothreonine		Phosphothreonine	Phosphothreonine	PTM-0254	exact	H1 O3 P1	79.98	vocabulary	true
P48788	TNNI2	1	Modified residue	118	118	EXACT	EXACT	Phosphoserine		Phosphoserine	Phosphoserine	PTM-0253	exact	H1 O3 P1	79.98	vocabulary	true
P49257	LMAN1	1	Modified residue	425	425	EXACT	EXACT	Phosphoserine		Phosphoserine	Phosphoserine	PTM-0253	exact	H1 O3 P1	79.98	vocabulary	true
P49257	LMAN1	1	Disulfide bond	190	230	EXACT	EXACT						not_in_vocabulary	H-2 (arithmetic)	-2.016	disulfide_arithmetic	true
P49257	LMAN1	1	Disulfide bond	466	466	EXACT	EXACT	Interchain		Interchain			not_in_vocabulary			interchain_count_only	true
P49257	LMAN1	1	Disulfide bond	475	475	EXACT	EXACT	Interchain		Interchain			not_in_vocabulary			interchain_count_only	true
P50461	CSRP3	1	Modified residue	95	95	EXACT	EXACT	Phosphoserine		Phosphoserine	Phosphoserine	PTM-0253	exact	H1 O3 P1	79.98	vocabulary	true
P50461	CSRP3	1	Modified residue	153	153	EXACT	EXACT	Phosphoserine		Phosphoserine	Phosphoserine	PTM-0253	exact	H1 O3 P1	79.98	vocabulary	true
P50479	PDLIM4	1	Modified residue	112	112	EXACT	EXACT	Phosphoserine		Phosphoserine	Phosphoserine	PTM-0253	exact	H1 O3 P1	79.98	vocabulary	true
P50479	PDLIM4	1	Modified residue	116	116	EXACT	EXACT	Phosphoserine		Phosphoserine	Phosphoserine	PTM-0253	exact	H1 O3 P1	79.98	vocabulary	true
P50479	PDLIM4	1	Modified residue	120	120	EXACT	EXACT	Phosphoserine		Phosphoserine	Phosphoserine	PTM-0253	exact	H1 O3 P1	79.98	vocabulary	true
P50479	PDLIM4	1	Modified residue	135	135	EXACT	EXACT	Phosphoserine		Phosphoserine	Phosphoserine	PTM-0253	exact	H1 O3 P1	79.98	vocabulary	true
P51114	FXR1	1	Modified residue	2	2	EXACT	EXACT	N-acetylalanine		N-acetylalanine	N-acetylalanine	PTM-0199	exact	C2 H2 O1	42.04	vocabulary	true
P51114	FXR1	1	Modified residue	68	68	EXACT	EXACT	Phosphotyrosine		Phosphotyrosine	Phosphotyrosine	PTM-0255	exact	H1 O3 P1	79.98	vocabulary	true
P51114	FXR1	1	Modified residue	401	401	EXACT	EXACT	Phosphothreonine		Phosphothreonine	Phosphothreonine	PTM-0254	exact	H1 O3 P1	79.98	vocabulary	true
P51114	FXR1	1	Modified residue	403	403	EXACT	EXACT	Phosphoserine		Phosphoserine	Phosphoserine	PTM-0253	exact	H1 O3 P1	79.98	vocabulary	true
P51114	FXR1	1	Modified residue	406	406	EXACT	EXACT	Phosphoserine		Phosphoserine	Phosphoserine	PTM-0253	exact	H1 O3 P1	79.98	vocabulary	true
P51114	FXR1	1	Modified residue	409	409	EXACT	EXACT	Phosphoserine		Phosphoserine	Phosphoserine	PTM-0253	exact	H1 O3 P1	79.98	vocabulary	true
P51114	FXR1	1	Modified residue	420	420	EXACT	EXACT	Phosphoserine; by PAK1		Phosphoserine	Phosphoserine	PTM-0253	exact	H1 O3 P1	79.98	vocabulary	true
P51114	FXR1	1	Modified residue	423	423	EXACT	EXACT	Phosphoserine		Phosphoserine	Phosphoserine	PTM-0253	exact	H1 O3 P1	79.98	vocabulary	true
P51114	FXR1	1	Modified residue	432	432	EXACT	EXACT	Phosphoserine		Phosphoserine	Phosphoserine	PTM-0253	exact	H1 O3 P1	79.98	vocabulary	true
P51114	FXR1	1	Modified residue	447	447	EXACT	EXACT	Asymmetric dimethylarginine; alternate		Asymmetric dimethylarginine	Asymmetric dimethylarginine	PTM-0066	exact	C2 H4	28.05	vocabulary	true
P51114	FXR1	1	Modified residue	447	447	EXACT	EXACT	Omega-N-methylarginine; alternate		Omega-N-methylarginine	Omega-N-methylarginine	PTM-0237	exact	C1 H2	14.03	vocabulary	true
P51114	FXR1	1	Modified residue	453	453	EXACT	EXACT	Asymmetric dimethylarginine; alternate		Asymmetric dimethylarginine	Asymmetric dimethylarginine	PTM-0066	exact	C2 H4	28.05	vocabulary	true
P51114	FXR1	1	Modified residue	453	453	EXACT	EXACT	Omega-N-methylarginine; alternate		Omega-N-methylarginine	Omega-N-methylarginine	PTM-0237	exact	C1 H2	14.03	vocabulary	true
P51114	FXR1	1	Modified residue	455	455	EXACT	EXACT	Asymmetric dimethylarginine; alternate		Asymmetric dimethylarginine	Asymmetric dimethylarginine	PTM-0066	exact	C2 H4	28.05	vocabulary	true
P51114	FXR1	1	Modified residue	455	455	EXACT	EXACT	Omega-N-methylarginine; alternate		Omega-N-methylarginine	Omega-N-methylarginine	PTM-0237	exact	C1 H2	14.03	vocabulary	true
P51114	FXR1	1	Modified residue	483	483	EXACT	EXACT	Phosphothreonine		Phosphothreonine	Phosphothreonine	PTM-0254	exact	H1 O3 P1	79.98	vocabulary	true
P51114	FXR1	1	Modified residue	485	485	EXACT	EXACT	Phosphoserine		Phosphoserine	Phosphoserine	PTM-0253	exact	H1 O3 P1	79.98	vocabulary	true
P51114	FXR1	1	Modified residue	524	524	EXACT	EXACT	Phosphoserine		Phosphoserine	Phosphoserine	PTM-0253	exact	H1 O3 P1	79.98	vocabulary	true
P51114	FXR1	1	Modified residue	587	587	EXACT	EXACT	Phosphoserine		Phosphoserine	Phosphoserine	PTM-0253	exact	H1 O3 P1	79.98	vocabulary	true
P51114	FXR1	1	Modified residue	611	611	EXACT	EXACT	Phosphothreonine		Phosphothreonine	Phosphothreonine	PTM-0254	exact	H1 O3 P1	79.98	vocabulary	true
P51114	FXR1	1	Cross-link	56	56	EXACT	EXACT	Glycyl lysine isopeptide (Lys-Gly) (interchain with G-Cter in SUMO2)		Glycyl lysine isopeptide (Lys-Gly) (interchain with G-Cter in SUMO2)	Glycyl lysine isopeptide (Lys-Gly) (interchain with G-...)	PTM-0135	wildcard	H-2 O-1	-18.02	vocabulary	true
P51114	FXR1	1	Modified residue	524	524	EXACT	EXACT	Phosphoserine		Phosphoserine	Phosphoserine	PTM-0253	exact	H1 O3 P1	79.98	vocabulary	true
P51114	FXR1	1	Modified residue	528	528	EXACT	EXACT	Phosphoserine		Phosphoserine	Phosphoserine	PTM-0253	exact	H1 O3 P1	79.98	vocabulary	true
P52179	MYOM1	1	Modified residue	113	113	EXACT	EXACT	Phosphoserine		Phosphoserine	Phosphoserine	PTM-0253	exact	H1 O3 P1	79.98	vocabulary	true
P52179	MYOM1	1	Modified residue	883	883	EXACT	EXACT	Phosphoserine		Phosphoserine	Phosphoserine	PTM-0253	exact	H1 O3 P1	79.98	vocabulary	true
P52179	MYOM1	1	Modified residue	887	887	EXACT	EXACT	Phosphoserine		Phosphoserine	Phosphoserine	PTM-0253	exact	H1 O3 P1	79.98	vocabulary	true
P52179	MYOM1	1	Modified residue	1054	1054	EXACT	EXACT	Phosphoserine		Phosphoserine	Phosphoserine	PTM-0253	exact	H1 O3 P1	79.98	vocabulary	true
P52179	MYOM1	1	Disulfide bond	1160	1210	EXACT	EXACT						not_in_vocabulary	H-2 (arithmetic)	-2.016	disulfide_arithmetic	true
P52961	ART1	2	Lipidation	295	295	EXACT	EXACT	GPI-anchor amidated serine		GPI-anchor amidated serine	GPI-anchor amidated serine	PTM-0142	exact			no_mass_in_vocabulary	true
P52961	ART1	2	Glycosylation	65	65	EXACT	EXACT	N-linked (GlcNAc...) asparagine		N-linked (GlcNAc...) asparagine	N-linked (GlcNAc...) asparagine	PTM-0528	exact			no_mass_in_vocabulary	true
P52961	ART1	2	Glycosylation	253	253	EXACT	EXACT	N-linked (GlcNAc...) asparagine		N-linked (GlcNAc...) asparagine	N-linked (GlcNAc...) asparagine	PTM-0528	exact			no_mass_in_vocabulary	true
P52961	ART1	2	Disulfide bond	53	277	EXACT	EXACT						not_in_vocabulary	H-2 (arithmetic)	-2.016	disulfide_arithmetic	true
P52961	ART1	2	Disulfide bond	174	224	EXACT	EXACT						not_in_vocabulary	H-2 (arithmetic)	-2.016	disulfide_arithmetic	true
P54289	CACNA2D1	2	Modified residue	119	119	EXACT	EXACT	Phosphoserine		Phosphoserine	Phosphoserine	PTM-0253	exact	H1 O3 P1	79.98	vocabulary	true
P54289	CACNA2D1	2	Glycosylation	92	92	EXACT	EXACT	N-linked (GlcNAc...) asparagine		N-linked (GlcNAc...) asparagine	N-linked (GlcNAc...) asparagine	PTM-0528	exact			no_mass_in_vocabulary	true
P54289	CACNA2D1	2	Glycosylation	136	136	EXACT	EXACT	N-linked (GlcNAc...) asparagine		N-linked (GlcNAc...) asparagine	N-linked (GlcNAc...) asparagine	PTM-0528	exact			no_mass_in_vocabulary	true
P54289	CACNA2D1	2	Glycosylation	184	184	EXACT	EXACT	N-linked (GlcNAc...) asparagine		N-linked (GlcNAc...) asparagine	N-linked (GlcNAc...) asparagine	PTM-0528	exact			no_mass_in_vocabulary	true
P54289	CACNA2D1	2	Glycosylation	324	324	EXACT	EXACT	N-linked (GlcNAc...) asparagine		N-linked (GlcNAc...) asparagine	N-linked (GlcNAc...) asparagine	PTM-0528	exact			no_mass_in_vocabulary	true
P54289	CACNA2D1	2	Glycosylation	348	348	EXACT	EXACT	N-linked (GlcNAc...) asparagine		N-linked (GlcNAc...) asparagine	N-linked (GlcNAc...) asparagine	PTM-0528	exact			no_mass_in_vocabulary	true
P54289	CACNA2D1	2	Glycosylation	468	468	EXACT	EXACT	N-linked (GlcNAc...) asparagine		N-linked (GlcNAc...) asparagine	N-linked (GlcNAc...) asparagine	PTM-0528	exact			no_mass_in_vocabulary	true
P54289	CACNA2D1	2	Glycosylation	475	475	EXACT	EXACT	N-linked (GlcNAc...) asparagine		N-linked (GlcNAc...) asparagine	N-linked (GlcNAc...) asparagine	PTM-0528	exact			no_mass_in_vocabulary	true
P54289	CACNA2D1	2	Glycosylation	604	604	EXACT	EXACT	N-linked (GlcNAc...) asparagine		N-linked (GlcNAc...) asparagine	N-linked (GlcNAc...) asparagine	PTM-0528	exact			no_mass_in_vocabulary	true
P54289	CACNA2D1	2	Glycosylation	613	613	EXACT	EXACT	N-linked (GlcNAc...) asparagine		N-linked (GlcNAc...) asparagine	N-linked (GlcNAc...) asparagine	PTM-0528	exact			no_mass_in_vocabulary	true
P54289	CACNA2D1	2	Glycosylation	675	675	EXACT	EXACT	N-linked (GlcNAc...) asparagine		N-linked (GlcNAc...) asparagine	N-linked (GlcNAc...) asparagine	PTM-0528	exact			no_mass_in_vocabulary	true
P54289	CACNA2D1	2	Glycosylation	781	781	EXACT	EXACT	N-linked (GlcNAc...) asparagine		N-linked (GlcNAc...) asparagine	N-linked (GlcNAc...) asparagine	PTM-0528	exact			no_mass_in_vocabulary	true
P54289	CACNA2D1	2	Glycosylation	824	824	EXACT	EXACT	N-linked (GlcNAc...) asparagine		N-linked (GlcNAc...) asparagine	N-linked (GlcNAc...) asparagine	PTM-0528	exact			no_mass_in_vocabulary	true
P54289	CACNA2D1	2	Glycosylation	888	888	EXACT	EXACT	N-linked (GlcNAc...) asparagine		N-linked (GlcNAc...) asparagine	N-linked (GlcNAc...) asparagine	PTM-0528	exact			no_mass_in_vocabulary	true
P54289	CACNA2D1	2	Glycosylation	895	895	EXACT	EXACT	N-linked (GlcNAc...) asparagine		N-linked (GlcNAc...) asparagine	N-linked (GlcNAc...) asparagine	PTM-0528	exact			no_mass_in_vocabulary	true
P54289	CACNA2D1	2	Glycosylation	985	985	EXACT	EXACT	N-linked (GlcNAc...) asparagine		N-linked (GlcNAc...) asparagine	N-linked (GlcNAc...) asparagine	PTM-0528	exact			no_mass_in_vocabulary	true
P54289	CACNA2D1	2	Glycosylation	998	998	EXACT	EXACT	N-linked (GlcNAc...) asparagine		N-linked (GlcNAc...) asparagine	N-linked (GlcNAc...) asparagine	PTM-0528	exact			no_mass_in_vocabulary	true
P54289	CACNA2D1	2	Disulfide bond	303	1044	EXACT	EXACT						not_in_vocabulary	H-2 (arithmetic)	-2.016	disulfide_arithmetic	true
P54289	CACNA2D1	2	Disulfide bond	404	1071	EXACT	EXACT						not_in_vocabulary	H-2 (arithmetic)	-2.016	disulfide_arithmetic	true
P54289	CACNA2D1	2	Disulfide bond	404	1059	EXACT	EXACT						not_in_vocabulary	H-2 (arithmetic)	-2.016	disulfide_arithmetic	true
P54289	CACNA2D1	2	Disulfide bond	404	1059	EXACT	EXACT	Interchain (between alpha-2-1 and delta-1 chains)		Interchain (between alpha-2-1 and delta-1 chains)			not_in_vocabulary			interchain_count_only	true
P54289	CACNA2D1	2	Disulfide bond	667	697	EXACT	EXACT						not_in_vocabulary	H-2 (arithmetic)	-2.016	disulfide_arithmetic	true
P54289	CACNA2D1	2	Disulfide bond	904	974	EXACT	EXACT						not_in_vocabulary	H-2 (arithmetic)	-2.016	disulfide_arithmetic	true
P54289	CACNA2D1	2	Disulfide bond	996	1026	EXACT	EXACT						not_in_vocabulary	H-2 (arithmetic)	-2.016	disulfide_arithmetic	true
P54289	CACNA2D1	2	Disulfide bond	999	1024	EXACT	EXACT						not_in_vocabulary	H-2 (arithmetic)	-2.016	disulfide_arithmetic	true
P55145	MANF	2	Modified residue	76	76	EXACT	EXACT	Phosphotyrosine		Phosphotyrosine	Phosphotyrosine	PTM-0255	exact	H1 O3 P1	79.98	vocabulary	true
P55145	MANF	2	Disulfide bond	30	117	EXACT	EXACT						not_in_vocabulary	H-2 (arithmetic)	-2.016	disulfide_arithmetic	true
P55145	MANF	2	Disulfide bond	33	106	EXACT	EXACT						not_in_vocabulary	H-2 (arithmetic)	-2.016	disulfide_arithmetic	true
P55145	MANF	2	Disulfide bond	64	75	EXACT	EXACT						not_in_vocabulary	H-2 (arithmetic)	-2.016	disulfide_arithmetic	true
P55145	MANF	2	Disulfide bond	151	154	EXACT	EXACT						not_in_vocabulary	H-2 (arithmetic)	-2.016	disulfide_arithmetic	true
P56539	CAV3	1	Cross-link	38	38	EXACT	EXACT	Glycyl lysine isopeptide (Lys-Gly) (interchain with G-Cter in SUMO3)		Glycyl lysine isopeptide (Lys-Gly) (interchain with G-Cter in SUMO3)	Glycyl lysine isopeptide (Lys-Gly) (interchain with G-...)	PTM-0135	wildcard	H-2 O-1	-18.02	vocabulary	true
P57103	SLC8A3	2	Glycosylation	45	45	EXACT	EXACT	N-linked (GlcNAc...) asparagine		N-linked (GlcNAc...) asparagine	N-linked (GlcNAc...) asparagine	PTM-0528	exact			no_mass_in_vocabulary	true
P57103	SLC8A3	2	Glycosylation	823	823	EXACT	EXACT	N-linked (GlcNAc...) asparagine		N-linked (GlcNAc...) asparagine	N-linked (GlcNAc...) asparagine	PTM-0528	exact			no_mass_in_vocabulary	true
P60900	PSMA6	1	Modified residue	17	17	EXACT	EXACT	Phosphoserine		Phosphoserine	Phosphoserine	PTM-0253	exact	H1 O3 P1	79.98	vocabulary	true
P60900	PSMA6	1	Modified residue	63	63	EXACT	EXACT	Phosphoserine		Phosphoserine	Phosphoserine	PTM-0253	exact	H1 O3 P1	79.98	vocabulary	true
P60900	PSMA6	1	Modified residue	64	64	EXACT	EXACT	Phosphoserine		Phosphoserine	Phosphoserine	PTM-0253	exact	H1 O3 P1	79.98	vocabulary	true
P60900	PSMA6	1	Modified residue	102	102	EXACT	EXACT	N6-acetyllysine		N6-acetyllysine	N6-acetyllysine	PTM-0190	exact	C2 H2 O1	42.04	vocabulary	true
P60900	PSMA6	1	Modified residue	104	104	EXACT	EXACT	N6-acetyllysine		N6-acetyllysine	N6-acetyllysine	PTM-0190	exact	C2 H2 O1	42.04	vocabulary	true
P60900	PSMA6	1	Modified residue	159	159	EXACT	EXACT	Phosphotyrosine		Phosphotyrosine	Phosphotyrosine	PTM-0255	exact	H1 O3 P1	79.98	vocabulary	true
P60900	PSMA6	1	Glycosylation	5	5	EXACT	EXACT	O-linked (GlcNAc) serine		O-linked (GlcNAc) serine	O-linked (GlcNAc) serine	PTM-0580	exact	C8 H13 N1 O5	203.19	vocabulary	true
P61313	RPL15	1	Modified residue	34	34	EXACT	EXACT	Phosphoserine		Phosphoserine	Phosphoserine	PTM-0253	exact	H1 O3 P1	79.98	vocabulary	true
P61313	RPL15	1	Modified residue	97	97	EXACT	EXACT	Phosphoserine		Phosphoserine	Phosphoserine	PTM-0253	exact	H1 O3 P1	79.98	vocabulary	true
P61313	RPL15	1	Modified residue	100	100	EXACT	EXACT	Phosphoserine		Phosphoserine	Phosphoserine	PTM-0253	exact	H1 O3 P1	79.98	vocabulary	true
P61313	RPL15	1	Lipidation	2	2	EXACT	EXACT	N-myristoyl glycine		N-myristoyl glycine	N-myristoyl glycine	PTM-0221	exact	C14 H26 O1	210.36	vocabulary	true
P61313	RPL15	1	Cross-link	83	83	EXACT	EXACT	Glycyl lysine isopeptide (Lys-Gly) (interchain with G-Cter in SUMO2)		Glycyl lysine isopeptide (Lys-Gly) (interchain with G-Cter in SUMO2)	Glycyl lysine isopeptide (Lys-Gly) (interchain with G-...)	PTM-0135	wildcard	H-2 O-1	-18.02	vocabulary	true
P62942	FKBP1A	1;2	Modified residue	53	53	EXACT	EXACT	N6-acetyllysine; alternate		N6-acetyllysine	N6-acetyllysine	PTM-0190	exact	C2 H2 O1	42.04	vocabulary	true
P62942	FKBP1A	1;2	Modified residue	53	53	EXACT	EXACT	N6-succinyllysine; alternate		N6-succinyllysine	N6-succinyllysine	PTM-0438	exact	C4 H4 O3	100.07	vocabulary	true
P63261	ACTG1	1	Modified residue	1	1	EXACT	EXACT	N-acetylmethionine		N-acetylmethionine	N-acetylmethionine	PTM-0205	exact	C2 H2 O1	42.04	vocabulary	true
P63261	ACTG1	1	Modified residue	2	2	EXACT	EXACT	N-acetylglutamate; in Actin, cytoplasmic 2, N-terminally processed; partial		N-acetylglutamate	N-acetylglutamate	PTM-0202	exact	C2 H2 O1	42.04	vocabulary	true
P63261	ACTG1	1	Modified residue	44	44	EXACT	EXACT	Methionine (R)-sulfoxide		Methionine (R)-sulfoxide	Methionine (R)-sulfoxide	PTM-0480	exact	O1	16	vocabulary	true
P63261	ACTG1	1	Modified residue	47	47	EXACT	EXACT	Methionine (R)-sulfoxide		Methionine (R)-sulfoxide	Methionine (R)-sulfoxide	PTM-0480	exact	O1	16	vocabulary	true
P63261	ACTG1	1	Modified residue	73	73	EXACT	EXACT	Tele-methylhistidine		Tele-methylhistidine	Tele-methylhistidine	PTM-0290	exact	C1 H2	14.03	vocabulary	true
P63261	ACTG1	1	Modified residue	84	84	EXACT	EXACT	N6-methyllysine		N6-methyllysine	N6-methyllysine	PTM-0194	exact	C1 H2	14.03	vocabulary	true
P63261	ACTG1	1	Cross-link	50	50	EXACT	EXACT	(Microbial infection) Isoglutamyl lysine isopeptide (Lys-Glu) (interchain with E-270); by Vibrio toxins RtxA and VgrG1	(Microbial infection)	Isoglutamyl lysine isopeptide (Lys-Glu) (interchain with E-270)	Isoglutamyl lysine isopeptide (Lys-Glu) (interchain with E-...)	PTM-0398	wildcard			no_mass_in_vocabulary	true
P63261	ACTG1	1	Cross-link	270	270	EXACT	EXACT	(Microbial infection) Isoglutamyl lysine isopeptide (Glu-Lys) (interchain with K-50); by Vibrio toxins RtxA and VgrG1	(Microbial infection)	Isoglutamyl lysine isopeptide (Glu-Lys) (interchain with K-50)	Isoglutamyl lysine isopeptide (Glu-Lys) (interchain with K-...)	PTM-0397	wildcard			no_mass_in_vocabulary	true
P63316	TNNC1	1	Modified residue	1	1	EXACT	EXACT	N-acetylmethionine		N-acetylmethionine	N-acetylmethionine	PTM-0205	exact	C2 H2 O1	42.04	vocabulary	true
P63316	TNNC1	1	Modified residue	98	98	EXACT	EXACT	Phosphoserine		Phosphoserine	Phosphoserine	PTM-0253	exact	H1 O3 P1	79.98	vocabulary	true
P67936	TPM4	1	Modified residue	2	2	EXACT	EXACT	N-acetylalanine		N-acetylalanine	N-acetylalanine	PTM-0199	exact	C2 H2 O1	42.04	vocabulary	true
P67936	TPM4	1	Modified residue	6	6	EXACT	EXACT	Phosphoserine		Phosphoserine	Phosphoserine	PTM-0253	exact	H1 O3 P1	79.98	vocabulary	true
P67936	TPM4	1	Modified residue	177	177	EXACT	EXACT	N6-acetyllysine		N6-acetyllysine	N6-acetyllysine	PTM-0190	exact	C2 H2 O1	42.04	vocabulary	true
P67936	TPM4	1	Modified residue	215	215	EXACT	EXACT	N6-acetyllysine		N6-acetyllysine	N6-acetyllysine	PTM-0190	exact	C2 H2 O1	42.04	vocabulary	true
P67936	TPM4	1	Modified residue	216	216	EXACT	EXACT	Phosphothreonine		Phosphothreonine	Phosphothreonine	PTM-0254	exact	H1 O3 P1	79.98	vocabulary	true
P68032	ACTC1	1	Modified residue	2	2	EXACT	EXACT	N-acetylcysteine; in intermediate form		N-acetylcysteine	N-acetylcysteine	PTM-0201	exact	C2 H2 O1	42.04	vocabulary	true
P68032	ACTC1	1	Modified residue	46	46	EXACT	EXACT	Methionine (R)-sulfoxide		Methionine (R)-sulfoxide	Methionine (R)-sulfoxide	PTM-0480	exact	O1	16	vocabulary	true
P68032	ACTC1	1	Modified residue	49	49	EXACT	EXACT	Methionine (R)-sulfoxide		Methionine (R)-sulfoxide	Methionine (R)-sulfoxide	PTM-0480	exact	O1	16	vocabulary	true
P68032	ACTC1	1	Modified residue	75	75	EXACT	EXACT	Tele-methylhistidine		Tele-methylhistidine	Tele-methylhistidine	PTM-0290	exact	C1 H2	14.03	vocabulary	true
P68032	ACTC1	1	Modified residue	86	86	EXACT	EXACT	N6-methyllysine		N6-methyllysine	N6-methyllysine	PTM-0194	exact	C1 H2	14.03	vocabulary	true
P68032	ACTC1	1	Cross-link	52	52	EXACT	EXACT	Isoglutamyl lysine isopeptide (Lys-Glu) (interchain with E-272); by Vibrio toxins RtxA and VgrG1		Isoglutamyl lysine isopeptide (Lys-Glu) (interchain with E-272)	Isoglutamyl lysine isopeptide (Lys-Glu) (interchain with E-...)	PTM-0398	wildcard			no_mass_in_vocabulary	true
P68032	ACTC1	1	Cross-link	272	272	EXACT	EXACT	Isoglutamyl lysine isopeptide (Glu-Lys) (interchain with K-52); by Vibrio toxins RtxA and VgrG1		Isoglutamyl lysine isopeptide (Glu-Lys) (interchain with K-52)	Isoglutamyl lysine isopeptide (Glu-Lys) (interchain with K-...)	PTM-0397	wildcard			no_mass_in_vocabulary	true
P68133	ACTA1	1	Modified residue	2	2	EXACT	EXACT	N-acetylcysteine; in intermediate form		N-acetylcysteine	N-acetylcysteine	PTM-0201	exact	C2 H2 O1	42.04	vocabulary	true
P68133	ACTA1	1	Modified residue	46	46	EXACT	EXACT	Methionine (R)-sulfoxide		Methionine (R)-sulfoxide	Methionine (R)-sulfoxide	PTM-0480	exact	O1	16	vocabulary	true
P68133	ACTA1	1	Modified residue	49	49	EXACT	EXACT	Methionine (R)-sulfoxide		Methionine (R)-sulfoxide	Methionine (R)-sulfoxide	PTM-0480	exact	O1	16	vocabulary	true
P68133	ACTA1	1	Modified residue	63	63	EXACT	EXACT	N6-malonyllysine		N6-malonyllysine	N6-malonyllysine	PTM-0467	exact	C3 H2 O3	86.05	vocabulary	true
P68133	ACTA1	1	Modified residue	75	75	EXACT	EXACT	Tele-methylhistidine		Tele-methylhistidine	Tele-methylhistidine	PTM-0290	exact	C1 H2	14.03	vocabulary	true
P68133	ACTA1	1	Modified residue	86	86	EXACT	EXACT	N6-methyllysine		N6-methyllysine	N6-methyllysine	PTM-0194	exact	C1 H2	14.03	vocabulary	true
P68133	ACTA1	1	Cross-link	52	52	EXACT	EXACT	Isoglutamyl lysine isopeptide (Lys-Glu) (interchain with E-272); by Vibrio toxins RtxA and VgrG1		Isoglutamyl lysine isopeptide (Lys-Glu) (interchain with E-272)	Isoglutamyl lysine isopeptide (Lys-Glu) (interchain with E-...)	PTM-0398	wildcard			no_mass_in_vocabulary	true
P68133	ACTA1	1	Cross-link	272	272	EXACT	EXACT	Isoglutamyl lysine isopeptide (Glu-Lys) (interchain with K-52); by Vibrio toxins RtxA and VgrG1		Isoglutamyl lysine isopeptide (Glu-Lys) (interchain with K-52)	Isoglutamyl lysine isopeptide (Glu-Lys) (interchain with K-...)	PTM-0397	wildcard			no_mass_in_vocabulary	true
P84077	ARF1	1	Modified residue	2	2	EXACT	EXACT	N-acetylglycine; alternate		N-acetylglycine	N-acetylglycine	PTM-0203	exact	C2 H2 O1	42.04	vocabulary	true
P84077	ARF1	1	Lipidation	2	2	EXACT	EXACT	N-myristoyl glycine; alternate		N-myristoyl glycine	N-myristoyl glycine	PTM-0221	exact	C14 H26 O1	210.36	vocabulary	true
Q00872	MYBPC1	1	Modified residue	406	406	EXACT	EXACT	Phosphothreonine		Phosphothreonine	Phosphothreonine	PTM-0254	exact	H1 O3 P1	79.98	vocabulary	true
Q00872	MYBPC1	1	Modified residue	611	611	EXACT	EXACT	Phosphoserine		Phosphoserine	Phosphoserine	PTM-0253	exact	H1 O3 P1	79.98	vocabulary	true
Q00872	MYBPC1	1	Modified residue	798	798	EXACT	EXACT	Phosphothreonine		Phosphothreonine	Phosphothreonine	PTM-0254	exact	H1 O3 P1	79.98	vocabulary	true
Q00872	MYBPC1	1	Modified residue	823	823	EXACT	EXACT	Phosphotyrosine		Phosphotyrosine	Phosphotyrosine	PTM-0255	exact	H1 O3 P1	79.98	vocabulary	true
Q01082	SPTBN1	1	Modified residue	2	2	EXACT	EXACT	N-acetylthreonine		N-acetylthreonine	N-acetylthreonine	PTM-0208	exact	C2 H2 O1	42.04	vocabulary	true
Q01082	SPTBN1	1	Modified residue	36	36	EXACT	EXACT	Phosphoserine		Phosphoserine	Phosphoserine	PTM-0253	exact	H1 O3 P1	79.98	vocabulary	true
Q01082	SPTBN1	1	Modified residue	90	90	EXACT	EXACT	N6-acetyllysine		N6-acetyllysine	N6-acetyllysine	PTM-0190	exact	C2 H2 O1	42.04	vocabulary	true
Q01082	SPTBN1	1	Modified residue	228	228	EXACT	EXACT	Phosphoserine		Phosphoserine	Phosphoserine	PTM-0253	exact	H1 O3 P1	79.98	vocabulary	true
Q01082	SPTBN1	1	Modified residue	817	817	EXACT	EXACT	Phosphoserine		Phosphoserine	Phosphoserine	PTM-0253	exact	H1 O3 P1	79.98	vocabulary	true
Q01082	SPTBN1	1	Modified residue	825	825	EXACT	EXACT	Phosphoserine		Phosphoserine	Phosphoserine	PTM-0253	exact	H1 O3 P1	79.98	vocabulary	true
Q01082	SPTBN1	1	Modified residue	903	903	EXACT	EXACT	Phosphoserine		Phosphoserine	Phosphoserine	PTM-0253	exact	H1 O3 P1	79.98	vocabulary	true
Q01082	SPTBN1	1	Modified residue	1057	1057	EXACT	EXACT	Phosphoserine		Phosphoserine	Phosphoserine	PTM-0253	exact	H1 O3 P1	79.98	vocabulary	true
Q01082	SPTBN1	1	Modified residue	1076	1076	EXACT	EXACT	Phosphoserine		Phosphoserine	Phosphoserine	PTM-0253	exact	H1 O3 P1	79.98	vocabulary	true
Q01082	SPTBN1	1	Modified residue	1079	1079	EXACT	EXACT	Phosphoserine		Phosphoserine	Phosphoserine	PTM-0253	exact	H1 O3 P1	79.98	vocabulary	true
Q01082	SPTBN1	1	Modified residue	1237	1237	EXACT	EXACT	Phosphoserine		Phosphoserine	Phosphoserine	PTM-0253	exact	H1 O3 P1	79.98	vocabulary	true
Q01082	SPTBN1	1	Modified residue	1388	1388	EXACT	EXACT	Phosphoserine		Phosphoserine	Phosphoserine	PTM-0253	exact	H1 O3 P1	79.98	vocabulary	true
Q01082	SPTBN1	1	Modified residue	1447	1447	EXACT	EXACT	Phosphoserine		Phosphoserine	Phosphoserine	PTM-0253	exact	H1 O3 P1	79.98	vocabulary	true
Q01082	SPTBN1	1	Modified residue	1557	1557	EXACT	EXACT	Phosphoserine		Phosphoserine	Phosphoserine	PTM-0253	exact	H1 O3 P1	79.98	vocabulary	true
Q01082	SPTBN1	1	Modified residue	1805	1805	EXACT	EXACT	Phosphotyrosine		Phosphotyrosine	Phosphotyrosine	PTM-0255	exact	H1 O3 P1	79.98	vocabulary	true
Q01082	SPTBN1	1	Modified residue	1815	1815	EXACT	EXACT	N6-acetyllysine		N6-acetyllysine	N6-acetyllysine	PTM-0190	exact	C2 H2 O1	42.04	vocabulary	true
Q01082	SPTBN1	1	Modified residue	1913	1913	EXACT	EXACT	N6-acetyllysine		N6-acetyllysine	N6-acetyllysine	PTM-0190	exact	C2 H2 O1	42.04	vocabulary	true
Q01082	SPTBN1	1	Modified residue	1989	1989	EXACT	EXACT	N6-acetyllysine		N6-acetyllysine	N6-acetyllysine	PTM-0190	exact	C2 H2 O1	42.04	vocabulary	true
Q01082	SPTBN1	1	Modified residue	2102	2102	EXACT	EXACT	Phosphoserine		Phosphoserine	Phosphoserine	PTM-0253	exact	H1 O3 P1	79.98	vocabulary	true
Q01082	SPTBN1	1	Modified residue	2128	2128	EXACT	EXACT	Phosphoserine		Phosphoserine	Phosphoserine	PTM-0253	exact	H1 O3 P1	79.98	vocabulary	true
Q01082	SPTBN1	1	Modified residue	2138	2138	EXACT	EXACT	Phosphoserine		Phosphoserine	Phosphoserine	PTM-0253	exact	H1 O3 P1	79.98	vocabulary	true
Q01082	SPTBN1	1	Modified residue	2147	2147	EXACT	EXACT	Phosphothreonine		Phosphothreonine	Phosphothreonine	PTM-0254	exact	H1 O3 P1	79.98	vocabulary	true
Q01082	SPTBN1	1	Modified residue	2148	2148	EXACT	EXACT	Phosphoserine		Phosphoserine	Phosphoserine	PTM-0253	exact	H1 O3 P1	79.98	vocabulary	true
Q01082	SPTBN1	1	Modified residue	2159	2159	EXACT	EXACT	Phosphothreonine		Phosphothreonine	Phosphothreonine	PTM-0254	exact	H1 O3 P1	79.98	vocabulary	true
Q01082	SPTBN1	1	Modified residue	2160	2160	EXACT	EXACT	Phosphoserine		Phosphoserine	Phosphoserine	PTM-0253	exact	H1 O3 P1	79.98	vocabulary	true
Q01082	SPTBN1	1	Modified residue	2161	2161	EXACT	EXACT	Phosphoserine		Phosphoserine	Phosphoserine	PTM-0253	exact	H1 O3 P1	79.98	vocabulary	true
Q01082	SPTBN1	1	Modified residue	2164	2164	EXACT	EXACT	Phosphoserine		Phosphoserine	Phosphoserine	PTM-0253	exact	H1 O3 P1	79.98	vocabulary	true
Q01082	SPTBN1	1	Modified residue	2165	2165	EXACT	EXACT	Phosphoserine		Phosphoserine	Phosphoserine	PTM-0253	exact	H1 O3 P1	79.98	vocabulary	true
Q01082	SPTBN1	1	Modified residue	2169	2169	EXACT	EXACT	Phosphoserine		Phosphoserine	Phosphoserine	PTM-0253	exact	H1 O3 P1	79.98	vocabulary	true
Q01082	SPTBN1	1	Modified residue	2171	2171	EXACT	EXACT	Phosphothreonine		Phosphothreonine	Phosphothreonine	PTM-0254	exact	H1 O3 P1	79.98	vocabulary	true
Q01082	SPTBN1	1	Modified residue	2172	2172	EXACT	EXACT	Phosphoserine		Phosphoserine	Phosphoserine	PTM-0253	exact	H1 O3 P1	79.98	vocabulary	true
Q01082	SPTBN1	1	Modified residue	2184	2184	EXACT	EXACT	Phosphoserine		Phosphoserine	Phosphoserine	PTM-0253	exact	H1 O3 P1	79.98	vocabulary	true
Q01082	SPTBN1	1	Modified residue	2187	2187	EXACT	EXACT	Phosphothreonine		Phosphothreonine	Phosphothreonine	PTM-0254	exact	H1 O3 P1	79.98	vocabulary	true
Q01082	SPTBN1	1	Modified residue	2195	2195	EXACT	EXACT	Phosphothreonine		Phosphothreonine	Phosphothreonine	PTM-0254	exact	H1 O3 P1	79.98	vocabulary	true
Q01082	SPTBN1	1	Modified residue	2314	2314	EXACT	EXACT	Phosphoserine		Phosphoserine	Phosphoserine	PTM-0253	exact	H1 O3 P1	79.98	vocabulary	true
Q01082	SPTBN1	1	Modified residue	2319	2319	EXACT	EXACT	Phosphoserine		Phosphoserine	Phosphoserine	PTM-0253	exact	H1 O3 P1	79.98	vocabulary	true
Q01082	SPTBN1	1	Modified residue	2320	2320	EXACT	EXACT	Phosphothreonine		Phosphothreonine	Phosphothreonine	PTM-0254	exact	H1 O3 P1	79.98	vocabulary	true
Q01082	SPTBN1	1	Modified residue	2328	2328	EXACT	EXACT	Phosphothreonine		Phosphothreonine	Phosphothreonine	PTM-0254	exact	H1 O3 P1	79.98	vocabulary	true
Q01082	SPTBN1	1	Modified residue	2340	2340	EXACT	EXACT	Phosphoserine		Phosphoserine	Phosphoserine	PTM-0253	exact	H1 O3 P1	79.98	vocabulary	true
Q01082	SPTBN1	1	Modified residue	2341	2341	EXACT	EXACT	Phosphoserine		Phosphoserine	Phosphoserine	PTM-0253	exact	H1 O3 P1	79.98	vocabulary	true
Q01082	SPTBN1	1	Glycosylation	2324	2324	EXACT	EXACT	O-linked (GlcNAc) serine		O-linked (GlcNAc) serine	O-linked (GlcNAc) serine	PTM-0580	exact	C8 H13 N1 O5	203.19	vocabulary	true
Q01082	SPTBN1	1	Modified residue	14	14	EXACT	EXACT	Phosphoserine		Phosphoserine	Phosphoserine	PTM-0253	exact	H1 O3 P1	79.98	vocabulary	true
Q01449	MYL7	1	Modified residue	2	2	EXACT	EXACT	N-acetylalanine		N-acetylalanine	N-acetylalanine	PTM-0199	exact	C2 H2 O1	42.04	vocabulary	true
Q01449	MYL7	1	Modified residue	22	22	EXACT	EXACT	Phosphoserine		Phosphoserine	Phosphoserine	PTM-0253	exact	H1 O3 P1	79.98	vocabulary	true
Q01449	MYL7	1	Modified residue	23	23	EXACT	EXACT	Phosphoserine		Phosphoserine	Phosphoserine	PTM-0253	exact	H1 O3 P1	79.98	vocabulary	true
Q01484	ANK2	1	Modified residue	31	31	EXACT	EXACT	Phosphoserine		Phosphoserine	Phosphoserine	PTM-0253	exact	H1 O3 P1	79.98	vocabulary	true
Q01484	ANK2	1	Modified residue	34	34	EXACT	EXACT	Phosphoserine		Phosphoserine	Phosphoserine	PTM-0253	exact	H1 O3 P1	79.98	vocabulary	true
Q01484	ANK2	1	Modified residue	378	378	EXACT	EXACT	Phosphotyrosine		Phosphotyrosine	Phosphotyrosine	PTM-0255	exact	H1 O3 P1	79.98	vocabulary	true
Q01484	ANK2	1	Modified residue	531	531	EXACT	EXACT	Phosphotyrosine		Phosphotyrosine	Phosphotyrosine	PTM-0255	exact	H1 O3 P1	79.98	vocabulary	true
Q01484	ANK2	1	Modified residue	846	846	EXACT	EXACT	Phosphoserine		Phosphoserine	Phosphoserine	PTM-0253	exact	H1 O3 P1	79.98	vocabulary	true
Q01484	ANK2	1	Modified residue	853	853	EXACT	EXACT	Phosphothreonine		Phosphothreonine	Phosphothreonine	PTM-0254	exact	H1 O3 P1	79.98	vocabulary	true
Q01484	ANK2	1	Modified residue	874	874	EXACT	EXACT	Phosphoserine		Phosphoserine	Phosphoserine	PTM-0253	exact	H1 O3 P1	79.98	vocabulary	true
Q01484	ANK2	1	Modified residue	1382	1382	EXACT	EXACT	Phosphotyrosine		Phosphotyrosine	Phosphotyrosine	PTM-0255	exact	H1 O3 P1	79.98	vocabulary	true
Q01484	ANK2	1	Modified residue	1459	1459	EXACT	EXACT	Phosphoserine		Phosphoserine	Phosphoserine	PTM-0253	exact	H1 O3 P1	79.98	vocabulary	true
Q01484	ANK2	1	Modified residue	1461	1461	EXACT	EXACT	Phosphoserine		Phosphoserine	Phosphoserine	PTM-0253	exact	H1 O3 P1	79.98	vocabulary	true
Q01484	ANK2	1	Modified residue	1473	1473	EXACT	EXACT	Phosphoserine		Phosphoserine	Phosphoserine	PTM-0253	exact	H1 O3 P1	79.98	vocabulary	true
Q01484	ANK2	1	Modified residue	1500	1500	EXACT	EXACT	Phosphoserine		Phosphoserine	Phosphoserine	PTM-0253	exact	H1 O3 P1	79.98	vocabulary	true
Q01484	ANK2	1	Modified residue	1596	1596	EXACT	EXACT	Phosphoserine		Phosphoserine	Phosphoserine	PTM-0253	exact	H1 O3 P1	79.98	vocabulary	true
Q01484	ANK2	1	Modified residue	1732	1732	EXACT	EXACT	Phosphoserine		Phosphoserine	Phosphoserine	PTM-0253	exact	H1 O3 P1	79.98	vocabulary	true
Q01484	ANK2	1	Modified residue	1733	1733	EXACT	EXACT	Phosphoserine		Phosphoserine	Phosphoserine	PTM-0253	exact	H1 O3 P1	79.98	vocabulary	true
Q01484	ANK2	1	Modified residue	1736	1736	EXACT	EXACT	Phosphoserine		Phosphoserine	Phosphoserine	PTM-0253	exact	H1 O3 P1	79.98	vocabulary	true
Q01484	ANK2	1	Modified residue	1855	1855	EXACT	EXACT	Phosphoserine		Phosphoserine	Phosphoserine	PTM-0253	exact	H1 O3 P1	79.98	vocabulary	true
Q01484	ANK2	1	Modified residue	1858	1858	EXACT	EXACT	Phosphoserine		Phosphoserine	Phosphoserine	PTM-0253	exact	H1 O3 P1	79.98	vocabulary	true
Q01484	ANK2	1	Modified residue	1929	1929	EXACT	EXACT	Phosphoserine		Phosphoserine	Phosphoserine	PTM-0253	exact	H1 O3 P1	79.98	vocabulary	true
Q01484	ANK2	1	Modified residue	2127	2127	EXACT	EXACT	Phosphoserine		Phosphoserine	Phosphoserine	PTM-0253	exact	H1 O3 P1	79.98	vocabulary	true
Q01484	ANK2	1	Modified residue	2239	2239	EXACT	EXACT	Phosphothreonine		Phosphothreonine	Phosphothreonine	PTM-0254	exact	H1 O3 P1	79.98	vocabulary	true
Q01484	ANK2	1	Modified residue	2243	2243	EXACT	EXACT	Phosphoserine		Phosphoserine	Phosphoserine	PTM-0253	exact	H1 O3 P1	79.98	vocabulary	true
Q01484	ANK2	1	Modified residue	2269	2269	EXACT	EXACT	Phosphothreonine		Phosphothreonine	Phosphothreonine	PTM-0254	exact	H1 O3 P1	79.98	vocabulary	true
Q01484	ANK2	1	Modified residue	2275	2275	EXACT	EXACT	Phosphoserine		Phosphoserine	Phosphoserine	PTM-0253	exact	H1 O3 P1	79.98	vocabulary	true
Q01484	ANK2	1	Modified residue	2405	2405	EXACT	EXACT	Phosphoserine		Phosphoserine	Phosphoserine	PTM-0253	exact	H1 O3 P1	79.98	vocabulary	true
Q01484	ANK2	1	Modified residue	2440	2440	EXACT	EXACT	Phosphoserine		Phosphoserine	Phosphoserine	PTM-0253	exact	H1 O3 P1	79.98	vocabulary	true
Q01484	ANK2	1	Modified residue	2454	2454	EXACT	EXACT	Phosphoserine		Phosphoserine	Phosphoserine	PTM-0253	exact	H1 O3 P1	79.98	vocabulary	true
Q01484	ANK2	1	Modified residue	2516	2516	EXACT	EXACT	Phosphoserine		Phosphoserine	Phosphoserine	PTM-0253	exact	H1 O3 P1	79.98	vocabulary	true
Q01484	ANK2	1	Modified residue	2521	2521	EXACT	EXACT	Phosphoserine		Phosphoserine	Phosphoserine	PTM-0253	exact	H1 O3 P1	79.98	vocabulary	true
Q01484	ANK2	1	Modified residue	2583	2583	EXACT	EXACT	Phosphothreonine		Phosphothreonine	Phosphothreonine	PTM-0254	exact	H1 O3 P1	79.98	vocabulary	true
Q01484	ANK2	1	Modified residue	2679	2679	EXACT	EXACT	Phosphoserine		Phosphoserine	Phosphoserine	PTM-0253	exact	H1 O3 P1	79.98	vocabulary	true
Q01484	ANK2	1	Modified residue	2701	2701	EXACT	EXACT	Phosphoserine		Phosphoserine	Phosphoserine	PTM-0253	exact	H1 O3 P1	79.98	vocabulary	true
Q01484	ANK2	1	Modified residue	2781	2781	EXACT	EXACT	Phosphoserine		Phosphoserine	Phosphoserine	PTM-0253	exact	H1 O3 P1	79.98	vocabulary	true
Q01484	ANK2	1	Modified residue	2795	2795	EXACT	EXACT	Phosphoserine		Phosphoserine	Phosphoserine	PTM-0253	exact	H1 O3 P1	79.98	vocabulary	true
Q01484	ANK2	1	Modified residue	2956	2956	EXACT	EXACT	Phosphoserine		Phosphoserine	Phosphoserine	PTM-0253	exact	H1 O3 P1	79.98	vocabulary	true
Q01484	ANK2	1	Modified residue	3075	3075	EXACT	EXACT	Phosphoserine		Phosphoserine	Phosphoserine	PTM-0253	exact	H1 O3 P1	79.98	vocabulary	true
Q01484	ANK2	1	Modified residue	3078	3078	EXACT	EXACT	Phosphothreonine		Phosphothreonine	Phosphothreonine	PTM-0254	exact	H1 O3 P1	79.98	vocabulary	true
Q01484	ANK2	1	Modified residue	3273	3273	EXACT	EXACT	Phosphoserine		Phosphoserine	Phosphoserine	PTM-0253	exact	H1 O3 P1	79.98	vocabulary	true
Q01484	ANK2	1	Modified residue	3276	3276	EXACT	EXACT	Phosphoserine		Phosphoserine	Phosphoserine	PTM-0253	exact	H1 O3 P1	79.98	vocabulary	true
Q01484	ANK2	1	Modified residue	3277	3277	EXACT	EXACT	Phosphoserine		Phosphoserine	Phosphoserine	PTM-0253	exact	H1 O3 P1	79.98	vocabulary	true
Q01484	ANK2	1	Modified residue	3390	3390	EXACT	EXACT	Phosphoserine		Phosphoserine	Phosphoserine	PTM-0253	exact	H1 O3 P1	79.98	vocabulary	true
Q01484	ANK2	1	Modified residue	3409	3409	EXACT	EXACT	Phosphoserine		Phosphoserine	Phosphoserine	PTM-0253	exact	H1 O3 P1	79.98	vocabulary	true
Q01484	ANK2	1	Modified residue	3474	3474	EXACT	EXACT	Phosphoserine		Phosphoserine	Phosphoserine	PTM-0253	exact	H1 O3 P1	79.98	vocabulary	true
Q01484	ANK2	1	Modified residue	3735	3735	EXACT	EXACT	Phosphoserine		Phosphoserine	Phosphoserine	PTM-0253	exact	H1 O3 P1	79.98	vocabulary	true
Q01484	ANK2	1	Modified residue	3776	3776	EXACT	EXACT	Phosphothreonine		Phosphothreonine	Phosphothreonine	PTM-0254	exact	H1 O3 P1	79.98	vocabulary	true
Q01484	ANK2	1	Modified residue	3797	3797	EXACT	EXACT	Phosphothreonine		Phosphothreonine	Phosphothreonine	PTM-0254	exact	H1 O3 P1	79.98	vocabulary	true
Q01484	ANK2	1	Modified residue	3803	3803	EXACT	EXACT	Phosphothreonine		Phosphothreonine	Phosphothreonine	PTM-0254	exact	H1 O3 P1	79.98	vocabulary	true
Q01484	ANK2	1	Modified residue	3814	3814	EXACT	EXACT	Phosphothreonine		Phosphothreonine	Phosphothreonine	PTM-0254	exact	H1 O3 P1	79.98	vocabulary	true
Q01484	ANK2	1	Modified residue	3823	3823	EXACT	EXACT	Phosphoserine		Phosphoserine	Phosphoserine	PTM-0253	exact	H1 O3 P1	79.98	vocabulary	true
Q01484	ANK2	1	Modified residue	3909	3909	EXACT	EXACT	Phosphoserine		Phosphoserine	Phosphoserine	PTM-0253	exact	H1 O3 P1	79.98	vocabulary	true
Q01668	CACNA1D	1	Glycosylation	155	155	EXACT	EXACT	N-linked (GlcNAc...) asparagine		N-linked (GlcNAc...) asparagine	N-linked (GlcNAc...) asparagine	PTM-0528	exact			no_mass_in_vocabulary	true
Q01668	CACNA1D	1	Glycosylation	225	225	EXACT	EXACT	N-linked (GlcNAc...) asparagine		N-linked (GlcNAc...) asparagine	N-linked (GlcNAc...) asparagine	PTM-0528	exact			no_mass_in_vocabulary	true
Q01668	CACNA1D	1	Glycosylation	329	329	EXACT	EXACT	N-linked (GlcNAc...) asparagine		N-linked (GlcNAc...) asparagine	N-linked (GlcNAc...) asparagine	PTM-0528	exact			no_mass_in_vocabulary	true
Q03001	DST	1	Modified residue	236	236	EXACT	EXACT	Phosphoserine		Phosphoserine	Phosphoserine	PTM-0253	exact	H1 O3 P1	79.98	vocabulary	true
Q03001	DST	1	Modified residue	237	237	EXACT	EXACT	Phosphoserine		Phosphoserine	Phosphoserine	PTM-0253	exact	H1 O3 P1	79.98	vocabulary	true
Q03001	DST	1	Modified residue	1382	1382	EXACT	EXACT	Phosphoserine		Phosphoserine	Phosphoserine	PTM-0253	exact	H1 O3 P1	79.98	vocabulary	true
Q03001	DST	1	Modified residue	2229	2229	EXACT	EXACT	Phosphoserine		Phosphoserine	Phosphoserine	PTM-0253	exact	H1 O3 P1	79.98	vocabulary	true
Q03001	DST	1	Modified residue	2919	2919	EXACT	EXACT	Phosphoserine		Phosphoserine	Phosphoserine	PTM-0253	exact	H1 O3 P1	79.98	vocabulary	true
Q03001	DST	1	Modified residue	3968	3968	EXACT	EXACT	Phosphoserine		Phosphoserine	Phosphoserine	PTM-0253	exact	H1 O3 P1	79.98	vocabulary	true
Q03001	DST	1	Modified residue	4749	4749	EXACT	EXACT	Phosphoserine		Phosphoserine	Phosphoserine	PTM-0253	exact	H1 O3 P1	79.98	vocabulary	true
Q03001	DST	1	Modified residue	7432	7432	EXACT	EXACT	Phosphoserine		Phosphoserine	Phosphoserine	PTM-0253	exact	H1 O3 P1	79.98	vocabulary	true
Q03001	DST	1	Modified residue	7510	7510	EXACT	EXACT	Phosphoserine		Phosphoserine	Phosphoserine	PTM-0253	exact	H1 O3 P1	79.98	vocabulary	true
Q03001	DST	1	Modified residue	7513	7513	EXACT	EXACT	Phosphoserine		Phosphoserine	Phosphoserine	PTM-0253	exact	H1 O3 P1	79.98	vocabulary	true
Q03001	DST	1	Modified residue	7525	7525	EXACT	EXACT	Phosphoserine		Phosphoserine	Phosphoserine	PTM-0253	exact	H1 O3 P1	79.98	vocabulary	true
Q03001	DST	1	Cross-link	5470	5470	EXACT	EXACT	Glycyl lysine isopeptide (Lys-Gly) (interchain with G-Cter in ubiquitin)		Glycyl lysine isopeptide (Lys-Gly) (interchain with G-Cter in ubiquitin)	Glycyl lysine isopeptide (Lys-Gly) (interchain with G-...)	PTM-0135	wildcard	H-2 O-1	-18.02	vocabulary	true
Q03001	DST	1	Modified residue	1565	1565	EXACT	EXACT	Phosphoserine		Phosphoserine	Phosphoserine	PTM-0253	exact	H1 O3 P1	79.98	vocabulary	true
Q03001	DST	1	Modified residue	135	135	EXACT	EXACT	Phosphoserine		Phosphoserine	Phosphoserine	PTM-0253	exact	H1 O3 P1	79.98	vocabulary	true
Q03001	DST	1	Modified residue	184	184	EXACT	EXACT	Phosphoserine		Phosphoserine	Phosphoserine	PTM-0253	exact	H1 O3 P1	79.98	vocabulary	true
Q05682	CALD1	1	Modified residue	129	129	EXACT	EXACT	Phosphoserine		Phosphoserine	Phosphoserine	PTM-0253	exact	H1 O3 P1	79.98	vocabulary	true
Q05682	CALD1	1	Modified residue	643	643	EXACT	EXACT	Phosphoserine		Phosphoserine	Phosphoserine	PTM-0253	exact	H1 O3 P1	79.98	vocabulary	true
Q05682	CALD1	1	Modified residue	656	656	EXACT	EXACT	Phosphoserine		Phosphoserine	Phosphoserine	PTM-0253	exact	H1 O3 P1	79.98	vocabulary	true
Q05682	CALD1	1	Modified residue	724	724	EXACT	EXACT	Phosphoserine		Phosphoserine	Phosphoserine	PTM-0253	exact	H1 O3 P1	79.98	vocabulary	true
Q05682	CALD1	1	Modified residue	730	730	EXACT	EXACT	Phosphothreonine		Phosphothreonine	Phosphothreonine	PTM-0254	exact	H1 O3 P1	79.98	vocabulary	true
Q05682	CALD1	1	Modified residue	753	753	EXACT	EXACT	Phosphothreonine		Phosphothreonine	Phosphothreonine	PTM-0254	exact	H1 O3 P1	79.98	vocabulary	true
Q05682	CALD1	1	Modified residue	759	759	EXACT	EXACT	Phosphoserine		Phosphoserine	Phosphoserine	PTM-0253	exact	H1 O3 P1	79.98	vocabulary	true
Q05682	CALD1	1	Modified residue	789	789	EXACT	EXACT	Phosphoserine		Phosphoserine	Phosphoserine	PTM-0253	exact	H1 O3 P1	79.98	vocabulary	true
Q05682	CALD1	1	Cross-link	459	459	EXACT	EXACT	Glycyl lysine isopeptide (Lys-Gly) (interchain with G-Cter in SUMO2)		Glycyl lysine isopeptide (Lys-Gly) (interchain with G-Cter in SUMO2)	Glycyl lysine isopeptide (Lys-Gly) (interchain with G-...)	PTM-0135	wildcard	H-2 O-1	-18.02	vocabulary	true
Q05682	CALD1	1	Cross-link	645	645	EXACT	EXACT	Glycyl lysine isopeptide (Lys-Gly) (interchain with G-Cter in SUMO2)		Glycyl lysine isopeptide (Lys-Gly) (interchain with G-Cter in SUMO2)	Glycyl lysine isopeptide (Lys-Gly) (interchain with G-...)	PTM-0135	wildcard	H-2 O-1	-18.02	vocabulary	true
Q05682	CALD1	1	Modified residue	202	202	EXACT	EXACT	Phosphoserine		Phosphoserine	Phosphoserine	PTM-0253	exact	H1 O3 P1	79.98	vocabulary	true
Q05682	CALD1	1	Modified residue	12	12	EXACT	EXACT	Phosphoserine		Phosphoserine	Phosphoserine	PTM-0253	exact	H1 O3 P1	79.98	vocabulary	true
Q05682	CALD1	1	Modified residue	21	21	EXACT	EXACT	Phosphotyrosine		Phosphotyrosine	Phosphotyrosine	PTM-0255	exact	H1 O3 P1	79.98	vocabulary	true
Q05682	CALD1	1	Modified residue	196	196	EXACT	EXACT	Phosphoserine		Phosphoserine	Phosphoserine	PTM-0253	exact	H1 O3 P1	79.98	vocabulary	true
Q05682	CALD1	1	Modified residue	202	202	EXACT	EXACT	Phosphoserine		Phosphoserine	Phosphoserine	PTM-0253	exact	H1 O3 P1	79.98	vocabulary	true
Q05682	CALD1	1	Cross-link	209	209	EXACT	EXACT	Glycyl lysine isopeptide (Lys-Gly) (interchain with G-Cter in SUMO2)		Glycyl lysine isopeptide (Lys-Gly) (interchain with G-Cter in SUMO2)	Glycyl lysine isopeptide (Lys-Gly) (interchain with G-...)	PTM-0135	wildcard	H-2 O-1	-18.02	vocabulary	true
Q05682	CALD1	1	Modified residue	12	12	EXACT	EXACT	Phosphoserine		Phosphoserine	Phosphoserine	PTM-0253	exact	H1 O3 P1	79.98	vocabulary	true
Q05682	CALD1	1	Modified residue	21	21	EXACT	EXACT	Phosphotyrosine		Phosphotyrosine	Phosphotyrosine	PTM-0255	exact	H1 O3 P1	79.98	vocabulary	true
Q05682	CALD1	1	Modified residue	196	196	EXACT	EXACT	Phosphoserine		Phosphoserine	Phosphoserine	PTM-0253	exact	H1 O3 P1	79.98	vocabulary	true
Q05682	CALD1	1	Cross-link	203	203	EXACT	EXACT	Glycyl lysine isopeptide (Lys-Gly) (interchain with G-Cter in SUMO2)		Glycyl lysine isopeptide (Lys-Gly) (interchain with G-Cter in SUMO2)	Glycyl lysine isopeptide (Lys-Gly) (interchain with G-...)	PTM-0135	wildcard	H-2 O-1	-18.02	vocabulary	true
Q05682	CALD1	1	Modified residue	202	202	EXACT	EXACT	Phosphoserine		Phosphoserine	Phosphoserine	PTM-0253	exact	H1 O3 P1	79.98	vocabulary	true
Q06413	MEF2C	2	Modified residue	4	4	EXACT	EXACT	N6-acetyllysine		N6-acetyllysine	N6-acetyllysine	PTM-0190	exact	C2 H2 O1	42.04	vocabulary	true
Q06413	MEF2C	2	Modified residue	59	59	EXACT	EXACT	Phosphoserine; by CK2		Phosphoserine	Phosphoserine	PTM-0253	exact	H1 O3 P1	79.98	vocabulary	true
Q06413	MEF2C	2	Modified residue	98	98	EXACT	EXACT	Phosphoserine		Phosphoserine	Phosphoserine	PTM-0253	exact	H1 O3 P1	79.98	vocabulary	true
Q06413	MEF2C	2	Modified residue	106	106	EXACT	EXACT	Phosphoserine		Phosphoserine	Phosphoserine	PTM-0253	exact	H1 O3 P1	79.98	vocabulary	true
Q06413	MEF2C	2	Modified residue	110	110	EXACT	EXACT	Phosphoserine		Phosphoserine	Phosphoserine	PTM-0253	exact	H1 O3 P1	79.98	vocabulary	true
Q06413	MEF2C	2	Modified residue	116	116	EXACT	EXACT	N6-acetyllysine		N6-acetyllysine	N6-acetyllysine	PTM-0190	exact	C2 H2 O1	42.04	vocabulary	true
Q06413	MEF2C	2	Modified residue	119	119	EXACT	EXACT	N6-acetyllysine		N6-acetyllysine	N6-acetyllysine	PTM-0190	exact	C2 H2 O1	42.04	vocabulary	true
Q06413	MEF2C	2	Modified residue	222	222	EXACT	EXACT	Phosphoserine		Phosphoserine	Phosphoserine	PTM-0253	exact	H1 O3 P1	79.98	vocabulary	true
Q06413	MEF2C	2	Modified residue	228	228	EXACT	EXACT	Phosphoserine		Phosphoserine	Phosphoserine	PTM-0253	exact	H1 O3 P1	79.98	vocabulary	true
Q06413	MEF2C	2	Modified residue	234	234	EXACT	EXACT	N6-acetyllysine		N6-acetyllysine	N6-acetyllysine	PTM-0190	exact	C2 H2 O1	42.04	vocabulary	true
Q06413	MEF2C	2	Modified residue	239	239	EXACT	EXACT	N6-acetyllysine		N6-acetyllysine	N6-acetyllysine	PTM-0190	exact	C2 H2 O1	42.04	vocabulary	true
Q06413	MEF2C	2	Modified residue	240	240	EXACT	EXACT	Phosphoserine		Phosphoserine	Phosphoserine	PTM-0253	exact	H1 O3 P1	79.98	vocabulary	true
Q06413	MEF2C	2	Modified residue	252	252	EXACT	EXACT	N6-acetyllysine		N6-acetyllysine	N6-acetyllysine	PTM-0190	exact	C2 H2 O1	42.04	vocabulary	true
Q06413	MEF2C	2	Modified residue	264	264	EXACT	EXACT	N6-acetyllysine		N6-acetyllysine	N6-acetyllysine	PTM-0190	exact	C2 H2 O1	42.04	vocabulary	true
Q06413	MEF2C	2	Modified residue	293	293	EXACT	EXACT	Phosphothreonine; by MAPK14		Phosphothreonine	Phosphothreonine	PTM-0254	exact	H1 O3 P1	79.98	vocabulary	true
Q06413	MEF2C	2	Modified residue	300	300	EXACT	EXACT	Phosphothreonine; by MAPK14		Phosphothreonine	Phosphothreonine	PTM-0254	exact	H1 O3 P1	79.98	vocabulary	true
Q06413	MEF2C	2	Modified residue	396	396	EXACT	EXACT	Phosphoserine; by CDK5		Phosphoserine	Phosphoserine	PTM-0253	exact	H1 O3 P1	79.98	vocabulary	true
Q06413	MEF2C	2	Modified residue	419	419	EXACT	EXACT	Phosphoserine; by MAPK7		Phosphoserine	Phosphoserine	PTM-0253	exact	H1 O3 P1	79.98	vocabulary	true
Q06413	MEF2C	2	Modified residue	445	445	EXACT	EXACT	Phosphoserine		Phosphoserine	Phosphoserine	PTM-0253	exact	H1 O3 P1	79.98	vocabulary	true
Q06413	MEF2C	2	Cross-link	391	391	EXACT	EXACT	Glycyl lysine isopeptide (Lys-Gly) (interchain with G-Cter in SUMO)		Glycyl lysine isopeptide (Lys-Gly) (interchain with G-Cter in SUMO)	Glycyl lysine isopeptide (Lys-Gly) (interchain with G-...)	PTM-0135	wildcard	H-2 O-1	-18.02	vocabulary	true
Q07343	PDE4B	1	Modified residue	290	290	EXACT	EXACT	Phosphoserine		Phosphoserine	Phosphoserine	PTM-0253	exact	H1 O3 P1	79.98	vocabulary	true
Q07343	PDE4B	1	Modified residue	659	659	EXACT	EXACT	Phosphoserine		Phosphoserine	Phosphoserine	PTM-0253	exact	H1 O3 P1	79.98	vocabulary	true
Q07343	PDE4B	1	Modified residue	661	661	EXACT	EXACT	Phosphoserine		Phosphoserine	Phosphoserine	PTM-0253	exact	H1 O3 P1	79.98	vocabulary	true
Q08043	ACTN3	1	Modified residue	1	1	EXACT	EXACT	N-acetylmethionine		N-acetylmethionine	N-acetylmethionine	PTM-0205	exact	C2 H2 O1	42.04	vocabulary	true
Q08209	PPP3CA	1	Modified residue	2	2	EXACT	EXACT	N-acetylserine		N-acetylserine	N-acetylserine	PTM-0207	exact	C2 H2 O1	42.04	vocabulary	true
Q08209	PPP3CA	1	Modified residue	224	224	EXACT	EXACT	3'-nitrotyrosine		3'-nitrotyrosine	3'-nitrotyrosine	PTM-0434	exact	H-1 N1 O2	45	vocabulary	true
Q08209	PPP3CA	1	Modified residue	469	469	EXACT	EXACT	Phosphoserine		Phosphoserine	Phosphoserine	PTM-0253	exact	H1 O3 P1	79.98	vocabulary	true
Q08209	PPP3CA	1	Modified residue	492	492	EXACT	EXACT	Phosphoserine		Phosphoserine	Phosphoserine	PTM-0253	exact	H1 O3 P1	79.98	vocabulary	true
Q08629	SPOCK1	2	Glycosylation	228	228	EXACT	EXACT	O-linked (GalNAc...) threonine		O-linked (GalNAc...) threonine	O-linked (GalNAc...) threonine	PTM-0568	exact			no_mass_in_vocabulary	true
Q08629	SPOCK1	2	Glycosylation	383	383	EXACT	EXACT	O-linked (Xyl...) (glycosaminoglycan) serine		O-linked (Xyl...) (glycosaminoglycan) serine	O-linked (Xyl...) (glycosaminoglycan) serine	PTM-0603	exact			no_mass_in_vocabulary	true
Q08629	SPOCK1	2	Glycosylation	388	388	EXACT	EXACT	O-linked (Xyl...) (glycosaminoglycan) serine		O-linked (Xyl...) (glycosaminoglycan) serine	O-linked (Xyl...) (glycosaminoglycan) serine	PTM-0603	exact			no_mass_in_vocabulary	true
Q08629	SPOCK1	2	Disulfide bond	86	97	EXACT	EXACT						not_in_vocabulary	H-2 (arithmetic)	-2.016	disulfide_arithmetic	true
Q08629	SPOCK1	2	Disulfide bond	91	107	EXACT	EXACT						not_in_vocabulary	H-2 (arithmetic)	-2.016	disulfide_arithmetic	true
Q08629	SPOCK1	2	Disulfide bond	136	166	EXACT	EXACT						not_in_vocabulary	H-2 (arithmetic)	-2.016	disulfide_arithmetic	true
Q08629	SPOCK1	2	Disulfide bond	139	159	EXACT	EXACT						not_in_vocabulary	H-2 (arithmetic)	-2.016	disulfide_arithmetic	true
Q08629	SPOCK1	2	Disulfide bond	148	180	EXACT	EXACT						not_in_vocabulary	H-2 (arithmetic)	-2.016	disulfide_arithmetic	true
Q08629	SPOCK1	2	Disulfide bond	313	337	EXACT	EXACT						not_in_vocabulary	H-2 (arithmetic)	-2.016	disulfide_arithmetic	true
Q08629	SPOCK1	2	Disulfide bond	348	355	EXACT	EXACT						not_in_vocabulary	H-2 (arithmetic)	-2.016	disulfide_arithmetic	true
Q08629	SPOCK1	2	Disulfide bond	357	376	EXACT	EXACT						not_in_vocabulary	H-2 (arithmetic)	-2.016	disulfide_arithmetic	true
Q09013	DMPK	2	Modified residue	216	216	EXACT	EXACT	Phosphoserine; by autocatalysis		Phosphoserine	Phosphoserine	PTM-0253	exact	H1 O3 P1	79.98	vocabulary	true
Q09013	DMPK	2	Modified residue	228	228	EXACT	EXACT	Phosphoserine; by autocatalysis		Phosphoserine	Phosphoserine	PTM-0253	exact	H1 O3 P1	79.98	vocabulary	true
Q09013	DMPK	2	Modified residue	234	234	EXACT	EXACT	Phosphothreonine; by autocatalysis		Phosphothreonine	Phosphothreonine	PTM-0254	exact	H1 O3 P1	79.98	vocabulary	true
Q09666	AHNAK	1	Modified residue	1	1	EXACT	EXACT	N-acetylmethionine		N-acetylmethionine	N-acetylmethionine	PTM-0205	exact	C2 H2 O1	42.04	vocabulary	true
Q09666	AHNAK	1	Modified residue	41	41	EXACT	EXACT	Phosphoserine		Phosphoserine	Phosphoserine	PTM-0253	exact	H1 O3 P1	79.98	vocabulary	true
Q09666	AHNAK	1	Modified residue	93	93	EXACT	EXACT	Phosphoserine		Phosphoserine	Phosphoserine	PTM-0253	exact	H1 O3 P1	79.98	vocabulary	true
Q09666	AHNAK	1	Modified residue	101	101	EXACT	EXACT	Phosphothreonine		Phosphothreonine	Phosphothreonine	PTM-0254	exact	H1 O3 P1	79.98	vocabulary	true
Q09666	AHNAK	1	Modified residue	115	115	EXACT	EXACT	Phosphoserine		Phosphoserine	Phosphoserine	PTM-0253	exact	H1 O3 P1	79.98	vocabulary	true
Q09666	AHNAK	1	Modified residue	135	135	EXACT	EXACT	Phosphoserine		Phosphoserine	Phosphoserine	PTM-0253	exact	H1 O3 P1	79.98	vocabulary	true
Q09666	AHNAK	1	Modified residue	158	158	EXACT	EXACT	Phosphothreonine		Phosphothreonine	Phosphothreonine	PTM-0254	exact	H1 O3 P1	79.98	vocabulary	true
Q09666	AHNAK	1	Modified residue	177	177	EXACT	EXACT	Phosphoserine		Phosphoserine	Phosphoserine	PTM-0253	exact	H1 O3 P1	79.98	vocabulary	true
Q09666	AHNAK	1	Modified residue	210	210	EXACT	EXACT	Phosphoserine		Phosphoserine	Phosphoserine	PTM-0253	exact	H1 O3 P1	79.98	vocabulary	true
Q09666	AHNAK	1	Modified residue	212	212	EXACT	EXACT	Phosphoserine		Phosphoserine	Phosphoserine	PTM-0253	exact	H1 O3 P1	79.98	vocabulary	true
Q09666	AHNAK	1	Modified residue	216	216	EXACT	EXACT	Phosphoserine		Phosphoserine	Phosphoserine	PTM-0253	exact	H1 O3 P1	79.98	vocabulary	true
Q09666	AHNAK	1	Modified residue	218	218	EXACT	EXACT	Phosphothreonine		Phosphothreonine	Phosphothreonine	PTM-0254	exact	H1 O3 P1	79.98	vocabulary	true
Q09666	AHNAK	1	Modified residue	220	220	EXACT	EXACT	Phosphoserine		Phosphoserine	Phosphoserine	PTM-0253	exact	H1 O3 P1	79.98	vocabulary	true
Q09666	AHNAK	1	Modified residue	256	256	EXACT	EXACT	Phosphoserine		Phosphoserine	Phosphoserine	PTM-0253	exact	H1 O3 P1	79.98	vocabulary	true
Q09666	AHNAK	1	Modified residue	270	270	EXACT	EXACT	Omega-N-methylarginine		Omega-N-methylarginine	Omega-N-methylarginine	PTM-0237	exact	C1 H2	14.03	vocabulary	true
Q09666	AHNAK	1	Modified residue	332	332	EXACT	EXACT	Phosphoserine		Phosphoserine	Phosphoserine	PTM-0253	exact	H1 O3 P1	79.98	vocabulary	true
Q09666	AHNAK	1	Modified residue	337	337	EXACT	EXACT	Phosphoserine		Phosphoserine	Phosphoserine	PTM-0253	exact	H1 O3 P1	79.98	vocabulary	true
Q09666	AHNAK	1	Modified residue	379	379	EXACT	EXACT	Phosphoserine		Phosphoserine	Phosphoserine	PTM-0253	exact	H1 O3 P1	79.98	vocabulary	true
Q09666	AHNAK	1	Modified residue	470	470	EXACT	EXACT	Phosphoserine		Phosphoserine	Phosphoserine	PTM-0253	exact	H1 O3 P1	79.98	vocabulary	true
Q09666	AHNAK	1	Modified residue	490	490	EXACT	EXACT	Phosphothreonine		Phosphothreonine	Phosphothreonine	PTM-0254	exact	H1 O3 P1	79.98	vocabulary	true
Q09666	AHNAK	1	Modified residue	511	511	EXACT	EXACT	Phosphoserine		Phosphoserine	Phosphoserine	PTM-0253	exact	H1 O3 P1	79.98	vocabulary	true
Q09666	AHNAK	1	Modified residue	551	551	EXACT	EXACT	Phosphothreonine		Phosphothreonine	Phosphothreonine	PTM-0254	exact	H1 O3 P1	79.98	vocabulary	true
Q09666	AHNAK	1	Modified residue	553	553	EXACT	EXACT	Phosphothreonine		Phosphothreonine	Phosphothreonine	PTM-0254	exact	H1 O3 P1	79.98	vocabulary	true
Q09666	AHNAK	1	Modified residue	559	559	EXACT	EXACT	Phosphoserine		Phosphoserine	Phosphoserine	PTM-0253	exact	H1 O3 P1	79.98	vocabulary	true
Q09666	AHNAK	1	Modified residue	570	570	EXACT	EXACT	Phosphoserine		Phosphoserine	Phosphoserine	PTM-0253	exact	H1 O3 P1	79.98	vocabulary	true
Q09666	AHNAK	1	Modified residue	572	572	EXACT	EXACT	Phosphoserine		Phosphoserine	Phosphoserine	PTM-0253	exact	H1 O3 P1	79.98	vocabulary	true
Q09666	AHNAK	1	Modified residue	658	658	EXACT	EXACT	Phosphoserine		Phosphoserine	Phosphoserine	PTM-0253	exact	H1 O3 P1	79.98	vocabulary	true
Q09666	AHNAK	1	Modified residue	793	793	EXACT	EXACT	Phosphoserine		Phosphoserine	Phosphoserine	PTM-0253	exact	H1 O3 P1	79.98	vocabulary	true
Q09666	AHNAK	1	Modified residue	819	819	EXACT	EXACT	Phosphoserine		Phosphoserine	Phosphoserine	PTM-0253	exact	H1 O3 P1	79.98	vocabulary	true
Q09666	AHNAK	1	Modified residue	1010	1010	EXACT	EXACT	Phosphoserine		Phosphoserine	Phosphoserine	PTM-0253	exact	H1 O3 P1	79.98	vocabulary	true
Q09666	AHNAK	1	Modified residue	1042	1042	EXACT	EXACT	Phosphoserine		Phosphoserine	Phosphoserine	PTM-0253	exact	H1 O3 P1	79.98	vocabulary	true
Q09666	AHNAK	1	Modified residue	1068	1068	EXACT	EXACT	Phosphoserine		Phosphoserine	Phosphoserine	PTM-0253	exact	H1 O3 P1	79.98	vocabulary	true
Q09666	AHNAK	1	Modified residue	1170	1170	EXACT	EXACT	Phosphoserine		Phosphoserine	Phosphoserine	PTM-0253	exact	H1 O3 P1	79.98	vocabulary	true
Q09666	AHNAK	1	Modified residue	1192	1192	EXACT	EXACT	Phosphothreonine		Phosphothreonine	Phosphothreonine	PTM-0254	exact	H1 O3 P1	79.98	vocabulary	true
Q09666	AHNAK	1	Modified residue	1196	1196	EXACT	EXACT	Phosphoserine		Phosphoserine	Phosphoserine	PTM-0253	exact	H1 O3 P1	79.98	vocabulary	true
Q09666	AHNAK	1	Modified residue	1208	1208	EXACT	EXACT	N6-methyllysine		N6-methyllysine	N6-methyllysine	PTM-0194	exact	C1 H2	14.03	vocabulary	true
Q09666	AHNAK	1	Modified residue	1286	1286	EXACT	EXACT	Phosphoserine		Phosphoserine	Phosphoserine	PTM-0253	exact	H1 O3 P1	79.98	vocabulary	true
Q09666	AHNAK	1	Modified residue	1298	1298	EXACT	EXACT	Phosphoserine		Phosphoserine	Phosphoserine	PTM-0253	exact	H1 O3 P1	79.98	vocabulary	true
Q09666	AHNAK	1	Modified residue	1580	1580	EXACT	EXACT	Phosphoserine		Phosphoserine	Phosphoserine	PTM-0253	exact	H1 O3 P1	79.98	vocabulary	true
Q09666	AHNAK	1	Modified residue	1654	1654	EXACT	EXACT	Phosphoserine		Phosphoserine	Phosphoserine	PTM-0253	exact	H1 O3 P1	79.98	vocabulary	true
Q09666	AHNAK	1	Modified residue	1666	1666	EXACT	EXACT	N6-methyllysine		N6-methyllysine	N6-methyllysine	PTM-0194	exact	C1 H2	14.03	vocabulary	true
Q09666	AHNAK	1	Modified residue	1856	1856	EXACT	EXACT	Phosphoserine		Phosphoserine	Phosphoserine	PTM-0253	exact	H1 O3 P1	79.98	vocabulary	true
Q09666	AHNAK	1	Modified residue	1868	1868	EXACT	EXACT	N6-methyllysine		N6-methyllysine	N6-methyllysine	PTM-0194	exact	C1 H2	14.03	vocabulary	true
Q09666	AHNAK	1	Modified residue	1923	1923	EXACT	EXACT	Phosphoserine		Phosphoserine	Phosphoserine	PTM-0253	exact	H1 O3 P1	79.98	vocabulary	true
Q09666	AHNAK	1	Modified residue	1935	1935	EXACT	EXACT	N6-methyllysine		N6-methyllysine	N6-methyllysine	PTM-0194	exact	C1 H2	14.03	vocabulary	true
Q09666	AHNAK	1	Modified residue	1986	1986	EXACT	EXACT	Phosphothreonine		Phosphothreonine	Phosphothreonine	PTM-0254	exact	H1 O3 P1	79.98	vocabulary	true
Q09666	AHNAK	1	Modified residue	1990	1990	EXACT	EXACT	Phosphoserine		Phosphoserine	Phosphoserine	PTM-0253	exact	H1 O3 P1	79.98	vocabulary	true
Q09666	AHNAK	1	Modified residue	2002	2002	EXACT	EXACT	N6-methyllysine		N6-methyllysine	N6-methyllysine	PTM-0194	exact	C1 H2	14.03	vocabulary	true
Q09666	AHNAK	1	Modified residue	2092	2092	EXACT	EXACT	Phosphoserine		Phosphoserine	Phosphoserine	PTM-0253	exact	H1 O3 P1	79.98	vocabulary	true
Q09666	AHNAK	1	Modified residue	2118	2118	EXACT	EXACT	Phosphoserine		Phosphoserine	Phosphoserine	PTM-0253	exact	H1 O3 P1	79.98	vocabulary	true
Q09666	AHNAK	1	Modified residue	2130	2130	EXACT	EXACT	N6-methyllysine		N6-methyllysine	N6-methyllysine	PTM-0194	exact	C1 H2	14.03	vocabulary	true
Q09666	AHNAK	1	Modified residue	2138	2138	EXACT	EXACT	Phosphoserine		Phosphoserine	Phosphoserine	PTM-0253	exact	H1 O3 P1	79.98	vocabulary	true
Q09666	AHNAK	1	Modified residue	2181	2181	EXACT	EXACT	Phosphothreonine		Phosphothreonine	Phosphothreonine	PTM-0254	exact	H1 O3 P1	79.98	vocabulary	true
Q09666	AHNAK	1	Modified residue	2287	2287	EXACT	EXACT	Phosphoserine		Phosphoserine	Phosphoserine	PTM-0253	exact	H1 O3 P1	79.98	vocabulary	true
Q09666	AHNAK	1	Modified residue	2309	2309	EXACT	EXACT	Phosphothreonine		Phosphothreonine	Phosphothreonine	PTM-0254	exact	H1 O3 P1	79.98	vocabulary	true
Q09666	AHNAK	1	Modified residue	2397	2397	EXACT	EXACT	Phosphoserine		Phosphoserine	Phosphoserine	PTM-0253	exact	H1 O3 P1	79.98	vocabulary	true
Q09666	AHNAK	1	Modified residue	2580	2580	EXACT	EXACT	Phosphoserine		Phosphoserine	Phosphoserine	PTM-0253	exact	H1 O3 P1	79.98	vocabulary	true
Q09666	AHNAK	1	Modified residue	2600	2600	EXACT	EXACT	Phosphoserine		Phosphoserine	Phosphoserine	PTM-0253	exact	H1 O3 P1	79.98	vocabulary	true
Q09666	AHNAK	1	Modified residue	2670	2670	EXACT	EXACT	Phosphoserine		Phosphoserine	Phosphoserine	PTM-0253	exact	H1 O3 P1	79.98	vocabulary	true
Q09666	AHNAK	1	Modified residue	2708	2708	EXACT	EXACT	Phosphoserine		Phosphoserine	Phosphoserine	PTM-0253	exact	H1 O3 P1	79.98	vocabulary	true
Q09666	AHNAK	1	Modified residue	2728	2728	EXACT	EXACT	Phosphoserine		Phosphoserine	Phosphoserine	PTM-0253	exact	H1 O3 P1	79.98	vocabulary	true
Q09666	AHNAK	1	Modified residue	2798	2798	EXACT	EXACT	Phosphoserine		Phosphoserine	Phosphoserine	PTM-0253	exact	H1 O3 P1	79.98	vocabulary	true
Q09666	AHNAK	1	Modified residue	2832	2832	EXACT	EXACT	Phosphothreonine		Phosphothreonine	Phosphothreonine	PTM-0254	exact	H1 O3 P1	79.98	vocabulary	true
Q09666	AHNAK	1	Modified residue	2845	2845	EXACT	EXACT	Phosphothreonine		Phosphothreonine	Phosphothreonine	PTM-0254	exact	H1 O3 P1	79.98	vocabulary	true
Q09666	AHNAK	1	Modified residue	3054	3054	EXACT	EXACT	Phosphoserine		Phosphoserine	Phosphoserine	PTM-0253	exact	H1 O3 P1	79.98	vocabulary	true
Q09666	AHNAK	1	Modified residue	3092	3092	EXACT	EXACT	Phosphoserine		Phosphoserine	Phosphoserine	PTM-0253	exact	H1 O3 P1	79.98	vocabulary	true
Q09666	AHNAK	1	Modified residue	3182	3182	EXACT	EXACT	Phosphoserine		Phosphoserine	Phosphoserine	PTM-0253	exact	H1 O3 P1	79.98	vocabulary	true
Q09666	AHNAK	1	Modified residue	3220	3220	EXACT	EXACT	Phosphoserine		Phosphoserine	Phosphoserine	PTM-0253	exact	H1 O3 P1	79.98	vocabulary	true
Q09666	AHNAK	1	Modified residue	3362	3362	EXACT	EXACT	Phosphoserine		Phosphoserine	Phosphoserine	PTM-0253	exact	H1 O3 P1	79.98	vocabulary	true
Q09666	AHNAK	1	Modified residue	3409	3409	EXACT	EXACT	Phosphoserine		Phosphoserine	Phosphoserine	PTM-0253	exact	H1 O3 P1	79.98	vocabulary	true
Q09666	AHNAK	1	Modified residue	3412	3412	EXACT	EXACT	Phosphoserine		Phosphoserine	Phosphoserine	PTM-0253	exact	H1 O3 P1	79.98	vocabulary	true
Q09666	AHNAK	1	Modified residue	3426	3426	EXACT	EXACT	Phosphoserine		Phosphoserine	Phosphoserine	PTM-0253	exact	H1 O3 P1	79.98	vocabulary	true
Q09666	AHNAK	1	Modified residue	3544	3544	EXACT	EXACT	Phosphoserine		Phosphoserine	Phosphoserine	PTM-0253	exact	H1 O3 P1	79.98	vocabulary	true
Q09666	AHNAK	1	Modified residue	3716	3716	EXACT	EXACT	Phosphothreonine		Phosphothreonine	Phosphothreonine	PTM-0254	exact	H1 O3 P1	79.98	vocabulary	true
Q09666	AHNAK	1	Modified residue	3746	3746	EXACT	EXACT	Phosphoserine		Phosphoserine	Phosphoserine	PTM-0253	exact	H1 O3 P1	79.98	vocabulary	true
Q09666	AHNAK	1	Modified residue	3766	3766	EXACT	EXACT	Phosphoserine		Phosphoserine	Phosphoserine	PTM-0253	exact	H1 O3 P1	79.98	vocabulary	true
Q09666	AHNAK	1	Modified residue	3836	3836	EXACT	EXACT	Phosphoserine		Phosphoserine	Phosphoserine	PTM-0253	exact	H1 O3 P1	79.98	vocabulary	true
Q09666	AHNAK	1	Modified residue	3874	3874	EXACT	EXACT	Phosphoserine		Phosphoserine	Phosphoserine	PTM-0253	exact	H1 O3 P1	79.98	vocabulary	true
Q09666	AHNAK	1	Modified residue	3964	3964	EXACT	EXACT	Phosphoserine		Phosphoserine	Phosphoserine	PTM-0253	exact	H1 O3 P1	79.98	vocabulary	true
Q09666	AHNAK	1	Modified residue	4002	4002	EXACT	EXACT	Phosphoserine		Phosphoserine	Phosphoserine	PTM-0253	exact	H1 O3 P1	79.98	vocabulary	true
Q09666	AHNAK	1	Modified residue	4022	4022	EXACT	EXACT	Phosphoserine		Phosphoserine	Phosphoserine	PTM-0253	exact	H1 O3 P1	79.98	vocabulary	true
Q09666	AHNAK	1	Modified residue	4092	4092	EXACT	EXACT	Phosphoserine		Phosphoserine	Phosphoserine	PTM-0253	exact	H1 O3 P1	79.98	vocabulary	true
Q09666	AHNAK	1	Modified residue	4100	4100	EXACT	EXACT	Phosphothreonine		Phosphothreonine	Phosphothreonine	PTM-0254	exact	H1 O3 P1	79.98	vocabulary	true
Q09666	AHNAK	1	Modified residue	4150	4150	EXACT	EXACT	Phosphoserine		Phosphoserine	Phosphoserine	PTM-0253	exact	H1 O3 P1	79.98	vocabulary	true
Q09666	AHNAK	1	Modified residue	4220	4220	EXACT	EXACT	Phosphoserine		Phosphoserine	Phosphoserine	PTM-0253	exact	H1 O3 P1	79.98	vocabulary	true
Q09666	AHNAK	1	Modified residue	4258	4258	EXACT	EXACT	Phosphoserine		Phosphoserine	Phosphoserine	PTM-0253	exact	H1 O3 P1	79.98	vocabulary	true
Q09666	AHNAK	1	Modified residue	4278	4278	EXACT	EXACT	Phosphoserine		Phosphoserine	Phosphoserine	PTM-0253	exact	H1 O3 P1	79.98	vocabulary	true
Q09666	AHNAK	1	Modified residue	4360	4360	EXACT	EXACT	Phosphoserine		Phosphoserine	Phosphoserine	PTM-0253	exact	H1 O3 P1	79.98	vocabulary	true
Q09666	AHNAK	1	Modified residue	4406	4406	EXACT	EXACT	Phosphoserine		Phosphoserine	Phosphoserine	PTM-0253	exact	H1 O3 P1	79.98	vocabulary	true
Q09666	AHNAK	1	Modified residue	4425	4425	EXACT	EXACT	Phosphoserine		Phosphoserine	Phosphoserine	PTM-0253	exact	H1 O3 P1	79.98	vocabulary	true
Q09666	AHNAK	1	Modified residue	4430	4430	EXACT	EXACT	Phosphothreonine		Phosphothreonine	Phosphothreonine	PTM-0254	exact	H1 O3 P1	79.98	vocabulary	true
Q09666	AHNAK	1	Modified residue	4460	4460	EXACT	EXACT	Phosphoserine		Phosphoserine	Phosphoserine	PTM-0253	exact	H1 O3 P1	79.98	vocabulary	true
Q09666	AHNAK	1	Modified residue	4480	4480	EXACT	EXACT	Phosphoserine		Phosphoserine	Phosphoserine	PTM-0253	exact	H1 O3 P1	79.98	vocabulary	true
Q09666	AHNAK	1	Modified residue	4486	4486	EXACT	EXACT	Phosphoserine		Phosphoserine	Phosphoserine	PTM-0253	exact	H1 O3 P1	79.98	vocabulary	true
Q09666	AHNAK	1	Modified residue	4516	4516	EXACT	EXACT	Phosphoserine		Phosphoserine	Phosphoserine	PTM-0253	exact	H1 O3 P1	79.98	vocabulary	true
Q09666	AHNAK	1	Modified residue	4520	4520	EXACT	EXACT	Phosphoserine		Phosphoserine	Phosphoserine	PTM-0253	exact	H1 O3 P1	79.98	vocabulary	true
Q09666	AHNAK	1	Modified residue	4564	4564	EXACT	EXACT	Phosphothreonine		Phosphothreonine	Phosphothreonine	PTM-0254	exact	H1 O3 P1	79.98	vocabulary	true
Q09666	AHNAK	1	Modified residue	4684	4684	EXACT	EXACT	Phosphoserine		Phosphoserine	Phosphoserine	PTM-0253	exact	H1 O3 P1	79.98	vocabulary	true
Q09666	AHNAK	1	Modified residue	4722	4722	EXACT	EXACT	Phosphoserine		Phosphoserine	Phosphoserine	PTM-0253	exact	H1 O3 P1	79.98	vocabulary	true
Q09666	AHNAK	1	Modified residue	4766	4766	EXACT	EXACT	Phosphothreonine		Phosphothreonine	Phosphothreonine	PTM-0254	exact	H1 O3 P1	79.98	vocabulary	true
Q09666	AHNAK	1	Modified residue	4812	4812	EXACT	EXACT	Phosphoserine		Phosphoserine	Phosphoserine	PTM-0253	exact	H1 O3 P1	79.98	vocabulary	true
Q09666	AHNAK	1	Modified residue	4900	4900	EXACT	EXACT	Phosphoserine		Phosphoserine	Phosphoserine	PTM-0253	exact	H1 O3 P1	79.98	vocabulary	true
Q09666	AHNAK	1	Modified residue	4903	4903	EXACT	EXACT	Phosphoserine		Phosphoserine	Phosphoserine	PTM-0253	exact	H1 O3 P1	79.98	vocabulary	true
Q09666	AHNAK	1	Modified residue	4908	4908	EXACT	EXACT	Phosphoserine		Phosphoserine	Phosphoserine	PTM-0253	exact	H1 O3 P1	79.98	vocabulary	true
Q09666	AHNAK	1	Modified residue	4953	4953	EXACT	EXACT	Phosphoserine		Phosphoserine	Phosphoserine	PTM-0253	exact	H1 O3 P1	79.98	vocabulary	true
Q09666	AHNAK	1	Modified residue	4960	4960	EXACT	EXACT	Phosphoserine		Phosphoserine	Phosphoserine	PTM-0253	exact	H1 O3 P1	79.98	vocabulary	true
Q09666	AHNAK	1	Modified residue	4986	4986	EXACT	EXACT	Phosphoserine		Phosphoserine	Phosphoserine	PTM-0253	exact	H1 O3 P1	79.98	vocabulary	true
Q09666	AHNAK	1	Modified residue	4993	4993	EXACT	EXACT	Phosphoserine		Phosphoserine	Phosphoserine	PTM-0253	exact	H1 O3 P1	79.98	vocabulary	true
Q09666	AHNAK	1	Modified residue	5009	5009	EXACT	EXACT	Phosphothreonine		Phosphothreonine	Phosphothreonine	PTM-0254	exact	H1 O3 P1	79.98	vocabulary	true
Q09666	AHNAK	1	Modified residue	5077	5077	EXACT	EXACT	Phosphoserine		Phosphoserine	Phosphoserine	PTM-0253	exact	H1 O3 P1	79.98	vocabulary	true
Q09666	AHNAK	1	Modified residue	5099	5099	EXACT	EXACT	Phosphoserine		Phosphoserine	Phosphoserine	PTM-0253	exact	H1 O3 P1	79.98	vocabulary	true
Q09666	AHNAK	1	Modified residue	5110	5110	EXACT	EXACT	Phosphoserine		Phosphoserine	Phosphoserine	PTM-0253	exact	H1 O3 P1	79.98	vocabulary	true
Q09666	AHNAK	1	Modified residue	5125	5125	EXACT	EXACT	Phosphoserine		Phosphoserine	Phosphoserine	PTM-0253	exact	H1 O3 P1	79.98	vocabulary	true
Q09666	AHNAK	1	Modified residue	5261	5261	EXACT	EXACT	Phosphoserine		Phosphoserine	Phosphoserine	PTM-0253	exact	H1 O3 P1	79.98	vocabulary	true
Q09666	AHNAK	1	Modified residue	5318	5318	EXACT	EXACT	Phosphoserine		Phosphoserine	Phosphoserine	PTM-0253	exact	H1 O3 P1	79.98	vocabulary	true
Q09666	AHNAK	1	Modified residue	5332	5332	EXACT	EXACT	Phosphoserine		Phosphoserine	Phosphoserine	PTM-0253	exact	H1 O3 P1	79.98	vocabulary	true
Q09666	AHNAK	1	Modified residue	5369	5369	EXACT	EXACT	Phosphoserine		Phosphoserine	Phosphoserine	PTM-0253	exact	H1 O3 P1	79.98	vocabulary	true
Q09666	AHNAK	1	Modified residue	5386	5386	EXACT	EXACT	Phosphoserine		Phosphoserine	Phosphoserine	PTM-0253	exact	H1 O3 P1	79.98	vocabulary	true
Q09666	AHNAK	1	Modified residue	5393	5393	EXACT	EXACT	Phosphoserine		Phosphoserine	Phosphoserine	PTM-0253	exact	H1 O3 P1	79.98	vocabulary	true
Q09666	AHNAK	1	Modified residue	5400	5400	EXACT	EXACT	Phosphoserine		Phosphoserine	Phosphoserine	PTM-0253	exact	H1 O3 P1	79.98	vocabulary	true
Q09666	AHNAK	1	Modified residue	5415	5415	EXACT	EXACT	Phosphothreonine		Phosphothreonine	Phosphothreonine	PTM-0254	exact	H1 O3 P1	79.98	vocabulary	true
Q09666	AHNAK	1	Modified residue	5448	5448	EXACT	EXACT	Phosphoserine		Phosphoserine	Phosphoserine	PTM-0253	exact	H1 O3 P1	79.98	vocabulary	true
Q09666	AHNAK	1	Modified residue	5519	5519	EXACT	EXACT	Phosphoserine		Phosphoserine	Phosphoserine	PTM-0253	exact	H1 O3 P1	79.98	vocabulary	true
Q09666	AHNAK	1	Modified residue	5530	5530	EXACT	EXACT	Phosphoserine		Phosphoserine	Phosphoserine	PTM-0253	exact	H1 O3 P1	79.98	vocabulary	true
Q09666	AHNAK	1	Modified residue	5552	5552	EXACT	EXACT	Phosphoserine		Phosphoserine	Phosphoserine	PTM-0253	exact	H1 O3 P1	79.98	vocabulary	true
Q09666	AHNAK	1	Modified residue	5577	5577	EXACT	EXACT	Phosphoserine		Phosphoserine	Phosphoserine	PTM-0253	exact	H1 O3 P1	79.98	vocabulary	true
Q09666	AHNAK	1	Modified residue	5620	5620	EXACT	EXACT	Phosphoserine		Phosphoserine	Phosphoserine	PTM-0253	exact	H1 O3 P1	79.98	vocabulary	true
Q09666	AHNAK	1	Modified residue	5641	5641	EXACT	EXACT	Phosphoserine		Phosphoserine	Phosphoserine	PTM-0253	exact	H1 O3 P1	79.98	vocabulary	true
Q09666	AHNAK	1	Modified residue	5731	5731	EXACT	EXACT	Phosphoserine		Phosphoserine	Phosphoserine	PTM-0253	exact	H1 O3 P1	79.98	vocabulary	true
Q09666	AHNAK	1	Modified residue	5739	5739	EXACT	EXACT	Phosphoserine		Phosphoserine	Phosphoserine	PTM-0253	exact	H1 O3 P1	79.98	vocabulary	true
Q09666	AHNAK	1	Modified residue	5749	5749	EXACT	EXACT	Phosphoserine		Phosphoserine	Phosphoserine	PTM-0253	exact	H1 O3 P1	79.98	vocabulary	true
Q09666	AHNAK	1	Modified residue	5752	5752	EXACT	EXACT	Phosphoserine		Phosphoserine	Phosphoserine	PTM-0253	exact	H1 O3 P1	79.98	vocabulary	true
Q09666	AHNAK	1	Modified residue	5762	5762	EXACT	EXACT	Phosphoserine		Phosphoserine	Phosphoserine	PTM-0253	exact	H1 O3 P1	79.98	vocabulary	true
Q09666	AHNAK	1	Modified residue	5763	5763	EXACT	EXACT	Phosphoserine		Phosphoserine	Phosphoserine	PTM-0253	exact	H1 O3 P1	79.98	vocabulary	true
Q09666	AHNAK	1	Modified residue	5780	5780	EXACT	EXACT	Phosphoserine		Phosphoserine	Phosphoserine	PTM-0253	exact	H1 O3 P1	79.98	vocabulary	true
Q09666	AHNAK	1	Modified residue	5782	5782	EXACT	EXACT	Phosphoserine		Phosphoserine	Phosphoserine	PTM-0253	exact	H1 O3 P1	79.98	vocabulary	true
Q09666	AHNAK	1	Modified residue	5790	5790	EXACT	EXACT	Phosphoserine		Phosphoserine	Phosphoserine	PTM-0253	exact	H1 O3 P1	79.98	vocabulary	true
Q09666	AHNAK	1	Modified residue	5793	5793	EXACT	EXACT	Phosphoserine		Phosphoserine	Phosphoserine	PTM-0253	exact	H1 O3 P1	79.98	vocabulary	true
Q09666	AHNAK	1	Modified residue	5794	5794	EXACT	EXACT	Phosphothreonine		Phosphothreonine	Phosphothreonine	PTM-0254	exact	H1 O3 P1	79.98	vocabulary	true
Q09666	AHNAK	1	Modified residue	5824	5824	EXACT	EXACT	Phosphothreonine		Phosphothreonine	Phosphothreonine	PTM-0254	exact	H1 O3 P1	79.98	vocabulary	true
Q09666	AHNAK	1	Modified residue	5830	5830	EXACT	EXACT	Phosphoserine		Phosphoserine	Phosphoserine	PTM-0253	exact	H1 O3 P1	79.98	vocabulary	true
Q09666	AHNAK	1	Modified residue	5841	5841	EXACT	EXACT	Phosphoserine		Phosphoserine	Phosphoserine	PTM-0253	exact	H1 O3 P1	79.98	vocabulary	true
Q09666	AHNAK	1	Modified residue	5845	5845	EXACT	EXACT	Phosphothreonine		Phosphothreonine	Phosphothreonine	PTM-0254	exact	H1 O3 P1	79.98	vocabulary	true
Q09666	AHNAK	1	Modified residue	5851	5851	EXACT	EXACT	Phosphoserine		Phosphoserine	Phosphoserine	PTM-0253	exact	H1 O3 P1	79.98	vocabulary	true
Q09666	AHNAK	1	Modified residue	5857	5857	EXACT	EXACT	Phosphoserine		Phosphoserine	Phosphoserine	PTM-0253	exact	H1 O3 P1	79.98	vocabulary	true
Q09666	AHNAK	1	Modified residue	5863	5863	EXACT	EXACT	Phosphoserine		Phosphoserine	Phosphoserine	PTM-0253	exact	H1 O3 P1	79.98	vocabulary	true
Q09666	AHNAK	1	Cross-link	134	134	EXACT	EXACT	Glycyl lysine isopeptide (Lys-Gly) (interchain with G-Cter in SUMO1); alternate		Glycyl lysine isopeptide (Lys-Gly) (interchain with G-Cter in SUMO1)	Glycyl lysine isopeptide (Lys-Gly) (interchain with G-...)	PTM-0135	wildcard	H-2 O-1	-18.02	vocabulary	true
Q09666	AHNAK	1	Cross-link	134	134	EXACT	EXACT	Glycyl lysine isopeptide (Lys-Gly) (interchain with G-Cter in SUMO2); alternate		Glycyl lysine isopeptide (Lys-Gly) (interchain with G-Cter in SUMO2)	Glycyl lysine isopeptide (Lys-Gly) (interchain with G-...)	PTM-0135	wildcard	H-2 O-1	-18.02	vocabulary	true
Q09666	AHNAK	1	Cross-link	181	181	EXACT	EXACT	Glycyl lysine isopeptide (Lys-Gly) (interchain with G-Cter in SUMO2)		Glycyl lysine isopeptide (Lys-Gly) (interchain with G-Cter in SUMO2)	Glycyl lysine isopeptide (Lys-Gly) (interchain with G-...)	PTM-0135	wildcard	H-2 O-1	-18.02	vocabulary	true
Q09666	AHNAK	1	Cross-link	712	712	EXACT	EXACT	Glycyl lysine isopeptide (Lys-Gly) (interchain with G-Cter in SUMO2)		Glycyl lysine isopeptide (Lys-Gly) (interchain with G-Cter in SUMO2)	Glycyl lysine isopeptide (Lys-Gly) (interchain with G-...)	PTM-0135	wildcard	H-2 O-1	-18.02	vocabulary	true
Q09666	AHNAK	1	Cross-link	763	763	EXACT	EXACT	Glycyl lysine isopeptide (Lys-Gly) (interchain with G-Cter in SUMO2)		Glycyl lysine isopeptide (Lys-Gly) (interchain with G-Cter in SUMO2)	Glycyl lysine isopeptide (Lys-Gly) (interchain with G-...)	PTM-0135	wildcard	H-2 O-1	-18.02	vocabulary	true
Q09666	AHNAK	1	Cross-link	891	891	EXACT	EXACT	Glycyl lysine isopeptide (Lys-Gly) (interchain with G-Cter in SUMO2)		Glycyl lysine isopeptide (Lys-Gly) (interchain with G-Cter in SUMO2)	Glycyl lysine isopeptide (Lys-Gly) (interchain with G-...)	PTM-0135	wildcard	H-2 O-1	-18.02	vocabulary	true
Q09666	AHNAK	1	Cross-link	942	942	EXACT	EXACT	Glycyl lysine isopeptide (Lys-Gly) (interchain with G-Cter in SUMO1)		Glycyl lysine isopeptide (Lys-Gly) (interchain with G-Cter in SUMO1)	Glycyl lysine isopeptide (Lys-Gly) (interchain with G-...)	PTM-0135	wildcard	H-2 O-1	-18.02	vocabulary	true
Q09666	AHNAK	1	Cross-link	961	961	EXACT	EXACT	Glycyl lysine isopeptide (Lys-Gly) (interchain with G-Cter in SUMO1); alternate		Glycyl lysine isopeptide (Lys-Gly) (interchain with G-Cter in SUMO1)	Glycyl lysine isopeptide (Lys-Gly) (interchain with G-...)	PTM-0135	wildcard	H-2 O-1	-18.02	vocabulary	true
Q09666	AHNAK	1	Cross-link	961	961	EXACT	EXACT	Glycyl lysine isopeptide (Lys-Gly) (interchain with G-Cter in SUMO2); alternate		Glycyl lysine isopeptide (Lys-Gly) (interchain with G-Cter in SUMO2)	Glycyl lysine isopeptide (Lys-Gly) (interchain with G-...)	PTM-0135	wildcard	H-2 O-1	-18.02	vocabulary	true
Q09666	AHNAK	1	Cross-link	1726	1726	EXACT	EXACT	Glycyl lysine isopeptide (Lys-Gly) (interchain with G-Cter in SUMO2)		Glycyl lysine isopeptide (Lys-Gly) (interchain with G-Cter in SUMO2)	Glycyl lysine isopeptide (Lys-Gly) (interchain with G-...)	PTM-0135	wildcard	H-2 O-1	-18.02	vocabulary	true
Q09666	AHNAK	1	Cross-link	2062	2062	EXACT	EXACT	Glycyl lysine isopeptide (Lys-Gly) (interchain with G-Cter in SUMO2)		Glycyl lysine isopeptide (Lys-Gly) (interchain with G-Cter in SUMO2)	Glycyl lysine isopeptide (Lys-Gly) (interchain with G-...)	PTM-0135	wildcard	H-2 O-1	-18.02	vocabulary	true
Q09666	AHNAK	1	Cross-link	2132	2132	EXACT	EXACT	Glycyl lysine isopeptide (Lys-Gly) (interchain with G-Cter in SUMO1)		Glycyl lysine isopeptide (Lys-Gly) (interchain with G-Cter in SUMO1)	Glycyl lysine isopeptide (Lys-Gly) (interchain with G-...)	PTM-0135	wildcard	H-2 O-1	-18.02	vocabulary	true
Q09666	AHNAK	1	Cross-link	2524	2524	EXACT	EXACT	Glycyl lysine isopeptide (Lys-Gly) (interchain with G-Cter in SUMO2)		Glycyl lysine isopeptide (Lys-Gly) (interchain with G-Cter in SUMO2)	Glycyl lysine isopeptide (Lys-Gly) (interchain with G-...)	PTM-0135	wildcard	H-2 O-1	-18.02	vocabulary	true
Q09666	AHNAK	1	Cross-link	2575	2575	EXACT	EXACT	Glycyl lysine isopeptide (Lys-Gly) (interchain with G-Cter in SUMO1)		Glycyl lysine isopeptide (Lys-Gly) (interchain with G-Cter in SUMO1)	Glycyl lysine isopeptide (Lys-Gly) (interchain with G-...)	PTM-0135	wildcard	H-2 O-1	-18.02	vocabulary	true
Q09666	AHNAK	1	Cross-link	2594	2594	EXACT	EXACT	Glycyl lysine isopeptide (Lys-Gly) (interchain with G-Cter in SUMO1)		Glycyl lysine isopeptide (Lys-Gly) (interchain with G-Cter in SUMO1)	Glycyl lysine isopeptide (Lys-Gly) (interchain with G-...)	PTM-0135	wildcard	H-2 O-1	-18.02	vocabulary	true
Q09666	AHNAK	1	Cross-link	2703	2703	EXACT	EXACT	Glycyl lysine isopeptide (Lys-Gly) (interchain with G-Cter in SUMO1)		Glycyl lysine isopeptide (Lys-Gly) (interchain with G-Cter in SUMO1)	Glycyl lysine isopeptide (Lys-Gly) (interchain with G-...)	PTM-0135	wildcard	H-2 O-1	-18.02	vocabulary	true
Q09666	AHNAK	1	Cross-link	2722	2722	EXACT	EXACT	Glycyl lysine isopeptide (Lys-Gly) (interchain with G-Cter in SUMO1)		Glycyl lysine isopeptide (Lys-Gly) (interchain with G-Cter in SUMO1)	Glycyl lysine isopeptide (Lys-Gly) (interchain with G-...)	PTM-0135	wildcard	H-2 O-1	-18.02	vocabulary	true
Q09666	AHNAK	1	Cross-link	2908	2908	EXACT	EXACT	Glycyl lysine isopeptide (Lys-Gly) (interchain with G-Cter in SUMO2)		Glycyl lysine isopeptide (Lys-Gly) (interchain with G-Cter in SUMO2)	Glycyl lysine isopeptide (Lys-Gly) (interchain with G-...)	PTM-0135	wildcard	H-2 O-1	-18.02	vocabulary	true
Q09666	AHNAK	1	Cross-link	2959	2959	EXACT	EXACT	Glycyl lysine isopeptide (Lys-Gly) (interchain with G-Cter in SUMO1)		Glycyl lysine isopeptide (Lys-Gly) (interchain with G-Cter in SUMO1)	Glycyl lysine isopeptide (Lys-Gly) (interchain with G-...)	PTM-0135	wildcard	H-2 O-1	-18.02	vocabulary	true
Q09666	AHNAK	1	Cross-link	3087	3087	EXACT	EXACT	Glycyl lysine isopeptide (Lys-Gly) (interchain with G-Cter in SUMO1)		Glycyl lysine isopeptide (Lys-Gly) (interchain with G-Cter in SUMO1)	Glycyl lysine isopeptide (Lys-Gly) (interchain with G-...)	PTM-0135	wildcard	H-2 O-1	-18.02	vocabulary	true
Q09666	AHNAK	1	Cross-link	3215	3215	EXACT	EXACT	Glycyl lysine isopeptide (Lys-Gly) (interchain with G-Cter in SUMO1)		Glycyl lysine isopeptide (Lys-Gly) (interchain with G-Cter in SUMO1)	Glycyl lysine isopeptide (Lys-Gly) (interchain with G-...)	PTM-0135	wildcard	H-2 O-1	-18.02	vocabulary	true
Q09666	AHNAK	1	Cross-link	3667	3667	EXACT	EXACT	Glycyl lysine isopeptide (Lys-Gly) (interchain with G-Cter in SUMO1)		Glycyl lysine isopeptide (Lys-Gly) (interchain with G-Cter in SUMO1)	Glycyl lysine isopeptide (Lys-Gly) (interchain with G-...)	PTM-0135	wildcard	H-2 O-1	-18.02	vocabulary	true
Q09666	AHNAK	1	Cross-link	3760	3760	EXACT	EXACT	Glycyl lysine isopeptide (Lys-Gly) (interchain with G-Cter in SUMO1)		Glycyl lysine isopeptide (Lys-Gly) (interchain with G-Cter in SUMO1)	Glycyl lysine isopeptide (Lys-Gly) (interchain with G-...)	PTM-0135	wildcard	H-2 O-1	-18.02	vocabulary	true
Q09666	AHNAK	1	Cross-link	3869	3869	EXACT	EXACT	Glycyl lysine isopeptide (Lys-Gly) (interchain with G-Cter in SUMO1)		Glycyl lysine isopeptide (Lys-Gly) (interchain with G-Cter in SUMO1)	Glycyl lysine isopeptide (Lys-Gly) (interchain with G-...)	PTM-0135	wildcard	H-2 O-1	-18.02	vocabulary	true
Q09666	AHNAK	1	Cross-link	3997	3997	EXACT	EXACT	Glycyl lysine isopeptide (Lys-Gly) (interchain with G-Cter in SUMO1)		Glycyl lysine isopeptide (Lys-Gly) (interchain with G-Cter in SUMO1)	Glycyl lysine isopeptide (Lys-Gly) (interchain with G-...)	PTM-0135	wildcard	H-2 O-1	-18.02	vocabulary	true
Q09666	AHNAK	1	Cross-link	4016	4016	EXACT	EXACT	Glycyl lysine isopeptide (Lys-Gly) (interchain with G-Cter in SUMO1)		Glycyl lysine isopeptide (Lys-Gly) (interchain with G-Cter in SUMO1)	Glycyl lysine isopeptide (Lys-Gly) (interchain with G-...)	PTM-0135	wildcard	H-2 O-1	-18.02	vocabulary	true
Q09666	AHNAK	1	Cross-link	4253	4253	EXACT	EXACT	Glycyl lysine isopeptide (Lys-Gly) (interchain with G-Cter in SUMO1)		Glycyl lysine isopeptide (Lys-Gly) (interchain with G-Cter in SUMO1)	Glycyl lysine isopeptide (Lys-Gly) (interchain with G-...)	PTM-0135	wildcard	H-2 O-1	-18.02	vocabulary	true
Q09666	AHNAK	1	Cross-link	4272	4272	EXACT	EXACT	Glycyl lysine isopeptide (Lys-Gly) (interchain with G-Cter in SUMO1)		Glycyl lysine isopeptide (Lys-Gly) (interchain with G-Cter in SUMO1)	Glycyl lysine isopeptide (Lys-Gly) (interchain with G-...)	PTM-0135	wildcard	H-2 O-1	-18.02	vocabulary	true
Q09666	AHNAK	1	Cross-link	4381	4381	EXACT	EXACT	Glycyl lysine isopeptide (Lys-Gly) (interchain with G-Cter in SUMO1)		Glycyl lysine isopeptide (Lys-Gly) (interchain with G-Cter in SUMO1)	Glycyl lysine isopeptide (Lys-Gly) (interchain with G-...)	PTM-0135	wildcard	H-2 O-1	-18.02	vocabulary	true
Q09666	AHNAK	1	Cross-link	4400	4400	EXACT	EXACT	Glycyl lysine isopeptide (Lys-Gly) (interchain with G-Cter in SUMO1)		Glycyl lysine isopeptide (Lys-Gly) (interchain with G-Cter in SUMO1)	Glycyl lysine isopeptide (Lys-Gly) (interchain with G-...)	PTM-0135	wildcard	H-2 O-1	-18.02	vocabulary	true
Q09666	AHNAK	1	Cross-link	4455	4455	EXACT	EXACT	Glycyl lysine isopeptide (Lys-Gly) (interchain with G-Cter in SUMO1)		Glycyl lysine isopeptide (Lys-Gly) (interchain with G-Cter in SUMO1)	Glycyl lysine isopeptide (Lys-Gly) (interchain with G-...)	PTM-0135	wildcard	H-2 O-1	-18.02	vocabulary	true
Q09666	AHNAK	1	Cross-link	4474	4474	EXACT	EXACT	Glycyl lysine isopeptide (Lys-Gly) (interchain with G-Cter in SUMO1)		Glycyl lysine isopeptide (Lys-Gly) (interchain with G-Cter in SUMO1)	Glycyl lysine isopeptide (Lys-Gly) (interchain with G-...)	PTM-0135	wildcard	H-2 O-1	-18.02	vocabulary	true
Q09666	AHNAK	1	Cross-link	5623	5623	EXACT	EXACT	Glycyl lysine isopeptide (Lys-Gly) (interchain with G-Cter in SUMO2)		Glycyl lysine isopeptide (Lys-Gly) (interchain with G-Cter in SUMO2)	Glycyl lysine isopeptide (Lys-Gly) (interchain with G-...)	PTM-0135	wildcard	H-2 O-1	-18.02	vocabulary	true
Q0ZGT2	NEXN	1	Modified residue	80	80	EXACT	EXACT	Phosphoserine		Phosphoserine	Phosphoserine	PTM-0253	exact	H1 O3 P1	79.98	vocabulary	true
Q0ZGT2	NEXN	1	Modified residue	241	241	EXACT	EXACT	Phosphoserine		Phosphoserine	Phosphoserine	PTM-0253	exact	H1 O3 P1	79.98	vocabulary	true
Q0ZGT2	NEXN	1	Modified residue	357	357	EXACT	EXACT	Phosphoserine		Phosphoserine	Phosphoserine	PTM-0253	exact	H1 O3 P1	79.98	vocabulary	true
Q0ZGT2	NEXN	1	Modified residue	365	365	EXACT	EXACT	Phosphoserine		Phosphoserine	Phosphoserine	PTM-0253	exact	H1 O3 P1	79.98	vocabulary	true
Q0ZGT2	NEXN	1	Modified residue	370	370	EXACT	EXACT	Phosphothreonine		Phosphothreonine	Phosphothreonine	PTM-0254	exact	H1 O3 P1	79.98	vocabulary	true
Q0ZGT2	NEXN	1	Modified residue	564	564	EXACT	EXACT	Phosphoserine		Phosphoserine	Phosphoserine	PTM-0253	exact	H1 O3 P1	79.98	vocabulary	true
Q0ZGT2	NEXN	1	Modified residue	569	569	EXACT	EXACT	Phosphoserine		Phosphoserine	Phosphoserine	PTM-0253	exact	H1 O3 P1	79.98	vocabulary	true
Q0ZGT2	NEXN	1	Modified residue	16	16	EXACT	EXACT	Phosphoserine		Phosphoserine	Phosphoserine	PTM-0253	exact	H1 O3 P1	79.98	vocabulary	true
Q12792	TWF1	1	Modified residue	2	2	EXACT	EXACT	N-acetylserine		N-acetylserine	N-acetylserine	PTM-0207	exact	C2 H2 O1	42.04	vocabulary	true
Q12792	TWF1	1	Modified residue	143	143	EXACT	EXACT	Phosphoserine		Phosphoserine	Phosphoserine	PTM-0253	exact	H1 O3 P1	79.98	vocabulary	true
Q12792	TWF1	1	Modified residue	277	277	EXACT	EXACT	Phosphoserine		Phosphoserine	Phosphoserine	PTM-0253	exact	H1 O3 P1	79.98	vocabulary	true
Q12792	TWF1	1	Modified residue	309	309	EXACT	EXACT	Phosphotyrosine		Phosphotyrosine	Phosphotyrosine	PTM-0255	exact	H1 O3 P1	79.98	vocabulary	true
Q12792	TWF1	1	Modified residue	349	349	EXACT	EXACT	Phosphothreonine		Phosphothreonine	Phosphothreonine	PTM-0254	exact	H1 O3 P1	79.98	vocabulary	true
Q12797	ASPH	2	Modified residue	14	14	EXACT	EXACT	Phosphoserine		Phosphoserine	Phosphoserine	PTM-0253	exact	H1 O3 P1	79.98	vocabulary	true
Q12797	ASPH	2	Glycosylation	452	452	EXACT	EXACT	N-linked (GlcNAc...) asparagine		N-linked (GlcNAc...) asparagine	N-linked (GlcNAc...) asparagine	PTM-0528	exact			no_mass_in_vocabulary	true
Q12797	ASPH	2	Glycosylation	706	706	EXACT	EXACT	N-linked (GlcNAc...) asparagine		N-linked (GlcNAc...) asparagine	N-linked (GlcNAc...) asparagine	PTM-0528	exact			no_mass_in_vocabulary	true
Q12797	ASPH	2	Disulfide bond	641	648	EXACT	EXACT						not_in_vocabulary	H-2 (arithmetic)	-2.016	disulfide_arithmetic	true
Q12797	ASPH	2	Glycosylation	64	64	EXACT	EXACT	N-linked (GlcNAc...) asparagine		N-linked (GlcNAc...) asparagine	N-linked (GlcNAc...) asparagine	PTM-0528	exact			no_mass_in_vocabulary	true
Q12955	ANK3	1;2	Modified residue	39	39	EXACT	EXACT	Phosphoserine		Phosphoserine	Phosphoserine	PTM-0253	exact	H1 O3 P1	79.98	vocabulary	true
Q12955	ANK3	1;2	Modified residue	623	623	EXACT	EXACT	Phosphoserine		Phosphoserine	Phosphoserine	PTM-0253	exact	H1 O3 P1	79.98	vocabulary	true
Q12955	ANK3	1;2	Modified residue	847	847	EXACT	EXACT	Phosphoserine		Phosphoserine	Phosphoserine	PTM-0253	exact	H1 O3 P1	79.98	vocabulary	true
Q12955	ANK3	1;2	Modified residue	861	861	EXACT	EXACT	Phosphoserine		Phosphoserine	Phosphoserine	PTM-0253	exact	H1 O3 P1	79.98	vocabulary	true
Q12955	ANK3	1;2	Modified residue	867	867	EXACT	EXACT	Phosphoserine		Phosphoserine	Phosphoserine	PTM-0253	exact	H1 O3 P1	79.98	vocabulary	true
Q12955	ANK3	1;2	Modified residue	913	913	EXACT	EXACT	Phosphoserine		Phosphoserine	Phosphoserine	PTM-0253	exact	H1 O3 P1	79.98	vocabulary	true
Q12955	ANK3	1;2	Modified residue	916	916	EXACT	EXACT	Phosphoserine		Phosphoserine	Phosphoserine	PTM-0253	exact	H1 O3 P1	79.98	vocabulary	true
Q12955	ANK3	1;2	Modified residue	922	922	EXACT	EXACT	Phosphoserine		Phosphoserine	Phosphoserine	PTM-0253	exact	H1 O3 P1	79.98	vocabulary	true
Q12955	ANK3	1;2	Modified residue	957	957	EXACT	EXACT	Phosphoserine		Phosphoserine	Phosphoserine	PTM-0253	exact	H1 O3 P1	79.98	vocabulary	true
Q12955	ANK3	1;2	Modified residue	959	959	EXACT	EXACT	Phosphoserine		Phosphoserine	Phosphoserine	PTM-0253	exact	H1 O3 P1	79.98	vocabulary	true
Q12955	ANK3	1;2	Modified residue	1113	1113	EXACT	EXACT	Phosphoserine		Phosphoserine	Phosphoserine	PTM-0253	exact	H1 O3 P1	79.98	vocabulary	true
Q12955	ANK3	1;2	Modified residue	1445	1445	EXACT	EXACT	Phosphoserine		Phosphoserine	Phosphoserine	PTM-0253	exact	H1 O3 P1	79.98	vocabulary	true
Q12955	ANK3	1;2	Modified residue	1459	1459	EXACT	EXACT	Phosphoserine		Phosphoserine	Phosphoserine	PTM-0253	exact	H1 O3 P1	79.98	vocabulary	true
Q12955	ANK3	1;2	Modified residue	1470	1470	EXACT	EXACT	Phosphoserine		Phosphoserine	Phosphoserine	PTM-0253	exact	H1 O3 P1	79.98	vocabulary	true
Q12955	ANK3	1;2	Modified residue	1622	1622	EXACT	EXACT	Phosphoserine		Phosphoserine	Phosphoserine	PTM-0253	exact	H1 O3 P1	79.98	vocabulary	true
Q12955	ANK3	1;2	Modified residue	1625	1625	EXACT	EXACT	Phosphoserine		Phosphoserine	Phosphoserine	PTM-0253	exact	H1 O3 P1	79.98	vocabulary	true
Q12955	ANK3	1;2	Modified residue	1984	1984	EXACT	EXACT	Phosphoserine		Phosphoserine	Phosphoserine	PTM-0253	exact	H1 O3 P1	79.98	vocabulary	true
Q12955	ANK3	1;2	Modified residue	2111	2111	EXACT	EXACT	Phosphoserine		Phosphoserine	Phosphoserine	PTM-0253	exact	H1 O3 P1	79.98	vocabulary	true
Q12955	ANK3	1;2	Modified residue	2123	2123	EXACT	EXACT	Phosphoserine		Phosphoserine	Phosphoserine	PTM-0253	exact	H1 O3 P1	79.98	vocabulary	true
Q12955	ANK3	1;2	Modified residue	2126	2126	EXACT	EXACT	Phosphoserine		Phosphoserine	Phosphoserine	PTM-0253	exact	H1 O3 P1	79.98	vocabulary	true
Q12955	ANK3	1;2	Modified residue	4211	4211	EXACT	EXACT	Phosphoserine		Phosphoserine	Phosphoserine	PTM-0253	exact	H1 O3 P1	79.98	vocabulary	true
Q12955	ANK3	1;2	Modified residue	4229	4229	EXACT	EXACT	Phosphoserine		Phosphoserine	Phosphoserine	PTM-0253	exact	H1 O3 P1	79.98	vocabulary	true
Q12955	ANK3	1;2	Modified residue	4290	4290	EXACT	EXACT	Phosphoserine		Phosphoserine	Phosphoserine	PTM-0253	exact	H1 O3 P1	79.98	vocabulary	true
Q12955	ANK3	1;2	Modified residue	4298	4298	EXACT	EXACT	Phosphoserine		Phosphoserine	Phosphoserine	PTM-0253	exact	H1 O3 P1	79.98	vocabulary	true
Q12955	ANK3	1;2	Modified residue	4350	4350	EXACT	EXACT	Phosphoserine		Phosphoserine	Phosphoserine	PTM-0253	exact	H1 O3 P1	79.98	vocabulary	true
Q12955	ANK3	1;2	Modified residue	1632	1632	EXACT	EXACT	Phosphoserine		Phosphoserine	Phosphoserine	PTM-0253	exact	H1 O3 P1	79.98	vocabulary	true
Q12955	ANK3	1;2	Modified residue	1658	1658	EXACT	EXACT	Phosphoserine		Phosphoserine	Phosphoserine	PTM-0253	exact	H1 O3 P1	79.98	vocabulary	true
Q12955	ANK3	1;2	Modified residue	1625	1625	EXACT	EXACT	Phosphoserine		Phosphoserine	Phosphoserine	PTM-0253	exact	H1 O3 P1	79.98	vocabulary	true
Q12955	ANK3	1;2	Modified residue	1651	1651	EXACT	EXACT	Phosphoserine		Phosphoserine	Phosphoserine	PTM-0253	exact	H1 O3 P1	79.98	vocabulary	true
Q12955	ANK3	1;2	Modified residue	765	765	EXACT	EXACT	Phosphoserine		Phosphoserine	Phosphoserine	PTM-0253	exact	H1 O3 P1	79.98	vocabulary	true
Q12955	ANK3	1;2	Modified residue	791	791	EXACT	EXACT	Phosphoserine		Phosphoserine	Phosphoserine	PTM-0253	exact	H1 O3 P1	79.98	vocabulary	true
Q12955	ANK3	1;2	Modified residue	468	468	EXACT	EXACT	Phosphoserine		Phosphoserine	Phosphoserine	PTM-0253	exact	H1 O3 P1	79.98	vocabulary	true
Q13023	AKAP6	2	Modified residue	1073	1073	EXACT	EXACT	Phosphoserine		Phosphoserine	Phosphoserine	PTM-0253	exact	H1 O3 P1	79.98	vocabulary	true
Q13023	AKAP6	2	Modified residue	1570	1570	EXACT	EXACT	Phosphoserine		Phosphoserine	Phosphoserine	PTM-0253	exact	H1 O3 P1	79.98	vocabulary	true
Q13023	AKAP6	2	Modified residue	1595	1595	EXACT	EXACT	Phosphoserine		Phosphoserine	Phosphoserine	PTM-0253	exact	H1 O3 P1	79.98	vocabulary	true
Q13049	TRIM32	1	Modified residue	2	2	EXACT	EXACT	N-acetylalanine		N-acetylalanine	N-acetylalanine	PTM-0199	exact	C2 H2 O1	42.04	vocabulary	true
Q13049	TRIM32	1	Modified residue	55	55	EXACT	EXACT	Phosphoserine; by CHEK2		Phosphoserine	Phosphoserine	PTM-0253	exact	H1 O3 P1	79.98	vocabulary	true
Q13049	TRIM32	1	Modified residue	328	328	EXACT	EXACT	Phosphoserine		Phosphoserine	Phosphoserine	PTM-0253	exact	H1 O3 P1	79.98	vocabulary	true
Q13049	TRIM32	1	Modified residue	335	335	EXACT	EXACT	Phosphoserine		Phosphoserine	Phosphoserine	PTM-0253	exact	H1 O3 P1	79.98	vocabulary	true
Q13049	TRIM32	1	Modified residue	339	339	EXACT	EXACT	Phosphoserine		Phosphoserine	Phosphoserine	PTM-0253	exact	H1 O3 P1	79.98	vocabulary	true
Q13061	TRDN	2	Glycosylation	75	75	EXACT	EXACT	N-linked (GlcNAc...) asparagine		N-linked (GlcNAc...) asparagine	N-linked (GlcNAc...) asparagine	PTM-0528	exact			no_mass_in_vocabulary	true
Q13061	TRDN	2	Glycosylation	647	647	EXACT	EXACT	N-linked (GlcNAc...) asparagine		N-linked (GlcNAc...) asparagine	N-linked (GlcNAc...) asparagine	PTM-0528	exact			no_mass_in_vocabulary	true
Q13061	TRDN	2	Disulfide bond	270	270	EXACT	EXACT	Interchain		Interchain			not_in_vocabulary			interchain_count_only	true
Q13061	TRDN	2	Disulfide bond	691	691	EXACT	EXACT	Interchain		Interchain			not_in_vocabulary			interchain_count_only	true
Q13153	PAK1	1	Modified residue	2	2	EXACT	EXACT	N-acetylserine		N-acetylserine	N-acetylserine	PTM-0207	exact	C2 H2 O1	42.04	vocabulary	true
Q13153	PAK1	1	Modified residue	21	21	EXACT	EXACT	Phosphoserine; by PKB and autocatalysis		Phosphoserine	Phosphoserine	PTM-0253	exact	H1 O3 P1	79.98	vocabulary	true
Q13153	PAK1	1	Modified residue	57	57	EXACT	EXACT	Phosphoserine; by autocatalysis		Phosphoserine	Phosphoserine	PTM-0253	exact	H1 O3 P1	79.98	vocabulary	true
Q13153	PAK1	1	Modified residue	84	84	EXACT	EXACT	Phosphothreonine; by OXSR1		Phosphothreonine	Phosphothreonine	PTM-0254	exact	H1 O3 P1	79.98	vocabulary	true
Q13153	PAK1	1	Modified residue	115	115	EXACT	EXACT	Phosphoserine		Phosphoserine	Phosphoserine	PTM-0253	exact	H1 O3 P1	79.98	vocabulary	true
Q13153	PAK1	1	Modified residue	131	131	EXACT	EXACT	Phosphotyrosine		Phosphotyrosine	Phosphotyrosine	PTM-0255	exact	H1 O3 P1	79.98	vocabulary	true
Q13153	PAK1	1	Modified residue	142	142	EXACT	EXACT	Phosphotyrosine		Phosphotyrosine	Phosphotyrosine	PTM-0255	exact	H1 O3 P1	79.98	vocabulary	true
Q13153	PAK1	1	Modified residue	144	144	EXACT	EXACT	Phosphoserine; by autocatalysis		Phosphoserine	Phosphoserine	PTM-0253	exact	H1 O3 P1	79.98	vocabulary	true
Q13153	PAK1	1	Modified residue	149	149	EXACT	EXACT	Phosphoserine		Phosphoserine	Phosphoserine	PTM-0253	exact	H1 O3 P1	79.98	vocabulary	true
Q13153	PAK1	1	Modified residue	153	153	EXACT	EXACT	Phosphotyrosine; by JAK2		Phosphotyrosine	Phosphotyrosine	PTM-0255	exact	H1 O3 P1	79.98	vocabulary	true
Q13153	PAK1	1	Modified residue	174	174	EXACT	EXACT	Phosphoserine		Phosphoserine	Phosphoserine	PTM-0253	exact	H1 O3 P1	79.98	vocabulary	true
Q13153	PAK1	1	Modified residue	185	185	EXACT	EXACT	Phosphothreonine		Phosphothreonine	Phosphothreonine	PTM-0254	exact	H1 O3 P1	79.98	vocabulary	true
Q13153	PAK1	1	Modified residue	199	199	EXACT	EXACT	Phosphoserine; by autocatalysis		Phosphoserine	Phosphoserine	PTM-0253	exact	H1 O3 P1	79.98	vocabulary	true
Q13153	PAK1	1	Modified residue	201	201	EXACT	EXACT	Phosphotyrosine; by JAK2		Phosphotyrosine	Phosphotyrosine	PTM-0255	exact	H1 O3 P1	79.98	vocabulary	true
Q13153	PAK1	1	Modified residue	204	204	EXACT	EXACT	Phosphoserine		Phosphoserine	Phosphoserine	PTM-0253	exact	H1 O3 P1	79.98	vocabulary	true
Q13153	PAK1	1	Modified residue	212	212	EXACT	EXACT	Phosphothreonine		Phosphothreonine	Phosphothreonine	PTM-0254	exact	H1 O3 P1	79.98	vocabulary	true
Q13153	PAK1	1	Modified residue	219	219	EXACT	EXACT	Phosphothreonine		Phosphothreonine	Phosphothreonine	PTM-0254	exact	H1 O3 P1	79.98	vocabulary	true
Q13153	PAK1	1	Modified residue	220	220	EXACT	EXACT	Phosphoserine		Phosphoserine	Phosphoserine	PTM-0253	exact	H1 O3 P1	79.98	vocabulary	true
Q13153	PAK1	1	Modified residue	223	223	EXACT	EXACT	Phosphoserine		Phosphoserine	Phosphoserine	PTM-0253	exact	H1 O3 P1	79.98	vocabulary	true
Q13153	PAK1	1	Modified residue	225	225	EXACT	EXACT	Phosphothreonine		Phosphothreonine	Phosphothreonine	PTM-0254	exact	H1 O3 P1	79.98	vocabulary	true
Q13153	PAK1	1	Modified residue	229	229	EXACT	EXACT	Phosphothreonine		Phosphothreonine	Phosphothreonine	PTM-0254	exact	H1 O3 P1	79.98	vocabulary	true
Q13153	PAK1	1	Modified residue	230	230	EXACT	EXACT	Phosphothreonine		Phosphothreonine	Phosphothreonine	PTM-0254	exact	H1 O3 P1	79.98	vocabulary	true
Q13153	PAK1	1	Modified residue	285	285	EXACT	EXACT	Phosphotyrosine; by JAK2		Phosphotyrosine	Phosphotyrosine	PTM-0255	exact	H1 O3 P1	79.98	vocabulary	true
Q13153	PAK1	1	Modified residue	423	423	EXACT	EXACT	Phosphothreonine; by autocatalysis, BRSK2 and PDPK1		Phosphothreonine	Phosphothreonine	PTM-0254	exact	H1 O3 P1	79.98	vocabulary	true
Q13203	MYBPH	1	Modified residue	6	6	EXACT	EXACT	Phosphothreonine		Phosphothreonine	Phosphothreonine	PTM-0254	exact	H1 O3 P1	79.98	vocabulary	true
Q13203	MYBPH	1	Modified residue	26	26	EXACT	EXACT	Phosphothreonine		Phosphothreonine	Phosphothreonine	PTM-0254	exact	H1 O3 P1	79.98	vocabulary	true
Q13418	ILK	1	Modified residue	1	1	EXACT	EXACT	N-acetylmethionine		N-acetylmethionine	N-acetylmethionine	PTM-0205	exact	C2 H2 O1	42.04	vocabulary	true
Q13418	ILK	1	Modified residue	173	173	EXACT	EXACT	Phosphothreonine; by PAK1		Phosphothreonine	Phosphothreonine	PTM-0254	exact	H1 O3 P1	79.98	vocabulary	true
Q13418	ILK	1	Modified residue	186	186	EXACT	EXACT	Phosphoserine		Phosphoserine	Phosphoserine	PTM-0253	exact	H1 O3 P1	79.98	vocabulary	true
Q13418	ILK	1	Modified residue	246	246	EXACT	EXACT	Phosphoserine; by PAK1		Phosphoserine	Phosphoserine	PTM-0253	exact	H1 O3 P1	79.98	vocabulary	true
Q13418	ILK	1	Modified residue	426	426	EXACT	EXACT	N6-acetyllysine		N6-acetyllysine	N6-acetyllysine	PTM-0190	exact	C2 H2 O1	42.04	vocabulary	true
Q13496	MTM1	1	Modified residue	13	13	EXACT	EXACT	Phosphoserine		Phosphoserine	Phosphoserine	PTM-0253	exact	H1 O3 P1	79.98	vocabulary	true
Q13496	MTM1	1	Modified residue	18	18	EXACT	EXACT	Phosphoserine		Phosphoserine	Phosphoserine	PTM-0253	exact	H1 O3 P1	79.98	vocabulary	true
Q13496	MTM1	1	Modified residue	495	495	EXACT	EXACT	Phosphothreonine		Phosphothreonine	Phosphothreonine	PTM-0254	exact	H1 O3 P1	79.98	vocabulary	true
Q13496	MTM1	1	Modified residue	588	588	EXACT	EXACT	Phosphoserine		Phosphoserine	Phosphoserine	PTM-0253	exact	H1 O3 P1	79.98	vocabulary	true
Q13501	SQSTM1	1	Modified residue	2	2	EXACT	EXACT	N-acetylalanine		N-acetylalanine	N-acetylalanine	PTM-0199	exact	C2 H2 O1	42.04	vocabulary	true
Q13501	SQSTM1	1	Modified residue	24	24	EXACT	EXACT	Phosphoserine		Phosphoserine	Phosphoserine	PTM-0253	exact	H1 O3 P1	79.98	vocabulary	true
Q13501	SQSTM1	1	Modified residue	148	148	EXACT	EXACT	Phosphotyrosine		Phosphotyrosine	Phosphotyrosine	PTM-0255	exact	H1 O3 P1	79.98	vocabulary	true
Q13501	SQSTM1	1	Modified residue	170	170	EXACT	EXACT	Phosphoserine		Phosphoserine	Phosphoserine	PTM-0253	exact	H1 O3 P1	79.98	vocabulary	true
Q13501	SQSTM1	1	Modified residue	176	176	EXACT	EXACT	Phosphoserine		Phosphoserine	Phosphoserine	PTM-0253	exact	H1 O3 P1	79.98	vocabulary	true
Q13501	SQSTM1	1	Modified residue	207	207	EXACT	EXACT	Phosphoserine		Phosphoserine	Phosphoserine	PTM-0253	exact	H1 O3 P1	79.98	vocabulary	true
Q13501	SQSTM1	1	Modified residue	233	233	EXACT	EXACT	Phosphoserine		Phosphoserine	Phosphoserine	PTM-0253	exact	H1 O3 P1	79.98	vocabulary	true
Q13501	SQSTM1	1	Modified residue	249	249	EXACT	EXACT	Phosphoserine		Phosphoserine	Phosphoserine	PTM-0253	exact	H1 O3 P1	79.98	vocabulary	true
Q13501	SQSTM1	1	Modified residue	266	266	EXACT	EXACT	Phosphoserine		Phosphoserine	Phosphoserine	PTM-0253	exact	H1 O3 P1	79.98	vocabulary	true
Q13501	SQSTM1	1	Modified residue	269	269	EXACT	EXACT	Phosphothreonine		Phosphothreonine	Phosphothreonine	PTM-0254	exact	H1 O3 P1	79.98	vocabulary	true
Q13501	SQSTM1	1	Modified residue	272	272	EXACT	EXACT	Phosphoserine		Phosphoserine	Phosphoserine	PTM-0253	exact	H1 O3 P1	79.98	vocabulary	true
Q13501	SQSTM1	1	Modified residue	282	282	EXACT	EXACT	Phosphoserine		Phosphoserine	Phosphoserine	PTM-0253	exact	H1 O3 P1	79.98	vocabulary	true
Q13501	SQSTM1	1	Modified residue	306	306	EXACT	EXACT	Phosphoserine		Phosphoserine	Phosphoserine	PTM-0253	exact	H1 O3 P1	79.98	vocabulary	true
Q13501	SQSTM1	1	Modified residue	328	328	EXACT	EXACT	Phosphoserine		Phosphoserine	Phosphoserine	PTM-0253	exact	H1 O3 P1	79.98	vocabulary	true
Q13501	SQSTM1	1	Modified residue	332	332	EXACT	EXACT	Phosphoserine		Phosphoserine	Phosphoserine	PTM-0253	exact	H1 O3 P1	79.98	vocabulary	true
Q13501	SQSTM1	1	Modified residue	349	349	EXACT	EXACT	Phosphoserine; by ULK1		Phosphoserine	Phosphoserine	PTM-0253	exact	H1 O3 P1	79.98	vocabulary	true
Q13501	SQSTM1	1	Modified residue	355	355	EXACT	EXACT	Phosphoserine		Phosphoserine	Phosphoserine	PTM-0253	exact	H1 O3 P1	79.98	vocabulary	true
Q13501	SQSTM1	1	Modified residue	361	361	EXACT	EXACT	Phosphoserine		Phosphoserine	Phosphoserine	PTM-0253	exact	H1 O3 P1	79.98	vocabulary	true
Q13501	SQSTM1	1	Modified residue	365	365	EXACT	EXACT	Phosphoserine		Phosphoserine	Phosphoserine	PTM-0253	exact	H1 O3 P1	79.98	vocabulary	true
Q13501	SQSTM1	1	Modified residue	366	366	EXACT	EXACT	Phosphoserine		Phosphoserine	Phosphoserine	PTM-0253	exact	H1 O3 P1	79.98	vocabulary	true
Q13501	SQSTM1	1	Modified residue	403	403	EXACT	EXACT	Phosphoserine; by CK2, ULK1 and TBK1		Phosphoserine	Phosphoserine	PTM-0253	exact	H1 O3 P1	79.98	vocabulary	true
Q13501	SQSTM1	1	Modified residue	407	407	EXACT	EXACT	Phosphoserine; by ULK1		Phosphoserine	Phosphoserine	PTM-0253	exact	H1 O3 P1	79.98	vocabulary	true
Q13501	SQSTM1	1	Modified residue	420	420	EXACT	EXACT	N6-acetyllysine; alternate		N6-acetyllysine	N6-acetyllysine	PTM-0190	exact	C2 H2 O1	42.04	vocabulary	true
Q13501	SQSTM1	1	Modified residue	435	435	EXACT	EXACT	N6-acetyllysine; alternate		N6-acetyllysine	N6-acetyllysine	PTM-0190	exact	C2 H2 O1	42.04	vocabulary	true
Q13501	SQSTM1	1	Lipidation	289	289	EXACT	EXACT	S-palmitoyl cysteine		S-palmitoyl cysteine	S-palmitoyl cysteine	PTM-0281	exact	C16 H30 O1	238.41	vocabulary	true
Q13501	SQSTM1	1	Lipidation	290	290	EXACT	EXACT	S-palmitoyl cysteine		S-palmitoyl cysteine	S-palmitoyl cysteine	PTM-0281	exact	C16 H30 O1	238.41	vocabulary	true
Q13501	SQSTM1	1	Cross-link	7	7	EXACT	EXACT	Glycyl lysine isopeptide (Lys-Gly) (interchain with G-Cter in ubiquitin)		Glycyl lysine isopeptide (Lys-Gly) (interchain with G-Cter in ubiquitin)	Glycyl lysine isopeptide (Lys-Gly) (interchain with G-...)	PTM-0135	wildcard	H-2 O-1	-18.02	vocabulary	true
Q13501	SQSTM1	1	Cross-link	91	91	EXACT	EXACT	Glycyl lysine isopeptide (Lys-Gly) (interchain with G-Cter in ubiquitin)		Glycyl lysine isopeptide (Lys-Gly) (interchain with G-Cter in ubiquitin)	Glycyl lysine isopeptide (Lys-Gly) (interchain with G-...)	PTM-0135	wildcard	H-2 O-1	-18.02	vocabulary	true
Q13501	SQSTM1	1	Cross-link	189	189	EXACT	EXACT	Glycyl lysine isopeptide (Lys-Gly) (interchain with G-Cter in ubiquitin)		Glycyl lysine isopeptide (Lys-Gly) (interchain with G-Cter in ubiquitin)	Glycyl lysine isopeptide (Lys-Gly) (interchain with G-...)	PTM-0135	wildcard	H-2 O-1	-18.02	vocabulary	true
Q13501	SQSTM1	1	Cross-link	420	420	EXACT	EXACT	Glycyl lysine isopeptide (Lys-Gly) (interchain with G-Cter in ubiquitin); alternate		Glycyl lysine isopeptide (Lys-Gly) (interchain with G-Cter in ubiquitin)	Glycyl lysine isopeptide (Lys-Gly) (interchain with G-...)	PTM-0135	wildcard	H-2 O-1	-18.02	vocabulary	true
Q13501	SQSTM1	1	Cross-link	435	435	EXACT	EXACT	Glycyl lysine isopeptide (Lys-Gly) (interchain with G-Cter in SUMO2); alternate		Glycyl lysine isopeptide (Lys-Gly) (interchain with G-Cter in SUMO2)	Glycyl lysine isopeptide (Lys-Gly) (interchain with G-...)	PTM-0135	wildcard	H-2 O-1	-18.02	vocabulary	true
Q13501	SQSTM1	1	Modified residue	2	2	EXACT	EXACT	N-acetylalanine		N-acetylalanine	N-acetylalanine	PTM-0199	exact	C2 H2 O1	42.04	vocabulary	true
Q13554	CAMK2B	2	Modified residue	17	17	EXACT	EXACT	Phosphotyrosine		Phosphotyrosine	Phosphotyrosine	PTM-0255	exact	H1 O3 P1	79.98	vocabulary	true
Q13554	CAMK2B	2	Modified residue	287	287	EXACT	EXACT	Phosphothreonine; by autocatalysis		Phosphothreonine	Phosphothreonine	PTM-0254	exact	H1 O3 P1	79.98	vocabulary	true
Q13554	CAMK2B	2	Modified residue	306	306	EXACT	EXACT	Phosphothreonine; by autocatalysis		Phosphothreonine	Phosphothreonine	PTM-0254	exact	H1 O3 P1	79.98	vocabulary	true
Q13554	CAMK2B	2	Modified residue	307	307	EXACT	EXACT	Phosphothreonine; by autocatalysis		Phosphothreonine	Phosphothreonine	PTM-0254	exact	H1 O3 P1	79.98	vocabulary	true
Q13554	CAMK2B	2	Modified residue	367	367	EXACT	EXACT	Phosphoserine		Phosphoserine	Phosphoserine	PTM-0253	exact	H1 O3 P1	79.98	vocabulary	true
Q13554	CAMK2B	2	Modified residue	394	394	EXACT	EXACT	Phosphoserine		Phosphoserine	Phosphoserine	PTM-0253	exact	H1 O3 P1	79.98	vocabulary	true
Q13554	CAMK2B	2	Modified residue	397	397	EXACT	EXACT	Phosphoserine		Phosphoserine	Phosphoserine	PTM-0253	exact	H1 O3 P1	79.98	vocabulary	true
Q13554	CAMK2B	2	Modified residue	400	400	EXACT	EXACT	Phosphothreonine		Phosphothreonine	Phosphothreonine	PTM-0254	exact	H1 O3 P1	79.98	vocabulary	true
Q13554	CAMK2B	2	Modified residue	401	401	EXACT	EXACT	Phosphothreonine		Phosphothreonine	Phosphothreonine	PTM-0254	exact	H1 O3 P1	79.98	vocabulary	true
Q13555	CAMK2G	2	Modified residue	287	287	EXACT	EXACT	Phosphothreonine; by autocatalysis		Phosphothreonine	Phosphothreonine	PTM-0254	exact	H1 O3 P1	79.98	vocabulary	true
Q13555	CAMK2G	2	Modified residue	306	306	EXACT	EXACT	Phosphothreonine; by autocatalysis		Phosphothreonine	Phosphothreonine	PTM-0254	exact	H1 O3 P1	79.98	vocabulary	true
Q13555	CAMK2G	2	Modified residue	307	307	EXACT	EXACT	Phosphothreonine; by autocatalysis		Phosphothreonine	Phosphothreonine	PTM-0254	exact	H1 O3 P1	79.98	vocabulary	true
Q13555	CAMK2G	2	Modified residue	311	311	EXACT	EXACT	Phosphoserine		Phosphoserine	Phosphoserine	PTM-0253	exact	H1 O3 P1	79.98	vocabulary	true
Q13555	CAMK2G	2	Modified residue	334	334	EXACT	EXACT	Phosphoserine		Phosphoserine	Phosphoserine	PTM-0253	exact	H1 O3 P1	79.98	vocabulary	true
Q13555	CAMK2G	2	Modified residue	349	349	EXACT	EXACT	Phosphoserine		Phosphoserine	Phosphoserine	PTM-0253	exact	H1 O3 P1	79.98	vocabulary	true
Q13555	CAMK2G	2	Modified residue	352	352	EXACT	EXACT	Phosphoserine		Phosphoserine	Phosphoserine	PTM-0253	exact	H1 O3 P1	79.98	vocabulary	true
Q13555	CAMK2G	2	Modified residue	419	419	EXACT	EXACT	Phosphoserine		Phosphoserine	Phosphoserine	PTM-0253	exact	H1 O3 P1	79.98	vocabulary	true
Q13555	CAMK2G	2	Modified residue	484	484	EXACT	EXACT	Phosphoserine		Phosphoserine	Phosphoserine	PTM-0253	exact	H1 O3 P1	79.98	vocabulary	true
Q13555	CAMK2G	2	Modified residue	325	325	EXACT	EXACT	Phosphoserine		Phosphoserine	Phosphoserine	PTM-0253	exact	H1 O3 P1	79.98	vocabulary	true
Q13555	CAMK2G	2	Modified residue	325	325	EXACT	EXACT	Phosphoserine		Phosphoserine	Phosphoserine	PTM-0253	exact	H1 O3 P1	79.98	vocabulary	true
Q13555	CAMK2G	2	Modified residue	325	325	EXACT	EXACT	Phosphoserine		Phosphoserine	Phosphoserine	PTM-0253	exact	H1 O3 P1	79.98	vocabulary	true
Q13555	CAMK2G	2	Modified residue	325	325	EXACT	EXACT	Phosphoserine		Phosphoserine	Phosphoserine	PTM-0253	exact	H1 O3 P1	79.98	vocabulary	true
Q13555	CAMK2G	2	Modified residue	325	325	EXACT	EXACT	Phosphoserine		Phosphoserine	Phosphoserine	PTM-0253	exact	H1 O3 P1	79.98	vocabulary	true
Q13555	CAMK2G	2	Modified residue	325	325	EXACT	EXACT	Phosphoserine		Phosphoserine	Phosphoserine	PTM-0253	exact	H1 O3 P1	79.98	vocabulary	true
Q13555	CAMK2G	2	Modified residue	325	325	EXACT	EXACT	Phosphoserine		Phosphoserine	Phosphoserine	PTM-0253	exact	H1 O3 P1	79.98	vocabulary	true
Q13555	CAMK2G	2	Modified residue	338	338	EXACT	EXACT	Phosphoserine		Phosphoserine	Phosphoserine	PTM-0253	exact	H1 O3 P1	79.98	vocabulary	true
Q13555	CAMK2G	2	Modified residue	325	325	EXACT	EXACT	Phosphoserine		Phosphoserine	Phosphoserine	PTM-0253	exact	H1 O3 P1	79.98	vocabulary	true
Q13555	CAMK2G	2	Modified residue	325	325	EXACT	EXACT	Phosphoserine		Phosphoserine	Phosphoserine	PTM-0253	exact	H1 O3 P1	79.98	vocabulary	true
Q13555	CAMK2G	2	Modified residue	346	346	EXACT	EXACT	Phosphoserine		Phosphoserine	Phosphoserine	PTM-0253	exact	H1 O3 P1	79.98	vocabulary	true
Q13557	CAMK2D	2	Modified residue	2	2	EXACT	EXACT	N-acetylalanine		N-acetylalanine	N-acetylalanine	PTM-0199	exact	C2 H2 O1	42.04	vocabulary	true
Q13557	CAMK2D	2	Modified residue	287	287	EXACT	EXACT	Phosphothreonine; by autocatalysis		Phosphothreonine	Phosphothreonine	PTM-0254	exact	H1 O3 P1	79.98	vocabulary	true
Q13557	CAMK2D	2	Modified residue	306	306	EXACT	EXACT	Phosphothreonine; by autocatalysis		Phosphothreonine	Phosphothreonine	PTM-0254	exact	H1 O3 P1	79.98	vocabulary	true
Q13557	CAMK2D	2	Modified residue	307	307	EXACT	EXACT	Phosphothreonine; by autocatalysis		Phosphothreonine	Phosphothreonine	PTM-0254	exact	H1 O3 P1	79.98	vocabulary	true
Q13557	CAMK2D	2	Modified residue	315	315	EXACT	EXACT	Phosphoserine		Phosphoserine	Phosphoserine	PTM-0253	exact	H1 O3 P1	79.98	vocabulary	true
Q13557	CAMK2D	2	Modified residue	318	318	EXACT	EXACT	N6-acetyllysine		N6-acetyllysine	N6-acetyllysine	PTM-0190	exact	C2 H2 O1	42.04	vocabulary	true
Q13557	CAMK2D	2	Modified residue	319	319	EXACT	EXACT	Phosphoserine		Phosphoserine	Phosphoserine	PTM-0253	exact	H1 O3 P1	79.98	vocabulary	true
Q13557	CAMK2D	2	Modified residue	330	330	EXACT	EXACT	Phosphoserine		Phosphoserine	Phosphoserine	PTM-0253	exact	H1 O3 P1	79.98	vocabulary	true
Q13557	CAMK2D	2	Modified residue	331	331	EXACT	EXACT	Phosphothreonine		Phosphothreonine	Phosphothreonine	PTM-0254	exact	H1 O3 P1	79.98	vocabulary	true
Q13557	CAMK2D	2	Modified residue	333	333	EXACT	EXACT	Phosphoserine		Phosphoserine	Phosphoserine	PTM-0253	exact	H1 O3 P1	79.98	vocabulary	true
Q13557	CAMK2D	2	Modified residue	336	336	EXACT	EXACT	Phosphothreonine		Phosphothreonine	Phosphothreonine	PTM-0254	exact	H1 O3 P1	79.98	vocabulary	true
Q13557	CAMK2D	2	Modified residue	337	337	EXACT	EXACT	Phosphothreonine		Phosphothreonine	Phosphothreonine	PTM-0254	exact	H1 O3 P1	79.98	vocabulary	true
Q13557	CAMK2D	2	Modified residue	404	404	EXACT	EXACT	Phosphoserine		Phosphoserine	Phosphoserine	PTM-0253	exact	H1 O3 P1	79.98	vocabulary	true
Q13557	CAMK2D	2	Modified residue	490	490	EXACT	EXACT	Phosphoserine		Phosphoserine	Phosphoserine	PTM-0253	exact	H1 O3 P1	79.98	vocabulary	true
Q13557	CAMK2D	2	Modified residue	494	494	EXACT	EXACT	Phosphoserine		Phosphoserine	Phosphoserine	PTM-0253	exact	H1 O3 P1	79.98	vocabulary	true
Q13586	STIM1	2	Modified residue	257	257	EXACT	EXACT	Phosphoserine		Phosphoserine	Phosphoserine	PTM-0253	exact	H1 O3 P1	79.98	vocabulary	true
Q13586	STIM1	2	Modified residue	504	504	EXACT	EXACT	Phosphothreonine		Phosphothreonine	Phosphothreonine	PTM-0254	exact	H1 O3 P1	79.98	vocabulary	true
Q13586	STIM1	2	Modified residue	512	512	EXACT	EXACT	Phosphoserine		Phosphoserine	Phosphoserine	PTM-0253	exact	H1 O3 P1	79.98	vocabulary	true
Q13586	STIM1	2	Modified residue	517	517	EXACT	EXACT	Phosphothreonine		Phosphothreonine	Phosphothreonine	PTM-0254	exact	H1 O3 P1	79.98	vocabulary	true
Q13586	STIM1	2	Modified residue	519	519	EXACT	EXACT	Phosphoserine		Phosphoserine	Phosphoserine	PTM-0253	exact	H1 O3 P1	79.98	vocabulary	true
Q13586	STIM1	2	Modified residue	521	521	EXACT	EXACT	Phosphoserine		Phosphoserine	Phosphoserine	PTM-0253	exact	H1 O3 P1	79.98	vocabulary	true
Q13586	STIM1	2	Modified residue	523	523	EXACT	EXACT	Phosphoserine		Phosphoserine	Phosphoserine	PTM-0253	exact	H1 O3 P1	79.98	vocabulary	true
Q13586	STIM1	2	Modified residue	524	524	EXACT	EXACT	Phosphoserine		Phosphoserine	Phosphoserine	PTM-0253	exact	H1 O3 P1	79.98	vocabulary	true
Q13586	STIM1	2	Modified residue	567	567	EXACT	EXACT	Phosphoserine		Phosphoserine	Phosphoserine	PTM-0253	exact	H1 O3 P1	79.98	vocabulary	true
Q13586	STIM1	2	Modified residue	575	575	EXACT	EXACT	Phosphoserine		Phosphoserine	Phosphoserine	PTM-0253	exact	H1 O3 P1	79.98	vocabulary	true
Q13586	STIM1	2	Modified residue	602	602	EXACT	EXACT	Phosphoserine		Phosphoserine	Phosphoserine	PTM-0253	exact	H1 O3 P1	79.98	vocabulary	true
Q13586	STIM1	2	Modified residue	608	608	EXACT	EXACT	Phosphoserine		Phosphoserine	Phosphoserine	PTM-0253	exact	H1 O3 P1	79.98	vocabulary	true
Q13586	STIM1	2	Modified residue	618	618	EXACT	EXACT	Phosphoserine		Phosphoserine	Phosphoserine	PTM-0253	exact	H1 O3 P1	79.98	vocabulary	true
Q13586	STIM1	2	Modified residue	621	621	EXACT	EXACT	Phosphoserine		Phosphoserine	Phosphoserine	PTM-0253	exact	H1 O3 P1	79.98	vocabulary	true
Q13586	STIM1	2	Modified residue	628	628	EXACT	EXACT	Phosphoserine		Phosphoserine	Phosphoserine	PTM-0253	exact	H1 O3 P1	79.98	vocabulary	true
Q13586	STIM1	2	Modified residue	660	660	EXACT	EXACT	Phosphoserine		Phosphoserine	Phosphoserine	PTM-0253	exact	H1 O3 P1	79.98	vocabulary	true
Q13586	STIM1	2	Modified residue	665	665	EXACT	EXACT	Phosphothreonine		Phosphothreonine	Phosphothreonine	PTM-0254	exact	H1 O3 P1	79.98	vocabulary	true
Q13586	STIM1	2	Modified residue	668	668	EXACT	EXACT	Phosphoserine		Phosphoserine	Phosphoserine	PTM-0253	exact	H1 O3 P1	79.98	vocabulary	true
Q13586	STIM1	2	Glycosylation	131	131	EXACT	EXACT	N-linked (GlcNAc...) asparagine		N-linked (GlcNAc...) asparagine	N-linked (GlcNAc...) asparagine	PTM-0528	exact			no_mass_in_vocabulary	true
Q13586	STIM1	2	Glycosylation	171	171	EXACT	EXACT	N-linked (GlcNAc...) asparagine		N-linked (GlcNAc...) asparagine	N-linked (GlcNAc...) asparagine	PTM-0528	exact			no_mass_in_vocabulary	true
Q13643	FHL3	1	Modified residue	2	2	EXACT	EXACT	N-acetylserine		N-acetylserine	N-acetylserine	PTM-0207	exact	C2 H2 O1	42.04	vocabulary	true
Q13643	FHL3	1	Modified residue	157	157	EXACT	EXACT	N6-acetyllysine		N6-acetyllysine	N6-acetyllysine	PTM-0190	exact	C2 H2 O1	42.04	vocabulary	true
Q13643	FHL3	1	Modified residue	235	235	EXACT	EXACT	N6-acetyllysine		N6-acetyllysine	N6-acetyllysine	PTM-0190	exact	C2 H2 O1	42.04	vocabulary	true
Q13698	CACNA1S	1	Modified residue	393	393	EXACT	EXACT	Phosphoserine		Phosphoserine	Phosphoserine	PTM-0253	exact	H1 O3 P1	79.98	vocabulary	true
Q13698	CACNA1S	1	Modified residue	397	397	EXACT	EXACT	Phosphoserine		Phosphoserine	Phosphoserine	PTM-0253	exact	H1 O3 P1	79.98	vocabulary	true
Q13698	CACNA1S	1	Modified residue	687	687	EXACT	EXACT	Phosphoserine; by PKA		Phosphoserine	Phosphoserine	PTM-0253	exact	H1 O3 P1	79.98	vocabulary	true
Q13698	CACNA1S	1	Modified residue	1575	1575	EXACT	EXACT	Phosphoserine; by PKA and CAMK2		Phosphoserine	Phosphoserine	PTM-0253	exact	H1 O3 P1	79.98	vocabulary	true
Q13698	CACNA1S	1	Modified residue	1617	1617	EXACT	EXACT	Phosphoserine; by PKA		Phosphoserine	Phosphoserine	PTM-0253	exact	H1 O3 P1	79.98	vocabulary	true
Q13698	CACNA1S	1	Glycosylation	79	79	EXACT	EXACT	N-linked (GlcNAc...) asparagine		N-linked (GlcNAc...) asparagine	N-linked (GlcNAc...) asparagine	PTM-0528	exact			no_mass_in_vocabulary	true
Q13698	CACNA1S	1	Glycosylation	257	257	EXACT	EXACT	N-linked (GlcNAc...) asparagine		N-linked (GlcNAc...) asparagine	N-linked (GlcNAc...) asparagine	PTM-0528	exact			no_mass_in_vocabulary	true
Q13698	CACNA1S	1	Glycosylation	1141	1141	EXACT	EXACT	N-linked (GlcNAc...) asparagine		N-linked (GlcNAc...) asparagine	N-linked (GlcNAc...) asparagine	PTM-0528	exact			no_mass_in_vocabulary	true
Q13698	CACNA1S	1	Disulfide bond	226	254	EXACT	EXACT						not_in_vocabulary	H-2 (arithmetic)	-2.016	disulfide_arithmetic	true
Q13698	CACNA1S	1	Disulfide bond	245	261	EXACT	EXACT						not_in_vocabulary	H-2 (arithmetic)	-2.016	disulfide_arithmetic	true
Q13698	CACNA1S	1	Disulfide bond	957	968	EXACT	EXACT						not_in_vocabulary	H-2 (arithmetic)	-2.016	disulfide_arithmetic	true
Q13698	CACNA1S	1	Disulfide bond	1338	1352	EXACT	EXACT						not_in_vocabulary	H-2 (arithmetic)	-2.016	disulfide_arithmetic	true
Q13813	SPTAN1	1	Modified residue	1	1	EXACT	EXACT	N-acetylmethionine		N-acetylmethionine	N-acetylmethionine	PTM-0205	exact	C2 H2 O1	42.04	vocabulary	true
Q13813	SPTAN1	1	Modified residue	587	587	EXACT	EXACT	Phosphoserine		Phosphoserine	Phosphoserine	PTM-0253	exact	H1 O3 P1	79.98	vocabulary	true
Q13813	SPTAN1	1	Modified residue	637	637	EXACT	EXACT	N6-acetyllysine		N6-acetyllysine	N6-acetyllysine	PTM-0190	exact	C2 H2 O1	42.04	vocabulary	true
Q13813	SPTAN1	1	Modified residue	803	803	EXACT	EXACT	N6-acetyllysine		N6-acetyllysine	N6-acetyllysine	PTM-0190	exact	C2 H2 O1	42.04	vocabulary	true
Q13813	SPTAN1	1	Modified residue	924	924	EXACT	EXACT	Phosphoserine		Phosphoserine	Phosphoserine	PTM-0253	exact	H1 O3 P1	79.98	vocabulary	true
Q13813	SPTAN1	1	Modified residue	982	982	EXACT	EXACT	Phosphoserine		Phosphoserine	Phosphoserine	PTM-0253	exact	H1 O3 P1	79.98	vocabulary	true
Q13813	SPTAN1	1	Modified residue	999	999	EXACT	EXACT	Phosphoserine		Phosphoserine	Phosphoserine	PTM-0253	exact	H1 O3 P1	79.98	vocabulary	true
Q13813	SPTAN1	1	Modified residue	1029	1029	EXACT	EXACT	Phosphoserine		Phosphoserine	Phosphoserine	PTM-0253	exact	H1 O3 P1	79.98	vocabulary	true
Q13813	SPTAN1	1	Modified residue	1031	1031	EXACT	EXACT	Phosphoserine		Phosphoserine	Phosphoserine	PTM-0253	exact	H1 O3 P1	79.98	vocabulary	true
Q13813	SPTAN1	1	Modified residue	1041	1041	EXACT	EXACT	Phosphoserine		Phosphoserine	Phosphoserine	PTM-0253	exact	H1 O3 P1	79.98	vocabulary	true
Q13813	SPTAN1	1	Modified residue	1176	1176	EXACT	EXACT	Phosphotyrosine		Phosphotyrosine	Phosphotyrosine	PTM-0255	exact	H1 O3 P1	79.98	vocabulary	true
Q13813	SPTAN1	1	Modified residue	1190	1190	EXACT	EXACT	Phosphoserine		Phosphoserine	Phosphoserine	PTM-0253	exact	H1 O3 P1	79.98	vocabulary	true
Q13813	SPTAN1	1	Modified residue	1207	1207	EXACT	EXACT	Phosphoserine		Phosphoserine	Phosphoserine	PTM-0253	exact	H1 O3 P1	79.98	vocabulary	true
Q13813	SPTAN1	1	Modified residue	1217	1217	EXACT	EXACT	Phosphoserine		Phosphoserine	Phosphoserine	PTM-0253	exact	H1 O3 P1	79.98	vocabulary	true
Q13813	SPTAN1	1	Modified residue	1291	1291	EXACT	EXACT	Phosphoserine		Phosphoserine	Phosphoserine	PTM-0253	exact	H1 O3 P1	79.98	vocabulary	true
Q13813	SPTAN1	1	Modified residue	1306	1306	EXACT	EXACT	Phosphoserine		Phosphoserine	Phosphoserine	PTM-0253	exact	H1 O3 P1	79.98	vocabulary	true
Q13813	SPTAN1	1	Modified residue	1323	1323	EXACT	EXACT	Phosphoserine		Phosphoserine	Phosphoserine	PTM-0253	exact	H1 O3 P1	79.98	vocabulary	true
Q13813	SPTAN1	1	Modified residue	1338	1338	EXACT	EXACT	Phosphoserine		Phosphoserine	Phosphoserine	PTM-0253	exact	H1 O3 P1	79.98	vocabulary	true
Q13813	SPTAN1	1	Modified residue	1519	1519	EXACT	EXACT	N6-acetyllysine		N6-acetyllysine	N6-acetyllysine	PTM-0190	exact	C2 H2 O1	42.04	vocabulary	true
Q13813	SPTAN1	1	Modified residue	1550	1550	EXACT	EXACT	Phosphoserine		Phosphoserine	Phosphoserine	PTM-0253	exact	H1 O3 P1	79.98	vocabulary	true
Q13813	SPTAN1	1	Modified residue	1557	1557	EXACT	EXACT	Phosphoserine		Phosphoserine	Phosphoserine	PTM-0253	exact	H1 O3 P1	79.98	vocabulary	true
Q13813	SPTAN1	1	Modified residue	1578	1578	EXACT	EXACT	Phosphoserine		Phosphoserine	Phosphoserine	PTM-0253	exact	H1 O3 P1	79.98	vocabulary	true
Q13813	SPTAN1	1	Modified residue	1615	1615	EXACT	EXACT	Phosphoserine		Phosphoserine	Phosphoserine	PTM-0253	exact	H1 O3 P1	79.98	vocabulary	true
Q13813	SPTAN1	1	Modified residue	1647	1647	EXACT	EXACT	Phosphoserine		Phosphoserine	Phosphoserine	PTM-0253	exact	H1 O3 P1	79.98	vocabulary	true
Q13813	SPTAN1	1	Modified residue	2020	2020	EXACT	EXACT	Phosphothreonine		Phosphothreonine	Phosphothreonine	PTM-0254	exact	H1 O3 P1	79.98	vocabulary	true
Q13813	SPTAN1	1	Modified residue	2052	2052	EXACT	EXACT	N6-acetyllysine		N6-acetyllysine	N6-acetyllysine	PTM-0190	exact	C2 H2 O1	42.04	vocabulary	true
Q13813	SPTAN1	1	Modified residue	2421	2421	EXACT	EXACT	N6-acetyllysine		N6-acetyllysine	N6-acetyllysine	PTM-0190	exact	C2 H2 O1	42.04	vocabulary	true
Q13936	CACNA1C	1	Modified residue	469	469	EXACT	EXACT	Phosphoserine		Phosphoserine	Phosphoserine	PTM-0253	exact	H1 O3 P1	79.98	vocabulary	true
Q13936	CACNA1C	1	Modified residue	476	476	EXACT	EXACT	Phosphothreonine		Phosphothreonine	Phosphothreonine	PTM-0254	exact	H1 O3 P1	79.98	vocabulary	true
Q13936	CACNA1C	1	Modified residue	808	808	EXACT	EXACT	Phosphoserine		Phosphoserine	Phosphoserine	PTM-0253	exact	H1 O3 P1	79.98	vocabulary	true
Q13936	CACNA1C	1	Modified residue	815	815	EXACT	EXACT	Phosphoserine		Phosphoserine	Phosphoserine	PTM-0253	exact	H1 O3 P1	79.98	vocabulary	true
Q13936	CACNA1C	1	Modified residue	1718	1718	EXACT	EXACT	Phosphoserine		Phosphoserine	Phosphoserine	PTM-0253	exact	H1 O3 P1	79.98	vocabulary	true
Q13936	CACNA1C	1	Modified residue	1739	1739	EXACT	EXACT	Phosphoserine		Phosphoserine	Phosphoserine	PTM-0253	exact	H1 O3 P1	79.98	vocabulary	true
Q13936	CACNA1C	1	Modified residue	1981	1981	EXACT	EXACT	Phosphoserine; by PKA		Phosphoserine	Phosphoserine	PTM-0253	exact	H1 O3 P1	79.98	vocabulary	true
Q13936	CACNA1C	1	Glycosylation	153	153	EXACT	EXACT	N-linked (GlcNAc...) asparagine		N-linked (GlcNAc...) asparagine	N-linked (GlcNAc...) asparagine	PTM-0528	exact			no_mass_in_vocabulary	true
Q13936	CACNA1C	1	Glycosylation	328	328	EXACT	EXACT	N-linked (GlcNAc...) asparagine		N-linked (GlcNAc...) asparagine	N-linked (GlcNAc...) asparagine	PTM-0528	exact			no_mass_in_vocabulary	true
Q13936	CACNA1C	1	Glycosylation	1436	1436	EXACT	EXACT	N-linked (GlcNAc...) asparagine		N-linked (GlcNAc...) asparagine	N-linked (GlcNAc...) asparagine	PTM-0528	exact			no_mass_in_vocabulary	true
Q13936	CACNA1C	1	Glycosylation	1487	1487	EXACT	EXACT	N-linked (GlcNAc...) asparagine		N-linked (GlcNAc...) asparagine	N-linked (GlcNAc...) asparagine	PTM-0528	exact			no_mass_in_vocabulary	true
Q13936	CACNA1C	1	Disulfide bond	298	326	EXACT	EXACT						not_in_vocabulary	H-2 (arithmetic)	-2.016	disulfide_arithmetic	true
Q13936	CACNA1C	1	Disulfide bond	316	332	EXACT	EXACT						not_in_vocabulary	H-2 (arithmetic)	-2.016	disulfide_arithmetic	true
Q13936	CACNA1C	1	Disulfide bond	1078	1089	EXACT	EXACT						not_in_vocabulary	H-2 (arithmetic)	-2.016	disulfide_arithmetic	true
Q13936	CACNA1C	1	Disulfide bond	1479	1495	EXACT	EXACT						not_in_vocabulary	H-2 (arithmetic)	-2.016	disulfide_arithmetic	true
Q14118	DAG1	1	Modified residue	790	790	EXACT	EXACT	Phosphothreonine		Phosphothreonine	Phosphothreonine	PTM-0254	exact	H1 O3 P1	79.98	vocabulary	true
Q14118	DAG1	1	Modified residue	892	892	EXACT	EXACT	Phosphotyrosine; by SRC		Phosphotyrosine	Phosphotyrosine	PTM-0255	exact	H1 O3 P1	79.98	vocabulary	true
Q14118	DAG1	1	Glycosylation	63	63	EXACT	EXACT	O-linked (GalNAc...) threonine		O-linked (GalNAc...) threonine	O-linked (GalNAc...) threonine	PTM-0568	exact			no_mass_in_vocabulary	true
Q14118	DAG1	1	Glycosylation	141	141	EXACT	EXACT	N-linked (GlcNAc...) asparagine		N-linked (GlcNAc...) asparagine	N-linked (GlcNAc...) asparagine	PTM-0528	exact			no_mass_in_vocabulary	true
Q14118	DAG1	1	Glycosylation	317	317	EXACT	EXACT	O-linked (Man6P...) threonine		O-linked (Man6P...) threonine	O-linked (Man6P...) threonine	PTM-0597	exact			no_mass_in_vocabulary	true
Q14118	DAG1	1	Glycosylation	319	319	EXACT	EXACT	O-linked (Man6P...) threonine		O-linked (Man6P...) threonine	O-linked (Man6P...) threonine	PTM-0597	exact			no_mass_in_vocabulary	true
Q14118	DAG1	1	Glycosylation	367	367	EXACT	EXACT	O-linked (Hex...) threonine		O-linked (Hex...) threonine	O-linked (Hex...) threonine	PTM-0613	exact			no_mass_in_vocabulary	true
Q14118	DAG1	1	Glycosylation	369	369	EXACT	EXACT	O-linked (Hex...) threonine		O-linked (Hex...) threonine	O-linked (Hex...) threonine	PTM-0613	exact			no_mass_in_vocabulary	true
Q14118	DAG1	1	Glycosylation	372	372	EXACT	EXACT	O-linked (Hex...) threonine		O-linked (Hex...) threonine	O-linked (Hex...) threonine	PTM-0613	exact			no_mass_in_vocabulary	true
Q14118	DAG1	1	Glycosylation	379	379	EXACT	EXACT	O-linked (Man6P...) threonine		O-linked (Man6P...) threonine	O-linked (Man6P...) threonine	PTM-0597	exact			no_mass_in_vocabulary	true
Q14118	DAG1	1	Glycosylation	381	381	EXACT	EXACT	O-linked (Hex...) threonine		O-linked (Hex...) threonine	O-linked (Hex...) threonine	PTM-0613	exact			no_mass_in_vocabulary	true
Q14118	DAG1	1	Glycosylation	388	388	EXACT	EXACT	O-linked (Hex...) threonine		O-linked (Hex...) threonine	O-linked (Hex...) threonine	PTM-0613	exact			no_mass_in_vocabulary	true
Q14118	DAG1	1	Glycosylation	455	455	EXACT	EXACT	O-linked (GalNAc...) threonine		O-linked (GalNAc...) threonine	O-linked (GalNAc...) threonine	PTM-0568	exact			no_mass_in_vocabulary	true
Q14118	DAG1	1	Glycosylation	641	641	EXACT	EXACT	N-linked (GlcNAc...) asparagine		N-linked (GlcNAc...) asparagine	N-linked (GlcNAc...) asparagine	PTM-0528	exact			no_mass_in_vocabulary	true
Q14118	DAG1	1	Glycosylation	649	649	EXACT	EXACT	N-linked (GlcNAc...) asparagine		N-linked (GlcNAc...) asparagine	N-linked (GlcNAc...) asparagine	PTM-0528	exact			no_mass_in_vocabulary	true
Q14118	DAG1	1	Glycosylation	661	661	EXACT	EXACT	N-linked (GlcNAc...) asparagine		N-linked (GlcNAc...) asparagine	N-linked (GlcNAc...) asparagine	PTM-0528	exact			no_mass_in_vocabulary	true
Q14118	DAG1	1	Disulfide bond	182	264	EXACT	EXACT						not_in_vocabulary	H-2 (arithmetic)	-2.016	disulfide_arithmetic	true
Q14118	DAG1	1	Disulfide bond	669	713	EXACT	EXACT						not_in_vocabulary	H-2 (arithmetic)	-2.016	disulfide_arithmetic	true
Q14192	FHL2	1	Modified residue	238	238	EXACT	EXACT	Phosphoserine		Phosphoserine	Phosphoserine	PTM-0253	exact	H1 O3 P1	79.98	vocabulary	true
Q14192	FHL2	1	Cross-link	78	78	EXACT	EXACT	Glycyl lysine isopeptide (Lys-Gly) (interchain with G-Cter in SUMO2)		Glycyl lysine isopeptide (Lys-Gly) (interchain with G-Cter in SUMO2)	Glycyl lysine isopeptide (Lys-Gly) (interchain with G-...)	PTM-0135	wildcard	H-2 O-1	-18.02	vocabulary	true
Q14192	FHL2	1	Cross-link	167	167	EXACT	EXACT	Glycyl lysine isopeptide (Lys-Gly) (interchain with G-Cter in SUMO2)		Glycyl lysine isopeptide (Lys-Gly) (interchain with G-Cter in SUMO2)	Glycyl lysine isopeptide (Lys-Gly) (interchain with G-...)	PTM-0135	wildcard	H-2 O-1	-18.02	vocabulary	true
Q14192	FHL2	1	Cross-link	220	220	EXACT	EXACT	Glycyl lysine isopeptide (Lys-Gly) (interchain with G-Cter in SUMO2)		Glycyl lysine isopeptide (Lys-Gly) (interchain with G-Cter in SUMO2)	Glycyl lysine isopeptide (Lys-Gly) (interchain with G-...)	PTM-0135	wildcard	H-2 O-1	-18.02	vocabulary	true
Q14315	FLNC	1;2	Modified residue	5	5	EXACT	EXACT	Phosphoserine		Phosphoserine	Phosphoserine	PTM-0253	exact	H1 O3 P1	79.98	vocabulary	true
Q14315	FLNC	1;2	Modified residue	1002	1002	EXACT	EXACT	Omega-N-methylarginine		Omega-N-methylarginine	Omega-N-methylarginine	PTM-0237	exact	C1 H2	14.03	vocabulary	true
Q14315	FLNC	1;2	Modified residue	1161	1161	EXACT	EXACT	Phosphoserine		Phosphoserine	Phosphoserine	PTM-0253	exact	H1 O3 P1	79.98	vocabulary	true
Q14315	FLNC	1;2	Modified residue	1338	1338	EXACT	EXACT	Phosphoserine		Phosphoserine	Phosphoserine	PTM-0253	exact	H1 O3 P1	79.98	vocabulary	true
Q14315	FLNC	1;2	Modified residue	2042	2042	EXACT	EXACT	Phosphoserine		Phosphoserine	Phosphoserine	PTM-0253	exact	H1 O3 P1	79.98	vocabulary	true
Q14315	FLNC	1;2	Modified residue	2233	2233	EXACT	EXACT	Phosphoserine		Phosphoserine	Phosphoserine	PTM-0253	exact	H1 O3 P1	79.98	vocabulary	true
Q14315	FLNC	1;2	Modified residue	2236	2236	EXACT	EXACT	Phosphoserine		Phosphoserine	Phosphoserine	PTM-0253	exact	H1 O3 P1	79.98	vocabulary	true
Q14315	FLNC	1;2	Modified residue	2238	2238	EXACT	EXACT	Phosphothreonine		Phosphothreonine	Phosphothreonine	PTM-0254	exact	H1 O3 P1	79.98	vocabulary	true
Q14315	FLNC	1;2	Modified residue	2586	2586	EXACT	EXACT	Phosphoserine		Phosphoserine	Phosphoserine	PTM-0253	exact	H1 O3 P1	79.98	vocabulary	true
Q14315	FLNC	1;2	Modified residue	2617	2617	EXACT	EXACT	Phosphoserine		Phosphoserine	Phosphoserine	PTM-0253	exact	H1 O3 P1	79.98	vocabulary	true
Q14315	FLNC	1;2	Modified residue	2620	2620	EXACT	EXACT	Phosphoserine		Phosphoserine	Phosphoserine	PTM-0253	exact	H1 O3 P1	79.98	vocabulary	true
Q14315	FLNC	1;2	Modified residue	2623	2623	EXACT	EXACT	Phosphoserine		Phosphoserine	Phosphoserine	PTM-0253	exact	H1 O3 P1	79.98	vocabulary	true
Q14315	FLNC	1;2	Modified residue	2632	2632	EXACT	EXACT	Phosphoserine		Phosphoserine	Phosphoserine	PTM-0253	exact	H1 O3 P1	79.98	vocabulary	true
Q14315	FLNC	1;2	Modified residue	2714	2714	EXACT	EXACT	Phosphoserine		Phosphoserine	Phosphoserine	PTM-0253	exact	H1 O3 P1	79.98	vocabulary	true
Q14315	FLNC	1;2	Modified residue	2718	2718	EXACT	EXACT	Phosphoserine		Phosphoserine	Phosphoserine	PTM-0253	exact	H1 O3 P1	79.98	vocabulary	true
Q14524	SCN5A	1	Modified residue	36	36	EXACT	EXACT	Phosphoserine		Phosphoserine	Phosphoserine	PTM-0253	exact	H1 O3 P1	79.98	vocabulary	true
Q14524	SCN5A	1	Modified residue	38	38	EXACT	EXACT	Phosphothreonine		Phosphothreonine	Phosphothreonine	PTM-0254	exact	H1 O3 P1	79.98	vocabulary	true
Q14524	SCN5A	1	Modified residue	457	457	EXACT	EXACT	Phosphoserine		Phosphoserine	Phosphoserine	PTM-0253	exact	H1 O3 P1	79.98	vocabulary	true
Q14524	SCN5A	1	Modified residue	460	460	EXACT	EXACT	Phosphoserine		Phosphoserine	Phosphoserine	PTM-0253	exact	H1 O3 P1	79.98	vocabulary	true
Q14524	SCN5A	1	Modified residue	483	483	EXACT	EXACT	Phosphoserine		Phosphoserine	Phosphoserine	PTM-0253	exact	H1 O3 P1	79.98	vocabulary	true
Q14524	SCN5A	1	Modified residue	484	484	EXACT	EXACT	Phosphoserine		Phosphoserine	Phosphoserine	PTM-0253	exact	H1 O3 P1	79.98	vocabulary	true
Q14524	SCN5A	1	Modified residue	486	486	EXACT	EXACT	Phosphothreonine		Phosphothreonine	Phosphothreonine	PTM-0254	exact	H1 O3 P1	79.98	vocabulary	true
Q14524	SCN5A	1	Modified residue	497	497	EXACT	EXACT	Phosphoserine		Phosphoserine	Phosphoserine	PTM-0253	exact	H1 O3 P1	79.98	vocabulary	true
Q14524	SCN5A	1	Modified residue	510	510	EXACT	EXACT	Phosphoserine		Phosphoserine	Phosphoserine	PTM-0253	exact	H1 O3 P1	79.98	vocabulary	true
Q14524	SCN5A	1	Modified residue	513	513	EXACT	EXACT	Dimethylated arginine; alternate		Dimethylated arginine	Dimethylated arginine	PTM-0341	exact	C2 H4	28.05	vocabulary	true
Q14524	SCN5A	1	Modified residue	513	513	EXACT	EXACT	Omega-N-methylarginine; alternate		Omega-N-methylarginine	Omega-N-methylarginine	PTM-0237	exact	C1 H2	14.03	vocabulary	true
Q14524	SCN5A	1	Modified residue	526	526	EXACT	EXACT	Dimethylated arginine; alternate		Dimethylated arginine	Dimethylated arginine	PTM-0341	exact	C2 H4	28.05	vocabulary	true
Q14524	SCN5A	1	Modified residue	526	526	EXACT	EXACT	Omega-N-methylarginine; alternate		Omega-N-methylarginine	Omega-N-methylarginine	PTM-0237	exact	C1 H2	14.03	vocabulary	true
Q14524	SCN5A	1	Modified residue	539	539	EXACT	EXACT	Phosphoserine		Phosphoserine	Phosphoserine	PTM-0253	exact	H1 O3 P1	79.98	vocabulary	true
Q14524	SCN5A	1	Modified residue	571	571	EXACT	EXACT	Phosphoserine		Phosphoserine	Phosphoserine	PTM-0253	exact	H1 O3 P1	79.98	vocabulary	true
Q14524	SCN5A	1	Modified residue	664	664	EXACT	EXACT	Phosphoserine		Phosphoserine	Phosphoserine	PTM-0253	exact	H1 O3 P1	79.98	vocabulary	true
Q14524	SCN5A	1	Modified residue	667	667	EXACT	EXACT	Phosphoserine		Phosphoserine	Phosphoserine	PTM-0253	exact	H1 O3 P1	79.98	vocabulary	true
Q14524	SCN5A	1	Modified residue	680	680	EXACT	EXACT	Dimethylated arginine; alternate		Dimethylated arginine	Dimethylated arginine	PTM-0341	exact	C2 H4	28.05	vocabulary	true
Q14524	SCN5A	1	Modified residue	680	680	EXACT	EXACT	Omega-N-methylarginine; alternate		Omega-N-methylarginine	Omega-N-methylarginine	PTM-0237	exact	C1 H2	14.03	vocabulary	true
Q14524	SCN5A	1	Modified residue	1503	1503	EXACT	EXACT	Phosphoserine; by PKC		Phosphoserine	Phosphoserine	PTM-0253	exact	H1 O3 P1	79.98	vocabulary	true
Q14524	SCN5A	1	Glycosylation	214	214	EXACT	EXACT	N-linked (GlcNAc...) asparagine		N-linked (GlcNAc...) asparagine	N-linked (GlcNAc...) asparagine	PTM-0528	exact			no_mass_in_vocabulary	true
Q14524	SCN5A	1	Glycosylation	283	283	EXACT	EXACT	N-linked (GlcNAc...) asparagine		N-linked (GlcNAc...) asparagine	N-linked (GlcNAc...) asparagine	PTM-0528	exact			no_mass_in_vocabulary	true
Q14524	SCN5A	1	Glycosylation	288	288	EXACT	EXACT	N-linked (GlcNAc...) asparagine		N-linked (GlcNAc...) asparagine	N-linked (GlcNAc...) asparagine	PTM-0528	exact			no_mass_in_vocabulary	true
Q14524	SCN5A	1	Glycosylation	291	291	EXACT	EXACT	N-linked (GlcNAc...) asparagine		N-linked (GlcNAc...) asparagine	N-linked (GlcNAc...) asparagine	PTM-0528	exact			no_mass_in_vocabulary	true
Q14524	SCN5A	1	Glycosylation	318	318	EXACT	EXACT	N-linked (GlcNAc...) asparagine		N-linked (GlcNAc...) asparagine	N-linked (GlcNAc...) asparagine	PTM-0528	exact			no_mass_in_vocabulary	true
Q14524	SCN5A	1	Glycosylation	328	328	EXACT	EXACT	N-linked (GlcNAc...) asparagine		N-linked (GlcNAc...) asparagine	N-linked (GlcNAc...) asparagine	PTM-0528	exact			no_mass_in_vocabulary	true
Q14524	SCN5A	1	Glycosylation	740	740	EXACT	EXACT	N-linked (GlcNAc...) asparagine		N-linked (GlcNAc...) asparagine	N-linked (GlcNAc...) asparagine	PTM-0528	exact			no_mass_in_vocabulary	true
Q14524	SCN5A	1	Glycosylation	803	803	EXACT	EXACT	N-linked (GlcNAc...) asparagine		N-linked (GlcNAc...) asparagine	N-linked (GlcNAc...) asparagine	PTM-0528	exact			no_mass_in_vocabulary	true
Q14524	SCN5A	1	Glycosylation	864	864	EXACT	EXACT	N-linked (GlcNAc...) asparagine		N-linked (GlcNAc...) asparagine	N-linked (GlcNAc...) asparagine	PTM-0528	exact			no_mass_in_vocabulary	true
Q14524	SCN5A	1	Glycosylation	1365	1365	EXACT	EXACT	N-linked (GlcNAc...) asparagine		N-linked (GlcNAc...) asparagine	N-linked (GlcNAc...) asparagine	PTM-0528	exact			no_mass_in_vocabulary	true
Q14524	SCN5A	1	Glycosylation	1374	1374	EXACT	EXACT	N-linked (GlcNAc...) asparagine		N-linked (GlcNAc...) asparagine	N-linked (GlcNAc...) asparagine	PTM-0528	exact			no_mass_in_vocabulary	true
Q14524	SCN5A	1	Glycosylation	1380	1380	EXACT	EXACT	N-linked (GlcNAc...) asparagine		N-linked (GlcNAc...) asparagine	N-linked (GlcNAc...) asparagine	PTM-0528	exact			no_mass_in_vocabulary	true
Q14524	SCN5A	1	Glycosylation	1388	1388	EXACT	EXACT	N-linked (GlcNAc...) asparagine		N-linked (GlcNAc...) asparagine	N-linked (GlcNAc...) asparagine	PTM-0528	exact			no_mass_in_vocabulary	true
Q14524	SCN5A	1	Glycosylation	1736	1736	EXACT	EXACT	N-linked (GlcNAc...) asparagine		N-linked (GlcNAc...) asparagine	N-linked (GlcNAc...) asparagine	PTM-0528	exact			no_mass_in_vocabulary	true
Q14524	SCN5A	1	Disulfide bond	280	335	EXACT	EXACT						not_in_vocabulary	H-2 (arithmetic)	-2.016	disulfide_arithmetic	true
Q14524	SCN5A	1	Disulfide bond	906	915	EXACT	EXACT						not_in_vocabulary	H-2 (arithmetic)	-2.016	disulfide_arithmetic	true
Q14571	ITPR2	2	Modified residue	937	937	EXACT	EXACT	Phosphoserine; by PKA		Phosphoserine	Phosphoserine	PTM-0253	exact	H1 O3 P1	79.98	vocabulary	true
Q14571	ITPR2	2	Modified residue	1160	1160	EXACT	EXACT	Phosphoserine		Phosphoserine	Phosphoserine	PTM-0253	exact	H1 O3 P1	79.98	vocabulary	true
Q14571	ITPR2	2	Modified residue	1709	1709	EXACT	EXACT	Phosphoserine		Phosphoserine	Phosphoserine	PTM-0253	exact	H1 O3 P1	79.98	vocabulary	true
Q14571	ITPR2	2	Modified residue	2607	2607	EXACT	EXACT	Phosphotyrosine		Phosphotyrosine	Phosphotyrosine	PTM-0255	exact	H1 O3 P1	79.98	vocabulary	true
Q14571	ITPR2	2	Modified residue	2633	2633	EXACT	EXACT	Phosphoserine		Phosphoserine	Phosphoserine	PTM-0253	exact	H1 O3 P1	79.98	vocabulary	true
Q14571	ITPR2	2	Modified residue	2636	2636	EXACT	EXACT	Phosphoserine		Phosphoserine	Phosphoserine	PTM-0253	exact	H1 O3 P1	79.98	vocabulary	true
Q14573	ITPR3	2	Modified residue	916	916	EXACT	EXACT	Phosphoserine		Phosphoserine	Phosphoserine	PTM-0253	exact	H1 O3 P1	79.98	vocabulary	true
Q14573	ITPR3	2	Modified residue	934	934	EXACT	EXACT	Phosphoserine		Phosphoserine	Phosphoserine	PTM-0253	exact	H1 O3 P1	79.98	vocabulary	true
Q14573	ITPR3	2	Modified residue	1813	1813	EXACT	EXACT	Phosphoserine		Phosphoserine	Phosphoserine	PTM-0253	exact	H1 O3 P1	79.98	vocabulary	true
Q14573	ITPR3	2	Modified residue	1832	1832	EXACT	EXACT	Phosphoserine		Phosphoserine	Phosphoserine	PTM-0253	exact	H1 O3 P1	79.98	vocabulary	true
Q14573	ITPR3	2	Modified residue	1834	1834	EXACT	EXACT	Phosphoserine		Phosphoserine	Phosphoserine	PTM-0253	exact	H1 O3 P1	79.98	vocabulary	true
Q14573	ITPR3	2	Modified residue	2609	2609	EXACT	EXACT	Phosphoserine		Phosphoserine	Phosphoserine	PTM-0253	exact	H1 O3 P1	79.98	vocabulary	true
Q14573	ITPR3	2	Modified residue	2670	2670	EXACT	EXACT	Phosphoserine		Phosphoserine	Phosphoserine	PTM-0253	exact	H1 O3 P1	79.98	vocabulary	true
Q14573	ITPR3	2	Disulfide bond	2455	2461	EXACT	EXACT						not_in_vocabulary	H-2 (arithmetic)	-2.016	disulfide_arithmetic	true
Q14596	NBR1	1	Modified residue	116	116	EXACT	EXACT	Phosphoserine		Phosphoserine	Phosphoserine	PTM-0253	exact	H1 O3 P1	79.98	vocabulary	true
Q14596	NBR1	1	Modified residue	586	586	EXACT	EXACT	Phosphothreonine; by GSK3-alpha		Phosphothreonine	Phosphothreonine	PTM-0254	exact	H1 O3 P1	79.98	vocabulary	true
Q14596	NBR1	1	Modified residue	590	590	EXACT	EXACT	Phosphoserine		Phosphoserine	Phosphoserine	PTM-0253	exact	H1 O3 P1	79.98	vocabulary	true
Q14596	NBR1	1	Modified residue	596	596	EXACT	EXACT	Phosphoserine		Phosphoserine	Phosphoserine	PTM-0253	exact	H1 O3 P1	79.98	vocabulary	true
Q14596	NBR1	1	Modified residue	625	625	EXACT	EXACT	Phosphoserine		Phosphoserine	Phosphoserine	PTM-0253	exact	H1 O3 P1	79.98	vocabulary	true
Q14643	ITPR1	2	Modified residue	1598	1598	EXACT	EXACT	Phosphoserine		Phosphoserine	Phosphoserine	PTM-0253	exact	H1 O3 P1	79.98	vocabulary	true
Q14643	ITPR1	2	Modified residue	1764	1764	EXACT	EXACT	Phosphoserine; by PKA		Phosphoserine	Phosphoserine	PTM-0253	exact	H1 O3 P1	79.98	vocabulary	true
Q14643	ITPR1	2	Lipidation	56	56	EXACT	EXACT	S-palmitoyl cysteine		S-palmitoyl cysteine	S-palmitoyl cysteine	PTM-0281	exact	C16 H30 O1	238.41	vocabulary	true
Q14643	ITPR1	2	Lipidation	850	850	EXACT	EXACT	S-palmitoyl cysteine		S-palmitoyl cysteine	S-palmitoyl cysteine	PTM-0281	exact	C16 H30 O1	238.41	vocabulary	true
Q14643	ITPR1	2	Glycosylation	2512	2512	EXACT	EXACT	N-linked (GlcNAc...) asparagine		N-linked (GlcNAc...) asparagine	N-linked (GlcNAc...) asparagine	PTM-0528	exact			no_mass_in_vocabulary	true
Q14643	ITPR1	2	Disulfide bond	2536	2542	EXACT	EXACT						not_in_vocabulary	H-2 (arithmetic)	-2.016	disulfide_arithmetic	true
Q14643	ITPR1	2	Cross-link	917	917	EXACT	EXACT	Glycyl lysine isopeptide (Lys-Gly) (interchain with G-Cter in ubiquitin)		Glycyl lysine isopeptide (Lys-Gly) (interchain with G-Cter in ubiquitin)	Glycyl lysine isopeptide (Lys-Gly) (interchain with G-...)	PTM-0135	wildcard	H-2 O-1	-18.02	vocabulary	true
Q14643	ITPR1	2	Cross-link	972	972	EXACT	EXACT	Glycyl lysine isopeptide (Lys-Gly) (interchain with G-Cter in ubiquitin)		Glycyl lysine isopeptide (Lys-Gly) (interchain with G-Cter in ubiquitin)	Glycyl lysine isopeptide (Lys-Gly) (interchain with G-...)	PTM-0135	wildcard	H-2 O-1	-18.02	vocabulary	true
Q14643	ITPR1	2	Cross-link	1581	1581	EXACT	EXACT	Glycyl lysine isopeptide (Lys-Gly) (interchain with G-Cter in ubiquitin)		Glycyl lysine isopeptide (Lys-Gly) (interchain with G-Cter in ubiquitin)	Glycyl lysine isopeptide (Lys-Gly) (interchain with G-...)	PTM-0135	wildcard	H-2 O-1	-18.02	vocabulary	true
Q14643	ITPR1	2	Cross-link	1780	1780	EXACT	EXACT	Glycyl lysine isopeptide (Lys-Gly) (interchain with G-Cter in ubiquitin)		Glycyl lysine isopeptide (Lys-Gly) (interchain with G-Cter in ubiquitin)	Glycyl lysine isopeptide (Lys-Gly) (interchain with G-...)	PTM-0135	wildcard	H-2 O-1	-18.02	vocabulary	true
Q14643	ITPR1	2	Cross-link	1893	1893	EXACT	EXACT	Glycyl lysine isopeptide (Lys-Gly) (interchain with G-Cter in ubiquitin)		Glycyl lysine isopeptide (Lys-Gly) (interchain with G-Cter in ubiquitin)	Glycyl lysine isopeptide (Lys-Gly) (interchain with G-...)	PTM-0135	wildcard	H-2 O-1	-18.02	vocabulary	true
Q14643	ITPR1	2	Cross-link	1894	1894	EXACT	EXACT	Glycyl lysine isopeptide (Lys-Gly) (interchain with G-Cter in ubiquitin)		Glycyl lysine isopeptide (Lys-Gly) (interchain with G-Cter in ubiquitin)	Glycyl lysine isopeptide (Lys-Gly) (interchain with G-...)	PTM-0135	wildcard	H-2 O-1	-18.02	vocabulary	true
Q14643	ITPR1	2	Cross-link	1895	1895	EXACT	EXACT	Glycyl lysine isopeptide (Lys-Gly) (interchain with G-Cter in ubiquitin)		Glycyl lysine isopeptide (Lys-Gly) (interchain with G-Cter in ubiquitin)	Glycyl lysine isopeptide (Lys-Gly) (interchain with G-...)	PTM-0135	wildcard	H-2 O-1	-18.02	vocabulary	true
Q14643	ITPR1	2	Cross-link	1910	1910	EXACT	EXACT	Glycyl lysine isopeptide (Lys-Gly) (interchain with G-Cter in ubiquitin)		Glycyl lysine isopeptide (Lys-Gly) (interchain with G-Cter in ubiquitin)	Glycyl lysine isopeptide (Lys-Gly) (interchain with G-...)	PTM-0135	wildcard	H-2 O-1	-18.02	vocabulary	true
Q14643	ITPR1	2	Cross-link	1933	1933	EXACT	EXACT	Glycyl lysine isopeptide (Lys-Gly) (interchain with G-Cter in ubiquitin)		Glycyl lysine isopeptide (Lys-Gly) (interchain with G-Cter in ubiquitin)	Glycyl lysine isopeptide (Lys-Gly) (interchain with G-...)	PTM-0135	wildcard	H-2 O-1	-18.02	vocabulary	true
Q14643	ITPR1	2	Cross-link	2127	2127	EXACT	EXACT	Glycyl lysine isopeptide (Lys-Gly) (interchain with G-Cter in ubiquitin)		Glycyl lysine isopeptide (Lys-Gly) (interchain with G-Cter in ubiquitin)	Glycyl lysine isopeptide (Lys-Gly) (interchain with G-...)	PTM-0135	wildcard	H-2 O-1	-18.02	vocabulary	true
Q14643	ITPR1	2	Cross-link	2266	2266	EXACT	EXACT	Glycyl lysine isopeptide (Lys-Gly) (interchain with G-Cter in ubiquitin)		Glycyl lysine isopeptide (Lys-Gly) (interchain with G-Cter in ubiquitin)	Glycyl lysine isopeptide (Lys-Gly) (interchain with G-...)	PTM-0135	wildcard	H-2 O-1	-18.02	vocabulary	true
Q14896	MYBPC3	1	Modified residue	1	1	EXACT	EXACT	N-acetylmethionine		N-acetylmethionine	N-acetylmethionine	PTM-0205	exact	C2 H2 O1	42.04	vocabulary	true
Q14896	MYBPC3	1	Modified residue	47	47	EXACT	EXACT	Phosphoserine		Phosphoserine	Phosphoserine	PTM-0253	exact	H1 O3 P1	79.98	vocabulary	true
Q14896	MYBPC3	1	Modified residue	275	275	EXACT	EXACT	Phosphoserine; by PKA and PKC		Phosphoserine	Phosphoserine	PTM-0253	exact	H1 O3 P1	79.98	vocabulary	true
Q14896	MYBPC3	1	Modified residue	284	284	EXACT	EXACT	Phosphoserine; by PKA and PKC		Phosphoserine	Phosphoserine	PTM-0253	exact	H1 O3 P1	79.98	vocabulary	true
Q14896	MYBPC3	1	Modified residue	304	304	EXACT	EXACT	Phosphoserine; by PKA and PKC		Phosphoserine	Phosphoserine	PTM-0253	exact	H1 O3 P1	79.98	vocabulary	true
Q14896	MYBPC3	1	Modified residue	311	311	EXACT	EXACT	Phosphoserine		Phosphoserine	Phosphoserine	PTM-0253	exact	H1 O3 P1	79.98	vocabulary	true
Q14896	MYBPC3	1	Modified residue	427	427	EXACT	EXACT	Phosphoserine		Phosphoserine	Phosphoserine	PTM-0253	exact	H1 O3 P1	79.98	vocabulary	true
Q14896	MYBPC3	1	Modified residue	550	550	EXACT	EXACT	Phosphoserine		Phosphoserine	Phosphoserine	PTM-0253	exact	H1 O3 P1	79.98	vocabulary	true
Q14896	MYBPC3	1	Modified residue	607	607	EXACT	EXACT	Phosphothreonine		Phosphothreonine	Phosphothreonine	PTM-0254	exact	H1 O3 P1	79.98	vocabulary	true
Q14896	MYBPC3	1	Modified residue	1241	1241	EXACT	EXACT	Omega-N-methylarginine		Omega-N-methylarginine	Omega-N-methylarginine	PTM-0237	exact	C1 H2	14.03	vocabulary	true
Q14896	MYBPC3	1	Disulfide bond	436	443	EXACT	EXACT						not_in_vocabulary	H-2 (arithmetic)	-2.016	disulfide_arithmetic	true
Q14BN4	SLMAP	1	Modified residue	148	148	EXACT	EXACT	Phosphoserine		Phosphoserine	Phosphoserine	PTM-0253	exact	H1 O3 P1	79.98	vocabulary	true
Q14BN4	SLMAP	1	Modified residue	448	448	EXACT	EXACT	Phosphoserine		Phosphoserine	Phosphoserine	PTM-0253	exact	H1 O3 P1	79.98	vocabulary	true
Q14BN4	SLMAP	1	Modified residue	452	452	EXACT	EXACT	Phosphoserine		Phosphoserine	Phosphoserine	PTM-0253	exact	H1 O3 P1	79.98	vocabulary	true
Q15124	PGM5	1	Modified residue	120	120	EXACT	EXACT	Phosphothreonine		Phosphothreonine	Phosphothreonine	PTM-0254	exact	H1 O3 P1	79.98	vocabulary	true
Q15124	PGM5	1	Modified residue	122	122	EXACT	EXACT	Phosphoserine		Phosphoserine	Phosphoserine	PTM-0253	exact	H1 O3 P1	79.98	vocabulary	true
Q15139	PRKD1	1	Modified residue	95	95	EXACT	EXACT	Phosphotyrosine		Phosphotyrosine	Phosphotyrosine	PTM-0255	exact	H1 O3 P1	79.98	vocabulary	true
Q15139	PRKD1	1	Modified residue	205	205	EXACT	EXACT	Phosphoserine		Phosphoserine	Phosphoserine	PTM-0253	exact	H1 O3 P1	79.98	vocabulary	true
Q15139	PRKD1	1	Modified residue	208	208	EXACT	EXACT	Phosphoserine		Phosphoserine	Phosphoserine	PTM-0253	exact	H1 O3 P1	79.98	vocabulary	true
Q15139	PRKD1	1	Modified residue	219	219	EXACT	EXACT	Phosphoserine		Phosphoserine	Phosphoserine	PTM-0253	exact	H1 O3 P1	79.98	vocabulary	true
Q15139	PRKD1	1	Modified residue	223	223	EXACT	EXACT	Phosphoserine		Phosphoserine	Phosphoserine	PTM-0253	exact	H1 O3 P1	79.98	vocabulary	true
Q15139	PRKD1	1	Modified residue	345	345	EXACT	EXACT	Phosphoserine		Phosphoserine	Phosphoserine	PTM-0253	exact	H1 O3 P1	79.98	vocabulary	true
Q15139	PRKD1	1	Modified residue	397	397	EXACT	EXACT	Phosphoserine; by MAPK13		Phosphoserine	Phosphoserine	PTM-0253	exact	H1 O3 P1	79.98	vocabulary	true
Q15139	PRKD1	1	Modified residue	401	401	EXACT	EXACT	Phosphoserine; by MAPK13		Phosphoserine	Phosphoserine	PTM-0253	exact	H1 O3 P1	79.98	vocabulary	true
Q15139	PRKD1	1	Modified residue	432	432	EXACT	EXACT	Phosphotyrosine		Phosphotyrosine	Phosphotyrosine	PTM-0255	exact	H1 O3 P1	79.98	vocabulary	true
Q15139	PRKD1	1	Modified residue	448	448	EXACT	EXACT	Phosphoserine		Phosphoserine	Phosphoserine	PTM-0253	exact	H1 O3 P1	79.98	vocabulary	true
Q15139	PRKD1	1	Modified residue	463	463	EXACT	EXACT	Phosphotyrosine; by ABL		Phosphotyrosine	Phosphotyrosine	PTM-0255	exact	H1 O3 P1	79.98	vocabulary	true
Q15139	PRKD1	1	Modified residue	473	473	EXACT	EXACT	Phosphoserine		Phosphoserine	Phosphoserine	PTM-0253	exact	H1 O3 P1	79.98	vocabulary	true
Q15139	PRKD1	1	Modified residue	502	502	EXACT	EXACT	Phosphotyrosine		Phosphotyrosine	Phosphotyrosine	PTM-0255	exact	H1 O3 P1	79.98	vocabulary	true
Q15139	PRKD1	1	Modified residue	548	548	EXACT	EXACT	Phosphoserine		Phosphoserine	Phosphoserine	PTM-0253	exact	H1 O3 P1	79.98	vocabulary	true
Q15139	PRKD1	1	Modified residue	738	738	EXACT	EXACT	Phosphoserine; by PKC/PRKCD		Phosphoserine	Phosphoserine	PTM-0253	exact	H1 O3 P1	79.98	vocabulary	true
Q15139	PRKD1	1	Modified residue	742	742	EXACT	EXACT	Phosphoserine; by autocatalysis and PKC/PRKCD		Phosphoserine	Phosphoserine	PTM-0253	exact	H1 O3 P1	79.98	vocabulary	true
Q15139	PRKD1	1	Modified residue	749	749	EXACT	EXACT	Phosphotyrosine		Phosphotyrosine	Phosphotyrosine	PTM-0255	exact	H1 O3 P1	79.98	vocabulary	true
Q15139	PRKD1	1	Modified residue	910	910	EXACT	EXACT	Phosphoserine; by autocatalysis		Phosphoserine	Phosphoserine	PTM-0253	exact	H1 O3 P1	79.98	vocabulary	true
Q15149	PLEC	1;2	Modified residue	113	113	EXACT	EXACT	Phosphothreonine		Phosphothreonine	Phosphothreonine	PTM-0254	exact	H1 O3 P1	79.98	vocabulary	true
Q15149	PLEC	1;2	Modified residue	125	125	EXACT	EXACT	Phosphoserine		Phosphoserine	Phosphoserine	PTM-0253	exact	H1 O3 P1	79.98	vocabulary	true
Q15149	PLEC	1;2	Modified residue	149	149	EXACT	EXACT	Phosphoserine		Phosphoserine	Phosphoserine	PTM-0253	exact	H1 O3 P1	79.98	vocabulary	true
Q15149	PLEC	1;2	Modified residue	720	720	EXACT	EXACT	Phosphoserine		Phosphoserine	Phosphoserine	PTM-0253	exact	H1 O3 P1	79.98	vocabulary	true
Q15149	PLEC	1;2	Modified residue	1047	1047	EXACT	EXACT	Phosphoserine		Phosphoserine	Phosphoserine	PTM-0253	exact	H1 O3 P1	79.98	vocabulary	true
Q15149	PLEC	1;2	Modified residue	1435	1435	EXACT	EXACT	Phosphoserine		Phosphoserine	Phosphoserine	PTM-0253	exact	H1 O3 P1	79.98	vocabulary	true
Q15149	PLEC	1;2	Modified residue	1721	1721	EXACT	EXACT	Phosphoserine		Phosphoserine	Phosphoserine	PTM-0253	exact	H1 O3 P1	79.98	vocabulary	true
Q15149	PLEC	1;2	Modified residue	1725	1725	EXACT	EXACT	N6-acetyllysine		N6-acetyllysine	N6-acetyllysine	PTM-0190	exact	C2 H2 O1	42.04	vocabulary	true
Q15149	PLEC	1;2	Modified residue	1732	1732	EXACT	EXACT	Phosphoserine		Phosphoserine	Phosphoserine	PTM-0253	exact	H1 O3 P1	79.98	vocabulary	true
Q15149	PLEC	1;2	Modified residue	2631	2631	EXACT	EXACT	Phosphoserine		Phosphoserine	Phosphoserine	PTM-0253	exact	H1 O3 P1	79.98	vocabulary	true
Q15149	PLEC	1;2	Modified residue	2636	2636	EXACT	EXACT	N6-acetyllysine		N6-acetyllysine	N6-acetyllysine	PTM-0190	exact	C2 H2 O1	42.04	vocabulary	true
Q15149	PLEC	1;2	Modified residue	2782	2782	EXACT	EXACT	Phosphoserine		Phosphoserine	Phosphoserine	PTM-0253	exact	H1 O3 P1	79.98	vocabulary	true
Q15149	PLEC	1;2	Modified residue	2802	2802	EXACT	EXACT	Phosphoserine		Phosphoserine	Phosphoserine	PTM-0253	exact	H1 O3 P1	79.98	vocabulary	true
Q15149	PLEC	1;2	Modified residue	2886	2886	EXACT	EXACT	Phosphothreonine		Phosphothreonine	Phosphothreonine	PTM-0254	exact	H1 O3 P1	79.98	vocabulary	true
Q15149	PLEC	1;2	Modified residue	3033	3033	EXACT	EXACT	Phosphotyrosine		Phosphotyrosine	Phosphotyrosine	PTM-0255	exact	H1 O3 P1	79.98	vocabulary	true
Q15149	PLEC	1;2	Modified residue	3036	3036	EXACT	EXACT	Phosphoserine		Phosphoserine	Phosphoserine	PTM-0253	exact	H1 O3 P1	79.98	vocabulary	true
Q15149	PLEC	1;2	Modified residue	3053	3053	EXACT	EXACT	N6-acetyllysine		N6-acetyllysine	N6-acetyllysine	PTM-0190	exact	C2 H2 O1	42.04	vocabulary	true
Q15149	PLEC	1;2	Modified residue	3091	3091	EXACT	EXACT	N6-acetyllysine		N6-acetyllysine	N6-acetyllysine	PTM-0190	exact	C2 H2 O1	42.04	vocabulary	true
Q15149	PLEC	1;2	Modified residue	3362	3362	EXACT	EXACT	Phosphotyrosine		Phosphotyrosine	Phosphotyrosine	PTM-0255	exact	H1 O3 P1	79.98	vocabulary	true
Q15149	PLEC	1;2	Modified residue	3420	3420	EXACT	EXACT	N6-acetyllysine		N6-acetyllysine	N6-acetyllysine	PTM-0190	exact	C2 H2 O1	42.04	vocabulary	true
Q15149	PLEC	1;2	Modified residue	3580	3580	EXACT	EXACT	Phosphoserine		Phosphoserine	Phosphoserine	PTM-0253	exact	H1 O3 P1	79.98	vocabulary	true
Q15149	PLEC	1;2	Modified residue	3785	3785	EXACT	EXACT	Phosphothreonine		Phosphothreonine	Phosphothreonine	PTM-0254	exact	H1 O3 P1	79.98	vocabulary	true
Q15149	PLEC	1;2	Modified residue	4030	4030	EXACT	EXACT	Phosphothreonine		Phosphothreonine	Phosphothreonine	PTM-0254	exact	H1 O3 P1	79.98	vocabulary	true
Q15149	PLEC	1;2	Modified residue	4054	4054	EXACT	EXACT	Phosphoserine		Phosphoserine	Phosphoserine	PTM-0253	exact	H1 O3 P1	79.98	vocabulary	true
Q15149	PLEC	1;2	Modified residue	4382	4382	EXACT	EXACT	Phosphoserine		Phosphoserine	Phosphoserine	PTM-0253	exact	H1 O3 P1	79.98	vocabulary	true
Q15149	PLEC	1;2	Modified residue	4384	4384	EXACT	EXACT	Phosphoserine		Phosphoserine	Phosphoserine	PTM-0253	exact	H1 O3 P1	79.98	vocabulary	true
Q15149	PLEC	1;2	Modified residue	4385	4385	EXACT	EXACT	Phosphoserine		Phosphoserine	Phosphoserine	PTM-0253	exact	H1 O3 P1	79.98	vocabulary	true
Q15149	PLEC	1;2	Modified residue	4386	4386	EXACT	EXACT	Phosphoserine		Phosphoserine	Phosphoserine	PTM-0253	exact	H1 O3 P1	79.98	vocabulary	true
Q15149	PLEC	1;2	Modified residue	4389	4389	EXACT	EXACT	Phosphoserine		Phosphoserine	Phosphoserine	PTM-0253	exact	H1 O3 P1	79.98	vocabulary	true
Q15149	PLEC	1;2	Modified residue	4390	4390	EXACT	EXACT	Phosphoserine		Phosphoserine	Phosphoserine	PTM-0253	exact	H1 O3 P1	79.98	vocabulary	true
Q15149	PLEC	1;2	Modified residue	4391	4391	EXACT	EXACT	Phosphoserine		Phosphoserine	Phosphoserine	PTM-0253	exact	H1 O3 P1	79.98	vocabulary	true
Q15149	PLEC	1;2	Modified residue	4392	4392	EXACT	EXACT	Phosphoserine		Phosphoserine	Phosphoserine	PTM-0253	exact	H1 O3 P1	79.98	vocabulary	true
Q15149	PLEC	1;2	Modified residue	4393	4393	EXACT	EXACT	Phosphotyrosine		Phosphotyrosine	Phosphotyrosine	PTM-0255	exact	H1 O3 P1	79.98	vocabulary	true
Q15149	PLEC	1;2	Modified residue	4396	4396	EXACT	EXACT	Phosphoserine		Phosphoserine	Phosphoserine	PTM-0253	exact	H1 O3 P1	79.98	vocabulary	true
Q15149	PLEC	1;2	Modified residue	4400	4400	EXACT	EXACT	Phosphoserine		Phosphoserine	Phosphoserine	PTM-0253	exact	H1 O3 P1	79.98	vocabulary	true
Q15149	PLEC	1;2	Modified residue	4406	4406	EXACT	EXACT	Phosphoserine		Phosphoserine	Phosphoserine	PTM-0253	exact	H1 O3 P1	79.98	vocabulary	true
Q15149	PLEC	1;2	Modified residue	4411	4411	EXACT	EXACT	Phosphothreonine		Phosphothreonine	Phosphothreonine	PTM-0254	exact	H1 O3 P1	79.98	vocabulary	true
Q15149	PLEC	1;2	Modified residue	4539	4539	EXACT	EXACT	Phosphothreonine; by CDK1		Phosphothreonine	Phosphothreonine	PTM-0254	exact	H1 O3 P1	79.98	vocabulary	true
Q15149	PLEC	1;2	Modified residue	4607	4607	EXACT	EXACT	Phosphoserine		Phosphoserine	Phosphoserine	PTM-0253	exact	H1 O3 P1	79.98	vocabulary	true
Q15149	PLEC	1;2	Modified residue	4613	4613	EXACT	EXACT	Phosphoserine		Phosphoserine	Phosphoserine	PTM-0253	exact	H1 O3 P1	79.98	vocabulary	true
Q15149	PLEC	1;2	Modified residue	4615	4615	EXACT	EXACT	Phosphotyrosine		Phosphotyrosine	Phosphotyrosine	PTM-0255	exact	H1 O3 P1	79.98	vocabulary	true
Q15149	PLEC	1;2	Modified residue	4616	4616	EXACT	EXACT	Phosphoserine		Phosphoserine	Phosphoserine	PTM-0253	exact	H1 O3 P1	79.98	vocabulary	true
Q15149	PLEC	1;2	Modified residue	4618	4618	EXACT	EXACT	Phosphoserine		Phosphoserine	Phosphoserine	PTM-0253	exact	H1 O3 P1	79.98	vocabulary	true
Q15149	PLEC	1;2	Modified residue	4622	4622	EXACT	EXACT	Phosphoserine		Phosphoserine	Phosphoserine	PTM-0253	exact	H1 O3 P1	79.98	vocabulary	true
Q15149	PLEC	1;2	Modified residue	4623	4623	EXACT	EXACT	Phosphothreonine		Phosphothreonine	Phosphothreonine	PTM-0254	exact	H1 O3 P1	79.98	vocabulary	true
Q15149	PLEC	1;2	Modified residue	4626	4626	EXACT	EXACT	Phosphoserine		Phosphoserine	Phosphoserine	PTM-0253	exact	H1 O3 P1	79.98	vocabulary	true
Q15149	PLEC	1;2	Modified residue	4627	4627	EXACT	EXACT	Omega-N-methylarginine		Omega-N-methylarginine	Omega-N-methylarginine	PTM-0237	exact	C1 H2	14.03	vocabulary	true
Q15149	PLEC	1;2	Modified residue	4640	4640	EXACT	EXACT	Omega-N-methylarginine		Omega-N-methylarginine	Omega-N-methylarginine	PTM-0237	exact	C1 H2	14.03	vocabulary	true
Q15149	PLEC	1;2	Modified residue	4642	4642	EXACT	EXACT	Phosphoserine		Phosphoserine	Phosphoserine	PTM-0253	exact	H1 O3 P1	79.98	vocabulary	true
Q15149	PLEC	1;2	Modified residue	4672	4672	EXACT	EXACT	Phosphoserine		Phosphoserine	Phosphoserine	PTM-0253	exact	H1 O3 P1	79.98	vocabulary	true
Q15149	PLEC	1;2	Modified residue	4675	4675	EXACT	EXACT	Phosphoserine		Phosphoserine	Phosphoserine	PTM-0253	exact	H1 O3 P1	79.98	vocabulary	true
Q15149	PLEC	1;2	Modified residue	42	42	EXACT	EXACT	Phosphoserine		Phosphoserine	Phosphoserine	PTM-0253	exact	H1 O3 P1	79.98	vocabulary	true
Q15149	PLEC	1;2	Modified residue	42	42	EXACT	EXACT	Phosphoserine		Phosphoserine	Phosphoserine	PTM-0253	exact	H1 O3 P1	79.98	vocabulary	true
Q15149	PLEC	1;2	Modified residue	20	20	EXACT	EXACT	Phosphoserine		Phosphoserine	Phosphoserine	PTM-0253	exact	H1 O3 P1	79.98	vocabulary	true
Q15149	PLEC	1;2	Modified residue	21	21	EXACT	EXACT	Phosphoserine		Phosphoserine	Phosphoserine	PTM-0253	exact	H1 O3 P1	79.98	vocabulary	true
Q15149	PLEC	1;2	Modified residue	26	26	EXACT	EXACT	Phosphotyrosine		Phosphotyrosine	Phosphotyrosine	PTM-0255	exact	H1 O3 P1	79.98	vocabulary	true
Q15172	PPP2R5A	1	Modified residue	2	2	EXACT	EXACT	N-acetylserine		N-acetylserine	N-acetylserine	PTM-0207	exact	C2 H2 O1	42.04	vocabulary	true
Q15172	PPP2R5A	1	Modified residue	41	41	EXACT	EXACT	Phosphoserine		Phosphoserine	Phosphoserine	PTM-0253	exact	H1 O3 P1	79.98	vocabulary	true
Q15172	PPP2R5A	1	Modified residue	42	42	EXACT	EXACT	Phosphoserine		Phosphoserine	Phosphoserine	PTM-0253	exact	H1 O3 P1	79.98	vocabulary	true
Q15172	PPP2R5A	1	Modified residue	49	49	EXACT	EXACT	Phosphoserine		Phosphoserine	Phosphoserine	PTM-0253	exact	H1 O3 P1	79.98	vocabulary	true
Q15842	KCNJ8	1	Modified residue	6	6	EXACT	EXACT	Phosphoserine		Phosphoserine	Phosphoserine	PTM-0253	exact	H1 O3 P1	79.98	vocabulary	true
Q16527	CSRP2	1	Modified residue	112	112	EXACT	EXACT	N6-acetyllysine		N6-acetyllysine	N6-acetyllysine	PTM-0190	exact	C2 H2 O1	42.04	vocabulary	true
Q16527	CSRP2	1	Modified residue	131	131	EXACT	EXACT	N6-acetyllysine		N6-acetyllysine	N6-acetyllysine	PTM-0190	exact	C2 H2 O1	42.04	vocabulary	true
Q16527	CSRP2	1	Modified residue	137	137	EXACT	EXACT	N6-acetyllysine; alternate		N6-acetyllysine	N6-acetyllysine	PTM-0190	exact	C2 H2 O1	42.04	vocabulary	true
Q16527	CSRP2	1	Modified residue	137	137	EXACT	EXACT	N6-succinyllysine; alternate		N6-succinyllysine	N6-succinyllysine	PTM-0438	exact	C4 H4 O3	100.07	vocabulary	true
Q16527	CSRP2	1	Modified residue	161	161	EXACT	EXACT	N6-acetyllysine		N6-acetyllysine	N6-acetyllysine	PTM-0190	exact	C2 H2 O1	42.04	vocabulary	true
Q16527	CSRP2	1	Cross-link	91	91	EXACT	EXACT	Glycyl lysine isopeptide (Lys-Gly) (interchain with G-Cter in SUMO2)		Glycyl lysine isopeptide (Lys-Gly) (interchain with G-Cter in SUMO2)	Glycyl lysine isopeptide (Lys-Gly) (interchain with G-...)	PTM-0135	wildcard	H-2 O-1	-18.02	vocabulary	true
Q16637	SMN1	1	Modified residue	2	2	EXACT	EXACT	N-acetylalanine		N-acetylalanine	N-acetylalanine	PTM-0199	exact	C2 H2 O1	42.04	vocabulary	true
Q16637	SMN1	1	Modified residue	4	4	EXACT	EXACT	Phosphoserine; by PKA		Phosphoserine	Phosphoserine	PTM-0253	exact	H1 O3 P1	79.98	vocabulary	true
Q16637	SMN1	1	Modified residue	5	5	EXACT	EXACT	Phosphoserine; by PKA		Phosphoserine	Phosphoserine	PTM-0253	exact	H1 O3 P1	79.98	vocabulary	true
Q16637	SMN1	1	Modified residue	8	8	EXACT	EXACT	Phosphoserine; by PKA		Phosphoserine	Phosphoserine	PTM-0253	exact	H1 O3 P1	79.98	vocabulary	true
Q16637	SMN1	1	Modified residue	25	25	EXACT	EXACT	Phosphothreonine		Phosphothreonine	Phosphothreonine	PTM-0254	exact	H1 O3 P1	79.98	vocabulary	true
Q16637	SMN1	1	Modified residue	28	28	EXACT	EXACT	Phosphoserine		Phosphoserine	Phosphoserine	PTM-0253	exact	H1 O3 P1	79.98	vocabulary	true
Q16637	SMN1	1	Modified residue	31	31	EXACT	EXACT	Phosphoserine		Phosphoserine	Phosphoserine	PTM-0253	exact	H1 O3 P1	79.98	vocabulary	true
Q16637	SMN1	1	Modified residue	69	69	EXACT	EXACT	Phosphothreonine		Phosphothreonine	Phosphothreonine	PTM-0254	exact	H1 O3 P1	79.98	vocabulary	true
Q16637	SMN1	1	Modified residue	85	85	EXACT	EXACT	Phosphothreonine; by PKA		Phosphothreonine	Phosphothreonine	PTM-0254	exact	H1 O3 P1	79.98	vocabulary	true
Q16637	SMN1	1	Modified residue	187	187	EXACT	EXACT	Phosphoserine; by PKA		Phosphoserine	Phosphoserine	PTM-0253	exact	H1 O3 P1	79.98	vocabulary	true
Q16637	SMN1	1	Cross-link	51	51	EXACT	EXACT	Glycyl lysine isopeptide (Lys-Gly) (interchain with G-Cter in SUMO2)		Glycyl lysine isopeptide (Lys-Gly) (interchain with G-Cter in SUMO2)	Glycyl lysine isopeptide (Lys-Gly) (interchain with G-...)	PTM-0135	wildcard	H-2 O-1	-18.02	vocabulary	true
Q16637	SMN1	1	Cross-link	209	209	EXACT	EXACT	Glycyl lysine isopeptide (Lys-Gly) (interchain with G-Cter in SUMO2)		Glycyl lysine isopeptide (Lys-Gly) (interchain with G-Cter in SUMO2)	Glycyl lysine isopeptide (Lys-Gly) (interchain with G-...)	PTM-0135	wildcard	H-2 O-1	-18.02	vocabulary	true
Q2V2M9	FHOD3	1	Modified residue	345	345	EXACT	EXACT	Phosphoserine		Phosphoserine	Phosphoserine	PTM-0253	exact	H1 O3 P1	79.98	vocabulary	true
Q2V2M9	FHOD3	1	Modified residue	375	375	EXACT	EXACT	Phosphoserine		Phosphoserine	Phosphoserine	PTM-0253	exact	H1 O3 P1	79.98	vocabulary	true
Q2V2M9	FHOD3	1	Modified residue	763	763	EXACT	EXACT	Phosphoserine		Phosphoserine	Phosphoserine	PTM-0253	exact	H1 O3 P1	79.98	vocabulary	true
Q2V2M9	FHOD3	1	Modified residue	775	775	EXACT	EXACT	Phosphothreonine		Phosphothreonine	Phosphothreonine	PTM-0254	exact	H1 O3 P1	79.98	vocabulary	true
Q2V2M9	FHOD3	1	Modified residue	1474	1474	EXACT	EXACT	Phosphothreonine		Phosphothreonine	Phosphothreonine	PTM-0254	exact	H1 O3 P1	79.98	vocabulary	false
Q2V2M9	FHOD3	1	Modified residue	1476	1476	EXACT	EXACT	Phosphothreonine		Phosphothreonine	Phosphothreonine	PTM-0254	exact	H1 O3 P1	79.98	vocabulary	false
Q53GG5	PDLIM3	1	Modified residue	18	18	EXACT	EXACT	Phosphoserine		Phosphoserine	Phosphoserine	PTM-0253	exact	H1 O3 P1	79.98	vocabulary	true
Q53GG5	PDLIM3	1	Modified residue	93	93	EXACT	EXACT	Phosphoserine		Phosphoserine	Phosphoserine	PTM-0253	exact	H1 O3 P1	79.98	vocabulary	true
Q53GG5	PDLIM3	1	Modified residue	264	264	EXACT	EXACT	Phosphoserine		Phosphoserine	Phosphoserine	PTM-0253	exact	H1 O3 P1	79.98	vocabulary	true
Q5BKX8	CAVIN4	1	Modified residue	172	172	EXACT	EXACT	Phosphoserine		Phosphoserine	Phosphoserine	PTM-0253	exact	H1 O3 P1	79.98	vocabulary	true
Q5BKX8	CAVIN4	1	Modified residue	173	173	EXACT	EXACT	Phosphoserine		Phosphoserine	Phosphoserine	PTM-0253	exact	H1 O3 P1	79.98	vocabulary	true
Q5BKX8	CAVIN4	1	Modified residue	326	326	EXACT	EXACT	Phosphotyrosine		Phosphotyrosine	Phosphotyrosine	PTM-0255	exact	H1 O3 P1	79.98	vocabulary	true
Q5BKX8	CAVIN4	1	Modified residue	336	336	EXACT	EXACT	Phosphothreonine		Phosphothreonine	Phosphothreonine	PTM-0254	exact	H1 O3 P1	79.98	vocabulary	true
Q5BKX8	CAVIN4	1	Modified residue	355	355	EXACT	EXACT	Phosphoserine		Phosphoserine	Phosphoserine	PTM-0253	exact	H1 O3 P1	79.98	vocabulary	true
Q5JQC9	AKAP4	1	Modified residue	96	96	EXACT	EXACT	Phosphoserine		Phosphoserine	Phosphoserine	PTM-0253	exact	H1 O3 P1	79.98	vocabulary	false
Q5JQC9	AKAP4	1	Modified residue	130	130	EXACT	EXACT	Phosphoserine		Phosphoserine	Phosphoserine	PTM-0253	exact	H1 O3 P1	79.98	vocabulary	false
Q5JQC9	AKAP4	1	Modified residue	190	190	EXACT	EXACT	Phosphoserine		Phosphoserine	Phosphoserine	PTM-0253	exact	H1 O3 P1	79.98	vocabulary	true
Q5JQC9	AKAP4	1	Modified residue	213	213	EXACT	EXACT	Phosphoserine		Phosphoserine	Phosphoserine	PTM-0253	exact	H1 O3 P1	79.98	vocabulary	true
Q5JQC9	AKAP4	1	Modified residue	226	226	EXACT	EXACT	Phosphoserine		Phosphoserine	Phosphoserine	PTM-0253	exact	H1 O3 P1	79.98	vocabulary	true
Q5JQC9	AKAP4	1	Modified residue	272	272	EXACT	EXACT	Phosphoserine		Phosphoserine	Phosphoserine	PTM-0253	exact	H1 O3 P1	79.98	vocabulary	true
Q5JQC9	AKAP4	1	Modified residue	300	300	EXACT	EXACT	Phosphoserine		Phosphoserine	Phosphoserine	PTM-0253	exact	H1 O3 P1	79.98	vocabulary	true
Q5JQC9	AKAP4	1	Modified residue	303	303	EXACT	EXACT	Phosphotyrosine		Phosphotyrosine	Phosphotyrosine	PTM-0255	exact	H1 O3 P1	79.98	vocabulary	true
Q5JQC9	AKAP4	1	Modified residue	304	304	EXACT	EXACT	Phosphoserine		Phosphoserine	Phosphoserine	PTM-0253	exact	H1 O3 P1	79.98	vocabulary	true
Q5JQC9	AKAP4	1	Modified residue	307	307	EXACT	EXACT	Phosphoserine		Phosphoserine	Phosphoserine	PTM-0253	exact	H1 O3 P1	79.98	vocabulary	true
Q5JQC9	AKAP4	1	Modified residue	342	342	EXACT	EXACT	Phosphoserine		Phosphoserine	Phosphoserine	PTM-0253	exact	H1 O3 P1	79.98	vocabulary	true
Q5JQC9	AKAP4	1	Modified residue	432	432	EXACT	EXACT	Phosphoserine		Phosphoserine	Phosphoserine	PTM-0253	exact	H1 O3 P1	79.98	vocabulary	true
Q5JQC9	AKAP4	1	Modified residue	443	443	EXACT	EXACT	Phosphoserine		Phosphoserine	Phosphoserine	PTM-0253	exact	H1 O3 P1	79.98	vocabulary	true
Q5JQC9	AKAP4	1	Modified residue	445	445	EXACT	EXACT	Phosphoserine		Phosphoserine	Phosphoserine	PTM-0253	exact	H1 O3 P1	79.98	vocabulary	true
Q5JQC9	AKAP4	1	Modified residue	447	447	EXACT	EXACT	Phosphoserine		Phosphoserine	Phosphoserine	PTM-0253	exact	H1 O3 P1	79.98	vocabulary	true
Q5JQC9	AKAP4	1	Modified residue	450	450	EXACT	EXACT	Phosphoserine		Phosphoserine	Phosphoserine	PTM-0253	exact	H1 O3 P1	79.98	vocabulary	true
Q5JQC9	AKAP4	1	Modified residue	464	464	EXACT	EXACT	Phosphoserine		Phosphoserine	Phosphoserine	PTM-0253	exact	H1 O3 P1	79.98	vocabulary	true
Q5JQC9	AKAP4	1	Modified residue	492	492	EXACT	EXACT	Phosphoserine		Phosphoserine	Phosphoserine	PTM-0253	exact	H1 O3 P1	79.98	vocabulary	true
Q5JQC9	AKAP4	1	Modified residue	506	506	EXACT	EXACT	Phosphothreonine		Phosphothreonine	Phosphothreonine	PTM-0254	exact	H1 O3 P1	79.98	vocabulary	true
Q5JQC9	AKAP4	1	Modified residue	536	536	EXACT	EXACT	Phosphoserine		Phosphoserine	Phosphoserine	PTM-0253	exact	H1 O3 P1	79.98	vocabulary	true
Q5JQC9	AKAP4	1	Modified residue	581	581	EXACT	EXACT	Phosphoserine		Phosphoserine	Phosphoserine	PTM-0253	exact	H1 O3 P1	79.98	vocabulary	true
Q5JQC9	AKAP4	1	Modified residue	627	627	EXACT	EXACT	Phosphoserine		Phosphoserine	Phosphoserine	PTM-0253	exact	H1 O3 P1	79.98	vocabulary	true
Q5JQC9	AKAP4	1	Modified residue	703	703	EXACT	EXACT	Phosphoserine		Phosphoserine	Phosphoserine	PTM-0253	exact	H1 O3 P1	79.98	vocabulary	true
Q5JVS0	HABP4	1;2	Modified residue	7	7	EXACT	EXACT	Phosphoserine		Phosphoserine	Phosphoserine	PTM-0253	exact	H1 O3 P1	79.98	vocabulary	true
Q5JVS0	HABP4	1;2	Modified residue	36	36	EXACT	EXACT	Phosphoserine		Phosphoserine	Phosphoserine	PTM-0253	exact	H1 O3 P1	79.98	vocabulary	true
Q5JVS0	HABP4	1;2	Modified residue	70	70	EXACT	EXACT	Omega-N-methylarginine		Omega-N-methylarginine	Omega-N-methylarginine	PTM-0237	exact	C1 H2	14.03	vocabulary	true
Q5JVS0	HABP4	1;2	Modified residue	74	74	EXACT	EXACT	Phosphoserine		Phosphoserine	Phosphoserine	PTM-0253	exact	H1 O3 P1	79.98	vocabulary	true
Q5JVS0	HABP4	1;2	Modified residue	108	108	EXACT	EXACT	Phosphoserine		Phosphoserine	Phosphoserine	PTM-0253	exact	H1 O3 P1	79.98	vocabulary	true
Q5JVS0	HABP4	1;2	Modified residue	354	354	EXACT	EXACT	Phosphothreonine; by PKC		Phosphothreonine	Phosphothreonine	PTM-0254	exact	H1 O3 P1	79.98	vocabulary	true
Q5JVS0	HABP4	1;2	Modified residue	375	375	EXACT	EXACT	Phosphothreonine; by PKC		Phosphothreonine	Phosphothreonine	PTM-0254	exact	H1 O3 P1	79.98	vocabulary	true
Q5JVS0	HABP4	1;2	Cross-link	213	213	EXACT	EXACT	Glycyl lysine isopeptide (Lys-Gly) (interchain with G-Cter in SUMO1); alternate		Glycyl lysine isopeptide (Lys-Gly) (interchain with G-Cter in SUMO1)	Glycyl lysine isopeptide (Lys-Gly) (interchain with G-...)	PTM-0135	wildcard	H-2 O-1	-18.02	vocabulary	true
Q5JVS0	HABP4	1;2	Cross-link	213	213	EXACT	EXACT	Glycyl lysine isopeptide (Lys-Gly) (interchain with G-Cter in SUMO2); alternate		Glycyl lysine isopeptide (Lys-Gly) (interchain with G-Cter in SUMO2)	Glycyl lysine isopeptide (Lys-Gly) (interchain with G-...)	PTM-0135	wildcard	H-2 O-1	-18.02	vocabulary	true
Q5JVS0	HABP4	1;2	Cross-link	276	276	EXACT	EXACT	Glycyl lysine isopeptide (Lys-Gly) (interchain with G-Cter in SUMO1); alternate		Glycyl lysine isopeptide (Lys-Gly) (interchain with G-Cter in SUMO1)	Glycyl lysine isopeptide (Lys-Gly) (interchain with G-...)	PTM-0135	wildcard	H-2 O-1	-18.02	vocabulary	true
Q5JVS0	HABP4	1;2	Cross-link	276	276	EXACT	EXACT	Glycyl lysine isopeptide (Lys-Gly) (interchain with G-Cter in SUMO2); alternate		Glycyl lysine isopeptide (Lys-Gly) (interchain with G-Cter in SUMO2)	Glycyl lysine isopeptide (Lys-Gly) (interchain with G-...)	PTM-0135	wildcard	H-2 O-1	-18.02	vocabulary	true
Q5JVS0	HABP4	1;2	Cross-link	336	336	EXACT	EXACT	Glycyl lysine isopeptide (Lys-Gly) (interchain with G-Cter in SUMO1); alternate		Glycyl lysine isopeptide (Lys-Gly) (interchain with G-Cter in SUMO1)	Glycyl lysine isopeptide (Lys-Gly) (interchain with G-...)	PTM-0135	wildcard	H-2 O-1	-18.02	vocabulary	true
Q5JVS0	HABP4	1;2	Cross-link	336	336	EXACT	EXACT	Glycyl lysine isopeptide (Lys-Gly) (interchain with G-Cter in SUMO2); alternate		Glycyl lysine isopeptide (Lys-Gly) (interchain with G-Cter in SUMO2)	Glycyl lysine isopeptide (Lys-Gly) (interchain with G-...)	PTM-0135	wildcard	H-2 O-1	-18.02	vocabulary	true
Q5VST9	OBSCN	1	Modified residue	395	395	EXACT	EXACT	Phosphoserine		Phosphoserine	Phosphoserine	PTM-0253	exact	H1 O3 P1	79.98	vocabulary	true
Q5VST9	OBSCN	1	Modified residue	2889	2889	EXACT	EXACT	Phosphoserine		Phosphoserine	Phosphoserine	PTM-0253	exact	H1 O3 P1	79.98	vocabulary	true
Q5VST9	OBSCN	1	Modified residue	4015	4015	EXACT	EXACT	Phosphoserine		Phosphoserine	Phosphoserine	PTM-0253	exact	H1 O3 P1	79.98	vocabulary	true
Q5VST9	OBSCN	1	Modified residue	4750	4750	EXACT	EXACT	Phosphoserine		Phosphoserine	Phosphoserine	PTM-0253	exact	H1 O3 P1	79.98	vocabulary	true
Q5VST9	OBSCN	1	Modified residue	4754	4754	EXACT	EXACT	Phosphothreonine		Phosphothreonine	Phosphothreonine	PTM-0254	exact	H1 O3 P1	79.98	vocabulary	true
Q5VST9	OBSCN	1	Modified residue	4757	4757	EXACT	EXACT	Phosphoserine		Phosphoserine	Phosphoserine	PTM-0253	exact	H1 O3 P1	79.98	vocabulary	true
Q5VST9	OBSCN	1	Modified residue	4788	4788	EXACT	EXACT	Phosphothreonine		Phosphothreonine	Phosphothreonine	PTM-0254	exact	H1 O3 P1	79.98	vocabulary	true
Q5VST9	OBSCN	1	Modified residue	4805	4805	EXACT	EXACT	Phosphoserine		Phosphoserine	Phosphoserine	PTM-0253	exact	H1 O3 P1	79.98	vocabulary	true
Q5VST9	OBSCN	1	Modified residue	5563	5563	EXACT	EXACT	Phosphoserine		Phosphoserine	Phosphoserine	PTM-0253	exact	H1 O3 P1	79.98	vocabulary	true
Q5VST9	OBSCN	1	Modified residue	5569	5569	EXACT	EXACT	Phosphothreonine		Phosphothreonine	Phosphothreonine	PTM-0254	exact	H1 O3 P1	79.98	vocabulary	true
Q5VST9	OBSCN	1	Modified residue	5571	5571	EXACT	EXACT	Phosphoserine		Phosphoserine	Phosphoserine	PTM-0253	exact	H1 O3 P1	79.98	vocabulary	true
Q5VST9	OBSCN	1	Modified residue	5573	5573	EXACT	EXACT	Phosphoserine		Phosphoserine	Phosphoserine	PTM-0253	exact	H1 O3 P1	79.98	vocabulary	true
Q5VST9	OBSCN	1	Modified residue	6831	6831	EXACT	EXACT	Phosphoserine		Phosphoserine	Phosphoserine	PTM-0253	exact	H1 O3 P1	79.98	vocabulary	true
Q5VST9	OBSCN	1	Modified residue	7244	7244	EXACT	EXACT	Phosphoserine		Phosphoserine	Phosphoserine	PTM-0253	exact	H1 O3 P1	79.98	vocabulary	true
Q5VST9	OBSCN	1	Disulfide bond	31	82	EXACT	EXACT						not_in_vocabulary	H-2 (arithmetic)	-2.016	disulfide_arithmetic	true
Q5VST9	OBSCN	1	Disulfide bond	259	311	EXACT	EXACT						not_in_vocabulary	H-2 (arithmetic)	-2.016	disulfide_arithmetic	true
Q5VST9	OBSCN	1	Disulfide bond	354	404	EXACT	EXACT						not_in_vocabulary	H-2 (arithmetic)	-2.016	disulfide_arithmetic	true
Q5VST9	OBSCN	1	Disulfide bond	819	870	EXACT	EXACT						not_in_vocabulary	H-2 (arithmetic)	-2.016	disulfide_arithmetic	true
Q5VST9	OBSCN	1	Disulfide bond	912	962	EXACT	EXACT						not_in_vocabulary	H-2 (arithmetic)	-2.016	disulfide_arithmetic	true
Q5VST9	OBSCN	1	Disulfide bond	1004	1054	EXACT	EXACT						not_in_vocabulary	H-2 (arithmetic)	-2.016	disulfide_arithmetic	true
Q5VST9	OBSCN	1	Disulfide bond	1096	1146	EXACT	EXACT						not_in_vocabulary	H-2 (arithmetic)	-2.016	disulfide_arithmetic	true
Q5VST9	OBSCN	1	Disulfide bond	1188	1238	EXACT	EXACT						not_in_vocabulary	H-2 (arithmetic)	-2.016	disulfide_arithmetic	true
Q5VST9	OBSCN	1	Disulfide bond	1280	1330	EXACT	EXACT						not_in_vocabulary	H-2 (arithmetic)	-2.016	disulfide_arithmetic	true
Q5VST9	OBSCN	1	Disulfide bond	1372	1422	EXACT	EXACT						not_in_vocabulary	H-2 (arithmetic)	-2.016	disulfide_arithmetic	true
Q5VST9	OBSCN	1	Disulfide bond	1464	1514	EXACT	EXACT						not_in_vocabulary	H-2 (arithmetic)	-2.016	disulfide_arithmetic	true
Q5VST9	OBSCN	1	Disulfide bond	1556	1606	EXACT	EXACT						not_in_vocabulary	H-2 (arithmetic)	-2.016	disulfide_arithmetic	true
Q5VST9	OBSCN	1	Disulfide bond	1648	1698	EXACT	EXACT						not_in_vocabulary	H-2 (arithmetic)	-2.016	disulfide_arithmetic	true
Q5VST9	OBSCN	1	Disulfide bond	1723	1791	EXACT	EXACT						not_in_vocabulary	H-2 (arithmetic)	-2.016	disulfide_arithmetic	true
Q5VST9	OBSCN	1	Disulfide bond	1830	1880	EXACT	EXACT						not_in_vocabulary	H-2 (arithmetic)	-2.016	disulfide_arithmetic	true
Q5VST9	OBSCN	1	Disulfide bond	2187	2237	EXACT	EXACT						not_in_vocabulary	H-2 (arithmetic)	-2.016	disulfide_arithmetic	true
Q5VST9	OBSCN	1	Disulfide bond	2311	2361	EXACT	EXACT						not_in_vocabulary	H-2 (arithmetic)	-2.016	disulfide_arithmetic	true
Q5VST9	OBSCN	1	Disulfide bond	2490	2540	EXACT	EXACT						not_in_vocabulary	H-2 (arithmetic)	-2.016	disulfide_arithmetic	true
Q5VST9	OBSCN	1	Disulfide bond	2668	2718	EXACT	EXACT						not_in_vocabulary	H-2 (arithmetic)	-2.016	disulfide_arithmetic	true
Q5VST9	OBSCN	1	Disulfide bond	2848	2898	EXACT	EXACT						not_in_vocabulary	H-2 (arithmetic)	-2.016	disulfide_arithmetic	true
Q5VST9	OBSCN	1	Disulfide bond	2937	2987	EXACT	EXACT						not_in_vocabulary	H-2 (arithmetic)	-2.016	disulfide_arithmetic	true
Q5VST9	OBSCN	1	Disulfide bond	3117	3167	EXACT	EXACT						not_in_vocabulary	H-2 (arithmetic)	-2.016	disulfide_arithmetic	true
Q5VST9	OBSCN	1	Disulfide bond	3206	3256	EXACT	EXACT						not_in_vocabulary	H-2 (arithmetic)	-2.016	disulfide_arithmetic	true
Q5VST9	OBSCN	1	Disulfide bond	3295	3344	EXACT	EXACT						not_in_vocabulary	H-2 (arithmetic)	-2.016	disulfide_arithmetic	true
Q5VST9	OBSCN	1	Disulfide bond	3383	3432	EXACT	EXACT						not_in_vocabulary	H-2 (arithmetic)	-2.016	disulfide_arithmetic	true
Q5VST9	OBSCN	1	Disulfide bond	3471	3520	EXACT	EXACT						not_in_vocabulary	H-2 (arithmetic)	-2.016	disulfide_arithmetic	true
Q5VST9	OBSCN	1	Disulfide bond	3559	3608	EXACT	EXACT						not_in_vocabulary	H-2 (arithmetic)	-2.016	disulfide_arithmetic	true
Q5VST9	OBSCN	1	Disulfide bond	3647	3696	EXACT	EXACT						not_in_vocabulary	H-2 (arithmetic)	-2.016	disulfide_arithmetic	true
Q5VST9	OBSCN	1	Disulfide bond	3735	3784	EXACT	EXACT						not_in_vocabulary	H-2 (arithmetic)	-2.016	disulfide_arithmetic	true
Q5VST9	OBSCN	1	Disulfide bond	3823	3872	EXACT	EXACT						not_in_vocabulary	H-2 (arithmetic)	-2.016	disulfide_arithmetic	true
Q5VST9	OBSCN	1	Disulfide bond	3911	3961	EXACT	EXACT						not_in_vocabulary	H-2 (arithmetic)	-2.016	disulfide_arithmetic	true
Q5VST9	OBSCN	1	Disulfide bond	4000	4050	EXACT	EXACT						not_in_vocabulary	H-2 (arithmetic)	-2.016	disulfide_arithmetic	true
Q5VST9	OBSCN	1	Disulfide bond	4089	4141	EXACT	EXACT						not_in_vocabulary	H-2 (arithmetic)	-2.016	disulfide_arithmetic	true
Q5VST9	OBSCN	1	Disulfide bond	4453	4508	EXACT	EXACT						not_in_vocabulary	H-2 (arithmetic)	-2.016	disulfide_arithmetic	true
Q5VST9	OBSCN	1	Disulfide bond	4919	4971	EXACT	EXACT						not_in_vocabulary	H-2 (arithmetic)	-2.016	disulfide_arithmetic	true
Q5VST9	OBSCN	1	Disulfide bond	5147	5199	EXACT	EXACT						not_in_vocabulary	H-2 (arithmetic)	-2.016	disulfide_arithmetic	true
Q5VST9	OBSCN	1	Disulfide bond	6035	6087	EXACT	EXACT						not_in_vocabulary	H-2 (arithmetic)	-2.016	disulfide_arithmetic	true
Q5VST9	OBSCN	1	Disulfide bond	6129	6182	EXACT	EXACT						not_in_vocabulary	H-2 (arithmetic)	-2.016	disulfide_arithmetic	true
Q5VST9	OBSCN	1	Disulfide bond	7484	7536	EXACT	EXACT						not_in_vocabulary	H-2 (arithmetic)	-2.016	disulfide_arithmetic	true
Q5VU43	PDE4DIP	1	Modified residue	704	704	EXACT	EXACT	Phosphothreonine		Phosphothreonine	Phosphothreonine	PTM-0254	exact	H1 O3 P1	79.98	vocabulary	true
Q5VU43	PDE4DIP	1	Modified residue	252	252	EXACT	EXACT	Phosphoserine		Phosphoserine	Phosphoserine	PTM-0253	exact	H1 O3 P1	79.98	vocabulary	true
Q5VU43	PDE4DIP	1	Modified residue	252	252	EXACT	EXACT	Phosphoserine		Phosphoserine	Phosphoserine	PTM-0253	exact	H1 O3 P1	79.98	vocabulary	true
Q5VZP5	STYXL2	1	Modified residue	377	377	EXACT	EXACT	Phosphoserine		Phosphoserine	Phosphoserine	PTM-0253	exact	H1 O3 P1	79.98	vocabulary	true
Q5VZP5	STYXL2	1	Modified residue	433	433	EXACT	EXACT	Phosphothreonine		Phosphothreonine	Phosphothreonine	PTM-0254	exact	H1 O3 P1	79.98	vocabulary	true
Q5VZP5	STYXL2	1	Modified residue	509	509	EXACT	EXACT	Phosphoserine		Phosphoserine	Phosphoserine	PTM-0253	exact	H1 O3 P1	79.98	vocabulary	true
Q5VZP5	STYXL2	1	Modified residue	985	985	EXACT	EXACT	Phosphoserine		Phosphoserine	Phosphoserine	PTM-0253	exact	H1 O3 P1	79.98	vocabulary	true
Q5VZP5	STYXL2	1	Modified residue	1036	1036	EXACT	EXACT	Phosphoserine		Phosphoserine	Phosphoserine	PTM-0253	exact	H1 O3 P1	79.98	vocabulary	true
Q6H8Q1	ABLIM2	1	Modified residue	282	282	EXACT	EXACT	Phosphoserine		Phosphoserine	Phosphoserine	PTM-0253	exact	H1 O3 P1	79.98	vocabulary	true
Q6H8Q1	ABLIM2	1	Modified residue	294	294	EXACT	EXACT	Phosphoserine		Phosphoserine	Phosphoserine	PTM-0253	exact	H1 O3 P1	79.98	vocabulary	true
Q6H8Q1	ABLIM2	1	Modified residue	364	364	EXACT	EXACT	Phosphoserine		Phosphoserine	Phosphoserine	PTM-0253	exact	H1 O3 P1	79.98	vocabulary	true
Q6H8Q1	ABLIM2	1	Modified residue	367	367	EXACT	EXACT	Phosphoserine		Phosphoserine	Phosphoserine	PTM-0253	exact	H1 O3 P1	79.98	vocabulary	true
Q6H8Q1	ABLIM2	1	Modified residue	452	452	EXACT	EXACT	Phosphoserine		Phosphoserine	Phosphoserine	PTM-0253	exact	H1 O3 P1	79.98	vocabulary	true
Q6H8Q1	ABLIM2	1	Modified residue	472	472	EXACT	EXACT	Phosphothreonine		Phosphothreonine	Phosphothreonine	PTM-0254	exact	H1 O3 P1	79.98	vocabulary	true
Q6H8Q1	ABLIM2	1	Modified residue	476	476	EXACT	EXACT	Phosphoserine		Phosphoserine	Phosphoserine	PTM-0253	exact	H1 O3 P1	79.98	vocabulary	true
Q6H8Q1	ABLIM2	1	Modified residue	578	578	EXACT	EXACT	Phosphoserine		Phosphoserine	Phosphoserine	PTM-0253	exact	H1 O3 P1	79.98	vocabulary	true
Q6IBS0	TWF2	1	Modified residue	2	2	EXACT	EXACT	N-acetylalanine		N-acetylalanine	N-acetylalanine	PTM-0199	exact	C2 H2 O1	42.04	vocabulary	true
Q6IBS0	TWF2	1	Modified residue	14	14	EXACT	EXACT	N6-acetyllysine		N6-acetyllysine	N6-acetyllysine	PTM-0190	exact	C2 H2 O1	42.04	vocabulary	true
Q6IBS0	TWF2	1	Modified residue	309	309	EXACT	EXACT	Phosphotyrosine		Phosphotyrosine	Phosphotyrosine	PTM-0255	exact	H1 O3 P1	79.98	vocabulary	true
Q6IBS0	TWF2	1	Modified residue	349	349	EXACT	EXACT	Phosphoserine		Phosphoserine	Phosphoserine	PTM-0253	exact	H1 O3 P1	79.98	vocabulary	true
Q6P5Q4	LMOD2	1	Modified residue	11	11	EXACT	EXACT	Phosphoserine		Phosphoserine	Phosphoserine	PTM-0253	exact	H1 O3 P1	79.98	vocabulary	true
Q6P5Q4	LMOD2	1	Modified residue	15	15	EXACT	EXACT	Phosphoserine		Phosphoserine	Phosphoserine	PTM-0253	exact	H1 O3 P1	79.98	vocabulary	true
Q6P5Q4	LMOD2	1	Modified residue	24	24	EXACT	EXACT	Phosphoserine		Phosphoserine	Phosphoserine	PTM-0253	exact	H1 O3 P1	79.98	vocabulary	true
Q6P5Q4	LMOD2	1	Modified residue	400	400	EXACT	EXACT	Phosphoserine		Phosphoserine	Phosphoserine	PTM-0253	exact	H1 O3 P1	79.98	vocabulary	true
Q6UXF7	CLEC18B	2	Glycosylation	144	144	EXACT	EXACT	N-linked (GlcNAc...) asparagine		N-linked (GlcNAc...) asparagine	N-linked (GlcNAc...) asparagine	PTM-0528	exact			no_mass_in_vocabulary	true
Q6UXF7	CLEC18B	2	Disulfide bond	236	249	EXACT	EXACT						not_in_vocabulary	H-2 (arithmetic)	-2.016	disulfide_arithmetic	true
Q6UXF7	CLEC18B	2	Disulfide bond	251	260	EXACT	EXACT						not_in_vocabulary	H-2 (arithmetic)	-2.016	disulfide_arithmetic	true
Q6UXF7	CLEC18B	2	Disulfide bond	327	441	EXACT	EXACT						not_in_vocabulary	H-2 (arithmetic)	-2.016	disulfide_arithmetic	true
Q6UXF7	CLEC18B	2	Disulfide bond	417	433	EXACT	EXACT						not_in_vocabulary	H-2 (arithmetic)	-2.016	disulfide_arithmetic	true
Q711Q0	CEFIP	1	Modified residue	120	120	EXACT	EXACT	Phosphothreonine		Phosphothreonine	Phosphothreonine	PTM-0254	exact	H1 O3 P1	79.98	vocabulary	true
Q711Q0	CEFIP	1	Modified residue	323	323	EXACT	EXACT	Phosphoserine		Phosphoserine	Phosphoserine	PTM-0253	exact	H1 O3 P1	79.98	vocabulary	true
Q711Q0	CEFIP	1	Modified residue	470	470	EXACT	EXACT	Phosphoserine		Phosphoserine	Phosphoserine	PTM-0253	exact	H1 O3 P1	79.98	vocabulary	true
Q711Q0	CEFIP	1	Modified residue	816	816	EXACT	EXACT	Phosphoserine		Phosphoserine	Phosphoserine	PTM-0253	exact	H1 O3 P1	79.98	vocabulary	true
Q86TC9	MYPN	1	Modified residue	101	101	EXACT	EXACT	Phosphoserine		Phosphoserine	Phosphoserine	PTM-0253	exact	H1 O3 P1	79.98	vocabulary	true
Q86TC9	MYPN	1	Modified residue	131	131	EXACT	EXACT	Phosphoserine		Phosphoserine	Phosphoserine	PTM-0253	exact	H1 O3 P1	79.98	vocabulary	true
Q86TC9	MYPN	1	Modified residue	251	251	EXACT	EXACT	Phosphothreonine		Phosphothreonine	Phosphothreonine	PTM-0254	exact	H1 O3 P1	79.98	vocabulary	true
Q86TC9	MYPN	1	Modified residue	644	644	EXACT	EXACT	Phosphoserine		Phosphoserine	Phosphoserine	PTM-0253	exact	H1 O3 P1	79.98	vocabulary	true
Q86TC9	MYPN	1	Modified residue	759	759	EXACT	EXACT	Phosphoserine		Phosphoserine	Phosphoserine	PTM-0253	exact	H1 O3 P1	79.98	vocabulary	true
Q86TC9	MYPN	1	Modified residue	813	813	EXACT	EXACT	Phosphoserine		Phosphoserine	Phosphoserine	PTM-0253	exact	H1 O3 P1	79.98	vocabulary	true
Q86TC9	MYPN	1	Modified residue	818	818	EXACT	EXACT	Phosphoserine		Phosphoserine	Phosphoserine	PTM-0253	exact	H1 O3 P1	79.98	vocabulary	true
Q86TC9	MYPN	1	Modified residue	867	867	EXACT	EXACT	Phosphoserine		Phosphoserine	Phosphoserine	PTM-0253	exact	H1 O3 P1	79.98	vocabulary	true
Q86TC9	MYPN	1	Modified residue	907	907	EXACT	EXACT	Phosphoserine		Phosphoserine	Phosphoserine	PTM-0253	exact	H1 O3 P1	79.98	vocabulary	true
Q86TC9	MYPN	1	Modified residue	928	928	EXACT	EXACT	Phosphoserine		Phosphoserine	Phosphoserine	PTM-0253	exact	H1 O3 P1	79.98	vocabulary	true
Q86TC9	MYPN	1	Disulfide bond	290	341	EXACT	EXACT						not_in_vocabulary	H-2 (arithmetic)	-2.016	disulfide_arithmetic	true
Q86TC9	MYPN	1	Disulfide bond	456	515	EXACT	EXACT						not_in_vocabulary	H-2 (arithmetic)	-2.016	disulfide_arithmetic	true
Q86TC9	MYPN	1	Disulfide bond	1094	1146	EXACT	EXACT						not_in_vocabulary	H-2 (arithmetic)	-2.016	disulfide_arithmetic	true
Q86TD4	SRL	2	Glycosylation	281	281	EXACT	EXACT	N-linked (GlcNAc...) asparagine		N-linked (GlcNAc...) asparagine	N-linked (GlcNAc...) asparagine	PTM-0528	exact			no_mass_in_vocabulary	true
Q86TD4	SRL	2	Glycosylation	389	389	EXACT	EXACT	N-linked (GlcNAc...) asparagine		N-linked (GlcNAc...) asparagine	N-linked (GlcNAc...) asparagine	PTM-0528	exact			no_mass_in_vocabulary	true
Q86VF7	NRAP	1	Modified residue	1081	1081	EXACT	EXACT	Phosphoserine		Phosphoserine	Phosphoserine	PTM-0253	exact	H1 O3 P1	79.98	vocabulary	true
Q86YM7	HOMER1	1	Modified residue	2	2	EXACT	EXACT	N-acetylglycine		N-acetylglycine	N-acetylglycine	PTM-0203	exact	C2 H2 O1	42.04	vocabulary	true
Q86YM7	HOMER1	1	Modified residue	306	306	EXACT	EXACT	Phosphoserine		Phosphoserine	Phosphoserine	PTM-0253	exact	H1 O3 P1	79.98	vocabulary	true
Q8IUG5	MYO18B	1	Modified residue	1216	1216	EXACT	EXACT	Phosphoserine		Phosphoserine	Phosphoserine	PTM-0253	exact	H1 O3 P1	79.98	vocabulary	true
Q8IUG5	MYO18B	1	Modified residue	1829	1829	EXACT	EXACT	Phosphoserine		Phosphoserine	Phosphoserine	PTM-0253	exact	H1 O3 P1	79.98	vocabulary	true
Q8IUG5	MYO18B	1	Modified residue	2193	2193	EXACT	EXACT	Phosphoserine		Phosphoserine	Phosphoserine	PTM-0253	exact	H1 O3 P1	79.98	vocabulary	true
Q8IUG5	MYO18B	1	Modified residue	2296	2296	EXACT	EXACT	Phosphoserine		Phosphoserine	Phosphoserine	PTM-0253	exact	H1 O3 P1	79.98	vocabulary	true
Q8IUG5	MYO18B	1	Modified residue	2309	2309	EXACT	EXACT	Phosphoserine		Phosphoserine	Phosphoserine	PTM-0253	exact	H1 O3 P1	79.98	vocabulary	true
Q8IUG5	MYO18B	1	Modified residue	2377	2377	EXACT	EXACT	Phosphoserine		Phosphoserine	Phosphoserine	PTM-0253	exact	H1 O3 P1	79.98	vocabulary	true
Q8IVL5	P3H2	2	Glycosylation	449	449	EXACT	EXACT	N-linked (GlcNAc...) asparagine		N-linked (GlcNAc...) asparagine	N-linked (GlcNAc...) asparagine	PTM-0528	exact			no_mass_in_vocabulary	true
Q8IVL5	P3H2	2	Glycosylation	549	549	EXACT	EXACT	N-linked (GlcNAc...) asparagine		N-linked (GlcNAc...) asparagine	N-linked (GlcNAc...) asparagine	PTM-0528	exact			no_mass_in_vocabulary	true
Q8IWX8	CHERP	2	Modified residue	1	1	EXACT	EXACT	N-acetylmethionine		N-acetylmethionine	N-acetylmethionine	PTM-0205	exact	C2 H2 O1	42.04	vocabulary	true
Q8IWX8	CHERP	2	Modified residue	18	18	EXACT	EXACT	N6-acetyllysine		N6-acetyllysine	N6-acetyllysine	PTM-0190	exact	C2 H2 O1	42.04	vocabulary	true
Q8IWX8	CHERP	2	Modified residue	714	714	EXACT	EXACT	Phosphotyrosine		Phosphotyrosine	Phosphotyrosine	PTM-0255	exact	H1 O3 P1	79.98	vocabulary	true
Q8IWX8	CHERP	2	Modified residue	813	813	EXACT	EXACT	Phosphoserine		Phosphoserine	Phosphoserine	PTM-0253	exact	H1 O3 P1	79.98	vocabulary	true
Q8IWX8	CHERP	2	Modified residue	815	815	EXACT	EXACT	Phosphoserine		Phosphoserine	Phosphoserine	PTM-0253	exact	H1 O3 P1	79.98	vocabulary	true
Q8IWX8	CHERP	2	Modified residue	817	817	EXACT	EXACT	Phosphoserine		Phosphoserine	Phosphoserine	PTM-0253	exact	H1 O3 P1	79.98	vocabulary	true
Q8IWX8	CHERP	2	Modified residue	819	819	EXACT	EXACT	Phosphothreonine		Phosphothreonine	Phosphothreonine	PTM-0254	exact	H1 O3 P1	79.98	vocabulary	true
Q8IWX8	CHERP	2	Modified residue	828	828	EXACT	EXACT	Phosphoserine		Phosphoserine	Phosphoserine	PTM-0253	exact	H1 O3 P1	79.98	vocabulary	true
Q8IWX8	CHERP	2	Modified residue	855	855	EXACT	EXACT	Phosphoserine		Phosphoserine	Phosphoserine	PTM-0253	exact	H1 O3 P1	79.98	vocabulary	true
Q8IWX8	CHERP	2	Modified residue	857	857	EXACT	EXACT	Phosphoserine		Phosphoserine	Phosphoserine	PTM-0253	exact	H1 O3 P1	79.98	vocabulary	true
Q8IWX8	CHERP	2	Modified residue	879	879	EXACT	EXACT	N6-acetyllysine		N6-acetyllysine	N6-acetyllysine	PTM-0190	exact	C2 H2 O1	42.04	vocabulary	true
Q8IWX8	CHERP	2	Modified residue	904	904	EXACT	EXACT	Phosphoserine		Phosphoserine	Phosphoserine	PTM-0253	exact	H1 O3 P1	79.98	vocabulary	true
Q8IWX8	CHERP	2	Cross-link	844	844	EXACT	EXACT	Glycyl lysine isopeptide (Lys-Gly) (interchain with G-Cter in SUMO2)		Glycyl lysine isopeptide (Lys-Gly) (interchain with G-Cter in SUMO2)	Glycyl lysine isopeptide (Lys-Gly) (interchain with G-...)	PTM-0135	wildcard	H-2 O-1	-18.02	vocabulary	true
Q8IWX8	CHERP	2	Cross-link	872	872	EXACT	EXACT	Glycyl lysine isopeptide (Lys-Gly) (interchain with G-Cter in SUMO2)		Glycyl lysine isopeptide (Lys-Gly) (interchain with G-Cter in SUMO2)	Glycyl lysine isopeptide (Lys-Gly) (interchain with G-...)	PTM-0135	wildcard	H-2 O-1	-18.02	vocabulary	true
Q8N0Z2	ABRA	1	Modified residue	156	156	EXACT	EXACT	Phosphoserine		Phosphoserine	Phosphoserine	PTM-0253	exact	H1 O3 P1	79.98	vocabulary	true
Q8N0Z2	ABRA	1	Modified residue	188	188	EXACT	EXACT	Phosphoserine		Phosphoserine	Phosphoserine	PTM-0253	exact	H1 O3 P1	79.98	vocabulary	true
Q8N3K9	CMYA5	1;2	Modified residue	155	155	EXACT	EXACT	Phosphoserine		Phosphoserine	Phosphoserine	PTM-0253	exact	H1 O3 P1	79.98	vocabulary	true
Q8N3K9	CMYA5	1;2	Modified residue	631	631	EXACT	EXACT	Phosphoserine		Phosphoserine	Phosphoserine	PTM-0253	exact	H1 O3 P1	79.98	vocabulary	true
Q8N3K9	CMYA5	1;2	Modified residue	2404	2404	EXACT	EXACT	Phosphoserine		Phosphoserine	Phosphoserine	PTM-0253	exact	H1 O3 P1	79.98	vocabulary	true
Q8N3K9	CMYA5	1;2	Modified residue	2813	2813	EXACT	EXACT	Phosphoserine		Phosphoserine	Phosphoserine	PTM-0253	exact	H1 O3 P1	79.98	vocabulary	true
Q8N3K9	CMYA5	1;2	Modified residue	3228	3228	EXACT	EXACT	Phosphoserine		Phosphoserine	Phosphoserine	PTM-0253	exact	H1 O3 P1	79.98	vocabulary	true
Q8N3V7	SYNPO	1	Modified residue	140	140	EXACT	EXACT	Phosphoserine		Phosphoserine	Phosphoserine	PTM-0253	exact	H1 O3 P1	79.98	vocabulary	true
Q8N3V7	SYNPO	1	Modified residue	207	207	EXACT	EXACT	Phosphoserine		Phosphoserine	Phosphoserine	PTM-0253	exact	H1 O3 P1	79.98	vocabulary	true
Q8N3V7	SYNPO	1	Modified residue	263	263	EXACT	EXACT	Phosphoserine		Phosphoserine	Phosphoserine	PTM-0253	exact	H1 O3 P1	79.98	vocabulary	true
Q8N3V7	SYNPO	1	Modified residue	501	501	EXACT	EXACT	Phosphoserine		Phosphoserine	Phosphoserine	PTM-0253	exact	H1 O3 P1	79.98	vocabulary	true
Q8N3V7	SYNPO	1	Modified residue	525	525	EXACT	EXACT	Phosphoserine		Phosphoserine	Phosphoserine	PTM-0253	exact	H1 O3 P1	79.98	vocabulary	true
Q8N3V7	SYNPO	1	Modified residue	560	560	EXACT	EXACT	Phosphothreonine		Phosphothreonine	Phosphothreonine	PTM-0254	exact	H1 O3 P1	79.98	vocabulary	true
Q8N3V7	SYNPO	1	Modified residue	580	580	EXACT	EXACT	Phosphoserine		Phosphoserine	Phosphoserine	PTM-0253	exact	H1 O3 P1	79.98	vocabulary	true
Q8N3V7	SYNPO	1	Modified residue	685	685	EXACT	EXACT	Phosphoserine		Phosphoserine	Phosphoserine	PTM-0253	exact	H1 O3 P1	79.98	vocabulary	true
Q8N3V7	SYNPO	1	Modified residue	702	702	EXACT	EXACT	Phosphoserine		Phosphoserine	Phosphoserine	PTM-0253	exact	H1 O3 P1	79.98	vocabulary	true
Q8N3V7	SYNPO	1	Modified residue	746	746	EXACT	EXACT	Phosphothreonine		Phosphothreonine	Phosphothreonine	PTM-0254	exact	H1 O3 P1	79.98	vocabulary	true
Q8N3V7	SYNPO	1	Modified residue	754	754	EXACT	EXACT	Phosphoserine		Phosphoserine	Phosphoserine	PTM-0253	exact	H1 O3 P1	79.98	vocabulary	true
Q8N3V7	SYNPO	1	Modified residue	758	758	EXACT	EXACT	Phosphoserine		Phosphoserine	Phosphoserine	PTM-0253	exact	H1 O3 P1	79.98	vocabulary	true
Q8N3V7	SYNPO	1	Modified residue	779	779	EXACT	EXACT	Phosphoserine		Phosphoserine	Phosphoserine	PTM-0253	exact	H1 O3 P1	79.98	vocabulary	true
Q8N3V7	SYNPO	1	Modified residue	783	783	EXACT	EXACT	Phosphothreonine		Phosphothreonine	Phosphothreonine	PTM-0254	exact	H1 O3 P1	79.98	vocabulary	true
Q8N3V7	SYNPO	1	Modified residue	833	833	EXACT	EXACT	Phosphoserine		Phosphoserine	Phosphoserine	PTM-0253	exact	H1 O3 P1	79.98	vocabulary	true
Q8N3V7	SYNPO	1	Modified residue	854	854	EXACT	EXACT	Phosphoserine		Phosphoserine	Phosphoserine	PTM-0253	exact	H1 O3 P1	79.98	vocabulary	true
Q8N3V7	SYNPO	1	Glycosylation	330	330	EXACT	EXACT	N-linked (GlcNAc...) asparagine		N-linked (GlcNAc...) asparagine	N-linked (GlcNAc...) asparagine	PTM-0528	exact			no_mass_in_vocabulary	true
Q8N3V7	SYNPO	1	Modified residue	1	1	EXACT	EXACT	N-acetylmethionine		N-acetylmethionine	N-acetylmethionine	PTM-0205	exact	C2 H2 O1	42.04	vocabulary	true
Q8N3V7	SYNPO	1	Modified residue	738	738	EXACT	EXACT	Phosphoserine		Phosphoserine	Phosphoserine	PTM-0253	exact	H1 O3 P1	79.98	vocabulary	true
Q8N3V7	SYNPO	1	Modified residue	784	784	EXACT	EXACT	Phosphoserine		Phosphoserine	Phosphoserine	PTM-0253	exact	H1 O3 P1	79.98	vocabulary	true
Q8N3V7	SYNPO	1	Modified residue	804	804	EXACT	EXACT	Phosphoserine		Phosphoserine	Phosphoserine	PTM-0253	exact	H1 O3 P1	79.98	vocabulary	true
Q8N3V7	SYNPO	1	Modified residue	812	812	EXACT	EXACT	Phosphoserine		Phosphoserine	Phosphoserine	PTM-0253	exact	H1 O3 P1	79.98	vocabulary	true
Q8N3V7	SYNPO	1	Modified residue	826	826	EXACT	EXACT	Phosphoserine		Phosphoserine	Phosphoserine	PTM-0253	exact	H1 O3 P1	79.98	vocabulary	true
Q8N3V7	SYNPO	1	Modified residue	854	854	EXACT	EXACT	Phosphoserine		Phosphoserine	Phosphoserine	PTM-0253	exact	H1 O3 P1	79.98	vocabulary	true
Q8N3V7	SYNPO	1	Modified residue	871	871	EXACT	EXACT	Phosphoserine		Phosphoserine	Phosphoserine	PTM-0253	exact	H1 O3 P1	79.98	vocabulary	true
Q8N3V7	SYNPO	1	Modified residue	894	894	EXACT	EXACT	Phosphoserine		Phosphoserine	Phosphoserine	PTM-0253	exact	H1 O3 P1	79.98	vocabulary	true
Q8N3V7	SYNPO	1	Modified residue	1	1	EXACT	EXACT	N-acetylmethionine		N-acetylmethionine	N-acetylmethionine	PTM-0205	exact	C2 H2 O1	42.04	vocabulary	true
Q8NDY3	ADPRHL1	1	Modified residue	27	27	EXACT	EXACT	Phosphoserine		Phosphoserine	Phosphoserine	PTM-0253	exact	H1 O3 P1	79.98	vocabulary	true
Q8NEZ5	FBXO22	1	Modified residue	1	1	EXACT	EXACT	N-acetylmethionine		N-acetylmethionine	N-acetylmethionine	PTM-0205	exact	C2 H2 O1	42.04	vocabulary	true
Q8NEZ5	FBXO22	1	Modified residue	127	127	EXACT	EXACT	Phosphothreonine		Phosphothreonine	Phosphothreonine	PTM-0254	exact	H1 O3 P1	79.98	vocabulary	true
Q8NEZ5	FBXO22	1	Modified residue	128	128	EXACT	EXACT	Phosphoserine		Phosphoserine	Phosphoserine	PTM-0253	exact	H1 O3 P1	79.98	vocabulary	true
Q8NEZ5	FBXO22	1	Modified residue	194	194	EXACT	EXACT	N6-acetyllysine		N6-acetyllysine	N6-acetyllysine	PTM-0190	exact	C2 H2 O1	42.04	vocabulary	true
Q8NF91	SYNE1	1;2	Modified residue	732	732	EXACT	EXACT	Phosphoserine		Phosphoserine	Phosphoserine	PTM-0253	exact	H1 O3 P1	79.98	vocabulary	true
Q8NF91	SYNE1	1;2	Modified residue	2270	2270	EXACT	EXACT	Phosphothreonine		Phosphothreonine	Phosphothreonine	PTM-0254	exact	H1 O3 P1	79.98	vocabulary	true
Q8NF91	SYNE1	1;2	Modified residue	5657	5657	EXACT	EXACT	Phosphoserine		Phosphoserine	Phosphoserine	PTM-0253	exact	H1 O3 P1	79.98	vocabulary	true
Q8NF91	SYNE1	1;2	Modified residue	8223	8223	EXACT	EXACT	Phosphoserine		Phosphoserine	Phosphoserine	PTM-0253	exact	H1 O3 P1	79.98	vocabulary	true
Q8NF91	SYNE1	1;2	Modified residue	8274	8274	EXACT	EXACT	Phosphothreonine		Phosphothreonine	Phosphothreonine	PTM-0254	exact	H1 O3 P1	79.98	vocabulary	true
Q8NF91	SYNE1	1;2	Modified residue	8277	8277	EXACT	EXACT	Phosphoserine		Phosphoserine	Phosphoserine	PTM-0253	exact	H1 O3 P1	79.98	vocabulary	true
Q8NF91	SYNE1	1;2	Modified residue	8280	8280	EXACT	EXACT	Phosphoserine		Phosphoserine	Phosphoserine	PTM-0253	exact	H1 O3 P1	79.98	vocabulary	true
Q8NF91	SYNE1	1;2	Modified residue	8305	8305	EXACT	EXACT	Phosphoserine		Phosphoserine	Phosphoserine	PTM-0253	exact	H1 O3 P1	79.98	vocabulary	true
Q8NF91	SYNE1	1;2	Modified residue	8360	8360	EXACT	EXACT	Phosphothreonine		Phosphothreonine	Phosphothreonine	PTM-0254	exact	H1 O3 P1	79.98	vocabulary	true
Q8NF91	SYNE1	1;2	Disulfide bond	8774	8774	EXACT	EXACT	Interchain (C-563 in SUN2); alternate		Interchain (C-563 in SUN2)			not_in_vocabulary			interchain_count_only	true
Q8NF91	SYNE1	1;2	Disulfide bond	8774	8774	EXACT	EXACT	Interchain (with C-657 in SUN1); alternate		Interchain (with C-657 in SUN1)			not_in_vocabulary			interchain_count_only	true
Q8TDC0	MYOZ3	1	Modified residue	31	31	EXACT	EXACT	Phosphoserine		Phosphoserine	Phosphoserine	PTM-0253	exact	H1 O3 P1	79.98	vocabulary	true
Q8WU10	PYROXD1	1	Modified residue	1	1	EXACT	EXACT	N-acetylmethionine		N-acetylmethionine	N-acetylmethionine	PTM-0205	exact	C2 H2 O1	42.04	vocabulary	true
Q8WX93	PALLD	1	Modified residue	192	192	EXACT	EXACT	Phosphoserine		Phosphoserine	Phosphoserine	PTM-0253	exact	H1 O3 P1	79.98	vocabulary	true
Q8WX93	PALLD	1	Modified residue	401	401	EXACT	EXACT	Phosphoserine		Phosphoserine	Phosphoserine	PTM-0253	exact	H1 O3 P1	79.98	vocabulary	true
Q8WX93	PALLD	1	Modified residue	632	632	EXACT	EXACT	Phosphoserine		Phosphoserine	Phosphoserine	PTM-0253	exact	H1 O3 P1	79.98	vocabulary	true
Q8WX93	PALLD	1	Modified residue	635	635	EXACT	EXACT	Phosphothreonine		Phosphothreonine	Phosphothreonine	PTM-0254	exact	H1 O3 P1	79.98	vocabulary	true
Q8WX93	PALLD	1	Modified residue	641	641	EXACT	EXACT	Phosphoserine		Phosphoserine	Phosphoserine	PTM-0253	exact	H1 O3 P1	79.98	vocabulary	true
Q8WX93	PALLD	1	Modified residue	684	684	EXACT	EXACT	Phosphoserine		Phosphoserine	Phosphoserine	PTM-0253	exact	H1 O3 P1	79.98	vocabulary	true
Q8WX93	PALLD	1	Modified residue	688	688	EXACT	EXACT	Phosphoserine		Phosphoserine	Phosphoserine	PTM-0253	exact	H1 O3 P1	79.98	vocabulary	true
Q8WX93	PALLD	1	Modified residue	728	728	EXACT	EXACT	Phosphoserine		Phosphoserine	Phosphoserine	PTM-0253	exact	H1 O3 P1	79.98	vocabulary	true
Q8WX93	PALLD	1	Modified residue	893	893	EXACT	EXACT	Phosphoserine		Phosphoserine	Phosphoserine	PTM-0253	exact	H1 O3 P1	79.98	vocabulary	true
Q8WX93	PALLD	1	Modified residue	979	979	EXACT	EXACT	Phosphoserine		Phosphoserine	Phosphoserine	PTM-0253	exact	H1 O3 P1	79.98	vocabulary	true
Q8WX93	PALLD	1	Modified residue	984	984	EXACT	EXACT	Phosphoserine		Phosphoserine	Phosphoserine	PTM-0253	exact	H1 O3 P1	79.98	vocabulary	true
Q8WX93	PALLD	1	Modified residue	1101	1101	EXACT	EXACT	Phosphoserine		Phosphoserine	Phosphoserine	PTM-0253	exact	H1 O3 P1	79.98	vocabulary	true
Q8WX93	PALLD	1	Modified residue	1104	1104	EXACT	EXACT	Phosphoserine		Phosphoserine	Phosphoserine	PTM-0253	exact	H1 O3 P1	79.98	vocabulary	true
Q8WX93	PALLD	1	Modified residue	1106	1106	EXACT	EXACT	Phosphoserine		Phosphoserine	Phosphoserine	PTM-0253	exact	H1 O3 P1	79.98	vocabulary	true
Q8WX93	PALLD	1	Modified residue	1116	1116	EXACT	EXACT	Phosphoserine		Phosphoserine	Phosphoserine	PTM-0253	exact	H1 O3 P1	79.98	vocabulary	true
Q8WX93	PALLD	1	Modified residue	1118	1118	EXACT	EXACT	Phosphoserine; by PKB/AKT1		Phosphoserine	Phosphoserine	PTM-0253	exact	H1 O3 P1	79.98	vocabulary	true
Q8WX93	PALLD	1	Modified residue	1121	1121	EXACT	EXACT	Phosphoserine		Phosphoserine	Phosphoserine	PTM-0253	exact	H1 O3 P1	79.98	vocabulary	true
Q8WX93	PALLD	1	Modified residue	1352	1352	EXACT	EXACT	Phosphoserine		Phosphoserine	Phosphoserine	PTM-0253	exact	H1 O3 P1	79.98	vocabulary	true
Q8WX93	PALLD	1	Disulfide bond	292	344	EXACT	EXACT						not_in_vocabulary	H-2 (arithmetic)	-2.016	disulfide_arithmetic	true
Q8WX93	PALLD	1	Disulfide bond	462	521	EXACT	EXACT						not_in_vocabulary	H-2 (arithmetic)	-2.016	disulfide_arithmetic	true
Q8WX93	PALLD	1	Disulfide bond	1156	1208	EXACT	EXACT						not_in_vocabulary	H-2 (arithmetic)	-2.016	disulfide_arithmetic	true
Q8WXH0	SYNE2	1;2	Modified residue	841	841	EXACT	EXACT	Phosphoserine		Phosphoserine	Phosphoserine	PTM-0253	exact	H1 O3 P1	79.98	vocabulary	true
Q8WXH0	SYNE2	1;2	Modified residue	955	955	EXACT	EXACT	N6-acetyllysine		N6-acetyllysine	N6-acetyllysine	PTM-0190	exact	C2 H2 O1	42.04	vocabulary	true
Q8WXH0	SYNE2	1;2	Modified residue	2781	2781	EXACT	EXACT	Phosphoserine		Phosphoserine	Phosphoserine	PTM-0253	exact	H1 O3 P1	79.98	vocabulary	true
Q8WXH0	SYNE2	1;2	Modified residue	4108	4108	EXACT	EXACT	Phosphoserine		Phosphoserine	Phosphoserine	PTM-0253	exact	H1 O3 P1	79.98	vocabulary	true
Q8WXH0	SYNE2	1;2	Modified residue	5785	5785	EXACT	EXACT	Phosphoserine		Phosphoserine	Phosphoserine	PTM-0253	exact	H1 O3 P1	79.98	vocabulary	true
Q8WXH0	SYNE2	1;2	Modified residue	6361	6361	EXACT	EXACT	Phosphoserine		Phosphoserine	Phosphoserine	PTM-0253	exact	H1 O3 P1	79.98	vocabulary	true
Q8WXH0	SYNE2	1;2	Modified residue	6384	6384	EXACT	EXACT	Phosphoserine		Phosphoserine	Phosphoserine	PTM-0253	exact	H1 O3 P1	79.98	vocabulary	true
Q8WXH0	SYNE2	1;2	Modified residue	6411	6411	EXACT	EXACT	Phosphoserine		Phosphoserine	Phosphoserine	PTM-0253	exact	H1 O3 P1	79.98	vocabulary	true
Q8WXH0	SYNE2	1;2	Modified residue	6428	6428	EXACT	EXACT	Phosphoserine		Phosphoserine	Phosphoserine	PTM-0253	exact	H1 O3 P1	79.98	vocabulary	true
Q8WXH0	SYNE2	1;2	Modified residue	6429	6429	EXACT	EXACT	Phosphoserine		Phosphoserine	Phosphoserine	PTM-0253	exact	H1 O3 P1	79.98	vocabulary	true
Q8WXH0	SYNE2	1;2	Modified residue	6430	6430	EXACT	EXACT	Phosphoserine		Phosphoserine	Phosphoserine	PTM-0253	exact	H1 O3 P1	79.98	vocabulary	true
Q8WXH0	SYNE2	1;2	Modified residue	6459	6459	EXACT	EXACT	Phosphoserine		Phosphoserine	Phosphoserine	PTM-0253	exact	H1 O3 P1	79.98	vocabulary	true
Q8WXH0	SYNE2	1;2	Disulfide bond	6862	6862	EXACT	EXACT	Interchain (with C-563 in SUN2)		Interchain (with C-563 in SUN2)			not_in_vocabulary			interchain_count_only	true
Q8WXH2	JPH3	2	Modified residue	440	440	EXACT	EXACT	Phosphoserine		Phosphoserine	Phosphoserine	PTM-0253	exact	H1 O3 P1	79.98	vocabulary	true
Q8WXH2	JPH3	2	Modified residue	451	451	EXACT	EXACT	Phosphothreonine		Phosphothreonine	Phosphothreonine	PTM-0254	exact	H1 O3 P1	79.98	vocabulary	true
Q8WXH2	JPH3	2	Modified residue	457	457	EXACT	EXACT	Phosphoserine		Phosphoserine	Phosphoserine	PTM-0253	exact	H1 O3 P1	79.98	vocabulary	true
Q8WXH2	JPH3	2	Modified residue	471	471	EXACT	EXACT	Phosphothreonine		Phosphothreonine	Phosphothreonine	PTM-0254	exact	H1 O3 P1	79.98	vocabulary	true
Q8WXH2	JPH3	2	Modified residue	475	475	EXACT	EXACT	Phosphoserine		Phosphoserine	Phosphoserine	PTM-0253	exact	H1 O3 P1	79.98	vocabulary	true
Q8WXH2	JPH3	2	Modified residue	506	506	EXACT	EXACT	Phosphoserine		Phosphoserine	Phosphoserine	PTM-0253	exact	H1 O3 P1	79.98	vocabulary	true
Q8WXH2	JPH3	2	Modified residue	703	703	EXACT	EXACT	Phosphoserine		Phosphoserine	Phosphoserine	PTM-0253	exact	H1 O3 P1	79.98	vocabulary	true
Q8WXH2	JPH3	2	Modified residue	710	710	EXACT	EXACT	Phosphoserine		Phosphoserine	Phosphoserine	PTM-0253	exact	H1 O3 P1	79.98	vocabulary	true
Q8WZ42	TTN	1	Modified residue	263	263	EXACT	EXACT	Phosphoserine		Phosphoserine	Phosphoserine	PTM-0253	exact	H1 O3 P1	79.98	vocabulary	true
Q8WZ42	TTN	1	Modified residue	265	265	EXACT	EXACT	Phosphoserine		Phosphoserine	Phosphoserine	PTM-0253	exact	H1 O3 P1	79.98	vocabulary	true
Q8WZ42	TTN	1	Modified residue	267	267	EXACT	EXACT	Phosphothreonine		Phosphothreonine	Phosphothreonine	PTM-0254	exact	H1 O3 P1	79.98	vocabulary	true
Q8WZ42	TTN	1	Modified residue	6920	6920	EXACT	EXACT	Phosphoserine		Phosphoserine	Phosphoserine	PTM-0253	exact	H1 O3 P1	79.98	vocabulary	true
Q8WZ42	TTN	1	Modified residue	9122	9122	EXACT	EXACT	Phosphoserine		Phosphoserine	Phosphoserine	PTM-0253	exact	H1 O3 P1	79.98	vocabulary	true
Q8WZ42	TTN	1	Modified residue	11503	11503	EXACT	EXACT	Phosphoserine		Phosphoserine	Phosphoserine	PTM-0253	exact	H1 O3 P1	79.98	vocabulary	true
Q8WZ42	TTN	1	Modified residue	12007	12007	EXACT	EXACT	Phosphothreonine		Phosphothreonine	Phosphothreonine	PTM-0254	exact	H1 O3 P1	79.98	vocabulary	true
Q8WZ42	TTN	1	Modified residue	12009	12009	EXACT	EXACT	Phosphoserine		Phosphoserine	Phosphoserine	PTM-0253	exact	H1 O3 P1	79.98	vocabulary	true
Q8WZ42	TTN	1	Modified residue	12022	12022	EXACT	EXACT	Phosphoserine		Phosphoserine	Phosphoserine	PTM-0253	exact	H1 O3 P1	79.98	vocabulary	true
Q8WZ42	TTN	1	Modified residue	30443	30443	EXACT	EXACT	Phosphothreonine		Phosphothreonine	Phosphothreonine	PTM-0254	exact	H1 O3 P1	79.98	vocabulary	true
Q8WZ42	TTN	1	Modified residue	32341	32341	EXACT	EXACT	Phosphotyrosine		Phosphotyrosine	Phosphotyrosine	PTM-0255	exact	H1 O3 P1	79.98	vocabulary	true
Q8WZ42	TTN	1	Modified residue	33245	33245	EXACT	EXACT	Phosphoserine		Phosphoserine	Phosphoserine	PTM-0253	exact	H1 O3 P1	79.98	vocabulary	true
Q8WZ42	TTN	1	Modified residue	33247	33247	EXACT	EXACT	Phosphoserine		Phosphoserine	Phosphoserine	PTM-0253	exact	H1 O3 P1	79.98	vocabulary	true
Q8WZ42	TTN	1	Modified residue	33602	33602	EXACT	EXACT	Phosphoserine		Phosphoserine	Phosphoserine	PTM-0253	exact	H1 O3 P1	79.98	vocabulary	true
Q8WZ42	TTN	1	Modified residue	33614	33614	EXACT	EXACT	Phosphoserine		Phosphoserine	Phosphoserine	PTM-0253	exact	H1 O3 P1	79.98	vocabulary	true
Q8WZ42	TTN	1	Disulfide bond	964	1015	EXACT	EXACT						not_in_vocabulary	H-2 (arithmetic)	-2.016	disulfide_arithmetic	true
Q8WZ42	TTN	1	Disulfide bond	1724	1777	EXACT	EXACT						not_in_vocabulary	H-2 (arithmetic)	-2.016	disulfide_arithmetic	true
Q8WZ42	TTN	1	Disulfide bond	2109	2134	EXACT	EXACT						not_in_vocabulary	H-2 (arithmetic)	-2.016	disulfide_arithmetic	true
Q8WZ42	TTN	1	Disulfide bond	2196	2246	EXACT	EXACT						not_in_vocabulary	H-2 (arithmetic)	-2.016	disulfide_arithmetic	true
Q8WZ42	TTN	1	Disulfide bond	3259	3311	EXACT	EXACT						not_in_vocabulary	H-2 (arithmetic)	-2.016	disulfide_arithmetic	true
Q8WZ42	TTN	1	Disulfide bond	4404	4455	EXACT	EXACT						not_in_vocabulary	H-2 (arithmetic)	-2.016	disulfide_arithmetic	true
Q8WZ42	TTN	1	Disulfide bond	4499	4550	EXACT	EXACT						not_in_vocabulary	H-2 (arithmetic)	-2.016	disulfide_arithmetic	true
Q8WZ42	TTN	1	Disulfide bond	4592	4643	EXACT	EXACT						not_in_vocabulary	H-2 (arithmetic)	-2.016	disulfide_arithmetic	true
Q8WZ42	TTN	1	Disulfide bond	4686	4737	EXACT	EXACT						not_in_vocabulary	H-2 (arithmetic)	-2.016	disulfide_arithmetic	true
Q8WZ42	TTN	1	Disulfide bond	4779	4830	EXACT	EXACT						not_in_vocabulary	H-2 (arithmetic)	-2.016	disulfide_arithmetic	true
Q8WZ42	TTN	1	Disulfide bond	5061	5112	EXACT	EXACT						not_in_vocabulary	H-2 (arithmetic)	-2.016	disulfide_arithmetic	true
Q8WZ42	TTN	1	Disulfide bond	5248	5299	EXACT	EXACT						not_in_vocabulary	H-2 (arithmetic)	-2.016	disulfide_arithmetic	true
Q8WZ42	TTN	1	Disulfide bond	5623	5674	EXACT	EXACT						not_in_vocabulary	H-2 (arithmetic)	-2.016	disulfide_arithmetic	true
Q8WZ42	TTN	1	Disulfide bond	5810	5861	EXACT	EXACT						not_in_vocabulary	H-2 (arithmetic)	-2.016	disulfide_arithmetic	true
Q8WZ42	TTN	1	Disulfide bond	5903	5954	EXACT	EXACT						not_in_vocabulary	H-2 (arithmetic)	-2.016	disulfide_arithmetic	true
Q8WZ42	TTN	1	Disulfide bond	6185	6236	EXACT	EXACT						not_in_vocabulary	H-2 (arithmetic)	-2.016	disulfide_arithmetic	true
Q8WZ42	TTN	1	Disulfide bond	6372	6423	EXACT	EXACT						not_in_vocabulary	H-2 (arithmetic)	-2.016	disulfide_arithmetic	true
Q8WZ42	TTN	1	Disulfide bond	6465	6516	EXACT	EXACT						not_in_vocabulary	H-2 (arithmetic)	-2.016	disulfide_arithmetic	true
Q8WZ42	TTN	1	Disulfide bond	6748	6799	EXACT	EXACT						not_in_vocabulary	H-2 (arithmetic)	-2.016	disulfide_arithmetic	true
Q8WZ42	TTN	1	Disulfide bond	7027	7078	EXACT	EXACT						not_in_vocabulary	H-2 (arithmetic)	-2.016	disulfide_arithmetic	true
Q8WZ42	TTN	1	Disulfide bond	7123	7174	EXACT	EXACT						not_in_vocabulary	H-2 (arithmetic)	-2.016	disulfide_arithmetic	true
Q8WZ42	TTN	1	Disulfide bond	7219	7270	EXACT	EXACT						not_in_vocabulary	H-2 (arithmetic)	-2.016	disulfide_arithmetic	true
Q8WZ42	TTN	1	Disulfide bond	7313	7364	EXACT	EXACT						not_in_vocabulary	H-2 (arithmetic)	-2.016	disulfide_arithmetic	true
Q8WZ42	TTN	1	Disulfide bond	7406	7457	EXACT	EXACT						not_in_vocabulary	H-2 (arithmetic)	-2.016	disulfide_arithmetic	true
Q8WZ42	TTN	1	Disulfide bond	7689	7740	EXACT	EXACT						not_in_vocabulary	H-2 (arithmetic)	-2.016	disulfide_arithmetic	true
Q8WZ42	TTN	1	Disulfide bond	7968	8019	EXACT	EXACT						not_in_vocabulary	H-2 (arithmetic)	-2.016	disulfide_arithmetic	true
Q8WZ42	TTN	1	Disulfide bond	8064	8115	EXACT	EXACT						not_in_vocabulary	H-2 (arithmetic)	-2.016	disulfide_arithmetic	true
Q8WZ42	TTN	1	Disulfide bond	8160	8211	EXACT	EXACT						not_in_vocabulary	H-2 (arithmetic)	-2.016	disulfide_arithmetic	true
Q8WZ42	TTN	1	Disulfide bond	8254	8305	EXACT	EXACT						not_in_vocabulary	H-2 (arithmetic)	-2.016	disulfide_arithmetic	true
Q8WZ42	TTN	1	Disulfide bond	8347	8398	EXACT	EXACT						not_in_vocabulary	H-2 (arithmetic)	-2.016	disulfide_arithmetic	true
Q8WZ42	TTN	1	Disulfide bond	8630	8681	EXACT	EXACT						not_in_vocabulary	H-2 (arithmetic)	-2.016	disulfide_arithmetic	true
Q8WZ42	TTN	1	Disulfide bond	8909	8960	EXACT	EXACT						not_in_vocabulary	H-2 (arithmetic)	-2.016	disulfide_arithmetic	true
Q8WZ42	TTN	1	Disulfide bond	9005	9056	EXACT	EXACT						not_in_vocabulary	H-2 (arithmetic)	-2.016	disulfide_arithmetic	true
Q8WZ42	TTN	1	Disulfide bond	9101	9152	EXACT	EXACT						not_in_vocabulary	H-2 (arithmetic)	-2.016	disulfide_arithmetic	true
Q8WZ42	TTN	1	Disulfide bond	9294	9345	EXACT	EXACT						not_in_vocabulary	H-2 (arithmetic)	-2.016	disulfide_arithmetic	true
Q8WZ42	TTN	1	Disulfide bond	9693	9743	EXACT	EXACT						not_in_vocabulary	H-2 (arithmetic)	-2.016	disulfide_arithmetic	true
Q8WZ42	TTN	1	Disulfide bond	12067	12117	EXACT	EXACT						not_in_vocabulary	H-2 (arithmetic)	-2.016	disulfide_arithmetic	true
Q8WZ42	TTN	1	Disulfide bond	12611	12660	EXACT	EXACT						not_in_vocabulary	H-2 (arithmetic)	-2.016	disulfide_arithmetic	true
Q8WZ42	TTN	1	Disulfide bond	12966	13016	EXACT	EXACT						not_in_vocabulary	H-2 (arithmetic)	-2.016	disulfide_arithmetic	true
Q8WZ42	TTN	1	Disulfide bond	13233	13283	EXACT	EXACT						not_in_vocabulary	H-2 (arithmetic)	-2.016	disulfide_arithmetic	true
Q8WZ42	TTN	1	Disulfide bond	13322	13372	EXACT	EXACT						not_in_vocabulary	H-2 (arithmetic)	-2.016	disulfide_arithmetic	true
Q8WZ42	TTN	1	Disulfide bond	13411	13461	EXACT	EXACT						not_in_vocabulary	H-2 (arithmetic)	-2.016	disulfide_arithmetic	true
Q8WZ42	TTN	1	Disulfide bond	13771	13821	EXACT	EXACT						not_in_vocabulary	H-2 (arithmetic)	-2.016	disulfide_arithmetic	true
Q8WZ42	TTN	1	Disulfide bond	31481	31532	EXACT	EXACT						not_in_vocabulary	H-2 (arithmetic)	-2.016	disulfide_arithmetic	true
Q8WZ42	TTN	1	Disulfide bond	32516	32568	EXACT	EXACT						not_in_vocabulary	H-2 (arithmetic)	-2.016	disulfide_arithmetic	true
Q8WZ42	TTN	1	Disulfide bond	33664	33718	EXACT	EXACT						not_in_vocabulary	H-2 (arithmetic)	-2.016	disulfide_arithmetic	true
Q92629	SGCD	2	Glycosylation	60	60	EXACT	EXACT	N-linked (GlcNAc...) asparagine		N-linked (GlcNAc...) asparagine	N-linked (GlcNAc...) asparagine	PTM-0528	exact			no_mass_in_vocabulary	true
Q92629	SGCD	2	Glycosylation	108	108	EXACT	EXACT	N-linked (GlcNAc...) asparagine		N-linked (GlcNAc...) asparagine	N-linked (GlcNAc...) asparagine	PTM-0528	exact			no_mass_in_vocabulary	true
Q92629	SGCD	2	Glycosylation	284	284	EXACT	EXACT	N-linked (GlcNAc...) asparagine		N-linked (GlcNAc...) asparagine	N-linked (GlcNAc...) asparagine	PTM-0528	exact			no_mass_in_vocabulary	true
Q92629	SGCD	2	Disulfide bond	263	288	EXACT	EXACT						not_in_vocabulary	H-2 (arithmetic)	-2.016	disulfide_arithmetic	true
Q92629	SGCD	2	Disulfide bond	265	281	EXACT	EXACT						not_in_vocabulary	H-2 (arithmetic)	-2.016	disulfide_arithmetic	true
Q92736	RYR2	1;2	Modified residue	1341	1341	EXACT	EXACT	Phosphoserine		Phosphoserine	Phosphoserine	PTM-0253	exact	H1 O3 P1	79.98	vocabulary	true
Q92736	RYR2	1;2	Modified residue	1869	1869	EXACT	EXACT	Phosphoserine		Phosphoserine	Phosphoserine	PTM-0253	exact	H1 O3 P1	79.98	vocabulary	true
Q92736	RYR2	1;2	Modified residue	2031	2031	EXACT	EXACT	Phosphoserine; by PKA		Phosphoserine	Phosphoserine	PTM-0253	exact	H1 O3 P1	79.98	vocabulary	true
Q92736	RYR2	1;2	Modified residue	2369	2369	EXACT	EXACT	Phosphoserine		Phosphoserine	Phosphoserine	PTM-0253	exact	H1 O3 P1	79.98	vocabulary	true
Q92736	RYR2	1;2	Modified residue	2697	2697	EXACT	EXACT	Phosphoserine		Phosphoserine	Phosphoserine	PTM-0253	exact	H1 O3 P1	79.98	vocabulary	true
Q92736	RYR2	1;2	Modified residue	2797	2797	EXACT	EXACT	Phosphoserine		Phosphoserine	Phosphoserine	PTM-0253	exact	H1 O3 P1	79.98	vocabulary	true
Q92736	RYR2	1;2	Modified residue	2808	2808	EXACT	EXACT	Phosphoserine; by CaMK2D and PKA		Phosphoserine	Phosphoserine	PTM-0253	exact	H1 O3 P1	79.98	vocabulary	true
Q92736	RYR2	1;2	Modified residue	2811	2811	EXACT	EXACT	Phosphoserine		Phosphoserine	Phosphoserine	PTM-0253	exact	H1 O3 P1	79.98	vocabulary	true
Q92736	RYR2	1;2	Modified residue	2814	2814	EXACT	EXACT	Phosphoserine; by CaMK2D		Phosphoserine	Phosphoserine	PTM-0253	exact	H1 O3 P1	79.98	vocabulary	true
Q92736	RYR2	1;2	Modified residue	2947	2947	EXACT	EXACT	Phosphoserine		Phosphoserine	Phosphoserine	PTM-0253	exact	H1 O3 P1	79.98	vocabulary	true
Q93084	ATP2A3	2	Modified residue	1	1	EXACT	EXACT	N-acetylmethionine		N-acetylmethionine	N-acetylmethionine	PTM-0205	exact	C2 H2 O1	42.04	vocabulary	true
Q93084	ATP2A3	2	Modified residue	17	17	EXACT	EXACT	Phosphoserine		Phosphoserine	Phosphoserine	PTM-0253	exact	H1 O3 P1	79.98	vocabulary	true
Q93084	ATP2A3	2	Modified residue	19	19	EXACT	EXACT	Phosphothreonine		Phosphothreonine	Phosphothreonine	PTM-0254	exact	H1 O3 P1	79.98	vocabulary	true
Q93084	ATP2A3	2	Modified residue	25	25	EXACT	EXACT	Phosphoserine		Phosphoserine	Phosphoserine	PTM-0253	exact	H1 O3 P1	79.98	vocabulary	true
Q93084	ATP2A3	2	Modified residue	415	415	EXACT	EXACT	Phosphothreonine		Phosphothreonine	Phosphothreonine	PTM-0254	exact	H1 O3 P1	79.98	vocabulary	true
Q93084	ATP2A3	2	Modified residue	662	662	EXACT	EXACT	Phosphoserine		Phosphoserine	Phosphoserine	PTM-0253	exact	H1 O3 P1	79.98	vocabulary	true
Q96AC1	FERMT2	1	Modified residue	159	159	EXACT	EXACT	Phosphoserine		Phosphoserine	Phosphoserine	PTM-0253	exact	H1 O3 P1	79.98	vocabulary	true
Q96AC1	FERMT2	1	Modified residue	181	181	EXACT	EXACT	Phosphoserine		Phosphoserine	Phosphoserine	PTM-0253	exact	H1 O3 P1	79.98	vocabulary	true
Q96AC1	FERMT2	1	Modified residue	339	339	EXACT	EXACT	Phosphoserine		Phosphoserine	Phosphoserine	PTM-0253	exact	H1 O3 P1	79.98	vocabulary	true
Q96AC1	FERMT2	1	Modified residue	351	351	EXACT	EXACT	Phosphoserine		Phosphoserine	Phosphoserine	PTM-0253	exact	H1 O3 P1	79.98	vocabulary	true
Q96AC1	FERMT2	1	Modified residue	666	666	EXACT	EXACT	Phosphoserine		Phosphoserine	Phosphoserine	PTM-0253	exact	H1 O3 P1	79.98	vocabulary	true
Q96HC4	PDLIM5	1	Modified residue	2	2	EXACT	EXACT	N-acetylserine		N-acetylserine	N-acetylserine	PTM-0207	exact	C2 H2 O1	42.04	vocabulary	true
Q96HC4	PDLIM5	1	Modified residue	2	2	EXACT	EXACT	Phosphoserine		Phosphoserine	Phosphoserine	PTM-0253	exact	H1 O3 P1	79.98	vocabulary	true
Q96HC4	PDLIM5	1	Modified residue	89	89	EXACT	EXACT	N6-acetyllysine; alternate		N6-acetyllysine	N6-acetyllysine	PTM-0190	exact	C2 H2 O1	42.04	vocabulary	true
Q96HC4	PDLIM5	1	Modified residue	89	89	EXACT	EXACT	N6-succinyllysine; alternate		N6-succinyllysine	N6-succinyllysine	PTM-0438	exact	C4 H4 O3	100.07	vocabulary	true
Q96HC4	PDLIM5	1	Modified residue	111	111	EXACT	EXACT	Phosphoserine		Phosphoserine	Phosphoserine	PTM-0253	exact	H1 O3 P1	79.98	vocabulary	true
Q96HC4	PDLIM5	1	Modified residue	134	134	EXACT	EXACT	Phosphoserine		Phosphoserine	Phosphoserine	PTM-0253	exact	H1 O3 P1	79.98	vocabulary	true
Q96HC4	PDLIM5	1	Modified residue	137	137	EXACT	EXACT	Phosphoserine		Phosphoserine	Phosphoserine	PTM-0253	exact	H1 O3 P1	79.98	vocabulary	true
Q96HC4	PDLIM5	1	Modified residue	228	228	EXACT	EXACT	Phosphoserine		Phosphoserine	Phosphoserine	PTM-0253	exact	H1 O3 P1	79.98	vocabulary	true
Q96HC4	PDLIM5	1	Modified residue	260	260	EXACT	EXACT	Phosphoserine		Phosphoserine	Phosphoserine	PTM-0253	exact	H1 O3 P1	79.98	vocabulary	true
Q96HC4	PDLIM5	1	Modified residue	309	309	EXACT	EXACT	Phosphoserine		Phosphoserine	Phosphoserine	PTM-0253	exact	H1 O3 P1	79.98	vocabulary	true
Q96HC4	PDLIM5	1	Modified residue	313	313	EXACT	EXACT	Phosphoserine		Phosphoserine	Phosphoserine	PTM-0253	exact	H1 O3 P1	79.98	vocabulary	true
Q96HC4	PDLIM5	1	Modified residue	322	322	EXACT	EXACT	Phosphoserine		Phosphoserine	Phosphoserine	PTM-0253	exact	H1 O3 P1	79.98	vocabulary	true
Q96HC4	PDLIM5	1	Modified residue	350	350	EXACT	EXACT	N6-acetyllysine		N6-acetyllysine	N6-acetyllysine	PTM-0190	exact	C2 H2 O1	42.04	vocabulary	true
Q96HC4	PDLIM5	1	Modified residue	360	360	EXACT	EXACT	Phosphoserine		Phosphoserine	Phosphoserine	PTM-0253	exact	H1 O3 P1	79.98	vocabulary	true
Q96HC4	PDLIM5	1	Modified residue	362	362	EXACT	EXACT	Phosphoserine		Phosphoserine	Phosphoserine	PTM-0253	exact	H1 O3 P1	79.98	vocabulary	true
Q96HC4	PDLIM5	1	Cross-link	89	89	EXACT	EXACT	Glycyl lysine isopeptide (Lys-Gly) (interchain with G-Cter in SUMO2); alternate		Glycyl lysine isopeptide (Lys-Gly) (interchain with G-Cter in SUMO2)	Glycyl lysine isopeptide (Lys-Gly) (interchain with G-...)	PTM-0135	wildcard	H-2 O-1	-18.02	vocabulary	true
Q96JY6	PDLIM2	1	Modified residue	124	124	EXACT	EXACT	Phosphoserine		Phosphoserine	Phosphoserine	PTM-0253	exact	H1 O3 P1	79.98	vocabulary	true
Q96JY6	PDLIM2	1	Modified residue	126	126	EXACT	EXACT	Phosphothreonine		Phosphothreonine	Phosphothreonine	PTM-0254	exact	H1 O3 P1	79.98	vocabulary	true
Q96JY6	PDLIM2	1	Modified residue	127	127	EXACT	EXACT	Phosphoserine		Phosphoserine	Phosphoserine	PTM-0253	exact	H1 O3 P1	79.98	vocabulary	true
Q96JY6	PDLIM2	1	Modified residue	129	129	EXACT	EXACT	Phosphoserine		Phosphoserine	Phosphoserine	PTM-0253	exact	H1 O3 P1	79.98	vocabulary	true
Q96JY6	PDLIM2	1	Modified residue	134	134	EXACT	EXACT	Phosphoserine		Phosphoserine	Phosphoserine	PTM-0253	exact	H1 O3 P1	79.98	vocabulary	true
Q96JY6	PDLIM2	1	Modified residue	137	137	EXACT	EXACT	Phosphoserine		Phosphoserine	Phosphoserine	PTM-0253	exact	H1 O3 P1	79.98	vocabulary	true
Q96JY6	PDLIM2	1	Modified residue	143	143	EXACT	EXACT	Phosphoserine		Phosphoserine	Phosphoserine	PTM-0253	exact	H1 O3 P1	79.98	vocabulary	true
Q96JY6	PDLIM2	1	Modified residue	161	161	EXACT	EXACT	Phosphoserine		Phosphoserine	Phosphoserine	PTM-0253	exact	H1 O3 P1	79.98	vocabulary	true
Q96JY6	PDLIM2	1	Modified residue	197	197	EXACT	EXACT	Phosphoserine		Phosphoserine	Phosphoserine	PTM-0253	exact	H1 O3 P1	79.98	vocabulary	true
Q96JY6	PDLIM2	1	Modified residue	203	203	EXACT	EXACT	Phosphoserine		Phosphoserine	Phosphoserine	PTM-0253	exact	H1 O3 P1	79.98	vocabulary	true
Q96JY6	PDLIM2	1	Modified residue	213	213	EXACT	EXACT	Phosphoserine		Phosphoserine	Phosphoserine	PTM-0253	exact	H1 O3 P1	79.98	vocabulary	true
Q96JY6	PDLIM2	1	Modified residue	266	266	EXACT	EXACT	Phosphoserine		Phosphoserine	Phosphoserine	PTM-0253	exact	H1 O3 P1	79.98	vocabulary	true
Q96Q27	ASB2	1	Modified residue	371	371	EXACT	EXACT	Phosphoserine; by MAPK		Phosphoserine	Phosphoserine	PTM-0253	exact	H1 O3 P1	79.98	vocabulary	true
Q9BR39	JPH2	1;2	Modified residue	162	162	EXACT	EXACT	Phosphoserine		Phosphoserine	Phosphoserine	PTM-0253	exact	H1 O3 P1	79.98	vocabulary	true
Q9BR39	JPH2	1;2	Modified residue	165	165	EXACT	EXACT	Phosphoserine		Phosphoserine	Phosphoserine	PTM-0253	exact	H1 O3 P1	79.98	vocabulary	true
Q9BR39	JPH2	1;2	Modified residue	446	446	EXACT	EXACT	Phosphoserine		Phosphoserine	Phosphoserine	PTM-0253	exact	H1 O3 P1	79.98	vocabulary	true
Q9BR39	JPH2	1;2	Modified residue	448	448	EXACT	EXACT	Phosphoserine		Phosphoserine	Phosphoserine	PTM-0253	exact	H1 O3 P1	79.98	vocabulary	true
Q9BR39	JPH2	1;2	Modified residue	469	469	EXACT	EXACT	Phosphoserine		Phosphoserine	Phosphoserine	PTM-0253	exact	H1 O3 P1	79.98	vocabulary	true
Q9BR39	JPH2	1;2	Modified residue	477	477	EXACT	EXACT	Phosphothreonine		Phosphothreonine	Phosphothreonine	PTM-0254	exact	H1 O3 P1	79.98	vocabulary	true
Q9BR39	JPH2	1;2	Modified residue	484	484	EXACT	EXACT	Phosphoserine		Phosphoserine	Phosphoserine	PTM-0253	exact	H1 O3 P1	79.98	vocabulary	true
Q9BR39	JPH2	1;2	Modified residue	486	486	EXACT	EXACT	Phosphoserine		Phosphoserine	Phosphoserine	PTM-0253	exact	H1 O3 P1	79.98	vocabulary	true
Q9BR39	JPH2	1;2	Modified residue	490	490	EXACT	EXACT	Phosphothreonine		Phosphothreonine	Phosphothreonine	PTM-0254	exact	H1 O3 P1	79.98	vocabulary	true
Q9BR39	JPH2	1;2	Modified residue	534	534	EXACT	EXACT	Phosphoserine		Phosphoserine	Phosphoserine	PTM-0253	exact	H1 O3 P1	79.98	vocabulary	true
Q9BR39	JPH2	1;2	Modified residue	594	594	EXACT	EXACT	Phosphoserine		Phosphoserine	Phosphoserine	PTM-0253	exact	H1 O3 P1	79.98	vocabulary	true
Q9BR39	JPH2	1;2	Modified residue	598	598	EXACT	EXACT	Phosphoserine		Phosphoserine	Phosphoserine	PTM-0253	exact	H1 O3 P1	79.98	vocabulary	true
Q9C0I1	MTMR12	1;2	Modified residue	564	564	EXACT	EXACT	Phosphoserine		Phosphoserine	Phosphoserine	PTM-0253	exact	H1 O3 P1	79.98	vocabulary	true
Q9C0I1	MTMR12	1;2	Modified residue	601	601	EXACT	EXACT	Phosphoserine		Phosphoserine	Phosphoserine	PTM-0253	exact	H1 O3 P1	79.98	vocabulary	true
Q9C0I1	MTMR12	1;2	Modified residue	716	716	EXACT	EXACT	Phosphoserine		Phosphoserine	Phosphoserine	PTM-0253	exact	H1 O3 P1	79.98	vocabulary	true
Q9GZV1	ANKRD2	1	Modified residue	99	99	EXACT	EXACT	Phosphoserine; by PKB/AKT2		Phosphoserine	Phosphoserine	PTM-0253	exact	H1 O3 P1	79.98	vocabulary	true
Q9H1R3	MYLK2	1	Modified residue	2	2	EXACT	EXACT	N-acetylalanine		N-acetylalanine	N-acetylalanine	PTM-0199	exact	C2 H2 O1	42.04	vocabulary	true
Q9H1R3	MYLK2	1	Modified residue	143	143	EXACT	EXACT	Phosphoserine		Phosphoserine	Phosphoserine	PTM-0253	exact	H1 O3 P1	79.98	vocabulary	true
Q9H1R3	MYLK2	1	Modified residue	149	149	EXACT	EXACT	Phosphoserine		Phosphoserine	Phosphoserine	PTM-0253	exact	H1 O3 P1	79.98	vocabulary	true
Q9H1R3	MYLK2	1	Modified residue	151	151	EXACT	EXACT	Phosphoserine		Phosphoserine	Phosphoserine	PTM-0253	exact	H1 O3 P1	79.98	vocabulary	true
Q9H1R3	MYLK2	1	Modified residue	445	445	EXACT	EXACT	Phosphothreonine		Phosphothreonine	Phosphothreonine	PTM-0254	exact	H1 O3 P1	79.98	vocabulary	true
Q9H2S1	KCNN2	1	Modified residue	160	160	EXACT	EXACT	Phosphotyrosine		Phosphotyrosine	Phosphotyrosine	PTM-0255	exact	H1 O3 P1	79.98	vocabulary	true
Q9H7C4	SYNC	1	Modified residue	26	26	EXACT	EXACT	Phosphoserine		Phosphoserine	Phosphoserine	PTM-0253	exact	H1 O3 P1	79.98	vocabulary	true
Q9H7C4	SYNC	1	Modified residue	34	34	EXACT	EXACT	Phosphoserine		Phosphoserine	Phosphoserine	PTM-0253	exact	H1 O3 P1	79.98	vocabulary	true
Q9H7C4	SYNC	1	Modified residue	325	325	EXACT	EXACT	Phosphoserine		Phosphoserine	Phosphoserine	PTM-0253	exact	H1 O3 P1	79.98	vocabulary	true
Q9H987	SYNPO2L	1	Modified residue	108	108	EXACT	EXACT	Phosphoserine		Phosphoserine	Phosphoserine	PTM-0253	exact	H1 O3 P1	79.98	vocabulary	true
Q9H987	SYNPO2L	1	Modified residue	111	111	EXACT	EXACT	Phosphoserine		Phosphoserine	Phosphoserine	PTM-0253	exact	H1 O3 P1	79.98	vocabulary	true
Q9H987	SYNPO2L	1	Modified residue	141	141	EXACT	EXACT	Phosphothreonine		Phosphothreonine	Phosphothreonine	PTM-0254	exact	H1 O3 P1	79.98	vocabulary	true
Q9H987	SYNPO2L	1	Modified residue	143	143	EXACT	EXACT	Phosphoserine		Phosphoserine	Phosphoserine	PTM-0253	exact	H1 O3 P1	79.98	vocabulary	true
Q9H987	SYNPO2L	1	Modified residue	178	178	EXACT	EXACT	Phosphoserine		Phosphoserine	Phosphoserine	PTM-0253	exact	H1 O3 P1	79.98	vocabulary	true
Q9H987	SYNPO2L	1	Modified residue	180	180	EXACT	EXACT	Phosphoserine		Phosphoserine	Phosphoserine	PTM-0253	exact	H1 O3 P1	79.98	vocabulary	true
Q9H987	SYNPO2L	1	Modified residue	345	345	EXACT	EXACT	Phosphoserine		Phosphoserine	Phosphoserine	PTM-0253	exact	H1 O3 P1	79.98	vocabulary	true
Q9H987	SYNPO2L	1	Modified residue	350	350	EXACT	EXACT	Phosphoserine		Phosphoserine	Phosphoserine	PTM-0253	exact	H1 O3 P1	79.98	vocabulary	true
Q9H987	SYNPO2L	1	Modified residue	374	374	EXACT	EXACT	Phosphoserine		Phosphoserine	Phosphoserine	PTM-0253	exact	H1 O3 P1	79.98	vocabulary	true
Q9H987	SYNPO2L	1	Modified residue	381	381	EXACT	EXACT	Phosphoserine		Phosphoserine	Phosphoserine	PTM-0253	exact	H1 O3 P1	79.98	vocabulary	true
Q9H987	SYNPO2L	1	Modified residue	384	384	EXACT	EXACT	Phosphoserine		Phosphoserine	Phosphoserine	PTM-0253	exact	H1 O3 P1	79.98	vocabulary	true
Q9H987	SYNPO2L	1	Modified residue	386	386	EXACT	EXACT	Omega-N-methylarginine		Omega-N-methylarginine	Omega-N-methylarginine	PTM-0237	exact	C1 H2	14.03	vocabulary	true
Q9H987	SYNPO2L	1	Modified residue	466	466	EXACT	EXACT	Omega-N-methylarginine		Omega-N-methylarginine	Omega-N-methylarginine	PTM-0237	exact	C1 H2	14.03	vocabulary	true
Q9H987	SYNPO2L	1	Modified residue	469	469	EXACT	EXACT	Omega-N-methylarginine		Omega-N-methylarginine	Omega-N-methylarginine	PTM-0237	exact	C1 H2	14.03	vocabulary	true
Q9H987	SYNPO2L	1	Modified residue	479	479	EXACT	EXACT	Omega-N-methylarginine		Omega-N-methylarginine	Omega-N-methylarginine	PTM-0237	exact	C1 H2	14.03	vocabulary	true
Q9H987	SYNPO2L	1	Modified residue	670	670	EXACT	EXACT	Phosphoserine		Phosphoserine	Phosphoserine	PTM-0253	exact	H1 O3 P1	79.98	vocabulary	true
Q9H987	SYNPO2L	1	Modified residue	678	678	EXACT	EXACT	Phosphoserine		Phosphoserine	Phosphoserine	PTM-0253	exact	H1 O3 P1	79.98	vocabulary	true
Q9H987	SYNPO2L	1	Modified residue	705	705	EXACT	EXACT	Phosphothreonine		Phosphothreonine	Phosphothreonine	PTM-0254	exact	H1 O3 P1	79.98	vocabulary	true
Q9H987	SYNPO2L	1	Modified residue	713	713	EXACT	EXACT	Phosphothreonine		Phosphothreonine	Phosphothreonine	PTM-0254	exact	H1 O3 P1	79.98	vocabulary	true
Q9H987	SYNPO2L	1	Modified residue	757	757	EXACT	EXACT	Omega-N-methylarginine		Omega-N-methylarginine	Omega-N-methylarginine	PTM-0237	exact	C1 H2	14.03	vocabulary	true
Q9H987	SYNPO2L	1	Modified residue	788	788	EXACT	EXACT	Phosphoserine		Phosphoserine	Phosphoserine	PTM-0253	exact	H1 O3 P1	79.98	vocabulary	true
Q9H987	SYNPO2L	1	Modified residue	790	790	EXACT	EXACT	Phosphoserine		Phosphoserine	Phosphoserine	PTM-0253	exact	H1 O3 P1	79.98	vocabulary	true
Q9H987	SYNPO2L	1	Modified residue	792	792	EXACT	EXACT	Phosphothreonine		Phosphothreonine	Phosphothreonine	PTM-0254	exact	H1 O3 P1	79.98	vocabulary	true
Q9H987	SYNPO2L	1	Modified residue	806	806	EXACT	EXACT	Omega-N-methylarginine		Omega-N-methylarginine	Omega-N-methylarginine	PTM-0237	exact	C1 H2	14.03	vocabulary	true
Q9H987	SYNPO2L	1	Modified residue	826	826	EXACT	EXACT	Omega-N-methylarginine		Omega-N-methylarginine	Omega-N-methylarginine	PTM-0237	exact	C1 H2	14.03	vocabulary	true
Q9H987	SYNPO2L	1	Modified residue	889	889	EXACT	EXACT	Omega-N-methylarginine		Omega-N-methylarginine	Omega-N-methylarginine	PTM-0237	exact	C1 H2	14.03	vocabulary	true
Q9H987	SYNPO2L	1	Modified residue	891	891	EXACT	EXACT	Phosphoserine		Phosphoserine	Phosphoserine	PTM-0253	exact	H1 O3 P1	79.98	vocabulary	true
Q9H987	SYNPO2L	1	Modified residue	892	892	EXACT	EXACT	Phosphothreonine		Phosphothreonine	Phosphothreonine	PTM-0254	exact	H1 O3 P1	79.98	vocabulary	true
Q9H987	SYNPO2L	1	Modified residue	898	898	EXACT	EXACT	Phosphothreonine		Phosphothreonine	Phosphothreonine	PTM-0254	exact	H1 O3 P1	79.98	vocabulary	true
Q9H987	SYNPO2L	1	Modified residue	910	910	EXACT	EXACT	Omega-N-methylarginine		Omega-N-methylarginine	Omega-N-methylarginine	PTM-0237	exact	C1 H2	14.03	vocabulary	true
Q9H987	SYNPO2L	1	Modified residue	921	921	EXACT	EXACT	Asymmetric dimethylarginine; alternate		Asymmetric dimethylarginine	Asymmetric dimethylarginine	PTM-0066	exact	C2 H4	28.05	vocabulary	true
Q9H987	SYNPO2L	1	Modified residue	921	921	EXACT	EXACT	Omega-N-methylarginine; alternate		Omega-N-methylarginine	Omega-N-methylarginine	PTM-0237	exact	C1 H2	14.03	vocabulary	true
Q9H987	SYNPO2L	1	Modified residue	955	955	EXACT	EXACT	Omega-N-methylarginine		Omega-N-methylarginine	Omega-N-methylarginine	PTM-0237	exact	C1 H2	14.03	vocabulary	true
Q9H987	SYNPO2L	1	Modified residue	957	957	EXACT	EXACT	Omega-N-methylarginine		Omega-N-methylarginine	Omega-N-methylarginine	PTM-0237	exact	C1 H2	14.03	vocabulary	true
Q9HBI1	PARVB	1	Modified residue	7	7	EXACT	EXACT	Phosphoserine		Phosphoserine	Phosphoserine	PTM-0253	exact	H1 O3 P1	79.98	vocabulary	true
Q9HBI1	PARVB	1	Modified residue	54	54	EXACT	EXACT	Phosphoserine		Phosphoserine	Phosphoserine	PTM-0253	exact	H1 O3 P1	79.98	vocabulary	true
Q9HDC5	JPH1	1;2	Modified residue	157	157	EXACT	EXACT	Phosphoserine		Phosphoserine	Phosphoserine	PTM-0253	exact	H1 O3 P1	79.98	vocabulary	true
Q9HDC5	JPH1	1;2	Modified residue	216	216	EXACT	EXACT	Phosphoserine		Phosphoserine	Phosphoserine	PTM-0253	exact	H1 O3 P1	79.98	vocabulary	true
Q9HDC5	JPH1	1;2	Modified residue	220	220	EXACT	EXACT	Phosphoserine		Phosphoserine	Phosphoserine	PTM-0253	exact	H1 O3 P1	79.98	vocabulary	true
Q9HDC5	JPH1	1;2	Modified residue	448	448	EXACT	EXACT	Phosphothreonine		Phosphothreonine	Phosphothreonine	PTM-0254	exact	H1 O3 P1	79.98	vocabulary	true
Q9HDC5	JPH1	1;2	Modified residue	452	452	EXACT	EXACT	Phosphoserine		Phosphoserine	Phosphoserine	PTM-0253	exact	H1 O3 P1	79.98	vocabulary	true
Q9HDC5	JPH1	1;2	Modified residue	461	461	EXACT	EXACT	Phosphothreonine		Phosphothreonine	Phosphothreonine	PTM-0254	exact	H1 O3 P1	79.98	vocabulary	true
Q9HDC5	JPH1	1;2	Modified residue	465	465	EXACT	EXACT	Phosphoserine		Phosphoserine	Phosphoserine	PTM-0253	exact	H1 O3 P1	79.98	vocabulary	true
Q9HDC5	JPH1	1;2	Modified residue	469	469	EXACT	EXACT	Phosphoserine		Phosphoserine	Phosphoserine	PTM-0253	exact	H1 O3 P1	79.98	vocabulary	true
Q9HDC5	JPH1	1;2	Modified residue	475	475	EXACT	EXACT	Phosphoserine		Phosphoserine	Phosphoserine	PTM-0253	exact	H1 O3 P1	79.98	vocabulary	true
Q9NP98	MYOZ1	1	Modified residue	82	82	EXACT	EXACT	Phosphoserine		Phosphoserine	Phosphoserine	PTM-0253	exact	H1 O3 P1	79.98	vocabulary	true
Q9NPC6	MYOZ2	1	Modified residue	53	53	EXACT	EXACT	Omega-N-methylarginine		Omega-N-methylarginine	Omega-N-methylarginine	PTM-0237	exact	C1 H2	14.03	vocabulary	true
Q9NPC6	MYOZ2	1	Modified residue	101	101	EXACT	EXACT	Phosphoserine		Phosphoserine	Phosphoserine	PTM-0253	exact	H1 O3 P1	79.98	vocabulary	true
Q9NPC6	MYOZ2	1	Modified residue	107	107	EXACT	EXACT	Phosphothreonine		Phosphothreonine	Phosphothreonine	PTM-0254	exact	H1 O3 P1	79.98	vocabulary	true
Q9NPC6	MYOZ2	1	Modified residue	111	111	EXACT	EXACT	Phosphothreonine		Phosphothreonine	Phosphothreonine	PTM-0254	exact	H1 O3 P1	79.98	vocabulary	true
Q9NPC6	MYOZ2	1	Modified residue	116	116	EXACT	EXACT	Phosphoserine		Phosphoserine	Phosphoserine	PTM-0253	exact	H1 O3 P1	79.98	vocabulary	true
Q9NR12	PDLIM7	1	Modified residue	78	78	EXACT	EXACT	Phosphoserine		Phosphoserine	Phosphoserine	PTM-0253	exact	H1 O3 P1	79.98	vocabulary	true
Q9NR12	PDLIM7	1	Modified residue	103	103	EXACT	EXACT	Asymmetric dimethylarginine		Asymmetric dimethylarginine	Asymmetric dimethylarginine	PTM-0066	exact	C2 H4	28.05	vocabulary	true
Q9NR12	PDLIM7	1	Modified residue	111	111	EXACT	EXACT	Phosphoserine		Phosphoserine	Phosphoserine	PTM-0253	exact	H1 O3 P1	79.98	vocabulary	true
Q9NR12	PDLIM7	1	Modified residue	247	247	EXACT	EXACT	Phosphoserine		Phosphoserine	Phosphoserine	PTM-0253	exact	H1 O3 P1	79.98	vocabulary	true
Q9NVD7	PARVA	1	Modified residue	2	2	EXACT	EXACT	N-acetylalanine		N-acetylalanine	N-acetylalanine	PTM-0199	exact	C2 H2 O1	42.04	vocabulary	true
Q9NVD7	PARVA	1	Modified residue	8	8	EXACT	EXACT	Phosphoserine		Phosphoserine	Phosphoserine	PTM-0253	exact	H1 O3 P1	79.98	vocabulary	true
Q9NVD7	PARVA	1	Modified residue	14	14	EXACT	EXACT	Phosphoserine		Phosphoserine	Phosphoserine	PTM-0253	exact	H1 O3 P1	79.98	vocabulary	true
Q9NVD7	PARVA	1	Modified residue	19	19	EXACT	EXACT	Phosphoserine		Phosphoserine	Phosphoserine	PTM-0253	exact	H1 O3 P1	79.98	vocabulary	true
Q9NVD7	PARVA	1	Modified residue	28	28	EXACT	EXACT	Phosphoserine		Phosphoserine	Phosphoserine	PTM-0253	exact	H1 O3 P1	79.98	vocabulary	true
Q9NVD7	PARVA	1	Modified residue	62	62	EXACT	EXACT	Phosphoserine		Phosphoserine	Phosphoserine	PTM-0253	exact	H1 O3 P1	79.98	vocabulary	true
Q9NVV0	TMEM38B	2	Modified residue	262	262	EXACT	EXACT	Phosphoserine		Phosphoserine	Phosphoserine	PTM-0253	exact	H1 O3 P1	79.98	vocabulary	true
Q9NY72	SCN3B	1	Glycosylation	95	95	EXACT	EXACT	N-linked (GlcNAc...) asparagine		N-linked (GlcNAc...) asparagine	N-linked (GlcNAc...) asparagine	PTM-0528	exact			no_mass_in_vocabulary	true
Q9NY72	SCN3B	1	Glycosylation	109	109	EXACT	EXACT	N-linked (GlcNAc...) asparagine		N-linked (GlcNAc...) asparagine	N-linked (GlcNAc...) asparagine	PTM-0528	exact			no_mass_in_vocabulary	true
Q9NY72	SCN3B	1	Glycosylation	113	113	EXACT	EXACT	N-linked (GlcNAc...) asparagine		N-linked (GlcNAc...) asparagine	N-linked (GlcNAc...) asparagine	PTM-0528	exact			no_mass_in_vocabulary	true
Q9NY72	SCN3B	1	Glycosylation	121	121	EXACT	EXACT	N-linked (GlcNAc...) asparagine		N-linked (GlcNAc...) asparagine	N-linked (GlcNAc...) asparagine	PTM-0528	exact			no_mass_in_vocabulary	true
Q9NY72	SCN3B	1	Disulfide bond	26	48	EXACT	EXACT						not_in_vocabulary	H-2 (arithmetic)	-2.016	disulfide_arithmetic	true
Q9NY72	SCN3B	1	Disulfide bond	45	120	EXACT	EXACT						not_in_vocabulary	H-2 (arithmetic)	-2.016	disulfide_arithmetic	true
Q9NYL9	TMOD3	1	Modified residue	25	25	EXACT	EXACT	Phosphoserine		Phosphoserine	Phosphoserine	PTM-0253	exact	H1 O3 P1	79.98	vocabulary	true
Q9NZR1	TMOD2	1	Modified residue	25	25	EXACT	EXACT	Phosphoserine		Phosphoserine	Phosphoserine	PTM-0253	exact	H1 O3 P1	79.98	vocabulary	true
Q9UBF9	MYOT	1	Modified residue	20	20	EXACT	EXACT	Omega-N-methylarginine		Omega-N-methylarginine	Omega-N-methylarginine	PTM-0237	exact	C1 H2	14.03	vocabulary	true
Q9UDY4	DNAJB4	1	Modified residue	122	122	EXACT	EXACT	Phosphoserine		Phosphoserine	Phosphoserine	PTM-0253	exact	H1 O3 P1	79.98	vocabulary	true
Q9UDY4	DNAJB4	1	Modified residue	148	148	EXACT	EXACT	Phosphoserine		Phosphoserine	Phosphoserine	PTM-0253	exact	H1 O3 P1	79.98	vocabulary	true
Q9UGI6	KCNN3	1	Modified residue	167	167	EXACT	EXACT	Phosphoserine		Phosphoserine	Phosphoserine	PTM-0253	exact	H1 O3 P1	79.98	vocabulary	true
Q9UJW0	DCTN4	1	Modified residue	2	2	EXACT	EXACT	N-acetylalanine		N-acetylalanine	N-acetylalanine	PTM-0199	exact	C2 H2 O1	42.04	vocabulary	true
Q9UJW0	DCTN4	1	Modified residue	196	196	EXACT	EXACT	Phosphoserine		Phosphoserine	Phosphoserine	PTM-0253	exact	H1 O3 P1	79.98	vocabulary	true
Q9UJW0	DCTN4	1	Modified residue	407	407	EXACT	EXACT	Phosphothreonine		Phosphothreonine	Phosphothreonine	PTM-0254	exact	H1 O3 P1	79.98	vocabulary	true
Q9UJW0	DCTN4	1	Cross-link	215	215	EXACT	EXACT	Glycyl lysine isopeptide (Lys-Gly) (interchain with G-Cter in SUMO2)		Glycyl lysine isopeptide (Lys-Gly) (interchain with G-Cter in SUMO2)	Glycyl lysine isopeptide (Lys-Gly) (interchain with G-...)	PTM-0135	wildcard	H-2 O-1	-18.02	vocabulary	true
Q9UKX2	MYH2	1	Modified residue	64	64	EXACT	EXACT	Phosphothreonine		Phosphothreonine	Phosphothreonine	PTM-0254	exact	H1 O3 P1	79.98	vocabulary	true
Q9UKX2	MYH2	1	Modified residue	69	69	EXACT	EXACT	Phosphothreonine		Phosphothreonine	Phosphothreonine	PTM-0254	exact	H1 O3 P1	79.98	vocabulary	true
Q9UKX2	MYH2	1	Modified residue	130	130	EXACT	EXACT	N6,N6,N6-trimethyllysine		N6,N6,N6-trimethyllysine	N6,N6,N6-trimethyllysine	PTM-0187	exact	C3 H7	43.09	vocabulary	true
Q9UKX2	MYH2	1	Modified residue	389	389	EXACT	EXACT	Phosphotyrosine		Phosphotyrosine	Phosphotyrosine	PTM-0255	exact	H1 O3 P1	79.98	vocabulary	true
Q9UKX2	MYH2	1	Modified residue	392	392	EXACT	EXACT	Phosphoserine		Phosphoserine	Phosphoserine	PTM-0253	exact	H1 O3 P1	79.98	vocabulary	true
Q9UKX2	MYH2	1	Modified residue	419	419	EXACT	EXACT	Phosphothreonine		Phosphothreonine	Phosphothreonine	PTM-0254	exact	H1 O3 P1	79.98	vocabulary	true
Q9UKX2	MYH2	1	Modified residue	625	625	EXACT	EXACT	Phosphoserine		Phosphoserine	Phosphoserine	PTM-0253	exact	H1 O3 P1	79.98	vocabulary	true
Q9UKX2	MYH2	1	Modified residue	759	759	EXACT	EXACT	Pros-methylhistidine		Pros-methylhistidine	Pros-methylhistidine	PTM-0259	exact	C1 H2	14.03	vocabulary	true
Q9UKX2	MYH2	1	Modified residue	1094	1094	EXACT	EXACT	Phosphoserine		Phosphoserine	Phosphoserine	PTM-0253	exact	H1 O3 P1	79.98	vocabulary	true
Q9UKX2	MYH2	1	Modified residue	1098	1098	EXACT	EXACT	Phosphoserine		Phosphoserine	Phosphoserine	PTM-0253	exact	H1 O3 P1	79.98	vocabulary	true
Q9UKX2	MYH2	1	Modified residue	1164	1164	EXACT	EXACT	Phosphoserine		Phosphoserine	Phosphoserine	PTM-0253	exact	H1 O3 P1	79.98	vocabulary	true
Q9UKX2	MYH2	1	Modified residue	1239	1239	EXACT	EXACT	Phosphoserine		Phosphoserine	Phosphoserine	PTM-0253	exact	H1 O3 P1	79.98	vocabulary	true
Q9UKX2	MYH2	1	Modified residue	1243	1243	EXACT	EXACT	Phosphothreonine		Phosphothreonine	Phosphothreonine	PTM-0254	exact	H1 O3 P1	79.98	vocabulary	true
Q9UKX2	MYH2	1	Modified residue	1245	1245	EXACT	EXACT	Phosphoserine		Phosphoserine	Phosphoserine	PTM-0253	exact	H1 O3 P1	79.98	vocabulary	true
Q9UKX2	MYH2	1	Modified residue	1257	1257	EXACT	EXACT	Phosphothreonine		Phosphothreonine	Phosphothreonine	PTM-0254	exact	H1 O3 P1	79.98	vocabulary	true
Q9UKX2	MYH2	1	Modified residue	1263	1263	EXACT	EXACT	Phosphoserine		Phosphoserine	Phosphoserine	PTM-0253	exact	H1 O3 P1	79.98	vocabulary	true
Q9UKX2	MYH2	1	Modified residue	1288	1288	EXACT	EXACT	Phosphothreonine		Phosphothreonine	Phosphothreonine	PTM-0254	exact	H1 O3 P1	79.98	vocabulary	true
Q9UKX2	MYH2	1	Modified residue	1290	1290	EXACT	EXACT	Phosphoserine		Phosphoserine	Phosphoserine	PTM-0253	exact	H1 O3 P1	79.98	vocabulary	true
Q9UKX2	MYH2	1	Modified residue	1294	1294	EXACT	EXACT	Phosphoserine		Phosphoserine	Phosphoserine	PTM-0253	exact	H1 O3 P1	79.98	vocabulary	true
Q9UKX2	MYH2	1	Modified residue	1305	1305	EXACT	EXACT	Phosphoserine		Phosphoserine	Phosphoserine	PTM-0253	exact	H1 O3 P1	79.98	vocabulary	true
Q9UKX2	MYH2	1	Modified residue	1308	1308	EXACT	EXACT	Phosphoserine		Phosphoserine	Phosphoserine	PTM-0253	exact	H1 O3 P1	79.98	vocabulary	true
Q9UKX2	MYH2	1	Modified residue	1469	1469	EXACT	EXACT	Phosphothreonine		Phosphothreonine	Phosphothreonine	PTM-0254	exact	H1 O3 P1	79.98	vocabulary	true
Q9UKX2	MYH2	1	Modified residue	1476	1476	EXACT	EXACT	Phosphoserine		Phosphoserine	Phosphoserine	PTM-0253	exact	H1 O3 P1	79.98	vocabulary	true
Q9UKX2	MYH2	1	Modified residue	1494	1494	EXACT	EXACT	Phosphotyrosine		Phosphotyrosine	Phosphotyrosine	PTM-0255	exact	H1 O3 P1	79.98	vocabulary	true
Q9UKX2	MYH2	1	Modified residue	1497	1497	EXACT	EXACT	Phosphoserine		Phosphoserine	Phosphoserine	PTM-0253	exact	H1 O3 P1	79.98	vocabulary	true
Q9UKX2	MYH2	1	Modified residue	1503	1503	EXACT	EXACT	Phosphothreonine		Phosphothreonine	Phosphothreonine	PTM-0254	exact	H1 O3 P1	79.98	vocabulary	true
Q9UKX2	MYH2	1	Modified residue	1516	1516	EXACT	EXACT	Phosphoserine		Phosphoserine	Phosphoserine	PTM-0253	exact	H1 O3 P1	79.98	vocabulary	true
Q9UKX2	MYH2	1	Modified residue	1519	1519	EXACT	EXACT	Phosphothreonine		Phosphothreonine	Phosphothreonine	PTM-0254	exact	H1 O3 P1	79.98	vocabulary	true
Q9UKX2	MYH2	1	Modified residue	1556	1556	EXACT	EXACT	Phosphoserine		Phosphoserine	Phosphoserine	PTM-0253	exact	H1 O3 P1	79.98	vocabulary	true
Q9UKX2	MYH2	1	Modified residue	1576	1576	EXACT	EXACT	Phosphoserine		Phosphoserine	Phosphoserine	PTM-0253	exact	H1 O3 P1	79.98	vocabulary	true
Q9UKX2	MYH2	1	Modified residue	1602	1602	EXACT	EXACT	Phosphoserine		Phosphoserine	Phosphoserine	PTM-0253	exact	H1 O3 P1	79.98	vocabulary	true
Q9UKX2	MYH2	1	Modified residue	1605	1605	EXACT	EXACT	Phosphoserine		Phosphoserine	Phosphoserine	PTM-0253	exact	H1 O3 P1	79.98	vocabulary	true
Q9UKX2	MYH2	1	Modified residue	1716	1716	EXACT	EXACT	Phosphoserine		Phosphoserine	Phosphoserine	PTM-0253	exact	H1 O3 P1	79.98	vocabulary	true
Q9UKX2	MYH2	1	Modified residue	1728	1728	EXACT	EXACT	Phosphoserine		Phosphoserine	Phosphoserine	PTM-0253	exact	H1 O3 P1	79.98	vocabulary	true
Q9UKX2	MYH2	1	Modified residue	1732	1732	EXACT	EXACT	Phosphothreonine		Phosphothreonine	Phosphothreonine	PTM-0254	exact	H1 O3 P1	79.98	vocabulary	true
Q9UKX2	MYH2	1	Modified residue	1738	1738	EXACT	EXACT	Phosphothreonine		Phosphothreonine	Phosphothreonine	PTM-0254	exact	H1 O3 P1	79.98	vocabulary	true
Q9UKX2	MYH2	1	Modified residue	1741	1741	EXACT	EXACT	Phosphoserine		Phosphoserine	Phosphoserine	PTM-0253	exact	H1 O3 P1	79.98	vocabulary	true
Q9UKX3	MYH13	1	Modified residue	130	130	EXACT	EXACT	N6,N6,N6-trimethyllysine		N6,N6,N6-trimethyllysine	N6,N6,N6-trimethyllysine	PTM-0187	exact	C3 H7	43.09	vocabulary	true
Q9ULV4	CORO1C	1	Modified residue	446	446	EXACT	EXACT	N6-acetyllysine		N6-acetyllysine	N6-acetyllysine	PTM-0190	exact	C2 H2 O1	42.04	vocabulary	true
Q9UMS6	SYNPO2	1	Modified residue	274	274	EXACT	EXACT	Phosphoserine		Phosphoserine	Phosphoserine	PTM-0253	exact	H1 O3 P1	79.98	vocabulary	true
Q9UMS6	SYNPO2	1	Modified residue	310	310	EXACT	EXACT	Phosphoserine		Phosphoserine	Phosphoserine	PTM-0253	exact	H1 O3 P1	79.98	vocabulary	true
Q9UMS6	SYNPO2	1	Modified residue	329	329	EXACT	EXACT	Phosphoserine		Phosphoserine	Phosphoserine	PTM-0253	exact	H1 O3 P1	79.98	vocabulary	true
Q9UMS6	SYNPO2	1	Modified residue	330	330	EXACT	EXACT	Phosphoserine		Phosphoserine	Phosphoserine	PTM-0253	exact	H1 O3 P1	79.98	vocabulary	true
Q9UMS6	SYNPO2	1	Modified residue	333	333	EXACT	EXACT	Phosphothreonine		Phosphothreonine	Phosphothreonine	PTM-0254	exact	H1 O3 P1	79.98	vocabulary	true
Q9UMS6	SYNPO2	1	Modified residue	548	548	EXACT	EXACT	Phosphoserine		Phosphoserine	Phosphoserine	PTM-0253	exact	H1 O3 P1	79.98	vocabulary	true
Q9UMS6	SYNPO2	1	Modified residue	549	549	EXACT	EXACT	Phosphoserine		Phosphoserine	Phosphoserine	PTM-0253	exact	H1 O3 P1	79.98	vocabulary	true
Q9UMS6	SYNPO2	1	Modified residue	551	551	EXACT	EXACT	Phosphoserine		Phosphoserine	Phosphoserine	PTM-0253	exact	H1 O3 P1	79.98	vocabulary	true
Q9UMS6	SYNPO2	1	Modified residue	604	604	EXACT	EXACT	Phosphoserine		Phosphoserine	Phosphoserine	PTM-0253	exact	H1 O3 P1	79.98	vocabulary	true
Q9UMS6	SYNPO2	1	Modified residue	610	610	EXACT	EXACT	Phosphothreonine		Phosphothreonine	Phosphothreonine	PTM-0254	exact	H1 O3 P1	79.98	vocabulary	true
Q9UMS6	SYNPO2	1	Modified residue	611	611	EXACT	EXACT	Phosphoserine		Phosphoserine	Phosphoserine	PTM-0253	exact	H1 O3 P1	79.98	vocabulary	true
Q9UMS6	SYNPO2	1	Modified residue	622	622	EXACT	EXACT	Phosphotyrosine		Phosphotyrosine	Phosphotyrosine	PTM-0255	exact	H1 O3 P1	79.98	vocabulary	true
Q9UMS6	SYNPO2	1	Modified residue	626	626	EXACT	EXACT	Phosphothreonine		Phosphothreonine	Phosphothreonine	PTM-0254	exact	H1 O3 P1	79.98	vocabulary	true
Q9UMS6	SYNPO2	1	Modified residue	705	705	EXACT	EXACT	Phosphoserine		Phosphoserine	Phosphoserine	PTM-0253	exact	H1 O3 P1	79.98	vocabulary	true
Q9UMS6	SYNPO2	1	Modified residue	729	729	EXACT	EXACT	Phosphoserine		Phosphoserine	Phosphoserine	PTM-0253	exact	H1 O3 P1	79.98	vocabulary	true
Q9UMS6	SYNPO2	1	Modified residue	755	755	EXACT	EXACT	Phosphothreonine		Phosphothreonine	Phosphothreonine	PTM-0254	exact	H1 O3 P1	79.98	vocabulary	true
Q9UMS6	SYNPO2	1	Modified residue	774	774	EXACT	EXACT	Phosphothreonine		Phosphothreonine	Phosphothreonine	PTM-0254	exact	H1 O3 P1	79.98	vocabulary	true
Q9UMS6	SYNPO2	1	Modified residue	777	777	EXACT	EXACT	Phosphoserine		Phosphoserine	Phosphoserine	PTM-0253	exact	H1 O3 P1	79.98	vocabulary	true
Q9UMS6	SYNPO2	1	Modified residue	781	781	EXACT	EXACT	Phosphoserine		Phosphoserine	Phosphoserine	PTM-0253	exact	H1 O3 P1	79.98	vocabulary	true
Q9UMS6	SYNPO2	1	Modified residue	902	902	EXACT	EXACT	Phosphoserine		Phosphoserine	Phosphoserine	PTM-0253	exact	H1 O3 P1	79.98	vocabulary	true
Q9UMS6	SYNPO2	1	Modified residue	906	906	EXACT	EXACT	Phosphoserine		Phosphoserine	Phosphoserine	PTM-0253	exact	H1 O3 P1	79.98	vocabulary	true
Q9UMS6	SYNPO2	1	Modified residue	910	910	EXACT	EXACT	Phosphoserine		Phosphoserine	Phosphoserine	PTM-0253	exact	H1 O3 P1	79.98	vocabulary	true
Q9UMS6	SYNPO2	1	Modified residue	1015	1015	EXACT	EXACT	Phosphoserine		Phosphoserine	Phosphoserine	PTM-0253	exact	H1 O3 P1	79.98	vocabulary	true
Q9UMS6	SYNPO2	1	Modified residue	1056	1056	EXACT	EXACT	Phosphoserine		Phosphoserine	Phosphoserine	PTM-0253	exact	H1 O3 P1	79.98	vocabulary	true
Q9UMS6	SYNPO2	1	Modified residue	1138	1138	EXACT	EXACT	Phosphoserine		Phosphoserine	Phosphoserine	PTM-0253	exact	H1 O3 P1	79.98	vocabulary	false
Q9UMS6	SYNPO2	1	Modified residue	1107	1107	EXACT	EXACT	Phosphoserine		Phosphoserine	Phosphoserine	PTM-0253	exact	H1 O3 P1	79.98	vocabulary	false
Q9UNE7	STUB1	1	Modified residue	19	19	EXACT	EXACT	Phosphoserine		Phosphoserine	Phosphoserine	PTM-0253	exact	H1 O3 P1	79.98	vocabulary	true
Q9UNE7	STUB1	1	Modified residue	23	23	EXACT	EXACT	Phosphoserine		Phosphoserine	Phosphoserine	PTM-0253	exact	H1 O3 P1	79.98	vocabulary	true
Q9UNE7	STUB1	1	Modified residue	25	25	EXACT	EXACT	Phosphoserine		Phosphoserine	Phosphoserine	PTM-0253	exact	H1 O3 P1	79.98	vocabulary	true
Q9UNE7	STUB1	1	Modified residue	149	149	EXACT	EXACT	Phosphoserine		Phosphoserine	Phosphoserine	PTM-0253	exact	H1 O3 P1	79.98	vocabulary	true
Q9UNE7	STUB1	1	Modified residue	273	273	EXACT	EXACT	Phosphoserine		Phosphoserine	Phosphoserine	PTM-0253	exact	H1 O3 P1	79.98	vocabulary	true
Q9UNE7	STUB1	1	Cross-link	2	2	EXACT	EXACT	Glycyl lysine isopeptide (Lys-Gly) (interchain with G-Cter in ubiquitin)		Glycyl lysine isopeptide (Lys-Gly) (interchain with G-Cter in ubiquitin)	Glycyl lysine isopeptide (Lys-Gly) (interchain with G-...)	PTM-0135	wildcard	H-2 O-1	-18.02	vocabulary	true
Q9UNE7	STUB1	1	Cross-link	22	22	EXACT	EXACT	Glycyl lysine isopeptide (Lys-Gly) (interchain with G-Cter in ubiquitin)		Glycyl lysine isopeptide (Lys-Gly) (interchain with G-Cter in ubiquitin)	Glycyl lysine isopeptide (Lys-Gly) (interchain with G-...)	PTM-0135	wildcard	H-2 O-1	-18.02	vocabulary	true
Q9UNE7	STUB1	1	Cross-link	221	221	EXACT	EXACT	Glycyl lysine isopeptide (Lys-Gly) (interchain with G-Cter in ubiquitin)		Glycyl lysine isopeptide (Lys-Gly) (interchain with G-Cter in ubiquitin)	Glycyl lysine isopeptide (Lys-Gly) (interchain with G-...)	PTM-0135	wildcard	H-2 O-1	-18.02	vocabulary	true
Q9UNE7	STUB1	1	Cross-link	255	255	EXACT	EXACT	Glycyl lysine isopeptide (Lys-Gly) (interchain with G-Cter in ubiquitin)		Glycyl lysine isopeptide (Lys-Gly) (interchain with G-Cter in ubiquitin)	Glycyl lysine isopeptide (Lys-Gly) (interchain with G-...)	PTM-0135	wildcard	H-2 O-1	-18.02	vocabulary	true
Q9UQD0	SCN8A	1	Modified residue	518	518	EXACT	EXACT	Phosphoserine		Phosphoserine	Phosphoserine	PTM-0253	exact	H1 O3 P1	79.98	vocabulary	true
Q9UQD0	SCN8A	1	Modified residue	520	520	EXACT	EXACT	Phosphoserine		Phosphoserine	Phosphoserine	PTM-0253	exact	H1 O3 P1	79.98	vocabulary	true
Q9UQD0	SCN8A	1	Modified residue	1497	1497	EXACT	EXACT	Phosphoserine; by PKC		Phosphoserine	Phosphoserine	PTM-0253	exact	H1 O3 P1	79.98	vocabulary	true
Q9UQD0	SCN8A	1	Glycosylation	215	215	EXACT	EXACT	N-linked (GlcNAc...) asparagine		N-linked (GlcNAc...) asparagine	N-linked (GlcNAc...) asparagine	PTM-0528	exact			no_mass_in_vocabulary	true
Q9UQD0	SCN8A	1	Glycosylation	289	289	EXACT	EXACT	N-linked (GlcNAc...) asparagine		N-linked (GlcNAc...) asparagine	N-linked (GlcNAc...) asparagine	PTM-0528	exact			no_mass_in_vocabulary	true
Q9UQD0	SCN8A	1	Glycosylation	295	295	EXACT	EXACT	N-linked (GlcNAc...) asparagine		N-linked (GlcNAc...) asparagine	N-linked (GlcNAc...) asparagine	PTM-0528	exact			no_mass_in_vocabulary	true
Q9UQD0	SCN8A	1	Glycosylation	308	308	EXACT	EXACT	N-linked (GlcNAc...) asparagine		N-linked (GlcNAc...) asparagine	N-linked (GlcNAc...) asparagine	PTM-0528	exact			no_mass_in_vocabulary	true
Q9UQD0	SCN8A	1	Glycosylation	326	326	EXACT	EXACT	N-linked (GlcNAc...) (high mannose) asparagine		N-linked (GlcNAc...) (high mannose) asparagine	N-linked (GlcNAc...) (high mannose) asparagine	PTM-0531	exact			no_mass_in_vocabulary	true
Q9UQD0	SCN8A	1	Glycosylation	1358	1358	EXACT	EXACT	N-linked (GlcNAc...) asparagine		N-linked (GlcNAc...) asparagine	N-linked (GlcNAc...) asparagine	PTM-0528	exact			no_mass_in_vocabulary	true
Q9UQD0	SCN8A	1	Glycosylation	1372	1372	EXACT	EXACT	N-linked (GlcNAc...) asparagine		N-linked (GlcNAc...) asparagine	N-linked (GlcNAc...) asparagine	PTM-0528	exact			no_mass_in_vocabulary	true
Q9UQD0	SCN8A	1	Glycosylation	1383	1383	EXACT	EXACT	N-linked (GlcNAc...) asparagine		N-linked (GlcNAc...) asparagine	N-linked (GlcNAc...) asparagine	PTM-0528	exact			no_mass_in_vocabulary	true
Q9UQD0	SCN8A	1	Disulfide bond	281	333	EXACT	EXACT						not_in_vocabulary	H-2 (arithmetic)	-2.016	disulfide_arithmetic	true
Q9UQD0	SCN8A	1	Disulfide bond	904	904	EXACT	EXACT	Interchain; with SCN2B or SCN4B		Interchain			not_in_vocabulary			interchain_count_only	true
Q9UQD0	SCN8A	1	Disulfide bond	904	904	EXACT	EXACT	Interchain; with the conotoxin GVIIJ (when the channel is not linked to SCN2B or SCN4B; the bond to SCN2B or SCN4B protects the channel from the inhibition by toxin)		Interchain			not_in_vocabulary			interchain_count_only	true
Q9UQD0	SCN8A	1	Disulfide bond	906	912	EXACT	EXACT						not_in_vocabulary	H-2 (arithmetic)	-2.016	disulfide_arithmetic	true
Q9UQD0	SCN8A	1	Disulfide bond	944	953	EXACT	EXACT						not_in_vocabulary	H-2 (arithmetic)	-2.016	disulfide_arithmetic	true
Q9UQD0	SCN8A	1	Disulfide bond	1356	1376	EXACT	EXACT						not_in_vocabulary	H-2 (arithmetic)	-2.016	disulfide_arithmetic	true
Q9UQD0	SCN8A	1	Disulfide bond	1721	1736	EXACT	EXACT						not_in_vocabulary	H-2 (arithmetic)	-2.016	disulfide_arithmetic	true
Q9Y272	RASD1	2	Modified residue	11	11	EXACT	EXACT	S-nitrosocysteine		S-nitrosocysteine	S-nitrosocysteine	PTM-0280	exact	H-1 N1 O1	29	vocabulary	true
Q9Y272	RASD1	2	Modified residue	278	278	EXACT	EXACT	Cysteine methyl ester		Cysteine methyl ester	Cysteine methyl ester	PTM-0105	exact	C1 H2	14.03	vocabulary	true
Q9Y272	RASD1	2	Lipidation	278	278	EXACT	EXACT	S-farnesyl cysteine		S-farnesyl cysteine	S-farnesyl cysteine	PTM-0277	exact	C15 H24	204.36	vocabulary	true
Q9Y281	CFL2	1	Modified residue	2	2	EXACT	EXACT	N-acetylalanine		N-acetylalanine	N-acetylalanine	PTM-0199	exact	C2 H2 O1	42.04	vocabulary	true
Q9Y281	CFL2	1	Modified residue	3	3	EXACT	EXACT	Phosphoserine		Phosphoserine	Phosphoserine	PTM-0253	exact	H1 O3 P1	79.98	vocabulary	true
Q9Y281	CFL2	1	Modified residue	6	6	EXACT	EXACT	Phosphothreonine		Phosphothreonine	Phosphothreonine	PTM-0254	exact	H1 O3 P1	79.98	vocabulary	true
Q9Y281	CFL2	1	Modified residue	1	1	EXACT	EXACT	N-acetylmethionine		N-acetylmethionine	N-acetylmethionine	PTM-0205	exact	C2 H2 O1	42.04	vocabulary	false
Q9Y2K3	MYH15	1	Modified residue	127	127	EXACT	EXACT	N6,N6,N6-trimethyllysine		N6,N6,N6-trimethyllysine	N6,N6,N6-trimethyllysine	PTM-0187	exact	C3 H7	43.09	vocabulary	true
Q9Y623	MYH4	1	Modified residue	64	64	EXACT	EXACT	Phosphothreonine		Phosphothreonine	Phosphothreonine	PTM-0254	exact	H1 O3 P1	79.98	vocabulary	true
Q9Y623	MYH4	1	Modified residue	69	69	EXACT	EXACT	Phosphothreonine		Phosphothreonine	Phosphothreonine	PTM-0254	exact	H1 O3 P1	79.98	vocabulary	true
Q9Y623	MYH4	1	Modified residue	79	79	EXACT	EXACT	Phosphoserine		Phosphoserine	Phosphoserine	PTM-0253	exact	H1 O3 P1	79.98	vocabulary	true
Q9Y623	MYH4	1	Modified residue	130	130	EXACT	EXACT	N6,N6,N6-trimethyllysine		N6,N6,N6-trimethyllysine	N6,N6,N6-trimethyllysine	PTM-0187	exact	C3 H7	43.09	vocabulary	true
Q9Y623	MYH4	1	Modified residue	389	389	EXACT	EXACT	Phosphotyrosine		Phosphotyrosine	Phosphotyrosine	PTM-0255	exact	H1 O3 P1	79.98	vocabulary	true
Q9Y623	MYH4	1	Modified residue	391	391	EXACT	EXACT	Phosphothreonine		Phosphothreonine	Phosphothreonine	PTM-0254	exact	H1 O3 P1	79.98	vocabulary	true
Q9Y623	MYH4	1	Modified residue	392	392	EXACT	EXACT	Phosphoserine		Phosphoserine	Phosphoserine	PTM-0253	exact	H1 O3 P1	79.98	vocabulary	true
Q9Y623	MYH4	1	Modified residue	419	419	EXACT	EXACT	Phosphothreonine		Phosphothreonine	Phosphothreonine	PTM-0254	exact	H1 O3 P1	79.98	vocabulary	true
Q9Y623	MYH4	1	Modified residue	424	424	EXACT	EXACT	Phosphotyrosine		Phosphotyrosine	Phosphotyrosine	PTM-0255	exact	H1 O3 P1	79.98	vocabulary	true
Q9Y623	MYH4	1	Modified residue	625	625	EXACT	EXACT	Phosphoserine		Phosphoserine	Phosphoserine	PTM-0253	exact	H1 O3 P1	79.98	vocabulary	true
Q9Y623	MYH4	1	Modified residue	757	757	EXACT	EXACT	Pros-methylhistidine		Pros-methylhistidine	Pros-methylhistidine	PTM-0259	exact	C1 H2	14.03	vocabulary	true
Q9Y623	MYH4	1	Modified residue	776	776	EXACT	EXACT	Phosphothreonine		Phosphothreonine	Phosphothreonine	PTM-0254	exact	H1 O3 P1	79.98	vocabulary	true
Q9Y623	MYH4	1	Modified residue	1092	1092	EXACT	EXACT	Phosphoserine		Phosphoserine	Phosphoserine	PTM-0253	exact	H1 O3 P1	79.98	vocabulary	true
Q9Y623	MYH4	1	Modified residue	1162	1162	EXACT	EXACT	Phosphoserine		Phosphoserine	Phosphoserine	PTM-0253	exact	H1 O3 P1	79.98	vocabulary	true
Q9Y623	MYH4	1	Modified residue	1237	1237	EXACT	EXACT	Phosphoserine		Phosphoserine	Phosphoserine	PTM-0253	exact	H1 O3 P1	79.98	vocabulary	true
Q9Y623	MYH4	1	Modified residue	1241	1241	EXACT	EXACT	Phosphothreonine		Phosphothreonine	Phosphothreonine	PTM-0254	exact	H1 O3 P1	79.98	vocabulary	true
Q9Y623	MYH4	1	Modified residue	1243	1243	EXACT	EXACT	Phosphoserine		Phosphoserine	Phosphoserine	PTM-0253	exact	H1 O3 P1	79.98	vocabulary	true
Q9Y623	MYH4	1	Modified residue	1255	1255	EXACT	EXACT	Phosphothreonine		Phosphothreonine	Phosphothreonine	PTM-0254	exact	H1 O3 P1	79.98	vocabulary	true
Q9Y623	MYH4	1	Modified residue	1261	1261	EXACT	EXACT	Phosphoserine		Phosphoserine	Phosphoserine	PTM-0253	exact	H1 O3 P1	79.98	vocabulary	true
Q9Y623	MYH4	1	Modified residue	1265	1265	EXACT	EXACT	Phosphothreonine		Phosphothreonine	Phosphothreonine	PTM-0254	exact	H1 O3 P1	79.98	vocabulary	true
Q9Y623	MYH4	1	Modified residue	1278	1278	EXACT	EXACT	Phosphoserine		Phosphoserine	Phosphoserine	PTM-0253	exact	H1 O3 P1	79.98	vocabulary	true
Q9Y623	MYH4	1	Modified residue	1286	1286	EXACT	EXACT	Phosphothreonine		Phosphothreonine	Phosphothreonine	PTM-0254	exact	H1 O3 P1	79.98	vocabulary	true
Q9Y623	MYH4	1	Modified residue	1288	1288	EXACT	EXACT	Phosphoserine		Phosphoserine	Phosphoserine	PTM-0253	exact	H1 O3 P1	79.98	vocabulary	true
Q9Y623	MYH4	1	Modified residue	1292	1292	EXACT	EXACT	Phosphoserine		Phosphoserine	Phosphoserine	PTM-0253	exact	H1 O3 P1	79.98	vocabulary	true
Q9Y623	MYH4	1	Modified residue	1303	1303	EXACT	EXACT	Phosphoserine		Phosphoserine	Phosphoserine	PTM-0253	exact	H1 O3 P1	79.98	vocabulary	true
Q9Y623	MYH4	1	Modified residue	1306	1306	EXACT	EXACT	Phosphoserine		Phosphoserine	Phosphoserine	PTM-0253	exact	H1 O3 P1	79.98	vocabulary	true
Q9Y623	MYH4	1	Modified residue	1413	1413	EXACT	EXACT	Phosphoserine		Phosphoserine	Phosphoserine	PTM-0253	exact	H1 O3 P1	79.98	vocabulary	true
Q9Y623	MYH4	1	Modified residue	1464	1464	EXACT	EXACT	Phosphotyrosine		Phosphotyrosine	Phosphotyrosine	PTM-0255	exact	H1 O3 P1	79.98	vocabulary	true
Q9Y623	MYH4	1	Modified residue	1467	1467	EXACT	EXACT	Phosphothreonine		Phosphothreonine	Phosphothreonine	PTM-0254	exact	H1 O3 P1	79.98	vocabulary	true
Q9Y623	MYH4	1	Modified residue	1474	1474	EXACT	EXACT	Phosphoserine		Phosphoserine	Phosphoserine	PTM-0253	exact	H1 O3 P1	79.98	vocabulary	true
Q9Y623	MYH4	1	Modified residue	1492	1492	EXACT	EXACT	Phosphotyrosine		Phosphotyrosine	Phosphotyrosine	PTM-0255	exact	H1 O3 P1	79.98	vocabulary	true
Q9Y623	MYH4	1	Modified residue	1495	1495	EXACT	EXACT	Phosphoserine		Phosphoserine	Phosphoserine	PTM-0253	exact	H1 O3 P1	79.98	vocabulary	true
Q9Y623	MYH4	1	Modified residue	1501	1501	EXACT	EXACT	Phosphothreonine		Phosphothreonine	Phosphothreonine	PTM-0254	exact	H1 O3 P1	79.98	vocabulary	true
Q9Y623	MYH4	1	Modified residue	1514	1514	EXACT	EXACT	Phosphoserine		Phosphoserine	Phosphoserine	PTM-0253	exact	H1 O3 P1	79.98	vocabulary	true
Q9Y623	MYH4	1	Modified residue	1517	1517	EXACT	EXACT	Phosphothreonine		Phosphothreonine	Phosphothreonine	PTM-0254	exact	H1 O3 P1	79.98	vocabulary	true
Q9Y623	MYH4	1	Modified residue	1542	1542	EXACT	EXACT	Phosphoserine		Phosphoserine	Phosphoserine	PTM-0253	exact	H1 O3 P1	79.98	vocabulary	true
Q9Y623	MYH4	1	Modified residue	1547	1547	EXACT	EXACT	Phosphoserine		Phosphoserine	Phosphoserine	PTM-0253	exact	H1 O3 P1	79.98	vocabulary	true
Q9Y623	MYH4	1	Modified residue	1554	1554	EXACT	EXACT	Phosphoserine		Phosphoserine	Phosphoserine	PTM-0253	exact	H1 O3 P1	79.98	vocabulary	true
Q9Y623	MYH4	1	Modified residue	1574	1574	EXACT	EXACT	Phosphoserine		Phosphoserine	Phosphoserine	PTM-0253	exact	H1 O3 P1	79.98	vocabulary	true
Q9Y623	MYH4	1	Modified residue	1600	1600	EXACT	EXACT	Phosphoserine		Phosphoserine	Phosphoserine	PTM-0253	exact	H1 O3 P1	79.98	vocabulary	true
Q9Y623	MYH4	1	Modified residue	1603	1603	EXACT	EXACT	Phosphoserine		Phosphoserine	Phosphoserine	PTM-0253	exact	H1 O3 P1	79.98	vocabulary	true
Q9Y623	MYH4	1	Modified residue	1714	1714	EXACT	EXACT	Phosphoserine		Phosphoserine	Phosphoserine	PTM-0253	exact	H1 O3 P1	79.98	vocabulary	true
Q9Y623	MYH4	1	Modified residue	1726	1726	EXACT	EXACT	Phosphoserine		Phosphoserine	Phosphoserine	PTM-0253	exact	H1 O3 P1	79.98	vocabulary	true
Q9Y623	MYH4	1	Modified residue	1730	1730	EXACT	EXACT	Phosphothreonine		Phosphothreonine	Phosphothreonine	PTM-0254	exact	H1 O3 P1	79.98	vocabulary	true
Q9Y623	MYH4	1	Modified residue	1736	1736	EXACT	EXACT	Phosphothreonine		Phosphothreonine	Phosphothreonine	PTM-0254	exact	H1 O3 P1	79.98	vocabulary	true
Q9Y623	MYH4	1	Modified residue	1739	1739	EXACT	EXACT	Phosphoserine		Phosphoserine	Phosphoserine	PTM-0253	exact	H1 O3 P1	79.98	vocabulary	true
Q9Y6A1	POMT1	2	Glycosylation	435	435	EXACT	EXACT	N-linked (GlcNAc...) asparagine		N-linked (GlcNAc...) asparagine	N-linked (GlcNAc...) asparagine	PTM-0528	exact			no_mass_in_vocabulary	true
Q9Y6A1	POMT1	2	Glycosylation	471	471	EXACT	EXACT	N-linked (GlcNAc...) asparagine		N-linked (GlcNAc...) asparagine	N-linked (GlcNAc...) asparagine	PTM-0528	exact			no_mass_in_vocabulary	true
Q9Y6A1	POMT1	2	Glycosylation	539	539	EXACT	EXACT	N-linked (GlcNAc...) asparagine		N-linked (GlcNAc...) asparagine	N-linked (GlcNAc...) asparagine	PTM-0528	exact			no_mass_in_vocabulary	true
Q9Y6F6	IRAG1	2	Modified residue	110	110	EXACT	EXACT	Phosphoserine		Phosphoserine	Phosphoserine	PTM-0253	exact	H1 O3 P1	79.98	vocabulary	true
Q9Y6F6	IRAG1	2	Modified residue	386	386	EXACT	EXACT	Phosphoserine		Phosphoserine	Phosphoserine	PTM-0253	exact	H1 O3 P1	79.98	vocabulary	true
Q9Y6F6	IRAG1	2	Modified residue	676	676	EXACT	EXACT	Phosphoserine		Phosphoserine	Phosphoserine	PTM-0253	exact	H1 O3 P1	79.98	vocabulary	true
Q9Y6F6	IRAG1	2	Modified residue	689	689	EXACT	EXACT	Phosphoserine		Phosphoserine	Phosphoserine	PTM-0253	exact	H1 O3 P1	79.98	vocabulary	true
