accession	gene	tier	n_sites_total	n_sites_in_master	n_sites_with_mass	n_sites_count_only	n_modified_residue	n_lipidation	n_glycosylation	n_cross_link	n_disulfide_bond	sum_mass_delta_g_per_mol	mw_master	ptm_mass_delta_fraction_of_mw
A0A087WW87	IGKV2-40	erythrocytes	1	1	1	0	0	0	0	0	1	-2.016	11245.3650	-0.0001792738608
A0AVT1	UBA6	erythrocytes	6	6	6	0	6	0	0	0	0	366.06	117968.2850	0.003103037397
A0FGR8	ESYT2	erythrocytes	11	11	11	0	11	0	0	0	0	879.78	102355.8400	0.008595308289
A0M8Q6	IGLC7	plasma	2	2	1	1	0	0	0	0	2	-2.016	11253.4650	-0.0001791448234
A1A5C7	SLC22A23	erythrocytes	2	2	0	2	0	0	2	0	0	0	73747.1650	0
A1IGU5	ARHGEF37	erythrocytes	0	0	0	0	0	0	0	0	0	0	76276.8700	0
A1KZ92	PXDNL	erythrocytes	11	11	10	1	0	0	1	0	10	-20.16	161036.3550	-0.0001251891227
A1L0T0	HACL2	erythrocytes	0	0	0	0	0	0	0	0	0	0	67866.7650	0
A2RRP1	NBAS	erythrocytes	3	3	3	0	3	0	0	0	0	202	268566.9700	0.0007521401459
A2RU67	FAM234B	erythrocytes	5	5	5	0	5	0	0	0	0	399.9	67037.5250	0.005965315694
A4D1P6	WDR91	erythrocytes	3	3	3	0	3	0	0	0	0	239.94	83343.1600	0.002878940515
A5A3E0	POTEF	erythrocytes	0	0	0	0	0	0	0	0	0	0	121443.0300	0
A5D8V6	VPS37C	erythrocytes	1	1	1	0	1	0	0	0	0	79.98	38658.3500	0.002068893266
A5LHX3	PSMB11	erythrocytes	0	0	0	0	0	0	0	0	0	0	27232.0000	0
A5PL33	KRABD3	erythrocytes	7	7	7	0	7	0	0	0	0	559.86	107495.8250	0.005208202272
A5YM69	ARHGEF35	erythrocytes	1	1	1	0	1	0	0	0	0	79.98	53285.9050	0.001500959775
A6BM72	MEGF11	erythrocytes	46	46	44	2	0	0	2	0	44	-88.704	108864.8100	-0.0008148087522
A6NCL7	ANKRD33B	erythrocytes	1	1	1	0	1	0	0	0	0	79.98	53974.3050	0.001481816209
A6ND91	ASPDH	erythrocytes	2	2	2	0	2	0	0	0	0	159.96	29945.7400	0.005341661285
A6NDG6	PGP	erythrocytes	1	1	1	0	0	0	0	0	1	-2.016	34005.6300	-5.928430086e-05
A6NEM1	GOLGA6L9	erythrocytes	0	0	0	0	0	0	0	0	0	0	49191.9350	0
A6NFX1	MFSD2B	erythrocytes	0	0	0	0	0	0	0	0	0	0	53742.2450	0
A6NKB5	PCNX2	erythrocytes	11	11	0	11	0	0	11	0	0	0	237273.0800	0
A6NLC8	TAF11L2	erythrocytes	0	0	0	0	0	0	0	0	0	0	21961.8650	0
A6NNT2	C16orf96	erythrocytes	0	0	0	0	0	0	0	0	0	0	125039.2500	0
A8MVS5	HIDE1	erythrocytes	2	2	0	2	0	0	2	0	0	0	22814.4500	0
B2RUZ4	SMIM1	erythrocytes	5	5	5	0	5	0	0	0	0	361.96	8749.0150	0.04137151439
B5MCY1	TDRD15	erythrocytes	0	0	0	0	0	0	0	0	0	0	221718.9250	0
B7ZAQ6	GPHRA	erythrocytes	2	2	0	2	0	0	2	0	0	0	52916.1700	0
B9A064	IGLL5	plasma	1	1	1	0	0	0	0	0	1	-2.016	19278.4600	-0.0001045726681
C9J7I0	UMAD1	erythrocytes	0	0	0	0	0	0	0	0	0	0	15199.5700	0
E9PAV3	NACA	erythrocytes	14	14	14	0	13	0	0	1	0	983.78	205418.4350	0.00478915147
F5H284	PPIAL4D	erythrocytes	0	0	0	0	0	0	0	0	0	0	18166.5650	0
O00148	DDX39A	erythrocytes	11	11	11	0	5	0	0	6	0	215.9	48997.6850	0.004406330626
O00154	ACOT7	erythrocytes	3	3	3	0	3	0	0	0	0	126.12	41795.5950	0.003017542877
O00159	MYO1C	erythrocytes	7	7	7	0	7	0	0	0	0	418.03	121679.8600	0.003435490475
O00161	SNAP23	erythrocytes	14	14	14	0	8	6	0	0	0	2032.36	23353.7500	0.08702499599
O00178	GTPBP1	erythrocytes	9	9	9	0	9	0	0	0	0	719.82	72452.9400	0.009935000567
O00182	LGALS9	erythrocytes	0	0	0	0	0	0	0	0	0	0	39517.6400	0
O00186	STXBP3	erythrocytes	0	0	0	0	0	0	0	0	0	0	67763.4050	0
O00187	MASP2	plasma	13	13	11	2	1	0	0	0	12	-4.16	74159.5000	-5.609530809e-05
O00203	AP3B1	erythrocytes	4	4	4	0	4	0	0	0	0	319.92	121318.4050	0.002637027745
O00214	LGALS8	erythrocytes	0	0	0	0	0	0	0	0	0	0	35807.6400	0
O00231	PSMD11	erythrocytes	4	4	4	0	3	0	0	1	0	183.98	47331.7200	0.003887033896
O00232	PSMD12	erythrocytes	5	5	5	0	3	0	0	2	0	90.08	52772.4800	0.001706950289
O00233	PSMD9	erythrocytes	1	1	1	0	1	0	0	0	0	79.98	24681.4500	0.003240490328
O00264	PGRMC1	erythrocytes	4	4	4	0	4	0	0	0	0	319.92	21670.8300	0.01476270175
O00299	CLIC1	erythrocytes	10	10	10	0	9	0	0	0	1	791.364	26791.2150	0.02953819004
O00303	EIF3F	erythrocytes	4	4	4	0	4	0	0	0	0	244.04	37432.1050	0.006519537173
O00370		erythrocytes	0	0	0	0	0	0	0	0	0	0	149009.3700	0
O00391	QSOX1	plasma	9	9	6	3	1	0	3	0	5	69.9	79576.8350	0.0008783963323
O00399	DCTN6	erythrocytes	1	1	1	0	1	0	0	0	0	79.98	20746.8350	0.003855045842
O00410	IPO5	erythrocytes	2	2	2	0	2	0	0	0	0	122.02	123496.8250	0.0009880415954
O00421	CCRL2	erythrocytes	2	2	1	1	0	0	1	0	1	-2.016	39512.8350	-5.102139596e-05
O00442	RTCA	erythrocytes	0	0	0	0	0	0	0	0	0	0	39336.3050	0
O00487	PSMD14	erythrocytes	3	3	3	0	3	0	0	0	0	239.94	34576.6350	0.00693936816
O00505	KPNA3	erythrocytes	4	4	4	0	4	0	0	0	0	281.98	57678.8250	0.004888795845
O00507	USP9Y	erythrocytes	5	5	5	0	5	0	0	0	0	399.9	291072.3700	0.001373885127
O00533	CHL1	plasma	19	19	9	10	3	0	10	0	6	227.844	132321.2450	0.001721900365
O00559	EBAG9	erythrocytes	3	3	3	0	3	0	0	0	0	239.94	24377.1200	0.009842836233
O00560	SDCBP	erythrocytes	3	3	3	0	3	0	0	0	0	202	32312.7100	0.006251410049
O00571	DDX3X	erythrocytes	31	31	31	0	30	0	0	1	0	1937.81	73111.2400	0.02650495327
O00629	KPNA4	erythrocytes	2	2	2	0	2	0	0	0	0	122.02	57754.6050	0.002112731963
O00743	PPP6C	erythrocytes	1	1	1	0	1	0	0	0	0	42.04	35143.8400	0.001196226707
O00762	UBE2C	erythrocytes	2	2	2	0	2	0	0	0	0	122.02	19520.8150	0.006250763608
O00763	ACACB	erythrocytes	19	19	19	0	19	0	0	0	0	1665.93	276536.9050	0.006024259221
O00764	PDXK	erythrocytes	5	5	5	0	5	0	0	0	0	361.96	35101.8450	0.01031170869
O14523	C2CD2L	erythrocytes	18	18	18	0	18	0	0	0	0	1439.64	76180.0150	0.01889786974
O14556	GAPDHS	erythrocytes	0	0	0	0	0	0	0	0	0	0	44500.6550	0
O14562	UBFD1	erythrocytes	0	0	0	0	0	0	0	0	0	0	33381.5100	0
O14569	CYB561D2	erythrocytes	0	0	0	0	0	0	0	0	0	0	23842.0100	0
O14618	CCS	erythrocytes	6	6	6	0	1	0	0	4	1	5.884	29040.2250	0.00020261551
O14653	GOSR2	erythrocytes	1	1	1	0	1	0	0	0	0	42.04	24774.9750	0.001696873559
O14656	TOR1A	erythrocytes	2	2	0	2	0	0	2	0	0	0	35776.6350	0
O14662	STX16	erythrocytes	1	1	1	0	1	0	0	0	0	79.98	37030.5600	0.002159837712
O14735	CDIPT	erythrocytes	0	0	0	0	0	0	0	0	0	0	23538.4200	0
O14737	PDCD5	erythrocytes	4	4	4	0	4	0	0	0	0	244.04	14153.6450	0.01724220157
O14744	PRMT5	erythrocytes	1	1	1	0	1	0	0	0	0	42.04	72682.7900	0.0005784037734
O14745	NHERF1	erythrocytes	12	12	12	0	12	0	0	0	0	921.82	38736.6700	0.02379708942
O14787	TNPO2	erythrocytes	1	1	1	0	1	0	0	0	0	42.04	101386.5400	0.0004146507022
O14791	APOL1	plasma	3	3	2	1	2	0	1	0	0	159.96	41128.0400	0.003889317361
O14818	PSMA7	erythrocytes	3	3	3	0	2	0	1	0	0	325.21	27886.5050	0.01166191317
O14828	SCAMP3	erythrocytes	9	9	9	0	8	0	0	1	0	621.82	38286.3500	0.01624129749
O14880	MGST3	erythrocytes	2	2	2	0	0	2	0	0	0	476.82	16516.1150	0.02886998547
O14950	MYL12B	erythrocytes	2	2	2	0	2	0	0	0	0	159.96	19778.9150	0.008087400143
O14960	LECT2	erythrocytes	3	3	3	0	0	0	0	0	3	-6.048	14586.5800	-0.000414627692
O14964	HGS	erythrocytes	6	6	6	0	6	0	0	0	0	462.03	86190.5800	0.005360562604
O14975	SLC27A2	erythrocytes	2	2	2	0	2	0	0	0	0	122.02	70311.4250	0.001735422088
O14976	GAK	erythrocytes	17	17	17	0	17	0	0	0	0	1255.77	143057.1850	0.008778098073
O14980	XPO1	erythrocytes	7	7	7	0	7	0	0	0	0	483.98	123384.0700	0.003922548511
O14983	ATP2A1	erythrocytes	4	4	4	0	3	0	0	0	1	237.924	110251.1500	0.002158018306
O15020	SPTBN2	erythrocytes	9	9	9	0	9	0	0	0	0	681.88	271188.6800	0.002514411737
O15067	PFAS	erythrocytes	4	4	4	0	4	0	0	0	0	319.92	144732.3450	0.002210425044
O15084	ANKRD28	erythrocytes	2	2	2	0	2	0	0	0	0	159.96	112964.0900	0.001416025217
O15127	SCAMP2	erythrocytes	2	2	2	0	2	0	0	0	0	159.96	36648.2900	0.004364732979
O15131	KPNA5	erythrocytes	0	0	0	0	0	0	0	0	0	0	60665.4200	0
O15143	ARPC1B	erythrocytes	0	0	0	0	0	0	0	0	0	0	40818.0300	0
O15144	ARPC2	erythrocytes	2	2	2	0	2	0	0	0	0	84.08	34332.5950	0.002448984704
O15145	ARPC3	erythrocytes	4	4	4	0	3	0	0	1	0	146.04	20415.2200	0.007153486467
O15155	BET1	erythrocytes	1	1	1	0	1	0	0	0	0	79.98	13289.2850	0.006018382479
O15162	PLSCR1	erythrocytes	8	8	8	0	3	5	0	0	0	1431.99	35048.7050	0.04085714437
O15165	LDLRAD4	erythrocytes	2	2	2	0	0	0	0	0	2	-4.032	33899.6450	-0.0001189392986
O15173	PGRMC2	erythrocytes	6	6	5	1	5	0	1	0	0	399.9	23818.1400	0.01678972413
O15195	VILL	erythrocytes	0	0	0	0	0	0	0	0	0	0	95905.9250	0
O15212	PFDN6	erythrocytes	5	5	5	0	3	0	0	2	0	90.08	14451.2150	0.006233385913
O15226	NKRF	erythrocytes	5	5	5	0	1	0	0	4	0	7.9	77671.9250	0.000101709852
O15243	LEPROT	erythrocytes	0	0	0	0	0	0	0	0	0	0	14253.5700	0
O15247	CLIC2	erythrocytes	1	1	1	0	0	0	0	0	1	-2.016	28356.0400	-7.109596403e-05
O15258	RER1	erythrocytes	5	5	5	0	5	0	0	0	0	361.96	22826.4700	0.01585702914
O15260	SURF4	erythrocytes	0	0	0	0	0	0	0	0	0	0	30262.3650	0
O15269	SPTLC1	erythrocytes	1	1	1	0	1	0	0	0	0	79.98	52743.1900	0.001516404298
O15270	SPTLC2	erythrocytes	1	1	1	0	1	0	0	0	0	229.13	62923.5750	0.003641401494
O15371	EIF3D	erythrocytes	4	4	4	0	4	0	0	0	0	281.98	63971.9250	0.004407871109
O15400	STX7	erythrocytes	9	9	9	0	9	0	0	0	0	681.88	29683.7750	0.02297147179
O15431	SLC31A1	erythrocytes	5	5	2	3	2	0	2	0	1	95.98	21090.3650	0.004550893263
O15439	ABCC4	erythrocytes	4	4	4	0	4	0	0	0	0	319.92	149524.4000	0.002139583907
O15440	ABCC5	erythrocytes	14	14	6	8	6	0	8	0	0	479.88	160657.9100	0.002986967775
O15484	CAPN5	erythrocytes	0	0	0	0	0	0	0	0	0	0	73167.8650	0
O15498	YKT6	erythrocytes	5	5	5	0	2	3	0	0	0	809.26	22101.8400	0.03661505105
O15511	ARPC5	erythrocytes	1	1	1	0	1	0	0	0	0	42.04	16189.0250	0.002596820994
O15523	DDX3Y	erythrocytes	17	17	17	0	16	0	0	1	0	856.03	73021.5000	0.0117229857
O15554	KCNN4	erythrocytes	1	1	1	0	1	0	0	0	0	79.98	47694.7600	0.001676913774
O43143	DHX15	erythrocytes	3	3	3	0	2	0	0	1	0	104	90931.4900	0.001143718199
O43149	ZZEF1	erythrocytes	13	13	13	0	12	1	0	0	0	1132.18	330938.9550	0.003421114326
O43169	CYB5B	erythrocytes	5	5	5	0	5	0	0	0	0	296.01	15353.9400	0.01927909058
O43187	IRAK2	erythrocytes	1	1	1	0	1	0	0	0	0	79.98	69432.1500	0.001151915935
O43196	MSH5	erythrocytes	0	0	0	0	0	0	0	0	0	0	92873.9550	0
O43236	SEPTIN4	erythrocytes	5	5	5	0	5	0	0	0	0	399.9	112437.6550	0.003556637676
O43242	PSMD3	erythrocytes	4	4	4	0	2	0	0	2	0	123.92	60976.5450	0.002032256829
O43264	ZW10	erythrocytes	4	4	4	0	4	0	0	0	0	244.04	88696.9050	0.002751392509
O43314	PPIP5K2	erythrocytes	11	11	11	0	11	0	0	0	0	879.78	140404.8500	0.006266022862
O43396	TXNL1	erythrocytes	2	2	2	0	1	0	0	0	1	77.964	32119.7750	0.00242728973
O43399	TPD52L2	erythrocytes	13	13	13	0	13	0	0	0	0	1001.8	22237.4250	0.04505018005
O43414	ERI3	erythrocytes	0	0	0	0	0	0	0	0	0	0	37237.6600	0
O43426	SYNJ1	erythrocytes	13	13	13	0	13	0	0	0	0	973.79	173100.3800	0.005625579794
O43427	FIBP	erythrocytes	1	1	1	0	1	0	0	0	0	42.04	41746.2100	0.001007037525
O43447	PPIH	erythrocytes	1	1	1	0	1	0	0	0	0	42.04	19076.8050	0.002203723317
O43488	AKR7A2	erythrocytes	4	4	4	0	4	0	0	0	0	302.07	35599.6900	0.008485186247
O43491	EPB41L2	erythrocytes	25	25	25	0	23	0	0	2	0	1765.56	112455.3750	0.01570009437
O43504	LAMTOR5	erythrocytes	1	1	1	0	1	0	0	0	0	42.04	9613.7900	0.004372885199
O43505	B4GAT1	erythrocytes	2	2	0	2	0	0	2	0	0	0	47118.3700	0
O43583	DENR	erythrocytes	5	5	5	0	5	0	0	0	0	361.96	21960.5800	0.01648226049
O43592	XPOT	erythrocytes	2	2	2	0	2	0	0	0	0	84.08	109962.4350	0.0007646247557
O43598	DNPH1	erythrocytes	7	7	7	0	7	0	0	0	0	521.92	18976.9600	0.02750282448
O43617	TRAPPC3	erythrocytes	1	1	1	0	0	1	0	0	0	238.41	20273.8650	0.01175947457
O43633	CHMP2A	erythrocytes	6	6	6	0	6	0	0	0	0	441.94	25103.5650	0.01760467089
O43665	RGS10	erythrocytes	4	4	4	0	3	1	0	0	0	478.35	21209.5700	0.02255349826
O43670	ZNF207	erythrocytes	0	0	0	0	0	0	0	0	0	0	50749.8550	0
O43681	GET3	erythrocytes	1	1	1	0	1	0	0	0	0	42.04	38661.1000	0.001087397927
O43707	ACTN4	erythrocytes	10	10	10	0	10	0	0	0	0	572.16	104852.2300	0.005456822425
O43747	AP1G1	erythrocytes	0	0	0	0	0	0	0	0	0	0	91350.1250	0
O43752	STX6	erythrocytes	4	4	4	0	4	0	0	0	0	281.98	29044.2450	0.00970863591
O43759	SYNGR1	erythrocytes	1	1	1	0	1	0	0	0	0	42.04	25455.2400	0.001651526365
O43760	SYNGR2	erythrocytes	2	2	2	0	2	0	0	0	0	122.02	24809.7050	0.004918236634
O43765	SGTA	erythrocytes	7	7	7	0	7	0	0	0	0	521.92	34062.5300	0.01532240852
O43791	SPOP	erythrocytes	0	0	0	0	0	0	0	0	0	0	42131.8750	0
O43795	MYO1B	erythrocytes	3	3	3	0	1	0	0	2	0	43.94	131983.2150	0.0003329211218
O43813	LANCL1	erythrocytes	2	2	2	0	2	0	0	0	0	84.08	45151.2850	0.001862183989
O43826	SLC37A4	erythrocytes	0	0	0	0	0	0	0	0	0	0	46359.4200	0
O43847	NRDC	erythrocytes	3	3	3	0	3	0	0	0	0	239.94	129469.1700	0.001853259737
O43852	CALU	erythrocytes	9	9	8	1	8	0	1	0	0	601.9	34960.6550	0.01721649666
O43866	CD5L	plasma	12	12	11	1	0	0	0	0	12	-22.176	36054.9050	-0.0006150619451
O60229	KALRN	erythrocytes	8	8	8	0	7	0	0	0	1	557.844	340255.5650	0.001639485309
O60232	ZNRD2	erythrocytes	2	2	2	0	2	0	0	0	0	122.02	21342.7450	0.005717165247
O60234	GMFG	erythrocytes	1	1	1	0	1	0	0	0	0	42.04	16669.9300	0.002521906211
O60256	PRPSAP2	erythrocytes	5	5	5	0	5	0	0	0	0	361.96	40925.1800	0.008844432694
O60262	GNG7	erythrocytes	3	3	3	0	2	1	0	0	0	328.55	7050.9850	0.04659632661
O60271	SPAG9	erythrocytes	30	30	30	0	30	0	0	0	0	2361.46	146203.3600	0.01615188598
O60282	KIF5C	erythrocytes	0	0	0	0	0	0	0	0	0	0	109493.2500	0
O60318	MCM3AP	erythrocytes	7	7	7	0	7	0	0	0	0	432.05	218401.2950	0.001978239186
O60331	PIP5K1C	erythrocytes	11	11	11	0	11	0	0	0	0	686.02	73258.8850	0.009364324887
O60341	KDM1A	erythrocytes	16	16	16	0	13	0	0	3	0	871.86	92901.3250	0.00938479618
O60488	ACSL4	erythrocytes	3	3	3	0	3	0	0	0	0	239.94	79187.1900	0.00303003554
O60499	STX10	erythrocytes	6	6	6	0	6	0	0	0	0	441.94	27982.4450	0.01579347337
O60506	SYNCRIP	erythrocytes	20	20	20	0	18	0	0	2	0	582.5	69470.6550	0.008384835295
O60547	GMDS	erythrocytes	2	2	2	0	2	0	0	0	0	122.02	41818.0400	0.002917879461
O60568	PLOD3	erythrocytes	5	5	3	2	0	0	2	0	3	-6.048	82382.0350	-7.341406412e-05
O60610	DIAPH1	erythrocytes	10	10	10	0	10	0	0	0	0	685.98	141345.3650	0.004853218922
O60645	EXOC3	erythrocytes	1	1	1	0	1	0	0	0	0	42.04	85566.1400	0.0004913158406
O60664	PLIN3	erythrocytes	14	14	14	0	13	0	0	1	0	945.84	46942.9600	0.02014870813
O60669	SLC16A7	erythrocytes	0	0	0	0	0	0	0	0	0	0	52199.5950	0
O60684	KPNA6	erythrocytes	3	3	3	0	3	0	0	0	0	202	60028.5950	0.003365062934
O60749	SNX2	erythrocytes	8	8	8	0	8	0	0	0	0	601.9	58470.1800	0.01029413626
O60762	DPM1	erythrocytes	3	3	3	0	3	0	0	0	0	202	29502.6900	0.006846833289
O60763	USO1	erythrocytes	4	4	4	0	4	0	0	0	0	281.98	107893.5450	0.00261350204
O60784	TOM1	erythrocytes	11	11	11	0	10	0	0	1	0	743.84	53817.5950	0.01382150206
O60831	PRAF2	erythrocytes	0	0	0	0	0	0	0	0	0	0	19257.5850	0
O60884	DNAJA2	erythrocytes	10	10	10	0	8	1	0	1	0	684.35	45408.8600	0.01507084741
O60888	CUTA	erythrocytes	0	0	0	0	0	0	0	0	0	0	15952.2300	0
O60925	PFDN1	erythrocytes	1	1	1	0	1	0	0	0	0	42.04	14079.0500	0.002985996925
O75044	SRGAP2	erythrocytes	14	14	14	0	14	0	0	0	0	1067.79	120868.7200	0.008834295589
O75063	FAM20B	erythrocytes	5	5	4	1	0	0	1	0	4	-8.064	46431.7800	-0.0001736741516
O75064	DENND4B	erythrocytes	2	2	2	0	2	0	0	0	0	159.96	163844.1450	0.0009762936601
O75069	TMCC2	erythrocytes	6	6	6	0	6	0	0	0	0	413.93	77447.2000	0.005344673532
O75083	WDR1	erythrocytes	6	6	6	0	6	0	0	0	0	290.18	66192.7050	0.004383866772
O75093	SLIT1	erythrocytes	52	52	39	13	0	0	13	0	39	-78.624	164449.1200	-0.0004781053252
O75116	ROCK2	erythrocytes	6	6	6	0	6	0	0	0	0	479.88	160897.4650	0.002982520576
O75122	CLASP2	erythrocytes	28	28	28	0	28	0	0	0	0	2239.44	141061.3350	0.01587564728
O75131	CPNE3	erythrocytes	3	3	3	0	3	0	0	0	0	239.94	60129.9100	0.003990360205
O75157	TSC22D2	erythrocytes	0	0	0	0	0	0	0	0	0	0	79226.8850	0
O75165	DNAJC13	erythrocytes	1	1	1	0	1	0	0	0	0	42.04	254411.1500	0.0001652443299
O75170	PPP6R2	erythrocytes	3	3	3	0	3	0	0	0	0	239.94	104940.1050	0.002286447112
O75190	DNAJB6	erythrocytes	2	2	2	0	2	0	0	0	0	94.01	35955.3900	0.00261462885
O75223	GGCT	erythrocytes	1	1	1	0	1	0	0	0	0	79.98	21007.5050	0.003807210804
O75264	SMIM24	erythrocytes	0	0	0	0	0	0	0	0	0	0	12823.3550	0
O75317	USP12	erythrocytes	0	0	0	0	0	0	0	0	0	0	42857.2550	0
O75326	SEMA7A	erythrocytes	16	16	10	6	1	1	5	0	9	9.906	68437.0550	0.0001447461467
O75340	PDCD6	erythrocytes	1	1	1	0	1	0	0	0	0	42.04	21736.9350	0.001934035318
O75347	TBCA	erythrocytes	1	1	1	0	1	0	0	0	0	42.04	12723.4700	0.003304130084
O75348	ATP6V1G1	erythrocytes	1	1	1	0	1	0	0	0	0	42.04	13626.1100	0.003085253238
O75352	MPDU1	erythrocytes	1	1	1	0	1	0	0	0	0	42.04	26506.2350	0.001586041926
O75368	SH3BGRL	erythrocytes	0	0	0	0	0	0	0	0	0	0	12774.0750	0
O75373	ZNF737	erythrocytes	0	0	0	0	0	0	0	0	0	0	61930.7550	0
O75376	NCOR1	erythrocytes	32	32	32	0	26	0	0	6	0	1895.48	270205.5650	0.007014955447
O75387	SLC43A1	erythrocytes	6	6	3	3	3	0	3	0	0	239.94	61476.0000	0.003902986531
O75396	SEC22B	erythrocytes	7	7	7	0	7	0	0	0	0	521.92	24608.9750	0.0212085225
O75477	ERLIN1	erythrocytes	2	2	1	1	1	0	1	0	0	42.04	39170.5750	0.001073254605
O75531	BANF1	erythrocytes	7	7	7	0	7	0	0	0	0	483.98	10058.4800	0.04811661404
O75558	STX11	erythrocytes	0	0	0	0	0	0	0	0	0	0	33195.2700	0
O75629	CREG1	erythrocytes	3	3	0	3	0	0	3	0	0	0	21070.5800	0
O75636	FCN3	plasma	10	10	9	1	6	0	1	0	3	89.952	30353.3750	0.002963492528
O75663	TIPRL	erythrocytes	2	2	2	0	2	0	0	0	0	122.02	31443.5250	0.00388060817
O75695	RP2	erythrocytes	2	2	2	0	0	2	0	0	0	448.77	39509.4400	0.01135855127
O75716	STK16	erythrocytes	6	6	6	0	3	3	0	0	0	927.12	34524.1150	0.02685427273
O75821	EIF3G	erythrocytes	8	8	8	0	8	0	0	0	0	639.84	35479.4000	0.01803412685
O75822	EIF3J	erythrocytes	8	8	8	0	7	0	0	1	0	503.9	28930.8700	0.0174173815
O75828	CBR3	erythrocytes	2	2	2	0	2	0	0	0	0	122.02	30718.6550	0.00397217912
O75832	PSMD10	erythrocytes	0	0	0	0	0	0	0	0	0	0	24427.4850	0
O75844	ZMPSTE24	erythrocytes	0	0	0	0	0	0	0	0	0	0	54812.0800	0
O75874	IDH1	erythrocytes	10	10	10	0	10	0	0	0	0	612.34	46527.5200	0.01316081321
O75882	ATRN	plasma	39	39	13	26	0	0	26	0	13	-26.208	149762.8450	-0.0001749966756
O75907	DGAT1	erythrocytes	2	2	2	0	2	0	0	0	0	159.96	55277.3950	0.002893768782
O75915	ARL6IP5	erythrocytes	1	1	1	0	1	0	0	0	0	42.04	21614.4650	0.001944993781
O75935	DCTN3	erythrocytes	1	1	1	0	1	0	0	0	0	42.04	20987.8300	0.002003065586
O75955	FLOT1	erythrocytes	4	4	4	0	4	0	0	0	0	319.92	47354.5600	0.006755843577
O75964	ATP5MG	erythrocytes	5	5	5	0	5	0	0	0	0	210.2	11297.1450	0.01860647093
O76003	GLRX3	erythrocytes	3	3	3	0	3	0	0	0	0	202	37300.3250	0.005415502412
O76054	SEC14L2	erythrocytes	4	4	4	0	4	0	0	0	0	400.28	46144.6500	0.00867446172
O76071	CIAO1	erythrocytes	0	0	0	0	0	0	0	0	0	0	37839.4300	0
O76094	SRP72	erythrocytes	7	7	7	0	5	0	0	2	0	325.92	74473.8550	0.004376300918
O94766	B3GAT3	erythrocytes	2	2	0	2	0	0	1	0	1	0	37121.2200	0
O94804	STK10	erythrocytes	10	10	10	0	10	0	0	0	0	799.8	112133.5050	0.007132569342
O94829	IPO13	erythrocytes	0	0	0	0	0	0	0	0	0	0	108193.2500	0
O94832	MYO1D	erythrocytes	3	3	3	0	3	0	0	0	0	202	116069.4800	0.001740336909
O94885	SASH1	erythrocytes	7	7	7	0	7	0	0	0	0	559.86	136651.3100	0.004096996948
O94889	KLHL18	erythrocytes	0	0	0	0	0	0	0	0	0	0	63637.6750	0
O94903	PLPBP	erythrocytes	6	6	6	0	6	0	0	0	0	649.12	30343.5000	0.02139239046
O94905	ERLIN2	erythrocytes	2	2	1	1	1	0	1	0	0	42.04	37839.0600	0.001111021257
O94915	FRYL	erythrocytes	12	12	12	0	12	0	0	0	0	921.82	339461.2050	0.002715538584
O94919	ENDOD1	erythrocytes	1	1	1	0	1	0	0	0	0	42.04	52886.3700	0.0007949118081
O94966	USP19	erythrocytes	1	1	1	0	1	0	0	0	0	79.98	145648.7150	0.0005491294585
O94973	AP2A2	erythrocytes	0	0	0	0	0	0	0	0	0	0	103958.8600	0
O94979	SEC31A	erythrocytes	7	7	7	0	5	0	0	2	0	363.86	133012.4350	0.002735533712
O95070	YIF1A	erythrocytes	2	2	2	0	2	0	0	0	0	122.02	31879.4550	0.003827543476
O95081	AGFG2	erythrocytes	1	1	1	0	1	0	0	0	0	42.04	48962.3900	0.000858618217
O95147	DUSP14	erythrocytes	0	0	0	0	0	0	0	0	0	0	22254.6150	0
O95155	UBE4B	erythrocytes	15	15	15	0	15	0	0	0	0	1161.76	146182.3850	0.007947332368
O95159	ZFPL1	erythrocytes	0	0	0	0	0	0	0	0	0	0	34113.4550	0
O95166	GABARAP	erythrocytes	2	2	1	1	0	2	0	0	0	699.99	13804.7050	0.05070662502
O95180	CACNA1H	erythrocytes	3	3	0	3	0	0	3	0	0	0	259159.1700	0
O95197	RTN3	erythrocytes	11	11	11	0	11	0	0	0	0	841.84	112478.1600	0.007484475208
O95214	LEPROTL1	erythrocytes	0	0	0	0	0	0	0	0	0	0	14427.9800	0
O95235	KIF20A	erythrocytes	14	14	14	0	14	0	0	0	0	1081.78	100145.1100	0.01080212504
O95236	APOL3	erythrocytes	0	0	0	0	0	0	0	0	0	0	44277.4950	0
O95248	SBF1	erythrocytes	4	4	4	0	4	0	0	0	0	253.97	208440.0850	0.001218431666
O95251	KAT7	erythrocytes	22	22	22	0	20	0	0	2	0	1449.74	70641.3700	0.02052253517
O95260	ATE1	erythrocytes	1	1	1	0	1	0	0	0	0	79.98	59089.4650	0.001353540771
O95273	CCNDBP1	erythrocytes	1	1	1	0	1	0	0	0	0	42.04	40130.1100	0.001047592444
O95292	VAPB	erythrocytes	9	9	9	0	8	0	0	1	0	583.88	27096.8950	0.02154785631
O95297	MPZL1	erythrocytes	12	12	10	2	9	0	2	0	1	717.804	25704.8950	0.02792479798
O95336	PGLS	erythrocytes	3	3	3	0	3	0	0	0	0	164.06	27415.1700	0.005984278048
O95347	SMC2	erythrocytes	5	5	5	0	5	0	0	0	0	210.2	135654.2700	0.001549527339
O95352	ATG7	erythrocytes	3	3	3	0	2	0	0	1	0	104	77827.3350	0.00133629142
O95373	IPO7	erythrocytes	5	5	5	0	5	0	0	0	0	361.96	119514.6150	0.003028583575
O95376	ARIH2	erythrocytes	1	1	1	0	1	0	0	0	0	79.98	57818.1300	0.001383303127
O95406	CNIH1	erythrocytes	0	0	0	0	0	0	0	0	0	0	16698.7050	0
O95433	AHSA1	erythrocytes	7	7	7	0	5	0	0	2	0	287.98	38273.8850	0.00752419045
O95445	APOM	plasma	4	4	3	1	0	0	1	0	3	-6.048	21252.9950	-0.0002845716568
O95456	PSMG1	erythrocytes	5	5	5	0	5	0	0	0	0	324.02	32722.3100	0.009902112656
O95476	CTDNEP1	erythrocytes	0	0	0	0	0	0	0	0	0	0	28376.5350	0
O95487	SEC24B	erythrocytes	4	4	4	0	4	0	0	0	0	281.98	137284.2600	0.002053986378
O95497	VNN1	plasma	7	7	0	7	0	1	6	0	0	0	52287.1950	0
O95562	SFT2D2	erythrocytes	2	2	2	0	2	0	0	0	0	122.02	17779.1150	0.006863108766
O95573	ACSL3	erythrocytes	1	1	1	0	1	0	0	0	0	79.98	80419.1750	0.0009945389268
O95671	ASMTL	erythrocytes	5	5	5	0	5	0	0	0	0	399.9	68855.7500	0.00580779383
O95674	CDS2	erythrocytes	6	6	6	0	6	0	0	0	0	479.88	51417.2600	0.009333052753
O95727	CRTAM	erythrocytes	5	5	2	3	0	0	3	0	2	-4.032	42511.6350	-9.484462312e-05
O95747	OXSR1	erythrocytes	9	9	9	0	9	0	0	0	0	681.88	57890.1250	0.01177886557
O95782	AP2A1	erythrocytes	4	4	4	0	4	0	0	0	0	319.92	107544.2500	0.002974775499
O95807	TMEM50A	erythrocytes	2	2	2	0	2	0	0	0	0	122.02	17268.8150	0.007065916219
O95816	BAG2	erythrocytes	4	4	4	0	4	0	0	0	0	281.98	23640.3350	0.01192791896
O95819	MAP4K4	erythrocytes	28	28	28	0	28	0	0	0	0	2201.5	141967.4950	0.01550707083
O95822	MLYCD	erythrocytes	8	8	7	1	7	0	0	0	1	410.34	50944.8050	0.008054599483
O95825	CRYZL1	erythrocytes	0	0	0	0	0	0	0	0	0	0	38696.0100	0
O95834	EML2	erythrocytes	0	0	0	0	0	0	0	0	0	0	70677.9100	0
O95837	GNA14	erythrocytes	1	1	1	0	1	0	0	0	0	541.3	41570.0300	0.01302140027
O95861	BPNT1	erythrocytes	4	4	4	0	4	0	0	0	0	302.07	33260.6900	0.009081892168
O95865	DDAH2	erythrocytes	0	0	0	0	0	0	0	0	0	0	29643.4200	0
O95870	ABHD16A	erythrocytes	0	0	0	0	0	0	0	0	0	0	63242.3150	0
O95922	TTLL1	erythrocytes	0	0	0	0	0	0	0	0	0	0	48987.3800	0
O95967	EFEMP2	erythrocytes	20	20	18	2	0	0	2	0	18	-36.288	47011.9550	-0.0007718887674
O96005	CLPTM1	erythrocytes	8	8	2	6	2	0	6	0	0	122.02	75964.2450	0.001606282008
P00167	CYB5A	erythrocytes	3	3	3	0	3	0	0	0	0	126.12	15198.6500	0.008298105424
P00338	LDHA	erythrocytes	21	21	21	0	20	0	0	1	0	1224.51	36557.0700	0.03349584636
P00352	ALDH1A1	erythrocytes	12	12	12	0	12	0	0	0	0	580.36	54730.0250	0.01060405143
P00387	CYB5R3	erythrocytes	4	4	4	0	3	1	0	0	0	374.42	34103.1450	0.01097904607
P00390	GSR	erythrocytes	3	3	2	1	1	0	0	0	2	40.024	51700.0200	0.0007741583079
P00403	MT-CO2	erythrocytes	0	0	0	0	0	0	0	0	0	0	25564.5900	0
P00441	SOD1	erythrocytes	15	15	15	0	12	1	0	1	1	1180.764	15804.4100	0.07471104584
P00450	CP	plasma	12	12	6	6	1	0	6	0	5	69.9	120098.0450	0.0005820244618
P00488	F13A1	plasma	2	1	0	1	1	0	1	0	0	0	79244.9450	0
P00491	PNP	erythrocytes	2	2	2	0	2	0	0	0	0	122.02	32117.4900	0.003799176088
P00492	HPRT1	erythrocytes	5	5	5	0	3	0	0	2	0	128.02	24447.9200	0.005236437292
P00505	GOT2	erythrocytes	40	40	40	0	40	0	0	0	0	2763.81	44736.7800	0.06177936812
P00558	PGK1	erythrocytes	26	26	26	0	26	0	0	0	0	1677.04	44483.0850	0.03770062261
P00568	AK1	erythrocytes	2	2	2	0	2	0	0	0	0	122.02	21634.6450	0.005640027835
P00734	F2	plasma	25	25	21	4	10	0	3	0	12	417.924	65307.4600	0.006399330184
P00736	C1R	plasma	19	19	14	5	2	0	4	0	13	71.788	78212.2550	0.0009178612738
P00738	HP	erythrocytes;plasma	11	11	4	7	0	0	4	0	7	-8.064	43348.5550	-0.0001860269621
P00739	HPR	plasma	2	2	2	0	0	0	0	0	2	-4.032	39029.0850	-0.0001033075718
P00740	F9	plasma	36	36	27	9	17	0	8	0	11	843.96	46577.9000	0.01811932268
P00742	F10	plasma	28	28	23	5	12	0	4	0	12	477.934	50335.9650	0.009494881046
P00746	CFD	plasma	4	4	4	0	0	0	0	0	4	-8.064	24404.4050	-0.0003304321494
P00747	PLG	plasma	29	29	24	5	2	0	3	0	24	115.608	88431.5600	0.001307316076
P00748	F12	plasma	29	29	21	8	0	0	9	0	20	105.82	65732.6550	0.001609854341
P00751	CFB	plasma	16	16	12	4	0	0	5	0	11	139.964	82999.8500	0.001686316301
P00813	ADA	erythrocytes	3	3	3	0	3	0	0	0	0	126.12	40632.6850	0.003103905144
P00915	CA1	erythrocytes	1	1	1	0	1	0	0	0	0	42.04	28738.5550	0.001462843208
P00918	CA2	erythrocytes	4	4	4	0	4	0	0	0	0	281.98	29114.4100	0.009685238341
P01008	SERPINC1	erythrocytes;plasma	9	9	5	4	2	0	4	0	3	153.912	49038.5150	0.003138594225
P01009	SERPINA1	erythrocytes;plasma	6	6	3	3	3	0	3	0	0	279.1	44323.9150	0.006296826442
P01011	SERPINA3	erythrocytes;plasma	6	6	0	6	0	0	6	0	0	0	45265.0850	0
P01019	AGT	plasma	6	6	2	4	1	0	4	0	1	-46.026	49760.2450	-0.0009249552529
P01023	A2M	erythrocytes;plasma	24	24	12	12	0	0	8	3	13	-39.206	160807.8800	-0.0002438064602
P01024	C3	erythrocytes;plasma	26	26	21	5	8	0	3	1	14	598.618	184948.9700	0.003236665768
P01031	C5	erythrocytes;plasma	18	18	14	4	0	0	4	0	14	-28.224	185772.6950	-0.0001519276016
P01034	CST3	plasma	3	3	3	0	1	0	0	0	2	75.948	13346.9850	0.005690273871
P01040	CSTA	erythrocytes;plasma	1	1	1	0	1	0	0	0	0	42.04	11006.3950	0.003819597607
P01042	KNG1	plasma	24	24	11	13	3	0	12	0	9	62.822	69895.7850	0.0008987952564
P01111	NRAS	erythrocytes	5	5	5	0	1	2	1	1	0	666.87	20899.4850	0.03190844176
P01112	HRAS	erythrocytes	10	10	10	0	4	4	1	1	0	1268.85	20998.5250	0.06042567276
P01116	KRAS	erythrocytes	11	11	11	0	4	5	1	1	0	1442.27	21298.0850	0.06771829486
P01591	JCHAIN	plasma	7	7	4	3	1	0	1	0	5	-23.078	15594.3100	-0.001479898758
P01593	IGKV1D-33	plasma	1	1	1	0	0	0	0	0	1	-2.016	10409.2500	-0.0001936738958
P01594	IGKV1-33	plasma	1	1	1	0	0	0	0	0	1	-2.016	10409.2500	-0.0001936738958
P01597	IGKV1-39	plasma	1	1	1	0	0	0	0	0	1	-2.016	10229.1200	-0.0001970844022
P01599	IGKV1-17	plasma	1	1	1	0	0	0	0	0	1	-2.016	10295.2500	-0.00019581846
P01602	IGKV1-5	erythrocytes;plasma	1	1	1	0	0	0	0	0	1	-2.016	10360.3000	-0.0001945889598
P01611	IGKV1D-12	plasma	1	1	1	0	0	0	0	0	1	-2.016	10146.0800	-0.000198697428
P01615	IGKV2D-28	plasma	1	1	1	0	0	0	0	0	1	-2.016	10902.0400	-0.0001849195196
P01619	IGKV3-20	erythrocytes;plasma	1	1	1	0	0	0	0	0	1	-2.016	10302.2150	-0.0001956860733
P01624	IGKV3-15	plasma	1	1	1	0	0	0	0	0	1	-2.016	10271.2300	-0.0001962763953
P01699	IGLV1-44	plasma	2	2	2	0	1	0	0	0	1	-19.046	10186.8350	-0.001869668057
P01700	IGLV1-47	plasma	2	2	2	0	1	0	0	0	1	-19.046	10299.0050	-0.00184930486
P01701	IGLV1-51	plasma	2	2	2	0	1	0	0	0	1	-19.046	10206.0250	-0.001866152591
P01703	IGLV1-40	plasma	2	2	2	0	1	0	0	0	1	-19.046	10247.9700	-0.001858514418
P01704	IGLV2-14	plasma	2	2	2	0	1	0	0	0	1	-19.046	10568.2500	-0.001802190524
P01706	IGLV2-11	plasma	2	2	2	0	1	0	0	0	1	-19.046	10629.4650	-0.001791811723
P01714	IGLV3-19	plasma	1	1	1	0	0	0	0	0	1	-2.016	9855.5250	-0.0002045553129
P01717	IGLV3-25	plasma	1	1	1	0	0	0	0	0	1	-2.016	9986.7300	-0.0002018678787
P01721	IGLV6-57	plasma	1	1	1	0	0	0	0	0	1	-2.016	10528.0950	-0.0001914876338
P01742	IGHV1-69	plasma	2	2	2	0	1	0	0	0	1	-19.046	10491.7350	-0.001815333689
P01743	IGHV1-46	plasma	1	1	1	0	0	0	0	0	1	-2.016	10790.0450	-0.0001868388871
P01763	IGHV3-48	plasma	1	1	1	0	0	0	0	0	1	-2.016	10706.8150	-0.0001882912892
P01764	IGHV3-23	plasma	1	1	1	0	0	0	0	0	1	-2.016	10445.5450	-0.0001930009396
P01766	IGHV3-13	erythrocytes;plasma	1	1	1	0	0	0	0	0	1	-2.016	10416.5600	-0.0001935379818
P01767	IGHV3-53	plasma	1	1	1	0	0	0	0	0	1	-2.016	10543.7000	-0.0001912042262
P01772	IGHV3-33	plasma	2	2	2	0	1	0	0	0	1	-19.046	10923.1550	-0.001743635424
P01780	IGHV3-7	plasma	1	1	1	0	0	0	0	0	1	-2.016	10853.0550	-0.0001857541494
P01782	IGHV3-9	plasma	1	1	1	0	0	0	0	0	1	-2.016	10827.9400	-0.0001861849992
P01814	IGHV2-70	plasma	2	2	2	0	1	0	0	0	1	-19.046	11173.6550	-0.0017045452
P01824	IGHV4-39	plasma	1	1	1	0	0	0	0	0	1	-2.016	10756.8900	-0.0001874147639
P01834	IGKC	erythrocytes;plasma	2	2	1	1	0	0	0	0	2	-2.016	11764.8900	-0.0001713573183
P01857	IGHG1	erythrocytes;plasma	36	36	32	4	0	0	28	0	8	49436.08	43911.4000	1.125814253
P01859	IGHG2	erythrocytes;plasma	34	34	28	6	0	0	26	0	8	44881.992	43805.3000	1.024579035
P01860	IGHG3	plasma	44	44	28	16	0	0	30	0	14	45204.272	49092.4350	0.9207991415
P01861	IGHG4	plasma	25	25	21	4	0	0	19	0	6	32018.282	43831.1650	0.7304912384
P01871	IGHM	erythrocytes;plasma	14	14	4	10	0	0	5	0	9	-8.064	51922.8750	-0.0001553072706
P01876	IGHA1	erythrocytes;plasma	21	21	5	16	0	0	11	0	10	-10.08	42847.9050	-0.0002352507083
P01877	IGHA2	plasma	14	14	4	10	0	0	5	0	9	-8.064	42333.3500	-0.000190488114
P01880	IGHD	plasma	15	15	3	12	0	0	10	0	5	-6.048	47499.0250	-0.0001273289294
P02008	HBZ	erythrocytes	5	5	5	0	5	0	0	0	0	361.96	15505.5400	0.0233439145
P02042	HBD	erythrocytes	2	2	2	0	2	0	0	0	0	122.02	15924.0950	0.007662601862
P02549	SPTA1	erythrocytes	2	2	2	0	2	0	0	0	0	159.96	280009.4700	0.0005712663932
P02647	APOA1	erythrocytes;plasma	11	11	11	0	10	0	1	0	0	511.9	28961.0800	0.01767544581
P02649	APOE	erythrocytes;plasma	9	9	3	6	2	0	7	0	0	258.12	34236.0600	0.007539418964
P02652	APOA2	plasma	5	5	4	1	4	0	0	0	1	158.93	9303.5350	0.01708275403
P02654	APOC1	plasma	0	0	0	0	0	0	0	0	0	0	6630.4700	0
P02655	APOC2	plasma	0	0	0	0	0	0	0	0	0	0	8914.7700	0
P02656	APOC3	plasma	1	1	0	1	0	0	1	0	0	0	8764.5000	0
P02671	FGA	erythrocytes;plasma	36	35	17	18	16	0	4	8	8	1131.688	91357.7600	0.01238743157
P02675	FGB	erythrocytes;plasma	10	9	3	6	1	0	1	0	8	-6.048	50762.3600	-0.0001191433968
P02679	FGG	erythrocytes;plasma	15	15	5	10	3	0	2	2	8	236.068	48482.3700	0.004869151405
P02686	MBP	erythrocytes	39	39	39	0	39	0	0	0	0	1690.68	33116.5850	0.05105236545
P02724	GYPA	erythrocytes	20	20	3	17	3	0	17	0	0	239.94	14350.8200	0.01671960209
P02730	SLC4A1	erythrocytes	10	10	9	1	8	1	1	0	0	840.31	101790.6500	0.008255276884
P02741	CRP	plasma	2	2	2	0	1	0	0	0	1	-19.046	23046.8450	-0.0008264037876
P02743	APCS	plasma	2	2	1	1	0	0	1	0	1	-2.016	23258.1950	-8.667912536e-05
P02745	C1QA	plasma	18	18	12	6	11	0	5	0	2	173.984	23687.4700	0.007344980279
P02746	C1QB	plasma	20	20	19	1	18	0	0	0	2	252.954	23741.7550	0.01065439349
P02747	C1QC	plasma	15	15	13	2	12	0	1	0	2	189.984	22812.8000	0.008327956235
P02748	C9	plasma	15	15	13	2	0	0	4	0	11	302.104	60978.0550	0.004954306922
P02749	APOH	erythrocytes;plasma	17	17	11	6	0	0	6	0	11	-22.176	36254.3650	-0.0006116780697
P02750	LRG1	plasma	7	7	2	5	0	0	5	0	2	-4.032	34345.7550	-0.0001173944204
P02751	FN1	plasma	46	46	33	13	5	0	8	3	30	246.602	269255.5250	0.0009158660718
P02753	RBP4	plasma	4	4	4	0	1	0	0	0	3	7.982	21071.3400	0.0003788083719
P02760	AMBP	erythrocytes;plasma	12	12	7	5	0	0	5	0	7	-14.112	36802.4600	-0.0003834526279
P02763	ORM1	erythrocytes;plasma	8	8	3	5	1	0	5	0	2	-21.062	21587.9000	-0.0009756391312
P02765	AHSG	erythrocytes;plasma	21	16	8	8	7	0	8	0	6	229.86	32959.8300	0.006973943737
P02766	TTR	plasma	4	4	3	1	3	0	1	0	0	204.05	13761.2500	0.01482786811
P02768	ALB	plasma	55	55	53	2	14	0	24	0	17	4666.938	66471.4800	0.07020962975
P02774	GC	erythrocytes;plasma	14	14	14	0	0	0	0	0	14	-28.224	51196.8150	-0.0005512842938
P02775	PPBP	plasma	2	2	2	0	0	0	0	0	2	-4.032	10265.7050	-0.0003927640625
P02786	TFRC	erythrocytes;plasma	16	16	10	6	5	2	4	1	4	854.668	84870.2750	0.01007028668
P02787	TF	erythrocytes;plasma	26	26	22	4	3	0	4	0	19	149.706	75194.7400	0.001990910534
P02788	LTF	erythrocytes	23	21	18	3	1	0	4	2	16	-68.296	76164.4400	-0.0008966914219
P02790	HPX	erythrocytes;plasma	13	13	6	7	0	0	7	0	6	-12.096	49294.7400	-0.0002453811502
P02792	FTL	erythrocytes	1	1	1	0	1	0	0	0	0	42.04	19888.1550	0.002113821016
P02794	FTH1	erythrocytes	4	4	4	0	4	0	0	0	0	244.04	21225.2900	0.01149760498
P03950	ANG	plasma	4	4	4	0	1	0	0	0	3	-23.078	14142.8000	-0.001631784371
P03951	F11	plasma	24	24	16	8	0	0	5	0	19	-32.256	68024.8400	-0.0004741797261
P03952	KLKB1	plasma	23	23	18	5	0	0	5	0	18	-36.288	69176.3400	-0.0005245724188
P04003	C4BPA	plasma	21	21	16	5	0	0	3	0	18	-32.256	61670.0500	-0.0005230415737
P04004	VTN	erythrocytes;plasma	22	22	19	3	11	0	3	0	8	864.052	52277.2600	0.01652825722
P04040	CAT	erythrocytes	14	14	14	0	14	0	0	0	0	990.29	59624.1250	0.01660888105
P04070	PROC	plasma	28	27	22	5	11	0	5	0	12	469.894	47332.1500	0.009927586218
P04075	ALDOA	erythrocytes	17	17	17	0	15	0	0	2	0	1036.26	39288.2700	0.02637581141
P04080	CSTB	erythrocytes	1	1	1	0	1	0	0	0	0	42.04	11139.4450	0.003773976172
P04083	ANXA1	erythrocytes	17	17	16	1	11	0	0	5	1	653.924	38582.5100	0.01694871588
P04114	APOB	erythrocytes;plasma	32	32	13	19	4	1	19	0	8	504.262	512790.0550	0.000983369305
P04156	PRNP	erythrocytes	4	4	1	3	0	1	2	0	1	-2.016	22746.8650	-8.862759769e-05
P04180	LCAT	plasma	8	8	2	6	0	0	6	0	2	-4.032	47083.1850	-8.563566802e-05
P04181	OAT	erythrocytes	13	13	13	0	13	0	0	0	0	965.73	45852.1150	0.02106184197
P04196	HRG	plasma	9	9	5	4	0	0	4	0	5	-10.08	57658.9700	-0.0001748210209
P04211	IGLV7-43	plasma	1	1	1	0	0	0	0	0	1	-2.016	10367.3750	-0.0001944561666
P04217	A1BG	plasma	9	9	5	4	0	0	4	0	5	-10.08	51920.8650	-0.0001941416038
P04275	VWF	plasma	60	59	33	26	0	0	26	0	34	-66.528	307026.0700	-0.0002166851825
P04278	SHBG	plasma	5	5	2	3	0	0	3	0	2	-4.032	40467.4000	-9.963575619e-05
P04406	GAPDH	erythrocytes	48	48	48	0	45	0	2	1	0	3161.1	35921.6350	0.08799989199
P04424	ASL	erythrocytes	4	4	4	0	4	0	0	0	0	168.16	51525.9100	0.003263600779
P04430	IGKV1-16	plasma	1	1	1	0	0	0	0	0	1	-2.016	10202.1100	-0.0001976061815
P04433	IGKV3-11	plasma	1	1	1	0	0	0	0	0	1	-2.016	10350.2900	-0.0001947771512
P04439	HLA-A	erythrocytes;plasma	11	11	10	1	8	0	1	0	2	635.888	38315.9800	0.0165958955
P04632	CAPNS1	erythrocytes	3	3	3	0	3	0	0	0	0	164.06	28315.4450	0.005794011007
P04792	HSPB1	erythrocytes	13	13	13	0	13	0	0	0	0	935.85	22782.1300	0.04107824861
P04798	CYP1A1	erythrocytes	1	1	1	0	0	0	1	0	0	203.19	58164.4550	0.003493370651
P04843	RPN1	erythrocytes	4	4	3	1	2	0	1	1	0	66.06	66289.7350	0.0009965343805
P04844	RPN2	erythrocytes	2	2	1	1	0	0	1	1	0	-18.02	67053.2400	-0.0002687416745
P04899	GNAI2	erythrocytes	5	5	5	0	3	2	0	0	0	1532.35	40319.1650	0.03800549937
P04920	SLC4A2	erythrocytes	15	15	12	3	11	1	3	0	0	1052.24	137007.1700	0.007680181993
P04921	GYPC	erythrocytes	17	17	2	15	2	0	15	0	0	159.96	13810.4050	0.01158257126
P05023	ATP1A1	erythrocytes	15	15	15	0	15	0	0	0	0	1143.91	112894.6000	0.01013254841
P05026	ATP1B1	erythrocytes	8	8	5	3	2	0	3	0	3	153.912	35060.9700	0.004389838615
P05062	ALDOB	erythrocytes	14	14	14	0	14	0	0	0	0	1142.05	39341.2700	0.02902931197
P05089	ARG1	erythrocytes	6	6	6	0	6	0	0	0	0	520.06	34734.5350	0.01497241866
P05090	APOD	plasma	6	6	3	3	1	0	2	0	3	-21.062	19302.8500	-0.001091134211
P05109	S100A8	erythrocytes;plasma	1	1	1	0	1	0	0	0	0	29	10834.3600	0.002676669411
P05141	SLC25A5	erythrocytes	20	20	20	0	20	0	0	0	0	1217.94	32851.8150	0.03707375072
P05154	SERPINA5	plasma	4	4	0	4	0	0	4	0	0	0	42811.5600	0
P05155	SERPING1	plasma	17	17	2	15	0	0	15	0	2	-4.032	52842.5450	-7.630215388e-05
P05156	CFI	plasma	27	27	19	8	0	0	6	0	21	-38.304	63486.8000	-0.0006033380167
P05160	F13B	plasma	22	22	20	2	0	0	2	0	20	-40.32	73206.2000	-0.000550773022
P05161	ISG15	erythrocytes	3	3	2	1	1	0	0	1	1	10.98	17014.3050	0.0006453393189
P05198	EIF2S1	erythrocytes	6	6	6	0	6	0	0	0	0	441.94	36111.7500	0.01223812194
P05386	RPLP1	erythrocytes	4	4	4	0	2	0	0	2	0	85.98	11382.5900	0.007553641131
P05387	RPLP2	erythrocytes	9	9	9	0	9	0	0	0	0	664.03	11664.7600	0.0569261605
P05388	RPLP0	erythrocytes	7	7	7	0	4	0	0	3	0	265.86	34273.0400	0.007757117548
P05452	CLEC3B	plasma	4	4	3	1	0	0	1	0	3	-6.048	20138.6700	-0.0003003177469
P05455	SSB	erythrocytes	11	11	11	0	11	0	0	0	0	690.08	46836.4850	0.01473381275
P05543	SERPINA7	plasma	5	5	0	5	0	0	5	0	0	0	44101.0900	0
P05546	SERPIND1	plasma	6	6	3	3	3	0	3	0	0	240.1	54959.2550	0.004368690951
P05556	ITGB1	erythrocytes	46	46	34	12	5	0	12	1	28	287.492	86190.9950	0.003335522464
P06132	UROD	erythrocytes	1	1	1	0	1	0	0	0	0	42.04	40786.2800	0.001030738768
P06213	INSR	erythrocytes	50	50	31	19	12	0	18	1	19	854.472	153332.4000	0.005572677399
P06241	FYN	erythrocytes	9	9	9	0	6	3	0	0	0	1167.06	60629.9450	0.01924890415
P06276	BCHE	plasma	15	15	4	11	1	0	10	0	4	73.932	65083.0250	0.001135964409
P06310	IGKV2-30	plasma	1	1	1	0	0	0	0	0	1	-2.016	11063.1850	-0.0001822260045
P06312	IGKV4-1	plasma	1	1	1	0	0	0	0	0	1	-2.016	11158.1800	-0.0001806746261
P06331	IGHV4-34	plasma	2	2	1	1	0	0	1	0	1	-2.016	10652.7900	-0.0001892461975
P06396	GSN	erythrocytes;plasma	8	8	8	0	7	0	0	0	1	519.904	82957.9600	0.006267077927
P06454	PTMA	erythrocytes	14	14	14	0	13	0	0	1	0	890.05	12202.8500	0.07293787927
P06576	ATP5F1B	erythrocytes	21	21	21	0	20	0	1	0	0	1543.93	51768.5250	0.02982372011
P06681	C2	plasma	19	19	11	8	0	0	8	0	11	-22.176	81084.0950	-0.0002734938338
P06702	S100A9	erythrocytes;plasma	4	4	3	1	4	0	0	0	0	123.01	13241.8250	0.009289505034
P06703	S100A6	erythrocytes	4	4	4	0	4	0	0	0	0	264.13	10179.5750	0.02594705575
P06727	APOA4	plasma	0	0	0	0	0	0	0	0	0	0	43374.7250	0
P06730	EIF4E	erythrocytes	3	3	3	0	3	0	0	0	0	202	24965.7150	0.008091096129
P06733	ENO1	erythrocytes	36	36	36	0	35	0	0	1	0	2127.2	47037.2200	0.0452237611
P06744	GPI	erythrocytes	12	12	12	0	12	0	0	0	0	840.27	63014.9700	0.01333445053
P06753	TPM3	erythrocytes	20	20	20	0	20	0	0	0	0	1258.14	32818.2550	0.03833659041
P07099	EPHX1	erythrocytes	1	1	1	0	1	0	0	0	0	28.05	52948.1100	0.0005297639519
P07108	DBI	erythrocytes	12	12	12	0	12	0	0	0	0	862.6	9913.1150	0.08701603885
P07195	LDHB	erythrocytes;plasma	7	7	7	0	7	0	0	0	0	370.16	36506.8400	0.01013946975
P07225	PROS1	plasma	30	30	27	3	12	0	3	0	15	469.87	70644.4400	0.006651195763
P07237	P4HB	erythrocytes	8	8	8	0	6	0	0	0	2	478.088	55293.2600	0.008646406452
P07311	ACYP1	erythrocytes	1	1	1	0	1	0	0	0	0	42.04	11129.5150	0.003777343397
P07333	CSF1R	plasma	24	24	13	11	9	0	11	0	4	711.756	106066.9200	0.006710442803
P07355	ANXA2	erythrocytes	10	10	10	0	8	0	0	2	0	452.04	38472.2950	0.01174975395
P07357	C8A	plasma	20	20	18	2	0	0	5	0	15	620.336	61710.3450	0.01005238263
P07358	C8B	plasma	20	20	18	2	1	0	6	0	13	702.332	60943.1500	0.01152437969
P07359	GP1BA	plasma	54	54	8	46	5	0	44	0	5	394.092	69776.6250	0.005647908594
P07360	C8G	plasma	3	3	2	1	1	0	0	0	2	-19.046	20384.7850	-0.0009343243012
P07384	CAPN1	erythrocytes	3	3	3	0	2	0	0	1	0	104	81757.7300	0.001272050973
P07437	TUBB	erythrocytes	19	19	15	4	17	0	0	2	0	805.25	49670.2450	0.01621191923
P07451	CA3	erythrocytes	14	14	14	0	14	0	0	0	0	1532.42	29425.7900	0.05207744635
P07477	PRSS1	erythrocytes	6	6	6	0	1	0	0	0	5	69.98	24114.0050	0.002902048001
P07602	PSAP	erythrocytes	17	17	12	5	0	0	5	0	12	-24.192	56492.0750	-0.000428237058
P07737	PFN1	erythrocytes	10	10	10	0	8	0	0	2	0	489.98	14922.9000	0.03283410061
P07738	BPGM	erythrocytes	8	8	8	0	2	0	6	0	0	1094.86	29873.5450	0.03664981843
P07741	APRT	erythrocytes	8	8	8	0	8	0	0	0	0	563.96	19476.2700	0.02895626319
P07814	EPRS1	erythrocytes	24	24	24	0	24	0	0	0	0	1518.18	170588.7550	0.008899648749
P07858	CTSB	erythrocytes	8	8	7	1	1	0	1	0	6	29.944	27814.7250	0.001076552078
P07900	HSP90AA1	erythrocytes	17	17	17	0	17	0	0	0	0	1081.04	84527.4800	0.01278921364
P07902	GALT	erythrocytes	0	0	0	0	0	0	0	0	0	0	43362.3300	0
P07910	HNRNPC	erythrocytes	33	33	33	0	20	0	0	13	0	1289.46	33538.4000	0.03844727238
P07947	YES1	erythrocytes	10	10	10	0	8	2	0	0	0	1088.61	60669.3050	0.01794334054
P07948	LYN	erythrocytes	12	12	12	0	10	2	0	0	0	1248.57	58442.1100	0.02136421837
P07951	TPM2	erythrocytes	14	14	14	0	14	0	0	0	0	1081.78	32850.2550	0.0329306424
P07954	FH	erythrocytes	24	24	24	0	24	0	0	0	0	1682.99	50080.9550	0.03360538951
P08174	CD55	erythrocytes	10	10	8	2	0	1	1	0	8	-16.128	34963.9000	-0.000461275773
P08185	SERPINA6	plasma	6	6	0	6	0	0	6	0	0	0	42638.1400	0
P08195	SLC3A2	erythrocytes	18	17	12	5	11	0	4	2	1	725.82	57812.6650	0.01255468849
P08235	NR3C2	erythrocytes	5	5	5	0	5	0	0	0	0	399.9	107080.1450	0.003734585903
P08236	GUSB	erythrocytes	4	4	0	4	0	0	4	0	0	0	72577.2800	0
P08237	PFKM	erythrocytes	7	7	7	0	6	0	1	0	0	651.24	85050.3600	0.007657110446
P08238	HSP90AB1	erythrocytes	24	24	22	2	22	0	2	0	0	1907.52	83131.9600	0.0229456878
P08246	ELANE	erythrocytes	7	7	4	3	0	0	3	0	4	-8.064	25561.0850	-0.0003154795659
P08294	SOD3	plasma	5	5	4	1	0	0	3	0	2	320.248	24132.4250	0.01327044423
P08397	HMBS	erythrocytes	6	6	6	0	6	0	0	0	0	742.42	39198.2450	0.01894013367
P08571	CD14	plasma	10	10	4	6	0	1	5	0	4	-8.064	37214.1050	-0.0002166920312
P08603	CFH	plasma	49	49	40	9	0	0	9	0	40	-80.64	137051.4600	-0.0005883921266
P08631	HCK	erythrocytes	10	10	10	0	7	3	0	0	0	1218.99	59467.8800	0.02049829252
P08637	FCGR3A	plasma	9	9	4	5	2	0	5	0	2	155.928	27324.4750	0.00570653233
P08670	VIM	erythrocytes	71	71	71	0	56	0	3	12	0	4555.32	53519.5800	0.08511501772
P08697	SERPINF2	plasma	7	7	2	5	1	0	4	1	1	78.044	50449.9650	0.001546958457
P08708	RPS17	erythrocytes	5	5	5	0	3	0	0	2	0	223.99	15418.7650	0.01452710382
P08709	F7	plasma	28	28	24	4	11	0	5	0	12	578.048	45078.6750	0.01282309207
P08754	GNAI3	erythrocytes	5	5	5	0	3	2	0	0	0	1532.35	40400.5000	0.03792898603
P08758	ANXA5	erythrocytes	10	10	10	0	8	0	0	2	0	396.25	35805.0300	0.01106688083
P08865	RPSA	erythrocytes	6	6	6	0	5	0	0	1	0	268.06	32722.3250	0.008191960687
P09104	ENO2	erythrocytes	25	25	25	0	24	0	0	1	0	1398.78	47136.7600	0.02967492887
P09105	HBQ1	erythrocytes	0	0	0	0	0	0	0	0	0	0	15507.4550	0
P09132	SRP19	erythrocytes	0	0	0	0	0	0	0	0	0	0	16155.5150	0
P09172	DBH	plasma	12	12	6	6	0	0	4	0	8	-12.096	69063.9900	-0.0001751419227
P09210	GSTA2	erythrocytes	2	2	2	0	2	0	0	0	0	142.11	25532.3600	0.005565877968
P09211	GSTP1	erythrocytes	9	9	9	0	6	0	0	3	0	428.06	23224.3000	0.0184315566
P09327	VIL1	erythrocytes	2	2	2	0	2	0	0	0	0	159.96	92562.6650	0.001728126562
P09417	QDPR	erythrocytes	5	5	5	0	5	0	0	0	0	442.32	25657.9600	0.01723909461
P09493	TPM1	erythrocytes	15	15	15	0	15	0	0	0	0	1010	32708.0250	0.03087927198
P09496	CLTA	erythrocytes	5	5	5	0	5	0	0	0	0	324.02	27076.2650	0.01196693857
P09497	CLTB	erythrocytes	6	6	6	0	5	0	0	0	1	359.944	25190.0800	0.01428911699
P09525	ANXA4	erythrocytes	6	6	6	0	6	0	0	0	0	328.12	35751.0250	0.009177918675
P09543	CNP	erythrocytes	10	10	10	0	9	1	0	0	0	744.41	47250.5750	0.01575451727
P09651	HNRNPA1	erythrocytes	40	40	40	0	33	0	0	7	0	1418.4	38746.4650	0.03660721049
P09871	C1S	plasma	16	16	13	3	1	0	2	0	13	-8.192	74886.5200	-0.0001093921843
P09960	LTA4H	erythrocytes	5	5	5	0	5	0	0	0	0	248.14	69153.0050	0.003588275014
P09972	ALDOC	erythrocytes	6	6	6	0	6	0	0	0	0	441.94	39455.3250	0.01120102293
P0C0L4	C4A	erythrocytes;plasma	26	26	15	11	4	0	5	1	16	282.97	188910.9750	0.001497901326
P0C0L5	C4B	erythrocytes;plasma	25	25	15	10	4	0	4	1	16	282.97	188876.9350	0.001498171283
P0C0S5	H2AZ1	erythrocytes	11	11	8	3	10	0	0	1	0	246.27	13421.3300	0.0183491502
P0C0S8	H2AC11	erythrocytes	39	39	38	1	36	0	0	3	0	2857.58	13960.0900	0.2046963881
P0C645	OR4E1	erythrocytes	2	2	1	1	0	0	1	0	1	-2.016	35736.2600	-5.641329003e-05
P0C7P3	SLFN14	erythrocytes	0	0	0	0	0	0	0	0	0	0	103906.0750	0
P0CF51	TRGC1	erythrocytes	5	5	1	4	0	0	4	0	1	-2.016	19803.7300	-0.0001017990045
P0CG38	POTEI	erythrocytes	0	0	0	0	0	0	0	0	0	0	121280.7900	0
P0DJI8	SAA1	plasma	1	1	1	0	1	0	0	0	0	28.05	11696.5350	0.002398146118
P0DJI9	SAA2	plasma	0	0	0	0	0	0	0	0	0	0	11647.5550	0
P0DMV9	HSPA1B	erythrocytes	11	11	11	0	11	0	0	0	0	535.31	69920.1450	0.007656019592
P0DOY2	IGLC2	plasma	2	2	1	1	0	0	0	0	2	-2.016	11293.4150	-0.0001785111058
P0DOY3	IGLC3	plasma	2	2	1	1	0	0	0	0	2	-2.016	11265.4050	-0.000178954951
P10114	RAP2A	erythrocytes	5	5	5	0	1	3	1	0	0	857.35	20259.8450	0.04231769789
P10155	RO60	erythrocytes	5	5	5	0	5	0	0	0	0	286.08	60669.8550	0.00471535658
P10398	ARAF	erythrocytes	9	9	9	0	9	0	0	0	0	719.82	67584.3850	0.01065068507
P10599	TXN	erythrocytes	10	10	9	1	8	0	0	0	2	411.244	11606.2050	0.0354331153
P10606	COX5B	erythrocytes	3	3	3	0	3	0	0	0	0	126.12	10612.9150	0.01188363423
P10643	C7	plasma	35	35	32	3	0	0	7	0	28	592.112	91114.5900	0.006498542111
P10644	PRKAR1A	erythrocytes	9	9	7	2	7	0	0	0	2	521.92	42981.1200	0.01214300605
P10720	PF4V1	plasma	2	2	2	0	0	0	0	0	2	-4.032	8255.5350	-0.000488399601
P10721	KIT	plasma	30	30	20	10	15	0	10	0	5	1189.62	107118.0300	0.01110569341
P10746	UROS	erythrocytes	0	0	0	0	0	0	0	0	0	0	28627.2800	0
P10768	ESD	erythrocytes	3	3	3	0	3	0	0	0	0	184.15	31331.1700	0.005877533459
P10809	HSPD1	erythrocytes	45	45	45	0	44	0	0	1	0	2877.87	57962.2600	0.04965075551
P10909	CLU	erythrocytes;plasma	13	13	2	11	2	0	6	0	5	159.96	50061.8800	0.003195245564
P10966	CD8B	erythrocytes	3	3	2	1	1	0	1	0	1	77.964	21350.8900	0.003651557382
P11021	HSPA5	erythrocytes;plasma	19	19	19	0	17	0	0	2	0	1081.59	70477.7850	0.01534653792
P11047	LAMC1	erythrocytes	59	59	42	17	2	0	14	0	43	79.32	174280.1650	0.0004551292455
P11137	MAP2	plasma	46	46	46	0	46	0	0	0	0	3679.08	199523.4500	0.01843933633
P11142	HSPA8	erythrocytes	21	21	21	0	19	0	0	2	0	989.59	70766.0600	0.0139839635
P11166	SLC2A1	erythrocytes	6	6	5	1	5	0	1	0	0	361.96	54083.0650	0.006692668028
P11171	EPB41	erythrocytes	26	26	26	0	26	0	0	0	0	2079.48	97015.4550	0.02143452298
P11226	MBL2	plasma	7	7	7	0	5	0	0	0	2	75.968	24020.7150	0.003162603611
P11233	RALA	erythrocytes	4	4	4	0	2	1	1	0	0	528.63	23237.0900	0.02274940623
P11234	RALB	erythrocytes	2	2	2	0	1	1	0	0	0	286.51	23078.8400	0.01241440211
P11277	SPTB	erythrocytes	11	11	11	0	11	0	0	0	0	879.78	246332.3450	0.003571516359
P11279	LAMP1	erythrocytes	28	28	4	24	0	0	24	0	4	-8.064	41984.1700	-0.000192072393
P11413	G6PD	erythrocytes	11	11	11	0	11	0	0	0	0	658.25	59124.7650	0.01113323664
P11441	UBL4A	erythrocytes	2	2	2	0	1	0	0	1	0	61.96	17776.2000	0.003485559343
P11586	MTHFD1	erythrocytes	4	4	4	0	4	0	0	0	0	281.98	101529.9100	0.002777309662
P11597	CETP	plasma	5	5	1	4	0	0	4	0	1	-2.016	53093.3650	-3.797084626e-05
P11766	ADH5	erythrocytes	6	6	6	0	6	0	0	0	0	482.12	39592.7300	0.012176983
P11908	PRPS2	erythrocytes	0	0	0	0	0	0	0	0	0	0	34637.4200	0
P11940	PABPC1	erythrocytes	18	18	16	2	18	0	0	0	0	440.44	70669.9050	0.006232355909
P12081	HARS1	erythrocytes	3	3	3	0	3	0	0	0	0	202	57278.5850	0.003526623432
P12236	SLC25A6	erythrocytes	5	5	5	0	5	0	0	0	0	211.25	32865.8550	0.006427643522
P12259	F5	plasma	43	43	16	27	9	0	27	0	7	706.268	248682.7850	0.002840035751
P12270	TPR	erythrocytes	33	33	33	0	33	0	0	0	0	1830.42	267157.2950	0.006851469281
P12273	PIP	erythrocytes	4	4	3	1	1	0	1	0	2	-21.062	13522.5050	-0.001557551652
P12829	MYL4	erythrocytes	1	1	1	0	1	0	0	0	0	43.09	21433.1650	0.002010435696
P12955	PEPD	erythrocytes;plasma	2	2	2	0	2	0	0	0	0	122.02	54416.3650	0.002242340149
P13473	LAMP2	plasma	30	30	4	26	0	0	26	0	4	-8.064	42010.5450	-0.0001919518064
P13489	RNH1	erythrocytes	3	3	3	0	3	0	0	0	0	202	49841.5250	0.004052845494
P13591	NCAM1	plasma	15	15	7	8	2	2	6	0	5	149.88	92406.4000	0.001621965578
P13598	ICAM2	plasma	9	9	3	6	0	0	6	0	3	-6.048	28059.9300	-0.0002155386703
P13639	EEF2	erythrocytes	25	25	25	0	22	0	0	3	0	2131.06	95205.8400	0.02238371092
P13667	PDIA4	erythrocytes	4	4	4	0	1	0	0	0	3	35.992	70670.6900	0.0005092917587
P13671	C6	plasma	42	42	38	4	0	0	10	0	32	908.328	102411.2000	0.008869420532
P13693	TPT1	erythrocytes	3	3	3	0	3	0	0	0	0	239.94	19595.1450	0.01224486984
P13716	ALAD	erythrocytes	3	3	3	0	3	0	0	0	0	280.12	36294.3450	0.007718006758
P13747	HLA-E	erythrocytes	4	4	3	1	1	0	1	0	2	75.948	37815.2800	0.00200839449
P13796	LCP1	erythrocytes;plasma	21	21	21	0	21	0	0	0	0	1338.12	70156.3250	0.019073405
P13798	APEH	erythrocytes	3	3	3	0	3	0	0	0	0	202	81223.4050	0.002486967888
P13804	ETFA	erythrocytes	24	24	24	0	24	0	0	0	0	1665.14	32964.5750	0.05051301283
P13807	GYS1	erythrocytes	15	15	15	0	15	0	0	0	0	1199.7	83784.3400	0.01431890494
P13861	PRKAR2A	erythrocytes	10	10	10	0	10	0	0	0	0	761.86	45386.6200	0.01678600433
P13987	CD59	erythrocytes	10	10	6	4	0	1	4	0	5	152.06	8961.0600	0.01696897465
P14091	CTSE	erythrocytes	5	5	3	2	0	0	1	0	4	-6.048	36608.6000	-0.0001652070825
P14151	SELL	plasma	15	15	9	6	0	0	6	0	9	-18.144	37571.2850	-0.0004829219975
P14174	MIF	erythrocytes	2	2	2	0	2	0	0	0	0	142.11	12344.9350	0.01151160375
P14209	CD99	erythrocytes	2	2	2	0	2	0	0	0	0	159.96	16728.0100	0.009562404614
P14314	PRKCSH	erythrocytes	17	17	15	2	7	0	2	0	8	563.822	57815.5150	0.009752088172
P14317	HCLS1	erythrocytes	11	11	11	0	11	0	0	0	0	728.02	54013.3750	0.01347851342
P14324	FDPS	erythrocytes	4	4	4	0	4	0	0	0	0	212.21	48274.7000	0.004395884387
P14406	COX7A2	erythrocytes	1	1	1	0	1	0	0	0	0	42.04	6721.7250	0.006254346912
P14415	ATP1B2	erythrocytes	10	10	3	7	0	0	7	0	3	-6.048	33366.7450	-0.0001812583157
P14543	NID1	erythrocytes	26	26	24	2	2	0	2	0	22	115.768	133455.8600	0.000867462845
P14550	AKR1A1	erythrocytes	7	7	7	0	7	0	0	0	0	524.16	36441.2850	0.01438368598
P14598	NCF1	erythrocytes	6	6	6	0	6	0	0	0	0	479.88	44681.1450	0.01074010077
P14625	HSP90B1	erythrocytes	17	17	10	7	10	0	6	0	1	808.15	90176.8350	0.00896183593
P14672	SLC2A4	erythrocytes	6	6	5	1	4	1	1	0	0	558.33	54786.4800	0.01019101793
P14735	IDE	erythrocytes	2	2	2	0	2	0	0	0	0	200.14	117966.7700	0.001696579469
P14868	DARS1	erythrocytes	5	5	5	0	5	0	0	0	0	324.02	57135.4100	0.005671089085
P14923	JUP	erythrocytes	7	7	7	0	6	0	1	0	0	645.13	81743.4900	0.007892126945
P15104	GLUL	erythrocytes	5	5	5	0	5	0	0	0	0	286.08	41932.7650	0.006822350017
P15121	AKR1B1	erythrocytes	5	5	5	0	5	0	0	0	0	248.14	35721.7200	0.006946474022
P15144	ANPEP	plasma	16	16	6	10	4	0	10	0	2	316.208	109406.7350	0.002890205982
P15151	PVR	erythrocytes	14	14	4	10	1	0	10	0	3	73.932	43209.3600	0.001711018168
P15153	RAC2	erythrocytes	5	5	5	0	3	1	1	0	0	1073.04	21115.1400	0.05081851221
P15169	CPN1	plasma	5	5	2	3	0	0	3	0	2	-4.032	50033.7450	-8.058561277e-05
P15170	GSPT1	erythrocytes	0	0	0	0	0	0	0	0	0	0	55755.3600	0
P15311	EZR	erythrocytes	7	7	7	0	7	0	0	0	0	521.92	69411.7350	0.007519189659
P15374	UCHL3	erythrocytes	2	2	2	0	2	0	0	0	0	159.96	26182.2250	0.006109488403
P15531	NME1	erythrocytes	13	13	12	1	7	0	0	2	4	1358.712	17017.3500	0.07984274872
P15735	PHKG2	erythrocytes	1	1	1	0	1	0	0	0	0	79.98	46441.4550	0.001722168265
P15814	IGLL1	plasma	2	2	1	1	0	0	0	0	2	-2.016	19134.3050	-0.000105360503
P15880	RPS2	erythrocytes	12	12	12	0	7	0	0	5	0	355.94	31192.9450	0.01141091359
P15924	DSP	erythrocytes;plasma	34	34	34	0	34	0	0	0	0	2445.65	331768.7800	0.007371549547
P16070	CD44	erythrocytes;plasma	17	17	7	10	4	0	10	0	3	313.872	79209.6050	0.003962549744
P16083	NQO2	erythrocytes	2	2	2	0	2	0	0	0	0	159.96	25918.2000	0.006171724888
P16152	CBR1	erythrocytes	4	4	4	0	4	0	0	0	0	274.06	30243.3550	0.009061825317
P16157	ANK1	erythrocytes	34	34	34	0	34	0	0	0	0	2143.5	206261.6200	0.01039214179
P16452	EPB42	erythrocytes	2	2	2	0	1	1	0	0	0	290.34	76876.7750	0.003776693286
P16455	MGMT	erythrocytes	2	2	2	0	2	0	0	0	0	159.96	21645.6900	0.007389923814
P16591	FER	erythrocytes	4	4	4	0	4	0	0	0	0	319.92	94636.5350	0.003380512611
P16615	ATP2A2	erythrocytes	8	8	8	0	7	0	0	0	1	487.884	114755.4950	0.004251508828
P16671	CD36	erythrocytes	19	19	9	10	0	4	10	2	3	911.552	52921.5700	0.01722458347
P16930	FAH	erythrocytes	4	4	4	0	4	0	0	0	0	281.98	46242.4850	0.006097855684
P16949	STMN1	erythrocytes	11	11	11	0	11	0	0	0	0	662.07	17171.0650	0.03855730556
P16989	YBX3	erythrocytes	13	13	13	0	13	0	0	0	0	869.9	39958.2400	0.02177022812
P17066	HSPA6	erythrocytes;plasma	1	1	1	0	1	0	0	0	0	43.09	71027.2100	0.000606668909
P17174	GOT1	erythrocytes	2	2	2	0	2	0	0	0	0	309.11	46115.6550	0.00670292984
P17612	PRKACA	erythrocytes	9	9	9	0	8	1	0	0	0	771.2	40457.9150	0.01906178309
P17655	CAPN2	erythrocytes	3	2	2	0	1	0	0	2	0	-36.04	78140.0500	-0.00046122315
P17812	CTPS1	erythrocytes	11	11	11	0	11	0	0	0	0	841.84	66689.5300	0.01262327085
P17813	ENG	erythrocytes	15	15	9	6	2	0	5	0	8	145.848	68094.0200	0.00214186209
P17858	PFKL	erythrocytes	5	5	5	0	4	0	1	0	0	485.17	84886.2600	0.005715530405
P17927	CR1	erythrocytes	81	81	61	20	1	0	20	0	60	-137.99	219706.8850	-0.0006280640682
P17931	LGALS3	erythrocytes	5	5	4	1	4	0	0	0	1	281.98	26020.8100	0.01083671108
P17936	IGFBP3	plasma	16	16	13	3	4	0	3	0	9	301.776	28749.3250	0.01049680297
P17980	PSMC3	erythrocytes	3	3	3	0	3	0	0	0	0	202	49202.8900	0.004105449903
P17987	TCP1	erythrocytes	9	9	9	0	9	0	0	0	0	568.06	60342.7550	0.009413889041
P18031	PTPN1	erythrocytes	17	17	17	0	16	0	0	1	0	1028.86	49966.1500	0.0205911402
P18077	RPL35A	erythrocytes	3	3	3	0	3	0	0	0	0	184.15	12537.5450	0.01468788347
P18124	RPL7	erythrocytes	5	5	5	0	5	0	0	0	0	344.11	29225.4650	0.01177432078
P18428	LBP	plasma	5	5	1	4	0	0	4	0	1	-2.016	50907.8050	-3.960100028e-05
P18433	PTPRA	erythrocytes	10	10	3	7	3	0	7	0	0	239.94	88711.5000	0.002704722612
P18577	RHCE	erythrocytes	0	0	0	0	0	0	0	0	0	0	45319.1650	0
P18621	RPL17	erythrocytes	0	0	0	0	0	0	0	0	0	0	21265.5700	0
P18669	PGAM1	erythrocytes	10	10	10	0	10	0	0	0	0	668.13	28672.2800	0.02330229755
P19086	GNAZ	erythrocytes	3	3	3	0	1	2	0	0	0	990.07	40791.9450	0.02427121335
P19105	MYL12A	erythrocytes	2	2	2	0	2	0	0	0	0	159.96	19793.8900	0.008081281648
P19174	PLCG1	erythrocytes	13	13	13	0	13	0	0	0	0	1001.8	148398.7300	0.006750731627
P19256	CD58	erythrocytes	7	7	1	6	0	0	6	0	1	-2.016	25338.6950	-7.956210847e-05
P19320	VCAM1	plasma	12	12	6	6	0	0	6	0	6	-12.096	78744.1300	-0.0001536114501
P19474	TRIM21	erythrocytes	1	1	1	0	1	0	0	0	0	79.98	54168.9500	0.001476491606
P19652	ORM2	plasma	8	8	3	5	1	0	5	0	2	-21.062	21650.9200	-0.0009727993083
P19784	CSNK2A2	erythrocytes	5	5	5	0	5	0	0	0	0	361.96	41212.6150	0.00878274771
P19823	ITIH2	plasma	14	13	6	7	6	0	6	0	2	243.948	72451.2250	0.003367065222
P19827	ITIH1	erythrocytes;plasma	11	10	5	5	4	0	5	0	2	235.908	71413.9450	0.003303388435
P20020	ATP2B1	erythrocytes	10	10	10	0	10	0	0	0	0	761.86	134551.8500	0.005662203827
P20042	EIF2S2	erythrocytes	13	13	13	0	12	0	0	1	0	827.92	38256.7950	0.02164112284
P20073	ANXA7	erythrocytes	1	1	1	0	1	0	0	0	0	42.04	52738.5450	0.0007971399287
P20339	RAB5A	erythrocytes	4	4	4	0	1	2	1	0	0	828.13	23658.3700	0.03500367946
P20340	RAB6A	erythrocytes	6	6	6	0	4	2	0	0	0	1010.22	23461.2900	0.04305901338
P20618	PSMB1	erythrocytes	8	7	7	0	6	0	2	0	0	768.34	23548.6800	0.03262773115
P20674	COX5A	erythrocytes	3	3	3	0	3	0	0	0	0	164.06	12500.9900	0.0131237606
P20742	PZP	plasma	11	11	1	10	0	0	10	1	0	-17.03	161054.4400	-0.0001057406427
P20810	CAST	erythrocytes	22	22	22	0	21	0	0	1	0	1585.68	76571.7950	0.02070840836
P20851	C4BPB	plasma	13	13	6	7	0	0	5	0	8	-12.096	26350.6900	-0.000459039213
P20930	FLG	erythrocytes	0	0	0	0	0	0	0	0	0	0	435160.0500	0
P21108	PRPS1L1	erythrocytes	0	0	0	0	0	0	0	0	0	0	34707.6300	0
P21145	MAL	erythrocytes	0	0	0	0	0	0	0	0	0	0	16713.2800	0
P21266	GSTM3	erythrocytes	2	2	2	0	0	0	0	2	0	-36.04	26559.2200	-0.001356967562
P21281	ATP6V1B2	erythrocytes	0	0	0	0	0	0	0	0	0	0	56499.9700	0
P21333	FLNA	erythrocytes	53	53	53	0	48	0	0	5	0	3220.02	280605.1050	0.01147527234
P21399	ACO1	erythrocytes	1	1	1	0	1	0	0	0	0	79.98	98397.6100	0.0008128246204
P21439	ABCB4	erythrocytes	4	4	2	2	2	0	2	0	0	159.96	141521.0150	0.001130291498
P21796	VDAC1	erythrocytes	21	21	21	0	12	0	0	9	0	627.97	30641.0650	0.02049439208
P21964	COMT	erythrocytes	1	1	1	0	1	0	0	0	0	79.98	30036.6100	0.002662750557
P21980	TGM2	erythrocytes	6	6	5	1	3	0	0	1	2	160.028	77196.7050	0.002072990032
P22059	OSBP	erythrocytes	15	15	15	0	15	0	0	0	0	1161.76	89288.1950	0.01301135049
P22061	PCMT1	erythrocytes	1	1	1	0	1	0	0	0	0	42.04	24504.8350	0.001715579803
P22102	GART	erythrocytes	7	7	7	0	7	0	0	0	0	483.98	107634.6000	0.004496509487
P22105	TNXB	plasma	61	61	56	5	0	0	5	0	56	-112.896	455951.7600	-0.0002476051414
P22234	PAICS	erythrocytes	8	8	8	0	8	0	0	0	0	526.02	46947.4150	0.01120445077
P22303	ACHE	erythrocytes	8	8	3	5	0	1	3	0	4	-6.048	64575.1300	-9.365834804e-05
P22314	UBA1	erythrocytes	16	16	16	0	16	0	0	0	0	1148.01	117716.1500	0.009752357684
P22392	NME2	erythrocytes	0	0	0	0	0	0	0	0	0	0	17297.8450	0
P22612	PRKACG	erythrocytes	3	3	3	0	2	1	0	0	0	370.32	40302.7050	0.009188465141
P22626	HNRNPA2B1	erythrocytes	46	46	46	0	36	0	0	10	0	1746.08	37429.5400	0.04664978517
P22694	PRKACB	erythrocytes	9	9	9	0	8	1	0	0	0	771.2	40490.9550	0.01904622897
P22695	UQCRC2	erythrocytes	3	3	3	0	3	0	0	0	0	126.12	46783.3200	0.002695832617
P22736	NR4A1	erythrocytes	2	2	2	0	2	0	0	0	0	159.96	64462.2950	0.002481450591
P22792	CPN2	plasma	8	8	0	8	0	0	8	0	0	0	58225.7550	0
P22830	FECH	erythrocytes	4	4	4	0	4	0	0	0	0	284.22	42186.0600	0.006737296633
P22891	PROZ	plasma	29	29	23	6	14	0	6	0	9	569.986	40364.1650	0.01412108983
P23083	IGHV1-2	plasma	2	2	2	0	1	0	0	0	1	-19.046	10956.2250	-0.001738372478
P23142	FBLN1	plasma	38	38	35	3	0	0	3	0	35	-70.56	74290.0050	-0.0009497912943
P23193	TCEA1	erythrocytes	6	6	6	0	5	0	0	1	0	343.94	33969.2700	0.0101250336
P23258	TUBG1	erythrocytes	1	1	1	0	1	0	0	0	0	79.98	51169.1100	0.001563052396
P23276	KEL	erythrocytes	12	12	6	6	1	0	5	0	6	69.9	82822.4050	0.000843974526
P23284	PPIB	erythrocytes	6	6	5	1	5	0	1	0	0	313.22	20289.1600	0.01543780028
P23381	WARS1	erythrocytes	2	2	2	0	2	0	0	0	0	180.05	53033.4250	0.003395028701
P23396	RPS3	erythrocytes	21	21	21	0	16	0	0	5	0	978	26556.8450	0.03682666371
P23470	PTPRG	plasma	10	10	2	8	1	0	8	0	1	77.964	159626.3650	0.0004884155572
P23526	AHCY	erythrocytes	4	4	4	0	4	0	0	0	0	288.09	47584.3200	0.006054305284
P23528	CFL1	erythrocytes	15	15	15	0	14	0	0	1	0	949.94	18371.1200	0.05170833351
P23588	EIF4B	erythrocytes	24	24	24	0	23	0	0	1	0	1745.64	69150.1700	0.02524418957
P23610	F8A1	erythrocytes	1	1	1	0	1	0	0	0	0	42.04	38971.0050	0.001078750728
P23634	ATP2B4	erythrocytes	3	3	3	0	3	0	0	0	0	239.94	137918.4100	0.001739724233
P23743	DGKA	erythrocytes	1	1	1	0	1	0	0	0	0	42.04	82629.1900	0.0005087790404
P23919	DTYMK	erythrocytes	2	2	2	0	2	0	0	0	0	84.08	23687.7500	0.003549513989
P23921	RRM1	erythrocytes	4	4	4	0	3	0	0	0	1	162.044	90068.9550	0.00179911047
P24298	GPT	erythrocytes	3	3	3	0	3	0	0	0	0	351.15	54504.9200	0.006442537664
P24390	KDELR1	erythrocytes	1	1	1	0	1	0	0	0	0	79.98	24541.7050	0.003258942278
P24534	EEF1B2	erythrocytes	9	9	9	0	8	0	0	1	0	583.88	24632.1850	0.02370394669
P24539	ATP5PB	erythrocytes	7	7	7	0	7	0	0	0	0	352.31	24625.2650	0.01430685111
P24666	ACP1	erythrocytes	3	3	3	0	3	0	0	0	0	202	17911.0700	0.01127794152
P24941	CDK2	erythrocytes	6	6	6	0	6	0	0	0	0	404	33929.0150	0.01190721275
P25311	AZGP1	plasma	7	7	3	4	1	0	4	0	2	-21.062	32144.4650	-0.0006552294462
P25325	MPST	erythrocytes	10	10	9	1	9	0	0	0	1	704.21	33046.7050	0.02130953752
P25398	RPS12	erythrocytes	2	2	2	0	2	0	0	0	0	142.11	14383.6200	0.009879988487
P25445	FAS	erythrocytes	16	16	13	3	3	1	4	0	8	665.412	35079.6550	0.0189686016
P25685	DNAJB1	erythrocytes	1	1	1	0	1	0	0	0	0	79.98	37912.5200	0.002109593348
P25686	DNAJB2	erythrocytes	4	4	4	0	3	1	0	0	0	408.53	35108.9050	0.01163607922
P25705	ATP5F1A	erythrocytes	37	37	37	0	36	0	1	0	0	2592.53	55208.5350	0.04695886243
P25786	PSMA1	erythrocytes	6	6	6	0	3	0	1	2	0	369.15	29555.1300	0.01249021743
P25787	PSMA2	erythrocytes	10	10	10	0	10	0	0	0	0	685.98	25767.0600	0.02662236204
P25788	PSMA3	erythrocytes	6	6	6	0	6	0	0	0	0	328.12	28301.7050	0.0115936478
P25789	PSMA4	erythrocytes	5	5	5	0	5	0	0	0	0	324.02	29483.4300	0.01098990179
P25815	S100P	erythrocytes	0	0	0	0	0	0	0	0	0	0	10399.7800	0
P26038	MSN	erythrocytes	10	10	10	0	10	0	0	0	0	655.09	67687.8150	0.009678108239
P26373	RPL13	erythrocytes	10	10	10	0	5	0	0	5	0	233.92	24261.1400	0.009641756323
P26447	S100A4	erythrocytes	3	3	3	0	3	0	0	0	0	126.12	11597.2150	0.01087502474
P26599	PTBP1	erythrocytes	8	8	8	0	6	0	0	2	0	405.9	59632.1400	0.006806732074
P26639	TARS1	erythrocytes	6	6	6	0	6	0	0	0	0	441.94	83434.0500	0.005296878193
P26640	VARS1	erythrocytes	4	4	4	0	4	0	0	0	0	244.04	140342.6000	0.001738887551
P26641	EEF1G	erythrocytes	8	8	8	0	6	0	0	2	0	260.21	49986.8850	0.00520556542
P26885	FKBP2	erythrocytes	0	0	0	0	0	0	0	0	0	0	13300.2400	0
P26927	MST1	plasma	23	23	19	4	0	0	3	0	20	-38.304	78412.6000	-0.0004884929208
P27105	STOM	erythrocytes	6	6	6	0	4	2	0	0	0	796.74	31730.2550	0.02510978875
P27169	PON1	plasma	4	4	1	3	0	0	3	0	1	-2.016	39599.5850	-5.090962443e-05
P27348	YWHAQ	erythrocytes	10	10	10	0	9	0	0	1	0	442.14	27763.8500	0.01592502481
P27448	MARK3	erythrocytes	20	20	20	0	20	0	0	0	0	1599.6	84427.3300	0.01894647148
P27449	ATP6V0C	erythrocytes	0	0	0	0	0	0	0	0	0	0	15735.5200	0
P27482	CALML3	erythrocytes	0	0	0	0	0	0	0	0	0	0	16890.5500	0
P27635	RPL10	erythrocytes	3	3	3	0	1	0	0	2	0	-35.06	24445.4000	-0.001434216662
P27701	CD82	erythrocytes	5	5	2	3	0	2	3	0	0	476.82	29625.2100	0.01609507578
P27708	CAD	erythrocytes	12	12	12	0	12	0	0	0	0	809.97	242849.1650	0.003335280152
P27797	CALR	erythrocytes	6	6	5	1	4	0	1	0	1	210.194	46465.7450	0.004523633485
P27816	MAP4	erythrocytes	47	47	47	0	45	0	0	2	0	3525.12	120872.2100	0.02916402372
P27824	CANX	erythrocytes	9	9	9	0	5	2	0	0	2	834.748	65394.6950	0.01276476632
P27918	CFP	plasma	42	42	37	5	0	0	20	0	22	2387.748	48493.5350	0.04923848096
P28062	PSMB8	erythrocytes	1	0	0	0	1	0	0	0	0	0	22659.3550	0
P28066	PSMA5	erythrocytes	6	6	6	0	5	0	1	0	0	565.15	26410.6700	0.02139854839
P28070	PSMB4	erythrocytes	3	1	1	0	3	0	0	0	0	79.98	24391.4700	0.003279015164
P28072	PSMB6	erythrocytes	2	1	1	0	2	0	0	0	0	79.98	21903.6000	0.003651454555
P28074	PSMB5	erythrocytes	0	0	0	0	0	0	0	0	0	0	22458.0850	0
P28161	GSTM2	erythrocytes	2	2	2	0	2	0	0	0	0	159.96	25744.2650	0.006213422679
P28289	TMOD1	erythrocytes	0	0	0	0	0	0	0	0	0	0	40568.6300	0
P28482	MAPK1	erythrocytes	8	8	8	0	8	0	0	0	0	601.9	41257.8600	0.01458873533
P28715	ERCC5	erythrocytes	3	3	3	0	3	0	0	0	0	202	133106.4750	0.001517582071
P28838	LAP3	erythrocytes	15	15	15	0	15	0	0	0	0	1226.51	56165.6000	0.02183738801
P28907	CD38	erythrocytes	9	9	5	4	0	0	4	0	5	-10.08	34328.0050	-0.0002936378039
P29144	TPP2	erythrocytes	3	3	3	0	3	0	0	0	0	164.06	138216.7950	0.001186975866
P29401	TKT	erythrocytes	17	17	17	0	16	0	0	1	0	882.26	67876.6000	0.01299799931
P29622	SERPINA4	plasma	4	4	0	4	0	0	4	0	0	0	46354.5000	0
P29692	EEF1D	erythrocytes	19	19	19	0	19	0	0	0	0	1387.95	30990.1350	0.04478683297
P29972	AQP1	erythrocytes	5	5	3	2	3	0	2	0	0	239.94	28394.3550	0.008450271189
P29992	GNA11	erythrocytes	3	3	3	0	1	2	0	0	0	477.8	42122.7300	0.01134304448
P30040	ERP29	erythrocytes	2	2	2	0	2	0	0	0	0	159.96	25852.2800	0.006187461996
P30041	PRDX6	erythrocytes	6	6	6	0	6	0	0	0	0	424.09	24903.4600	0.01702936058
P30043	BLVRB	erythrocytes	2	2	2	0	2	0	0	0	0	159.96	21987.8500	0.007274926835
P30044	PRDX5	erythrocytes	8	8	8	0	6	1	0	0	1	680.574	17030.5850	0.0399618686
P30046	DDT	erythrocytes	2	2	2	0	2	0	0	0	0	84.08	12580.3700	0.00668342823
P30048	PRDX3	erythrocytes	6	6	4	2	4	0	0	0	2	322.16	21539.2500	0.01495688104
P30050	RPL12	erythrocytes	6	6	6	0	3	0	0	3	0	147.94	17818.3400	0.008302681395
P30085	CMPK1	erythrocytes	6	6	6	0	5	0	0	1	0	326.09	22222.1050	0.01467412741
P30086	PEBP1	erythrocytes	7	7	7	0	7	0	0	0	0	559.86	20925.2950	0.02675517836
P30101	PDIA3	erythrocytes	12	12	11	1	8	0	0	0	4	456.262	54264.6000	0.008408096623
P30153	PPP2R1A	erythrocytes	2	2	2	0	2	0	0	0	0	84.08	65176.3850	0.001290037795
P30154	PPP2R1B	erythrocytes	1	1	1	0	1	0	0	0	0	42.04	66081.2850	0.0006361861759
P30536	TSPO	erythrocytes	0	0	0	0	0	0	0	0	0	0	18696.4250	0
P30566	ADSL	erythrocytes	4	4	4	0	3	0	0	1	0	108.1	54757.2200	0.001974168886
P30613	PKLR	erythrocytes	5	5	5	0	5	0	0	0	0	399.9	61829.2750	0.006467809949
P30622	CLIP1	erythrocytes	17	17	17	0	17	0	0	0	0	1359.66	162243.8850	0.008380346661
P30626	SRI	erythrocytes	0	0	0	0	0	0	0	0	0	0	21676.1250	0
P30711	GSTT1	erythrocytes	0	0	0	0	0	0	0	0	0	0	27203.3500	0
P30740	SERPINB1	erythrocytes	4	4	4	0	4	0	0	0	0	206.1	42741.2100	0.004822044112
P30825	SLC7A1	erythrocytes	2	2	0	2	0	0	2	0	0	0	67637.5000	0
P31150	GDI1	erythrocytes	0	0	0	0	0	0	0	0	0	0	50582.1800	0
P31151	S100A7	erythrocytes	2	2	2	0	1	0	0	0	1	40.024	11339.6350	0.003529566869
P31153	MAT2A	erythrocytes	5	5	5	0	3	0	0	2	0	165.96	43660.0800	0.003801184056
P31321	PRKAR1B	erythrocytes	8	8	6	2	6	0	0	0	2	378.95	42941.2250	0.00882485304
P31323	PRKAR2B	erythrocytes	4	4	4	0	4	0	0	0	0	319.92	46301.5150	0.006909493134
P31327	CPS1	erythrocytes;plasma	156	156	156	0	153	0	3	0	0	13050.66	160547.1950	0.08128862046
P31930	UQCRC1	erythrocytes	6	6	6	0	6	0	0	0	0	348.21	49127.8750	0.007087829465
P31939	ATIC	erythrocytes	2	2	2	0	2	0	0	0	0	84.08	64614.9650	0.001301246546
P31942	HNRNPH3	erythrocytes	15	15	15	0	13	0	0	2	0	452.18	36926.2550	0.01224548766
P31943	HNRNPH1	erythrocytes	12	12	12	0	9	0	0	3	0	472	49228.9800	0.009587848458
P31944	CASP14	erythrocytes;plasma	0	0	0	0	0	0	0	0	0	0	27679.1650	0
P31946	YWHAB	erythrocytes	14	14	14	0	13	0	0	1	0	686.18	28081.9950	0.02443487366
P31947	SFN	erythrocytes	3	3	3	0	3	0	0	0	0	239.94	27773.6650	0.008639119108
P31948	STIP1	erythrocytes	16	16	16	0	12	0	0	4	0	622.1	62638.4300	0.009931602692
P31949	S100A11	erythrocytes	8	8	7	1	7	0	0	0	1	408.1	11740.3000	0.03476061089
P32119	PRDX2	erythrocytes;plasma	6	6	4	2	4	0	0	0	2	244.04	21760.4700	0.0112148313
P32121	ARRB2	erythrocytes	5	5	5	0	5	0	0	0	0	271.94	46105.1900	0.005898251368
P32856	STX2	erythrocytes	0	0	0	0	0	0	0	0	0	0	33340.5650	0
P32942	ICAM3	erythrocytes	21	21	6	15	0	0	15	0	6	-12.096	56411.1950	-0.0002144255232
P32969	RPL9	erythrocytes	1	1	1	0	1	0	0	0	0	42.04	21863.1650	0.001922868898
P33121	ACSL1	erythrocytes	9	9	9	0	8	0	1	0	0	618.35	77942.4250	0.007933420085
P33151	CDH5	plasma	7	7	0	7	0	0	7	0	0	0	82576.4000	0
P33176	KIF5B	erythrocytes	4	4	4	0	3	0	0	1	0	118.03	109552.1850	0.001077386088
P33527	ABCC1	erythrocytes	10	10	7	3	6	0	3	0	1	497.954	171588.6000	0.002902022629
P33908	MAN1A1	plasma	2	2	1	1	0	0	1	0	1	-2.016	72967.4400	-2.762876154e-05
P33947	KDELR2	erythrocytes	0	0	0	0	0	0	0	0	0	0	24421.5750	0
P34896	SHMT1	erythrocytes	7	7	4	3	3	0	0	4	0	255.12	52950.7350	0.004818063432
P34931	HSPA1L	erythrocytes	0	0	0	0	0	0	0	0	0	0	70374.1900	0
P34932	HSPA4	erythrocytes	14	14	14	0	14	0	0	0	0	939.95	94329.8250	0.009964504864
P35030	PRSS3	erythrocytes	6	6	6	0	1	0	0	0	5	69.98	24279.2550	0.002882296018
P35232	PHB1	erythrocytes	7	7	7	0	7	0	0	0	0	428.19	29672.4000	0.01443058195
P35236	PTPN7	erythrocytes	6	6	6	0	6	0	0	0	0	415.9	40528.6150	0.01026188534
P35240	NF2	erythrocytes	2	2	2	0	2	0	0	0	0	159.96	69689.1000	0.002295337434
P35241	RDX	erythrocytes	2	2	2	0	2	0	0	0	0	180.05	68562.9000	0.002626055782
P35268	RPL22	erythrocytes	3	3	3	0	3	0	0	0	0	260.03	14655.6700	0.01774262112
P35325	SPRR2B	erythrocytes	0	0	0	0	0	0	0	0	0	0	7975.3850	0
P35542	SAA4	plasma	1	1	0	1	0	0	1	0	0	0	12803.0550	0
P35579	MYH9	erythrocytes	29	29	29	0	29	0	0	0	0	1534.85	226397.6100	0.006779444359
P35580	MYH10	erythrocytes	18	18	18	0	18	0	0	0	0	1090.03	228995.4250	0.004760051429
P35606	COPB2	erythrocytes	3	3	3	0	3	0	0	0	0	202	102354.5300	0.001973532583
P35611	ADD1	erythrocytes	30	30	30	0	30	0	0	0	0	2361.46	80954.0700	0.02917036784
P35612	ADD2	erythrocytes	27	27	27	0	27	0	0	0	0	2159.46	80853.1150	0.02670843294
P35613	BSG	erythrocytes	8	8	5	3	2	0	3	0	3	153.912	40200.3650	0.003828621954
P35670	ATP7B	erythrocytes	4	4	4	0	4	0	0	0	0	319.92	157260.4700	0.002034331959
P35749	MYH11	erythrocytes	10	10	10	0	10	0	0	0	0	762.91	227335.7250	0.003355873785
P35754	GLRX	erythrocytes	4	4	4	0	2	0	0	0	2	138.078	11644.3900	0.01185789895
P35813	PPM1A	erythrocytes	3	3	3	0	2	1	0	0	0	370.32	42316.0800	0.0087512832
P35858	IGFALS	plasma	11	11	5	6	0	0	6	0	5	-10.08	63245.4150	-0.0001593791423
P35998	PSMC2	erythrocytes	2	2	2	0	2	0	0	0	0	84.08	48502.0150	0.001733536225
P36507	MAP2K2	erythrocytes	11	11	11	0	11	0	0	0	0	765.96	44423.5250	0.0172422157
P36543	ATP6V1E1	erythrocytes	5	5	5	0	5	0	0	0	0	248.14	26013.7200	0.009538812596
P36551	CPOX	erythrocytes	3	3	3	0	3	0	0	0	0	222.09	39248.0050	0.005658631566
P36578	RPL4	erythrocytes	16	16	16	0	13	0	0	3	0	575.15	47565.5550	0.01209173319
P36639	NUDT1	erythrocytes	0	0	0	0	0	0	0	0	0	0	17951.2750	0
P36871	PGM1	erythrocytes	22	22	22	0	22	0	0	0	0	1627.89	61448.2850	0.0264920331
P36873	PPP1CC	erythrocytes	3	3	3	0	3	0	0	0	0	202	36852.1150	0.005481367894
P36915	GNL1	erythrocytes	11	11	11	0	11	0	0	0	0	879.78	68659.8600	0.01281360026
P36955	SERPINF1	plasma	5	5	4	1	4	0	1	0	0	222.91	44387.0700	0.005021957971
P36957	DLST	erythrocytes	8	8	8	0	8	0	0	0	0	520.52	41389.1950	0.01257622913
P36959	GMPR	erythrocytes	0	0	0	0	0	0	0	0	0	0	37418.4600	0
P36980	CFHR2	plasma	9	9	8	1	0	0	1	0	8	-16.128	28738.1050	-0.000561206106
P37802	TAGLN2	erythrocytes	9	9	9	0	8	0	0	1	0	376.1	22259.9450	0.01689581892
P37837	TALDO1	erythrocytes	7	7	7	0	7	0	0	0	0	370.16	37539.5400	0.009860536384
P37840	SNCA	erythrocytes	4	4	4	0	4	0	0	0	0	281.98	14460.0850	0.01950057693
P38159	RBMX	erythrocytes	20	20	20	0	17	0	0	3	0	927.98	42331.3600	0.02192180927
P38405	GNAL	erythrocytes	4	4	4	0	2	2	0	0	0	1098.1	44176.6850	0.02485700319
P38606	ATP6V1A	erythrocytes	3	3	3	0	3	0	0	0	0	202	68303.2400	0.002957399971
P38646	HSPA9	erythrocytes	26	26	26	0	26	0	0	0	0	1765.22	68758.1700	0.0256728764
P38919	EIF4A3	erythrocytes	14	14	14	0	9	0	0	5	0	402.08	46870.3900	0.008578550338
P39019	RPS19	erythrocytes	5	5	5	0	5	0	0	0	0	240.22	15929.1050	0.01508057107
P39023	RPL3	erythrocytes	17	17	17	0	8	0	0	9	0	222.01	45977.2250	0.004828695077
P39656	DDOST	erythrocytes	0	0	0	0	0	0	0	0	0	0	46115.5250	0
P39687	ANP32A	erythrocytes	4	4	4	0	4	0	0	0	0	319.92	28585.0900	0.01119184862
P40227	CCT6A	erythrocytes	9	9	9	0	8	0	0	1	0	356.24	57892.2150	0.006153504405
P40306	PSMB10	erythrocytes	2	1	1	0	2	0	0	0	0	79.98	24647.9850	0.003244889998
P40429	RPL13A	erythrocytes	5	5	5	0	5	0	0	0	0	166.02	23445.7850	0.007081016908
P40925	MDH1	erythrocytes	14	14	14	0	14	0	0	0	0	982.37	36294.4700	0.02706665781
P40926	MDH2	erythrocytes	35	35	35	0	33	1	1	0	0	2849.25	33000.1050	0.08634063437
P40939	HADHA	erythrocytes	56	56	56	0	56	0	0	0	0	3966.68	79008.9600	0.05020544505
P41091	EIF2S3	erythrocytes	2	2	2	0	2	0	0	0	0	122.02	50977.6900	0.002393596101
P41214	EIF2D	erythrocytes	4	4	4	0	4	0	0	0	0	281.98	64705.5050	0.004357898142
P41222	PTGDS	plasma	4	4	1	3	0	0	3	0	1	-2.016	18697.7650	-0.0001078203732
P41440	SLC19A1	erythrocytes	8	8	7	1	7	0	1	0	0	521.92	64867.2400	0.00804597205
P42025	ACTR1B	erythrocytes	2	2	2	0	2	0	0	0	0	87.04	42292.8250	0.002058032302
P42285	MTREX	erythrocytes	8	8	8	0	4	0	0	4	0	134.02	117672.0700	0.00113892787
P42330	AKR1C3	erythrocytes	0	0	0	0	0	0	0	0	0	0	36852.7100	0
P42345	MTOR	erythrocytes	13	13	13	0	12	0	0	1	0	865.86	288886.8200	0.002997229157
P42356	PI4KA	erythrocytes	10	10	10	0	10	0	0	0	0	799.8	236826.8550	0.003377150788
P42566	EPS15	erythrocytes	17	17	17	0	17	0	0	0	0	1321.72	98522.9600	0.01341535009
P42574	CASP3	erythrocytes	5	2	2	0	5	0	0	0	0	553.27	28492.1200	0.01941835146
P42677	RPS27	erythrocytes	1	1	1	0	1	0	0	0	0	79.98	9329.8600	0.0085724759
P42766	RPL35	erythrocytes	4	4	4	0	3	0	0	1	0	146.04	14420.1050	0.01012752681
P42858	HTT	erythrocytes	16	16	16	0	15	1	0	0	0	1220.36	347597.3550	0.003510843746
P43034	PAFAH1B1	erythrocytes	2	2	2	0	2	0	0	0	0	122.02	46637.4050	0.002616354834
P43155	CRAT	erythrocytes	4	4	4	0	4	0	0	0	0	284.22	70856.5350	0.004011203765
P43250	GRK6	erythrocytes	7	7	7	0	4	3	0	0	0	1035.15	65990.1850	0.01568642367
P43251	BTD	erythrocytes;plasma	6	6	0	6	0	0	6	0	0	0	56770.8550	0
P43307	SSR1	erythrocytes	5	5	3	2	3	0	2	0	0	239.94	30160.2250	0.007955510942
P43308	SSR2	erythrocytes	2	2	0	2	0	0	2	0	0	0	18273.4450	0
P43353	ALDH3B1	erythrocytes	4	4	4	0	2	2	0	0	0	566.96	51511.5500	0.0110064636
P43378	PTPN9	erythrocytes	1	1	1	0	1	0	0	0	0	42.04	68019.1100	0.0006180616006
P43405	SYK	erythrocytes	31	31	31	0	31	0	0	0	0	2479.38	72065.2700	0.03440464457
P43487	RANBP1	erythrocytes	10	10	10	0	9	0	0	1	0	608.07	23178.6150	0.02623409552
P43490	NAMPT	erythrocytes	3	3	3	0	3	0	0	0	0	202	55520.5000	0.003638295765
P43652	AFM	plasma	22	22	17	5	0	0	5	0	17	-34.272	66576.3450	-0.0005147774333
P43686	PSMC4	erythrocytes	6	6	6	0	6	0	0	0	0	366.06	47365.5450	0.007728402576
P45880	VDAC2	erythrocytes	17	17	17	0	8	0	0	9	0	345.99	31435.0000	0.01100652139
P45974	USP5	erythrocytes	10	10	10	0	8	0	0	1	1	581.864	95653.8200	0.006083018953
P46019	PHKA2	erythrocytes	7	7	7	0	6	1	0	0	0	684.24	138405.9000	0.004943719885
P46060	RANGAP1	erythrocytes	18	18	18	0	10	0	0	8	0	579.76	63409.8750	0.009143055399
P46100	ATRX	erythrocytes	61	61	61	0	49	0	0	12	0	3532.94	282583.2550	0.01250229777
P46108	CRK	erythrocytes	10	10	10	0	10	0	0	0	0	761.86	33698.9900	0.02260779922
P46109	CRKL	erythrocytes	2	2	2	0	2	0	0	0	0	159.96	33776.5100	0.004735835644
P46199	MTIF2	erythrocytes	1	1	1	0	1	0	0	0	0	79.98	77710.0350	0.001029210706
P46379	BAG6	erythrocytes	11	11	11	0	11	0	0	0	0	841.84	119406.8150	0.007050183861
P46459	NSF	erythrocytes	4	4	4	0	4	0	0	0	0	281.98	82593.2050	0.003414082309
P46734	MAP2K3	erythrocytes	5	5	5	0	5	0	0	0	0	361.96	39317.9000	0.00920598506
P46736	BRCC3	erythrocytes	2	2	2	0	2	0	0	0	0	122.02	35940.1400	0.003395089724
P46776	RPL27A	erythrocytes	5	5	5	0	5	0	0	0	0	222.1	16561.2250	0.0134108437
P46777	RPL5	erythrocytes	9	9	9	0	7	0	0	2	0	372.06	34231.0950	0.0108690651
P46778	RPL21	erythrocytes	0	0	0	0	0	0	0	0	0	0	18433.4900	0
P46779	RPL28	erythrocytes	4	4	4	0	2	0	0	2	0	85.98	15616.1150	0.005505850847
P46781	RPS9	erythrocytes	7	7	7	0	5	0	0	2	0	250.04	22459.9200	0.01113271997
P46782	RPS5	erythrocytes	6	6	6	0	5	0	0	1	0	268.06	22876.0650	0.01171792439
P46783	RPS10	erythrocytes	7	7	7	0	5	0	0	2	0	194.05	18897.5300	0.01026853774
P46926	GNPDA1	erythrocytes	2	2	2	0	2	0	0	0	0	122.02	32668.1200	0.003735139947
P46934	NEDD4	erythrocytes	7	7	7	0	6	0	0	1	0	423.92	149112.2700	0.002842958531
P46940	IQGAP1	erythrocytes	6	6	6	0	6	0	0	0	0	441.94	189117.7850	0.002336850551
P46976	GYG1	erythrocytes	3	3	2	1	2	0	1	0	0	122.02	39251.9900	0.003108632199
P46977	STT3A	erythrocytes	3	3	0	3	0	0	3	0	0	0	80528.5000	0
P47755	CAPZA2	erythrocytes	2	2	2	0	2	0	0	0	0	122.02	32817.4500	0.003718143853
P47756	CAPZB	erythrocytes	4	4	4	0	4	0	0	0	0	244.04	30497.1100	0.008002069704
P47813	EIF1AX	erythrocytes	0	0	0	0	0	0	0	0	0	0	16460.2150	0
P47897	QARS1	erythrocytes	4	4	4	0	4	0	0	0	0	244.04	87666.3050	0.00278373772
P47914	RPL29	erythrocytes	4	4	4	0	4	0	0	0	0	216.03	17620.6150	0.01226007151
P48029	SLC6A8	erythrocytes	7	7	4	3	4	0	3	0	0	319.92	70521.9500	0.004536459925
P48047	ATP5PO	erythrocytes	13	13	13	0	13	0	0	0	0	778.64	20875.2350	0.03729969986
P48147	PREP	erythrocytes	2	2	2	0	2	0	0	0	0	84.08	80698.4850	0.001041903079
P48426	PIP4K2A	erythrocytes	5	5	5	0	5	0	0	0	0	286.08	46092.8100	0.006206607929
P48444	ARCN1	erythrocytes	7	7	7	0	7	0	0	0	0	408.1	57078.5450	0.007149796828
P48449	LSS	erythrocytes	1	1	1	0	1	0	0	0	0	42.04	83176.2700	0.0005054326192
P48506	GCLC	erythrocytes	3	3	3	0	3	0	0	0	0	202	72764.8500	0.002776065642
P48507	GCLM	erythrocytes	1	1	1	0	1	0	0	0	0	42.04	30726.5050	0.001368199865
P48509	CD151	erythrocytes	5	5	4	1	0	4	1	0	0	953.64	28294.8000	0.03370371941
P48556	PSMD8	erythrocytes	2	2	2	0	1	0	0	1	0	61.96	39611.2950	0.001564200312
P48637	GSS	erythrocytes	2	2	2	0	2	0	0	0	0	122.02	52252.7500	0.0023351881
P48643	CCT5	erythrocytes	11	11	11	0	4	0	0	7	0	155.84	59539.0350	0.00261744249
P48729	CSNK1A1	erythrocytes	5	5	5	0	5	0	0	0	0	324.02	38783.1350	0.008354662407
P48735	IDH2	erythrocytes	29	29	29	0	29	0	0	0	0	1683.4	46613.7500	0.03611380762
P48739	PITPNB	erythrocytes	2	2	2	0	2	0	0	0	0	122.02	31539.6800	0.003868777362
P48740	MASP1	plasma	25	25	19	6	1	0	6	0	18	390.124	77027.1250	0.005064761277
P49006	MARCKSL1	erythrocytes	20	20	20	0	19	1	0	0	0	1729.98	19397.3650	0.08918634052
P49184	DNASE1L1	erythrocytes	2	2	1	1	0	0	1	0	1	-2.016	31965.9750	-6.306705802e-05
P49189	ALDH9A1	erythrocytes	8	8	8	0	8	0	0	0	0	510.41	53801.3950	0.009486928731
P49207	RPL34	erythrocytes	4	4	4	0	3	0	0	1	0	146.04	13161.6450	0.01109587745
P49247	RPIA	erythrocytes	2	2	2	0	2	0	0	0	0	94.01	33268.5500	0.002825791927
P49257	LMAN1	erythrocytes	4	4	2	2	1	0	0	0	3	77.964	54208.1250	0.001438234582
P49281	SLC11A2	erythrocytes	5	5	3	2	2	0	2	0	1	157.944	62264.9250	0.002536644829
P49321	NASP	erythrocytes	35	35	35	0	34	0	0	1	0	2549.54	85105.5800	0.02995737765
P49327	FASN	erythrocytes	29	29	29	0	28	0	0	1	0	2073.68	273422.2700	0.007584166425
P49368	CCT3	erythrocytes	15	15	15	0	10	0	0	4	1	649.824	60533.0600	0.01073502645
P49407	ARRB1	erythrocytes	2	2	2	0	2	0	0	0	0	159.96	47065.1450	0.003398693449
P49588	AARS1	erythrocytes	10	10	10	0	10	0	0	0	0	531.21	106808.9850	0.004973457991
P49589	CARS1	erythrocytes	7	7	7	0	7	0	0	0	0	483.98	85340.9600	0.005671133767
P49591	SARS1	erythrocytes	3	3	3	0	3	0	0	0	0	164.06	58776.5150	0.002791250893
P49593	PPM1F	erythrocytes	1	1	1	0	1	0	0	0	0	79.98	49829.9750	0.001605058
P49683	PRLHR	erythrocytes	3	3	1	2	0	0	2	0	1	-2.016	41120.0350	-4.902719562e-05
P49720	PSMB3	erythrocytes	2	2	2	0	2	0	0	0	0	84.08	22817.4450	0.003684899865
P49721	PSMB2	erythrocytes	1	1	1	0	1	0	0	0	0	42.04	22835.9300	0.001840958525
P49736	MCM2	erythrocytes	19	19	19	0	18	0	0	1	0	1345.74	101763.4300	0.01322420048
P49747	COMP	plasma	25	25	21	4	0	0	2	0	23	-42.336	80961.3100	-0.00052291644
P49754	VPS41	erythrocytes	0	0	0	0	0	0	0	0	0	0	98564.6750	0
P49755	TMED10	erythrocytes	3	3	2	1	2	0	1	0	0	56.1	21749.6750	0.002579348887
P49768	PSEN1	erythrocytes	5	5	5	0	5	0	0	0	0	399.9	52667.0200	0.007592987034
P49770	EIF2B2	erythrocytes	0	0	0	0	0	0	0	0	0	0	38989.0700	0
P49773	HINT1	erythrocytes	5	5	5	0	5	0	0	0	0	286.08	13670.5000	0.02092681321
P49840	GSK3A	erythrocytes	7	7	7	0	7	0	0	0	0	521.92	50849.0250	0.01026411028
P49888	SULT1E1	erythrocytes	0	0	0	0	0	0	0	0	0	0	35125.9850	0
P49913	CAMP	plasma	2	2	2	0	0	0	0	0	2	-4.032	19301.1250	-0.0002088997403
P49915	GMPS	erythrocytes	5	5	5	0	5	0	0	0	0	324.02	76583.3150	0.004230947694
P49959	MRE11	erythrocytes	29	29	28	1	21	0	0	8	0	950.13	80460.9200	0.01180858981
P50148	GNAQ	erythrocytes	4	4	4	0	2	2	0	0	0	571.92	42141.4700	0.01357142976
P50395	GDI2	erythrocytes	7	7	7	0	7	0	0	0	0	466.13	50662.6900	0.009200656341
P50402	EMD	erythrocytes	15	15	15	0	15	0	0	0	0	1161.76	28993.3450	0.040069885
P50416	CPT1A	erythrocytes	7	7	7	0	7	0	0	0	0	451.96	88235.1450	0.00512222199
P50454	SERPINH1	erythrocytes	7	7	5	2	5	0	2	0	0	364.2	44522.4550	0.008180141908
P50502	ST13	erythrocytes	3	3	3	0	3	0	0	0	0	164.06	41331.1600	0.003969402262
P50552	VASP	erythrocytes	14	14	14	0	14	0	0	0	0	1043.84	39698.0100	0.02629451703
P50570	DNM2	erythrocytes	7	7	7	0	7	0	0	0	0	483.98	98062.7350	0.004935412009
P50579	METAP2	erythrocytes	7	7	7	0	5	0	2	0	0	768.34	52759.8300	0.01456297338
P50748	KNTC1	erythrocytes	4	4	4	0	4	0	0	0	0	319.92	250744.4100	0.001275880886
P50895	BCAM	erythrocytes	14	14	9	5	4	0	5	0	5	309.84	64247.2800	0.004822616615
P50914	RPL14	erythrocytes	6	6	6	0	5	0	0	1	0	346.18	23300.3050	0.01485731625
P50990	CCT8	erythrocytes	18	18	18	0	12	0	0	6	0	699.88	59488.7100	0.01176492144
P50991	CCT4	erythrocytes	10	10	10	0	10	0	0	0	0	544.15	57792.2550	0.009415621522
P51148	RAB5C	erythrocytes	3	3	3	0	1	2	0	0	0	624.94	23482.2350	0.02661331002
P51149	RAB7A	erythrocytes	7	7	7	0	3	2	0	2	0	644.97	23358.2650	0.02761206793
P51570	GALK1	erythrocytes	1	1	1	0	1	0	0	0	0	79.98	42271.5850	0.001892051126
P51571	SSR4	erythrocytes	2	2	2	0	0	0	0	1	1	-20.036	16765.6050	-0.001195065731
P51610	HCFC1	erythrocytes	27	27	27	0	19	0	0	8	0	1025.85	208598.4850	0.004917820952
P51617	IRAK1	erythrocytes	9	9	9	0	7	0	0	2	0	523.82	76535.3450	0.006844158081
P51665	PSMD7	erythrocytes	5	5	5	0	4	0	0	1	0	150.14	37024.9650	0.00405510174
P51692	STAT5B	erythrocytes	5	5	5	0	5	0	0	0	0	399.9	89864.3400	0.004450041029
P51784	USP11	erythrocytes	4	4	4	0	4	0	0	0	0	281.98	109815.0800	0.002567771202
P51790	CLCN3	erythrocytes	3	3	0	3	0	0	3	0	0	0	90964.9650	0
P51809	VAMP7	erythrocytes	3	3	3	0	3	0	0	0	0	202	24803.5300	0.008144002084
P51811	XK	erythrocytes	2	2	1	1	1	0	0	0	1	79.98	50901.3650	0.001571274169
P51812	RPS6KA3	erythrocytes	9	9	9	0	9	0	0	0	0	719.82	83734.7550	0.008596430479
P51858	HDGF	erythrocytes	13	13	13	0	10	0	0	2	1	723.804	26788.0250	0.0270196851
P51884	LUM	plasma	11	11	7	4	6	0	4	0	1	381.174	36660.3750	0.01039743865
P51991	HNRNPA3	erythrocytes	37	37	37	0	31	0	0	6	0	1338.32	39594.8550	0.03380035108
P52209	PGD	erythrocytes	5	5	5	0	5	0	0	0	0	286.08	53139.2600	0.005383590212
P52272	HNRNPM	erythrocytes	46	46	46	0	24	0	0	22	0	1267.43	77383.8700	0.01637847784
P52292	KPNA2	erythrocytes	3	3	3	0	3	0	0	0	0	202	57729.8650	0.003499055472
P52294	KPNA1	erythrocytes	4	4	4	0	4	0	0	0	0	244.04	60220.8550	0.004052416725
P52298	NCBP2	erythrocytes	4	4	4	0	4	0	0	0	0	216.03	17869.6900	0.01208918565
P52306	RAP1GDS1	erythrocytes	1	1	1	0	1	0	0	0	0	42.04	66315.8100	0.0006339363117
P52565	ARHGDIA	erythrocytes	13	13	13	0	9	0	0	4	0	440.19	23075.6000	0.01907599369
P52566	ARHGDIB	erythrocytes	10	10	10	0	10	0	0	0	0	496.28	22856.5550	0.02171280843
P52594	AGFG1	erythrocytes	5	5	5	0	4	0	1	0	0	523.11	58259.2450	0.008979004105
P52597	HNRNPF	erythrocytes	18	18	18	0	12	0	0	6	0	699.88	45671.3700	0.01532426113
P52788	SMS	erythrocytes	2	2	2	0	2	0	0	0	0	122.02	41136.5000	0.002966222211
P52815	MRPL12	erythrocytes	13	13	13	0	12	0	0	1	0	660.55	17437.1150	0.03788183997
P52888	THOP1	erythrocytes	5	5	5	0	5	0	0	0	0	324.02	78838.6600	0.004109912573
P52907	CAPZA1	erythrocytes	4	4	4	0	4	0	0	0	0	206.1	32791.0800	0.006285245866
P53004	BLVRA	erythrocytes	5	5	5	0	5	0	0	0	0	324.02	33182.7650	0.009764707673
P53041	PPP5C	erythrocytes	1	1	1	0	1	0	0	0	0	42.04	56746.7550	0.000740835313
P53384	NUBP1	erythrocytes	2	2	2	0	2	0	0	0	0	122.02	34534.0550	0.003533323845
P53396	ACLY	erythrocytes	23	23	23	0	20	0	0	3	0	1304.09	120837.7400	0.01079207539
P53602	MVD	erythrocytes	2	2	2	0	2	0	0	0	0	122.02	43272.7300	0.002819789738
P53611	RABGGTB	erythrocytes	2	2	2	0	2	0	0	0	0	122.02	36792.6750	0.003316421
P53618	COPB1	erythrocytes	2	2	2	0	2	0	0	0	0	84.08	107009.4550	0.0007857249623
P53621	COPA	erythrocytes	7	7	7	0	7	0	0	0	0	493.91	138343.8450	0.003570162446
P53675	CLTCL1	erythrocytes	17	17	17	0	17	0	0	0	0	1248.08	186895.8300	0.006677944607
P53680	AP2S1	erythrocytes	1	1	1	0	1	0	0	0	0	79.98	17017.5050	0.004699866402
P53985	SLC16A1	erythrocytes	8	8	8	0	8	0	0	0	0	639.84	53943.5650	0.01186128503
P53990	IST1	erythrocytes	2	2	2	0	2	0	0	0	0	159.96	39749.9750	0.004024153474
P53992	SEC24C	erythrocytes	1	1	1	0	1	0	0	0	0	79.98	118323.1650	0.0006759454076
P54105	CLNS1A	erythrocytes	8	8	8	0	8	0	0	0	0	601.9	26083.7450	0.02307567414
P54108	CRISP3	plasma	6	6	5	1	0	0	1	0	5	-10.08	25501.3500	-0.0003952731914
P54252	ATXN3	erythrocytes	6	6	5	1	4	0	0	2	0	301.9	41249.3100	0.007318910304
P54577	YARS1	erythrocytes	9	9	9	0	9	0	0	0	0	454.24	59142.7750	0.007680397141
P54578	USP14	erythrocytes	8	8	8	0	8	0	0	0	0	601.9	56068.3350	0.01073511457
P54619	PRKAG1	erythrocytes	3	3	3	0	3	0	0	0	0	239.94	37578.8700	0.006384971129
P54652	HSPA2	erythrocytes	4	4	4	0	4	0	0	0	0	283.03	70020.1300	0.004042123315
P54707	ATP12A	erythrocytes	1	1	1	0	1	0	0	0	0	79.98	115508.9100	0.0006924141177
P54709	ATP1B3	erythrocytes	5	5	3	2	0	0	2	0	3	-6.048	31512.2400	-0.0001919254233
P54725	RAD23A	erythrocytes	9	9	9	0	8	0	0	1	0	621.82	39608.5900	0.01569911981
P54727	RAD23B	erythrocytes	7	7	7	0	7	0	0	0	0	559.86	43170.4700	0.01296858709
P54760	EPHB4	erythrocytes	11	11	8	3	6	0	3	0	2	475.848	106639.8350	0.004462197452
P54852	EMP3	erythrocytes	2	2	0	2	0	0	2	0	0	0	18428.7100	0
P54920	NAPA	erythrocytes	4	4	4	0	4	0	0	0	0	281.98	33232.2000	0.008485143927
P55010	EIF5	erythrocytes	9	9	9	0	7	0	0	2	0	523.82	49222.2000	0.01064194611
P55036	PSMD4	erythrocytes	7	7	7	0	6	0	0	1	0	461.86	40736.1100	0.01133785234
P55056	APOC4	plasma	1	1	0	1	0	0	1	0	0	0	11712.2450	0
P55058	PLTP	plasma	7	7	1	6	0	0	6	0	1	-2.016	53069.5550	-3.798788213e-05
P55060	CSE1L	erythrocytes	5	5	5	0	5	0	0	0	0	286.08	110414.8000	0.002590957009
P55072	VCP	erythrocytes	21	21	21	0	18	0	0	3	0	1179.08	89189.4200	0.01321995367
P55145	MANF	erythrocytes	5	5	5	0	1	0	0	0	4	71.916	18161.8450	0.003959729862
P55160	NCKAP1L	erythrocytes	0	0	0	0	0	0	0	0	0	0	128151.3300	0
P55201	BRPF1	erythrocytes	13	13	13	0	13	0	0	0	0	963.86	137496.8450	0.007010051758
P55209	NAP1L1	erythrocytes	10	9	9	0	9	1	0	0	0	702.37	44857.9600	0.01565764471
P55212	CASP6	erythrocytes	4	4	4	0	2	2	0	0	0	636.78	29335.3850	0.02170689084
P55263	ADK	erythrocytes	2	2	2	0	2	0	0	0	0	122.02	40413.6700	0.003019275409
P55268	LAMB2	erythrocytes	62	62	52	10	1	0	7	0	54	-22.836	192448.2450	-0.0001186604741
P55290	CDH13	plasma	9	7	0	7	0	1	8	0	0	0	60813.7800	0
P55786	NPEPPS	erythrocytes	1	1	1	0	1	0	0	0	0	45	103274.7900	0.0004357307335
P55808	XG	erythrocytes	0	0	0	0	0	0	0	0	0	0	17271.6600	0
P55884	EIF3B	erythrocytes	14	14	14	0	14	0	0	0	0	967.96	92480.2350	0.0104666689
P55899	FCGRT	erythrocytes	4	4	3	1	1	0	1	0	2	75.948	37327.7550	0.002034625442
P55957	BID	erythrocytes	3	3	3	0	3	0	0	0	0	202	21994.3200	0.009184189373
P56537	EIF6	erythrocytes	8	8	8	0	8	0	0	0	0	639.84	26598.7800	0.02405523862
P56557	TMEM50B	erythrocytes	1	1	1	0	1	0	0	0	0	42.04	17804.3400	0.002361222039
P56589	PEX3	erythrocytes	0	0	0	0	0	0	0	0	0	0	42139.1500	0
P57088	TMEM33	erythrocytes	1	1	1	0	1	0	0	0	0	42.04	27846.4650	0.001509706887
P57737	CORO7	erythrocytes	5	5	5	0	3	0	0	2	0	203.9	100603.4200	0.002026770064
P57738	TCTA	erythrocytes	2	2	1	1	1	0	1	0	0	42.04	11209.5450	0.003750375238
P57764	GSDMD	erythrocytes	11	11	11	0	8	1	1	1	0	1243.87	52800.1850	0.0235580614
P57772	EEFSEC	erythrocytes	3	3	3	0	3	0	0	0	0	173.99	65303.7350	0.002664319277
P58546	MTPN	erythrocytes	5	5	5	0	5	0	0	0	0	248.14	12763.4200	0.01944149766
P59666	DEFA3	erythrocytes	3	3	3	0	0	0	0	0	3	-6.048	6350.3050	-0.0009523951999
P59768	GNG2	erythrocytes	3	3	3	0	2	1	0	0	0	328.55	7421.4400	0.04427038418
P59998	ARPC4	erythrocytes	1	1	1	0	1	0	0	0	0	42.04	19535.5700	0.002151972018
P60059	SEC61G	erythrocytes	2	2	2	0	2	0	0	0	0	122.02	7741.2350	0.01576234283
P60174	TPI1	erythrocytes	20	20	20	0	19	0	0	1	0	1274.2	26537.9850	0.0480141955
P60228	EIF3E	erythrocytes	5	5	5	0	5	0	0	0	0	361.96	52088.8050	0.006948901976
P60468	SEC61B	erythrocytes	7	7	7	0	6	1	0	0	0	680.35	9843.1600	0.06911906339
P60510	PPP4C	erythrocytes	2	2	2	0	2	0	0	0	0	56.07	34948.2550	0.001604371949
P60520	GABARAPL2	erythrocytes	6	6	5	1	4	2	0	0	0	981.97	13519.4850	0.0726336839
P60660	MYL6	erythrocytes	4	4	4	0	4	0	0	0	0	244.04	16798.7250	0.01452729299
P60709	ACTB	erythrocytes;plasma	8	8	6	2	6	0	0	2	0	144.14	41736.1800	0.003453598293
P60763	RAC3	erythrocytes	4	4	4	0	1	1	1	1	0	471.68	21031.2100	0.02242762066
P60842	EIF4A1	erythrocytes	14	14	14	0	8	0	0	6	0	304.08	46022.0800	0.006607263296
P60866	RPS20	erythrocytes	8	8	8	0	6	0	0	2	0	350.11	13241.3650	0.02644062753
P60891	PRPS1	erythrocytes	0	0	0	0	0	0	0	0	0	0	34702.5500	0
P60896	SEM1	erythrocytes	0	0	0	0	0	0	0	0	0	0	8277.5150	0
P60900	PSMA6	erythrocytes	7	7	7	0	6	0	1	0	0	607.19	27399.1550	0.02216090241
P60953	CDC42	erythrocytes	8	8	8	0	4	1	3	0	0	1593.43	20932.9450	0.07612067963
P60983	GMFB	erythrocytes	1	1	1	0	1	0	0	0	0	42.04	16581.7800	0.002535312855
P61006	RAB8A	erythrocytes	5	5	5	0	4	1	0	0	0	526.45	23342.4650	0.02255331646
P61009	SPCS3	erythrocytes	1	1	0	1	0	0	1	0	0	0	20313.1550	0
P61018	RAB4B	erythrocytes	7	7	7	0	5	2	0	0	0	920.18	23455.2150	0.0392313607
P61019	RAB2A	erythrocytes	3	3	3	0	1	2	0	0	0	587	23414.0300	0.02507043854
P61020	RAB5B	erythrocytes	4	4	4	0	2	2	0	0	0	666.98	23575.2450	0.02829154055
P61026	RAB10	erythrocytes	7	7	7	0	2	2	0	3	0	612.92	22540.6850	0.02719172022
P61077	UBE2D3	erythrocytes	1	1	1	0	0	0	0	0	1	-2.016	16686.8900	-0.000120813405
P61081	UBE2M	erythrocytes	6	6	6	0	6	0	0	0	0	248.18	20899.7300	0.01187479455
P61086	UBE2K	erythrocytes	4	4	4	0	3	0	0	1	0	146.04	22275.1100	0.00655619658
P61088	UBE2N	erythrocytes	3	3	2	1	1	0	0	1	1	24.02	17137.5250	0.001401602623
P61106	RAB14	erythrocytes	4	4	4	0	2	2	0	0	0	601.03	23765.4150	0.0252901117
P61158	ACTR3	erythrocytes	5	5	5	0	5	0	0	0	0	210.2	47239.3900	0.004449676425
P61160	ACTR2	erythrocytes	3	3	3	0	3	0	0	0	0	126.12	44760.3050	0.00281767517
P61163	ACTR1A	erythrocytes	1	1	1	0	1	0	0	0	0	42.04	42613.1350	0.0009865502738
P61201	COPS2	erythrocytes	0	0	0	0	0	0	0	0	0	0	51595.9100	0
P61221	ABCE1	erythrocytes	3	3	3	0	2	0	0	1	0	141.94	67313.5500	0.002108639345
P61224	RAP1B	erythrocytes	4	4	4	0	3	1	0	0	0	907.79	20470.1100	0.04434709926
P61225	RAP2B	erythrocytes	4	4	4	0	1	3	0	0	0	763.33	20178.7050	0.03782849296
P61247	RPS3A	erythrocytes	10	10	9	1	8	0	0	2	0	410	29813.4600	0.01375217771
P61254	RPL26	erythrocytes	2	2	2	0	1	0	0	1	0	61.96	17258.0400	0.003590210708
P61313	RPL15	erythrocytes	5	5	5	0	3	1	0	1	0	432.28	24014.5200	0.0180007762
P61326	MAGOH	erythrocytes	1	1	1	0	1	0	0	0	0	42.04	17163.3950	0.002449398851
P61353	RPL27	erythrocytes	2	2	2	0	2	0	0	0	0	84.08	15797.5850	0.005322332496
P61421	ATP6V0D1	erythrocytes	2	2	2	0	2	0	0	0	0	159.96	40328.5100	0.003966424745
P61457	PCBD1	erythrocytes	1	1	1	0	1	0	0	0	0	42.04	11868.2100	0.00354223594
P61513	RPL37A	erythrocytes	0	0	0	0	0	0	0	0	0	0	10275.1950	0
P61586	RHOA	erythrocytes	14	14	14	0	6	4	3	1	0	3075.31	21442.4650	0.143421477
P61604	HSPE1	erythrocytes	21	21	21	0	21	0	0	0	0	1517.05	10800.4100	0.1404622602
P61619	SEC61A1	erythrocytes	0	0	0	0	0	0	0	0	0	0	52264.0050	0
P61626	LYZ	erythrocytes;plasma	4	4	4	0	0	0	0	0	4	-8.064	14700.5050	-0.0005485525837
P61758	VBP1	erythrocytes	2	2	2	0	2	0	0	0	0	84.08	22494.4350	0.003737813375
P61764	STXBP1	erythrocytes	5	5	5	0	5	0	0	0	0	399.9	67567.6650	0.005918511466
P61769	B2M	erythrocytes;plasma	9	9	9	0	1	0	7	0	1	1115.934	11731.0100	0.09512684756
P61803	DAD1	erythrocytes	1	1	1	0	1	0	0	0	0	42.04	12365.3250	0.003399829766
P61923	COPZ1	erythrocytes	1	1	1	0	1	0	0	0	0	42.04	20197.9200	0.002081402441
P61956	SUMO2	erythrocytes	10	10	9	1	1	0	0	9	0	-102.12	10608.7800	-0.009625989039
P61960	UFM1	erythrocytes	2	2	2	0	0	0	0	2	0	-36.04	8927.2400	-0.00403708201
P61966	AP1S1	erythrocytes	1	1	1	0	1	0	0	0	0	79.98	18732.7250	0.004269533664
P61970	NUTF2	erythrocytes	1	1	1	0	1	0	0	0	0	42.04	14478.2100	0.002903673866
P61978	HNRNPK	erythrocytes	28	28	28	0	17	0	0	11	0	897.87	50975.5800	0.01761372799
P61981	YWHAG	erythrocytes	9	9	9	0	9	0	0	0	0	606	28302.1800	0.02141177817
P62070	RRAS2	erythrocytes	9	9	9	0	3	6	0	0	0	1532.46	22908.6050	0.06689451409
P62081	RPS7	erythrocytes	4	4	4	0	2	0	0	2	0	48.04	22126.5550	0.002171146841
P62136	PPP1CA	erythrocytes	7	7	7	0	7	0	0	0	0	483.98	37380.4100	0.01294742353
P62140	PPP1CB	erythrocytes	2	2	2	0	2	0	0	0	0	122.02	37055.2050	0.003292924705
P62191	PSMC1	erythrocytes	7	7	7	0	5	1	0	1	0	554.3	49052.7200	0.01130008693
P62195	PSMC5	erythrocytes	4	3	3	0	4	0	0	0	0	164.06	45494.2500	0.00360617001
P62241	RPS8	erythrocytes	7	7	7	0	4	1	0	2	0	418.36	24073.7400	0.01737827193
P62244	RPS15A	erythrocytes	1	1	1	0	1	0	0	0	0	100.07	14708.1500	0.006803710868
P62249	RPS16	erythrocytes	2	2	2	0	2	0	0	0	0	122.02	16313.9200	0.007479502167
P62256	UBE2H	erythrocytes	1	1	1	0	1	0	0	0	0	42.04	20654.8900	0.002035353372
P62258	YWHAE	erythrocytes	11	11	11	0	10	0	0	1	0	592.08	29173.4700	0.02029515173
P62263	RPS14	erythrocytes	6	6	6	0	3	0	0	3	0	185.88	16141.3350	0.01151577611
P62266	RPS23	erythrocytes	4	4	4	0	3	0	0	1	0	140.09	15676.2150	0.008936468401
P62269	RPS18	erythrocytes	6	6	6	0	3	0	0	3	0	72.06	17587.2400	0.004097288716
P62273	RPS29	erythrocytes	3	3	3	0	3	0	0	0	0	136.05	6545.4900	0.02078530408
P62277	RPS13	erythrocytes	7	7	7	0	5	0	0	2	0	366.1	17090.8250	0.02142085008
P62280	RPS11	erythrocytes	9	9	9	0	8	1	0	0	0	581.54	18299.3700	0.03177923612
P62330	ARF6	erythrocytes	2	2	2	0	0	2	0	0	0	420.72	19950.6950	0.02108798716
P62333	PSMC6	erythrocytes	3	3	3	0	3	0	0	0	0	164.06	44172.3800	0.003714085589
P62424	RPL7A	erythrocytes	10	10	10	0	3	0	0	7	0	-0.02	29995.2650	-6.667719055e-07
P62491	RAB11A	erythrocytes	5	5	5	0	2	2	1	0	0	804.22	23906.6050	0.03364007562
P62495	ETF1	erythrocytes	7	7	7	0	4	0	0	3	0	97.99	48899.0950	0.002003922567
P62701	RPS4X	erythrocytes	2	2	2	0	1	0	0	1	0	24.02	29466.1850	0.000815171696
P62714	PPP2CB	erythrocytes	2	2	2	0	2	0	0	0	0	94.01	35574.6600	0.002642611342
P62750	RPL23A	erythrocytes	6	6	6	0	5	0	0	1	0	228.05	17563.6200	0.01298422535
P62753	RPS6	erythrocytes	11	11	11	0	10	0	0	1	0	1141.18	28680.3100	0.03978966755
P62805	H4C1	erythrocytes	102	102	95	7	94	0	0	8	0	6383.94	11236.0650	0.5681651005
P62820	RAB1A	erythrocytes	11	11	11	0	3	2	4	2	0	1609.84	22546.3050	0.07140150016
P62826	RAN	erythrocytes	12	12	12	0	9	0	0	3	0	420.27	24291.6200	0.01730102809
P62829	RPL23	erythrocytes	2	2	2	0	2	0	0	0	0	159.96	14865.3250	0.01076061236
P62834	RAP1A	erythrocytes	2	2	2	0	1	1	0	0	0	286.51	20647.5000	0.01387625621
P62837	UBE2D2	erythrocytes	0	0	0	0	0	0	0	0	0	0	16734.9800	0
P62841	RPS15	erythrocytes	2	2	2	0	1	0	0	1	0	24.02	16908.7050	0.001420570055
P62847	RPS24	erythrocytes	3	3	3	0	2	0	0	1	0	104	15423.0800	0.006743140799
P62851	RPS25	erythrocytes	7	7	7	0	7	0	0	0	0	410.34	13741.9800	0.0298603258
P62854	RPS26	erythrocytes	1	1	1	0	1	0	0	0	0	79.98	12884.1050	0.006207648882
P62857	RPS28	erythrocytes	2	2	2	0	2	0	0	0	0	122.02	7840.9400	0.01556190967
P62861	FAU	erythrocytes	1	1	1	0	1	0	0	0	0	100.07	14389.5500	0.00695435229
P62873	GNB1	erythrocytes	3	3	3	0	3	0	0	0	0	202	37245.2300	0.005423513293
P62877	RBX1	erythrocytes	3	3	3	0	3	0	0	0	0	164.06	12273.8050	0.01336667806
P62879	GNB2	erythrocytes	2	2	2	0	2	0	0	0	0	122.02	37199.2800	0.003280171014
P62888	RPL30	erythrocytes	4	4	4	0	3	0	0	1	0	183.98	12783.9200	0.01439151684
P62891	RPL39	erythrocytes	0	0	0	0	0	0	0	0	0	0	6406.5800	0
P62899	RPL31	erythrocytes	7	7	7	0	7	0	0	0	0	544.25	14462.7400	0.03763118192
P62906	RPL10A	erythrocytes	8	8	8	0	5	0	0	3	0	194.08	24699.8150	0.007857548731
P62910	RPL32	erythrocytes	3	3	3	0	2	0	0	1	0	162.03	15728.4350	0.01030172423
P62913	RPL11	erythrocytes	8	8	8	0	5	0	0	3	0	232.02	20120.9700	0.01153125321
P62917	RPL8	erythrocytes	5	5	5	0	1	0	0	4	0	-56.08	27893.2050	-0.002010525503
P62937	PPIA	erythrocytes	15	15	14	1	11	0	1	3	0	484.26	18012.3800	0.02688484254
P62942	FKBP1A	erythrocytes	2	2	2	0	2	0	0	0	0	142.11	11819.3900	0.01202346314
P62979	RPS27A	erythrocytes	16	16	15	1	6	0	0	10	0	567.2	17964.7550	0.03157293267
P63000	RAC1	erythrocytes	13	13	13	0	5	3	3	2	0	2114.19	21110.4100	0.1001491681
P63010	AP2B1	erythrocytes	5	5	5	0	5	0	0	0	0	324.02	104419.9050	0.003103048217
P63027	VAMP2	erythrocytes	1	1	1	0	1	0	0	0	0	42.04	12531.3100	0.003354796905
P63092	GNAS	erythrocytes	5	5	5	0	2	2	0	1	0	1080.08	45532.7700	0.02372093769
P63096	GNAI1	erythrocytes	5	5	5	0	3	2	0	0	0	1532.35	40229.3700	0.03809033052
P63104	YWHAZ	erythrocytes	8	8	8	0	8	0	0	0	0	526.02	27744.7000	0.01895929673
P63173	RPL38	erythrocytes	4	4	4	0	2	0	0	2	0	48.04	8217.8050	0.005845843263
P63208	SKP1	erythrocytes	2	2	2	0	1	0	0	1	0	61.96	18526.5750	0.003344385025
P63218	GNG5	erythrocytes	4	4	4	0	3	1	0	0	0	408.53	6839.7650	0.05972866027
P63241	EIF5A	erythrocytes	4	4	4	0	4	0	0	0	0	213.24	16700.8600	0.01276820475
P63261	ACTG1	erythrocytes	8	8	6	2	6	0	0	2	0	144.14	41792.2900	0.003448961519
P63267	ACTG2	plasma	7	7	5	2	5	0	0	2	0	130.11	41745.1400	0.00311677
P63279	UBE2I	erythrocytes	9	9	9	0	3	0	0	6	0	55.94	17875.3800	0.003129443961
P67775	PPP2CA	erythrocytes	2	2	2	0	2	0	0	0	0	94.01	35593.7400	0.002641194772
P67809	YBX1	erythrocytes	12	12	12	0	10	0	0	2	0	649.94	35792.6100	0.01815849696
P67812	SEC11A	erythrocytes	0	0	0	0	0	0	0	0	0	0	20625.0700	0
P67870	CSNK2B	erythrocytes	9	9	9	0	8	0	0	1	0	545.94	24810.8850	0.02200405185
P67936	TPM4	erythrocytes	5	5	5	0	5	0	0	0	0	286.08	28390.2000	0.01007671661
P68032	ACTC1	erythrocytes	7	7	5	2	5	0	0	2	0	102.1	41887.2250	0.002437497352
P68036	UBE2L3	erythrocytes	1	1	1	0	1	0	0	0	0	42.04	17861.3550	0.002353684813
P68104	EEF1A1	erythrocytes	21	21	21	0	20	0	0	1	0	1174.13	50009.1800	0.02347828939
P68363	TUBA1B	erythrocytes	12	12	10	2	10	0	0	2	0	393.06	50151.0300	0.007837525969
P68371	TUBB4B	erythrocytes	4	4	3	1	4	0	0	0	0	202	49830.4500	0.004053746254
P68400	CSNK2A1	erythrocytes	4	4	4	0	4	0	0	0	0	319.92	45142.9400	0.007086822436
P68402	PAFAH1B2	erythrocytes	4	4	4	0	4	0	0	0	0	281.98	25437.6950	0.01108512387
P68431	H3C1	erythrocytes	124	124	117	7	120	1	0	3	0	8593.61	15272.6500	0.5626796921
P68871	HBB	erythrocytes	17	17	17	0	11	0	6	0	0	1639.95	15867.0250	0.1033558591
P69891	HBG1	erythrocytes	9	9	9	0	9	0	0	0	0	555.02	15996.9950	0.0346952662
P69892	HBG2	erythrocytes;plasma	11	11	11	0	11	0	0	0	0	714.98	15995.0250	0.04470014895
P69905	HBA1	erythrocytes	21	21	21	0	17	0	4	0	0	2050.64	15126.1000	0.1355696445
P78310	CXADR	erythrocytes	12	12	10	2	6	2	2	0	2	952.668	37976.8050	0.0250855226
P78318	IGBP1	erythrocytes	2	2	2	0	2	0	0	0	0	84.08	39089.9950	0.002150934018
P78330	PSPH	erythrocytes	1	1	1	0	1	0	0	0	0	42.04	25007.3800	0.001681103738
P78356	PIP4K2B	erythrocytes	7	7	7	0	7	0	0	0	0	446.04	47246.2600	0.009440747268
P78368	CSNK1G2	erythrocytes	0	0	0	0	0	0	0	0	0	0	47456.6800	0
P78371	CCT2	erythrocytes	10	9	9	0	9	0	0	1	0	470.06	57356.1550	0.008195458709
P78382	SLC35A1	erythrocytes	0	0	0	0	0	0	0	0	0	0	36778.1400	0
P78417	GSTO1	erythrocytes	6	6	6	0	6	0	0	0	0	290.18	27434.3250	0.01057726042
P78527	PRKDC	erythrocytes	26	26	26	0	26	0	0	0	0	1700.08	469081.7550	0.003624272276
P80108	GPLD1	plasma	10	10	0	10	0	0	10	0	0	0	89810.0900	0
P80188	LCN2	erythrocytes	3	3	2	1	1	0	1	0	1	-19.046	20547.2850	-0.0009269351158
P80217	IFI35	erythrocytes	0	0	0	0	0	0	0	0	0	0	31414.7300	0
P80303	NUCB2	erythrocytes	2	2	2	0	2	0	0	0	0	159.96	47354.4550	0.003377929278
P80723	BASP1	erythrocytes	16	16	16	0	11	1	0	4	0	1018.06	22561.9050	0.0451229628
P80748	IGLV3-21	plasma	1	1	1	0	0	0	0	0	1	-2.016	10661.4250	-0.0001890929214
P81605	DCD	erythrocytes;plasma	3	3	1	2	1	0	2	0	0	42.04	9259.1700	0.004540363769
P83731	RPL24	erythrocytes	12	12	12	0	8	0	0	4	0	935.35	17778.7300	0.05261061954
P84077	ARF1	erythrocytes	2	2	2	0	1	1	0	0	0	252.4	20565.2950	0.01227310379
P84085	ARF5	erythrocytes	1	1	1	0	0	1	0	0	0	210.36	20398.1700	0.01031268981
P84095	RHOG	erythrocytes	7	7	7	0	4	1	2	0	0	1353.1	20968.7550	0.06452934378
P84098	RPL19	erythrocytes	7	7	7	0	6	0	0	1	0	224.86	23465.6650	0.009582511299
P98160	HSPG2	erythrocytes	76	76	58	18	0	0	18	0	58	-116.928	466625.0350	-0.0002505823546
P98161	PKD1	erythrocytes	67	67	7	60	1	0	60	0	6	67.884	460296.4050	0.0001474788837
P98171	ARHGAP4	erythrocytes	3	3	3	0	3	0	0	0	0	239.94	105023.9050	0.002284622725
P98172	EFNB1	erythrocytes	5	5	4	1	2	0	1	0	2	155.928	34913.3500	0.004466142607
P98179	RBM3	erythrocytes	8	8	8	0	8	0	0	0	0	272.18	17170.2300	0.01585185522
P98196	ATP11A	erythrocytes	1	1	1	0	1	0	0	0	0	79.98	129753.9850	0.0006163972536
Q00013	MPP1	erythrocytes	8	8	8	0	8	0	0	0	0	601.9	52164.5000	0.0115384984
Q00169	PITPNA	erythrocytes	1	1	1	0	1	0	0	0	0	42.04	31674.7500	0.001327240152
Q00325	SLC25A3	erythrocytes	4	4	4	0	4	0	0	0	0	178.09	34895.6300	0.005103504364
Q00535	CDK5	erythrocytes	5	5	5	0	5	0	0	0	0	361.96	33304.0150	0.01086835927
Q00577	PURA	erythrocytes	2	2	2	0	2	0	0	0	0	122.02	34779.1400	0.003508424878
Q00610	CLTC	erythrocytes	18	18	18	0	18	0	0	0	0	1328.06	191480.6050	0.006935741612
Q00688	FKBP3	erythrocytes	5	5	5	0	5	0	0	0	0	286.08	25045.3500	0.01142247962
Q00765	REEP5	erythrocytes	0	0	0	0	0	0	0	0	0	0	21492.8400	0
Q00796	SORD	erythrocytes	3	3	3	0	3	0	0	0	0	202	38192.9850	0.005288929368
Q01082	SPTBN1	erythrocytes	42	42	42	0	41	0	1	0	0	3292.67	274473.2500	0.01199632387
Q01432	AMPD3	erythrocytes	2	2	2	0	2	0	0	0	0	159.96	88810.9000	0.001801130267
Q01433	AMPD2	erythrocytes	11	11	11	0	11	0	0	0	0	813.83	94888.6600	0.008576683452
Q01459	CTBS	plasma	4	4	0	4	0	0	4	0	0	0	39755.3700	0
Q01469	FABP5	erythrocytes;plasma	4	4	4	0	3	0	0	0	1	162.044	15033.1350	0.01077912225
Q01484	ANK2	erythrocytes	50	50	50	0	50	0	0	0	0	3999	433708.4500	0.009220479795
Q01518	CAP1	erythrocytes	12	12	12	0	11	0	0	1	0	719.93	51769.6050	0.0139064225
Q01813	PFKP	erythrocytes	12	12	12	0	11	0	1	0	0	931.21	85595.0150	0.01087925506
Q01970	PLCB3	erythrocytes	7	7	7	0	7	0	0	0	0	521.92	138665.7000	0.003763872392
Q02094	RHAG	erythrocytes	2	2	0	2	0	0	2	0	0	0	44197.3100	0
Q02161	RHD	erythrocytes	0	0	0	0	0	0	0	0	0	0	45078.6450	0
Q02218	OGDH	erythrocytes	6	6	6	0	5	0	0	1	0	346.18	111338.2800	0.00310926305
Q02224	CENPE	erythrocytes	8	8	8	0	7	1	0	0	0	698.27	316053.1750	0.002209343412
Q02413	DSG1	erythrocytes	4	3	1	2	1	0	3	0	0	79.98	107702.2750	0.000742602698
Q02543	RPL18A	erythrocytes	7	7	7	0	4	0	0	3	0	285.95	20762.1150	0.01377268164
Q02750	MAP2K1	erythrocytes	5	5	5	0	5	0	0	0	0	399.9	43438.4300	0.009206133831
Q02790	FKBP4	erythrocytes	10	10	10	0	9	0	0	1	0	522.03	51803.8900	0.01007704248
Q02878	RPL6	erythrocytes	5	5	5	0	4	0	0	1	0	304.14	32596.3900	0.009330481075
Q02985	CFHR3	plasma	14	14	10	4	0	0	4	0	10	-20.16	35367.5150	-0.0005700146024
Q04206	RELA	erythrocytes	22	22	22	0	19	0	0	3	0	1073.07	60218.2000	0.01781969571
Q04323	UBXN1	erythrocytes	6	6	6	0	6	0	0	0	0	441.94	33193.5650	0.01331402638
Q04446	GBE1	erythrocytes	2	2	2	0	2	0	0	0	0	122.02	80341.4900	0.001518766953
Q04637	EIF4G1	erythrocytes	33	33	33	0	33	0	0	0	0	1866.02	175488.3900	0.01063329603
Q04656	ATP7A	erythrocytes	19	19	17	2	17	0	2	0	0	1359.66	163370.6250	0.008322548806
Q04756	HGFAC	plasma	27	11	6	5	0	0	6	0	21	-12.096	30844.7000	-0.0003921581341
Q04760	GLO1	erythrocytes	8	8	8	0	6	0	0	0	2	665.468	20646.2400	0.03223192213
Q04917	YWHAH	erythrocytes	3	3	3	0	3	0	0	0	0	202	28087.1200	0.007191908604
Q04941	PLP2	erythrocytes	2	2	0	2	0	0	2	0	0	0	16690.4750	0
Q05193	DNM1	erythrocytes	13	13	13	0	13	0	0	0	0	938.81	97406.9250	0.009638021116
Q05397	PTK2	erythrocytes	20	20	20	0	19	0	0	1	0	1463.66	119100.0200	0.01228933463
Q05469	LIPE	erythrocytes	6	6	6	0	6	0	0	0	0	479.88	116595.8950	0.004115753818
Q06033	ITIH3	plasma	3	3	0	3	1	0	2	0	0	0	69359.3400	0
Q06124	PTPN11	erythrocytes	5	5	5	0	5	0	0	0	0	361.96	67878.8050	0.005332445084
Q06203	PPAT	erythrocytes	1	0	0	0	1	0	0	0	0	0	56068.8450	0
Q06323	PSME1	erythrocytes	0	0	0	0	0	0	0	0	0	0	28722.7600	0
Q06830	PRDX1	erythrocytes;plasma	15	15	13	2	10	0	0	3	2	500.25	21978.8850	0.02276048125
Q07020	RPL18	erythrocytes	4	4	4	0	2	0	0	2	0	123.92	21503.0600	0.005762900722
Q07021	C1QBP	erythrocytes	6	6	6	0	6	0	0	0	0	441.94	23782.8100	0.018582329
Q07065	CKAP4	erythrocytes	7	7	7	0	6	1	0	0	0	680.35	66021.2550	0.01030501465
Q07812	BAX	erythrocytes	3	3	3	0	1	0	0	2	0	6	21184.1050	0.0002832312245
Q07817	BCL2L1	erythrocytes	2	2	2	0	2	0	0	0	0	159.96	26048.6000	0.006140829066
Q07864	POLE	erythrocytes	4	4	4	0	4	0	0	0	0	319.92	261514.0350	0.001223337784
Q07866	KLC1	erythrocytes	12	6	6	0	12	0	0	0	0	479.88	65308.6000	0.00734788374
Q07960	ARHGAP1	erythrocytes	7	7	7	0	7	0	0	0	0	483.98	50434.8500	0.00959614235
Q08174	PCDH1	erythrocytes	11	10	4	6	5	0	6	0	0	319.92	108845.8500	0.002939202551
Q08188	TGM3	erythrocytes	3	3	3	0	3	0	0	0	0	202	76499.6350	0.002640535474
Q08211	DHX9	erythrocytes	18	18	18	0	17	0	0	1	0	746.4	140956.7750	0.005295240332
Q08380	LGALS3BP	plasma	10	10	3	7	0	0	7	0	3	-6.048	63275.5000	-9.558201832e-05
Q08426	EHHADH	erythrocytes	23	23	23	0	23	0	0	0	0	1681.13	79493.7400	0.02114795454
Q08495	DMTN	erythrocytes	19	19	19	0	19	0	0	0	0	1519.62	45513.6800	0.03338820328
Q08554	DSC1	erythrocytes	3	3	1	2	1	0	2	0	0	79.98	84984.3850	0.0009411140647
Q08623	PUDP	erythrocytes	0	0	0	0	0	0	0	0	0	0	25248.8650	0
Q08722	CD47	erythrocytes	10	10	4	6	2	0	6	0	2	58.918	33468.0800	0.001760423663
Q08830	FGL1	plasma	3	3	2	1	0	0	0	0	3	-4.032	34010.1650	-0.0001185527915
Q08AM6	VAC14	erythrocytes	5	5	5	0	5	0	0	0	0	361.96	87971.2450	0.004114526286
Q08J23	NSUN2	erythrocytes	19	19	19	0	10	0	0	9	0	605.75	86469.5500	0.007005356221
Q09161	NCBP1	erythrocytes	7	7	7	0	6	0	0	1	0	385.98	91837.9850	0.004202836114
Q0JRZ9	FCHO2	erythrocytes	15	15	13	2	12	0	0	1	2	941.74	88923.2050	0.01059048648
Q0VDD8	DNAH14	erythrocytes	1	1	0	1	0	0	1	0	0	0	399888.8600	0
Q0VGL1	LAMTOR4	erythrocytes	3	3	3	0	3	0	0	0	0	164.06	10741.1200	0.01527401239
Q0ZGT2	NEXN	erythrocytes	8	8	8	0	8	0	0	0	0	639.84	80657.3200	0.007932819985
Q10471	GALNT2	erythrocytes	7	7	6	1	1	0	1	0	5	69.9	64731.9500	0.0010798377
Q10567	AP1B1	erythrocytes	2	2	2	0	2	0	0	0	0	87.04	104605.1500	0.0008320814033
Q10981	FUT2	erythrocytes	3	3	0	3	0	0	3	0	0	0	39016.4600	0
Q12765	SCRN1	erythrocytes	1	1	1	0	1	0	0	0	0	42.04	46250.2200	0.0009089686492
Q12767	TMEM94	erythrocytes	11	11	9	2	9	0	2	0	0	719.82	151148.4550	0.004762337796
Q12768	WASHC5	erythrocytes	1	1	1	0	1	0	0	0	0	79.98	134284.2800	0.0005956021062
Q12791	KCNMA1	erythrocytes	12	12	12	0	9	3	0	0	0	1435.05	137557.6150	0.01043235593
Q12805	EFEMP1	plasma	16	16	15	1	0	0	1	0	15	-30.24	52764.6350	-0.0005731111378
Q12846	STX4	erythrocytes	7	7	7	0	7	0	0	0	0	559.86	34179.4500	0.01638001782
Q12857	NFIA	erythrocytes	12	12	12	0	12	0	0	0	0	907.83	55943.3300	0.01622767182
Q12860	CNTN1	plasma	16	16	6	10	0	1	9	0	6	-12.096	108480.0300	-0.0001115043939
Q12872	SFSWAP	erythrocytes	8	8	8	0	8	0	0	0	0	601.9	104819.9200	0.005742229149
Q12905	ILF2	erythrocytes	9	9	9	0	6	0	0	3	0	241.99	43061.5550	0.005619629853
Q12906	ILF3	erythrocytes	23	23	23	0	19	0	0	4	0	1371.66	95337.3150	0.01438744106
Q12907	LMAN2	erythrocytes	2	2	1	1	0	0	1	0	1	-2.016	35514.5750	-5.676542659e-05
Q12912	IRAG2	erythrocytes	4	4	4	0	4	0	0	0	0	319.92	62120.8300	0.005149963386
Q12913	PTPRJ	plasma	35	35	1	34	1	0	34	0	0	79.98	142023.8550	0.0005631448323
Q12933	TRAF2	erythrocytes	8	8	8	0	6	0	0	2	0	405.9	55727.5350	0.007283652507
Q12955	ANK3	erythrocytes	32	32	32	0	32	0	0	0	0	2559.36	480403.1900	0.00532752499
Q12959	DLG1	erythrocytes	17	17	17	0	17	0	0	0	0	1359.66	100453.5950	0.01353520499
Q12981	BNIP1	erythrocytes	0	0	0	0	0	0	0	0	0	0	26131.9150	0
Q13011	ECH1	erythrocytes	3	3	3	0	3	0	0	0	0	222.09	32205.4400	0.006896039924
Q13033	STRN3	erythrocytes	7	7	7	0	7	0	0	0	0	521.92	87208.0200	0.005984770667
Q13045	FLII	erythrocytes	7	7	7	0	7	0	0	0	0	483.98	144749.0500	0.003343579802
Q13057	COASY	erythrocytes	2	2	2	0	2	0	0	0	0	159.96	62327.7850	0.002566431648
Q13093	PLA2G7	plasma	2	2	0	2	0	0	2	0	0	0	47791.7150	0
Q13098	GPS1	erythrocytes	4	4	4	0	4	0	0	0	0	319.92	55404.4850	0.005774261777
Q13107	USP4	erythrocytes	4	4	4	0	4	0	0	0	0	319.92	108563.6500	0.002946842705
Q13113	PDZK1IP1	erythrocytes	1	1	1	0	1	0	0	0	0	79.98	12226.8950	0.006541317317
Q13123	IK	erythrocytes	21	21	21	0	7	0	0	14	0	231.7	65601.4300	0.003531935203
Q13126	MTAP	erythrocytes	1	1	1	0	1	0	0	0	0	42.04	31235.6500	0.001345898036
Q13144	EIF2B5	erythrocytes	16	16	16	0	12	0	0	4	0	783.79	80247.5150	0.00976715603
Q13148	TARDBP	erythrocytes	9	9	9	0	3	0	0	6	0	65.87	44739.3550	0.001472305535
Q13155	AIMP2	erythrocytes	0	0	0	0	0	0	0	0	0	0	35348.2750	0
Q13158	FADD	erythrocytes	2	2	2	0	1	0	1	0	0	283.17	23278.9650	0.0121642006
Q13162	PRDX4	erythrocytes	2	2	0	2	0	0	0	0	2	0	26571.7050	0
Q13164	MAPK7	erythrocytes	3	3	3	0	3	0	0	0	0	202	88253.7700	0.002288854063
Q13177	PAK2	erythrocytes	19	19	19	0	18	1	0	0	0	1536.18	57910.6900	0.02652670863
Q13190	STX5	erythrocytes	0	0	0	0	0	0	0	0	0	0	39671.8200	0
Q13200	PSMD2	erythrocytes	9	9	9	0	9	0	0	0	0	643.94	100198.3450	0.006426653055
Q13228	SELENBP1	erythrocytes	4	4	4	0	4	0	0	0	0	281.98	52259.0700	0.005395809761
Q13232	NME3	erythrocytes	0	0	0	0	0	0	0	0	0	0	19014.7800	0
Q13283	G3BP1	erythrocytes	27	27	27	0	16	0	0	11	0	572	52032.4300	0.01099314408
Q13286	CLN3	erythrocytes	7	7	4	3	3	1	3	0	0	378.35	47293.7700	0.007999996617
Q13303	KCNAB2	erythrocytes	8	8	8	0	8	0	0	0	0	484.02	40999.6200	0.01180547527
Q13308	PTK7	erythrocytes	18	18	8	10	1	0	10	0	7	65.868	115295.1650	0.0005712988918
Q13325	IFIT5	erythrocytes	0	0	0	0	0	0	0	0	0	0	55845.8750	0
Q13336	SLC14A1	erythrocytes	1	1	0	1	0	0	1	0	0	0	42527.7800	0
Q13356	PPIL2	erythrocytes	3	3	3	0	2	0	0	1	0	104	58822.7850	0.001768022374
Q13367	AP3B2	erythrocytes	2	2	2	0	2	0	0	0	0	159.96	119057.4650	0.00134355288
Q13393	PLD1	erythrocytes	5	5	5	0	3	2	0	0	0	716.76	124182.2350	0.00577184007
Q13404	UBE2V1	erythrocytes	1	1	1	0	1	0	0	0	0	42.04	16363.6150	0.002569114465
Q13442	PDAP1	erythrocytes	12	12	12	0	11	0	0	1	0	719.93	20629.7300	0.03489769377
Q13443	ADAM9	erythrocytes	15	15	9	6	2	0	6	0	7	145.848	87649.6200	0.00166398896
Q13445	TMED1	erythrocytes	0	0	0	0	0	0	0	0	0	0	22940.6550	0
Q13459	MYO9B	erythrocytes	26	26	26	0	26	0	0	0	0	2041.54	243265.9550	0.008392214192
Q13464	ROCK1	erythrocytes	5	5	5	0	5	0	0	0	0	324.02	158041.3300	0.002050223192
Q13492	PICALM	erythrocytes	6	6	6	0	5	0	0	1	0	343.94	70622.2900	0.004870133778
Q13496	MTM1	erythrocytes	4	4	4	0	4	0	0	0	0	319.92	69930.6800	0.004574816089
Q13526	PIN1	erythrocytes	4	4	4	0	4	0	0	0	0	281.98	18243.0000	0.01545688757
Q13530	SERINC3	erythrocytes	2	2	1	1	1	0	1	0	0	79.98	52579.6900	0.001521119657
Q13535	ATR	erythrocytes	4	4	4	0	4	0	0	0	0	319.92	301361.9050	0.00106158076
Q13541	EIF4EBP1	erythrocytes	15	15	15	0	14	0	0	1	0	1063.76	12448.6500	0.08545183614
Q13561	DCTN2	erythrocytes	7	7	7	0	7	0	0	0	0	521.92	44099.1050	0.01183516083
Q13564	NAE1	erythrocytes	3	3	3	0	3	0	0	0	0	126.12	60114.2500	0.002098005049
Q13576	IQGAP2	erythrocytes	14	14	14	0	14	0	0	0	0	1119.72	180575.2000	0.006200851501
Q13608	PEX6	erythrocytes	1	1	1	0	1	0	0	0	0	14.03	104059.4050	0.0001348268328
Q13610	PWP1	erythrocytes	8	8	8	0	8	0	0	0	0	639.84	55827.0900	0.01146110249
Q13616	CUL1	erythrocytes	2	2	2	0	1	0	0	1	0	-3.99	89677.2350	-4.449289722e-05
Q13617	CUL2	erythrocytes	3	3	3	0	2	0	0	1	0	104	86981.8700	0.001195651462
Q13618	CUL3	erythrocytes	3	3	3	0	2	0	0	1	0	104	88797.9500	0.001171198209
Q13619	CUL4A	erythrocytes	4	4	4	0	1	0	0	3	0	25.92	87678.9700	0.0002956239107
Q13630	GFUS	erythrocytes	0	0	0	0	0	0	0	0	0	0	35892.2200	0
Q13724	MOGS	erythrocytes	1	1	0	1	0	0	1	0	0	0	91916.0200	0
Q13733	ATP1A4	erythrocytes	1	1	1	0	1	0	0	0	0	79.98	114164.9500	0.0007005652786
Q13740	ALCAM	plasma	14	14	5	9	0	0	9	0	5	-10.08	62262.1150	-0.0001618962029
Q13790	APOF	plasma	3	2	1	1	1	0	2	0	0	79.98	17424.2950	0.004590142671
Q13813	SPTAN1	erythrocytes	27	27	27	0	27	0	0	0	0	1931.82	284534.1550	0.006789413383
Q13822	ENPP2	plasma	19	19	15	4	0	0	4	0	15	-30.24	95050.8250	-0.0003181455816
Q13835	PKP1	erythrocytes	5	5	5	0	5	0	0	0	0	399.9	82859.4200	0.004826246672
Q13838	DDX39B	erythrocytes	6	6	6	0	5	0	0	1	0	306	48859.4900	0.006262857021
Q13867	BLMH	erythrocytes	2	2	2	0	2	0	0	0	0	84.08	52561.6400	0.001599645673
Q14008	CKAP5	erythrocytes	5	5	5	0	5	0	0	0	0	361.96	225491.4350	0.001605205093
Q14103	HNRNPD	erythrocytes	28	28	28	0	25	0	0	3	0	1086.34	38302.6450	0.02836200999
Q14126	DSG2	plasma	16	16	11	5	11	0	5	0	0	879.78	116749.8200	0.007535600483
Q14139	UBE4A	erythrocytes	1	1	1	0	1	0	0	0	0	42.04	122558.5050	0.00034301985
Q14141	SEPTIN6	erythrocytes	5	5	5	0	5	0	0	0	0	324.02	49584.8200	0.006534661213
Q14152	EIF3A	erythrocytes	13	13	13	0	13	0	0	0	0	1001.8	166435.4200	0.006019151452
Q14155	ARHGEF7	erythrocytes	14	14	14	0	14	0	0	0	0	967.96	90010.6900	0.01075383379
Q14156	EFR3A	erythrocytes	4	4	4	0	4	0	0	0	0	319.92	92922.9900	0.003442850903
Q14165	MLEC	erythrocytes	1	1	0	1	0	0	1	0	0	0	29322.9150	0
Q14166	TTLL12	erythrocytes	0	0	0	0	0	0	0	0	0	0	74402.4950	0
Q14203	DCTN1	erythrocytes	6	6	6	0	6	0	0	0	0	479.88	141692.4950	0.003386770767
Q14209	E2F2	erythrocytes	0	0	0	0	0	0	0	0	0	0	47505.1200	0
Q14232	EIF2B1	erythrocytes	1	1	1	0	1	0	0	0	0	42.04	33711.7500	0.001247042945
Q14240	EIF4A2	erythrocytes	1	1	1	0	1	0	0	0	0	79.98	46401.6400	0.001723645975
Q14247	CTTN	erythrocytes	42	42	42	0	36	0	0	6	0	2060.23	61585.3250	0.0334532618
Q14254	FLOT2	erythrocytes	5	5	5	0	1	4	0	0	0	1005.57	46932.3000	0.0214259689
Q14258	TRIM25	erythrocytes	6	6	6	0	5	0	0	1	0	306	70972.4550	0.004311531847
Q14344	GNA13	erythrocytes	3	3	3	0	1	2	0	0	0	556.8	44048.9300	0.01264048866
Q14376	GALE	erythrocytes	0	0	0	0	0	0	0	0	0	0	38281.2250	0
Q14515	SPARCL1	plasma	27	27	15	12	8	0	12	0	7	625.728	73567.6250	0.008505480502
Q14520	HABP2	plasma	22	22	18	4	0	0	2	0	20	-36.288	60211.0200	-0.0006026803731
Q14558	PRPSAP1	erythrocytes	4	4	4	0	4	0	0	0	0	244.04	39393.1650	0.006194983318
Q14588	ZNF234	erythrocytes	0	0	0	0	0	0	0	0	0	0	80558.7550	0
Q14624	ITIH4	plasma	9	9	1	8	0	0	8	0	1	-2.016	97435.9500	-2.069051515e-05
Q14642	INPP5A	erythrocytes	1	1	1	0	0	1	0	0	0	204.36	47492.5300	0.004302992492
Q14653	IRF3	erythrocytes	24	24	24	0	20	0	0	3	1	1506.564	47218.5800	0.03190616914
Q14667	BLTP2	erythrocytes	5	5	4	1	4	0	1	0	0	319.92	250269.5650	0.001278301658
Q14677	CLINT1	erythrocytes	11	11	11	0	11	0	0	0	0	879.78	68258.5800	0.01288892913
Q14679	TTLL4	erythrocytes	1	1	1	0	1	0	0	0	0	79.98	133376.1700	0.0005996573451
Q14689	DIP2A	erythrocytes	3	3	3	0	3	0	0	0	0	239.94	170366.9600	0.00140837167
Q14693	LPIN1	erythrocytes	18	18	18	0	16	0	0	2	0	1167.76	98662.6550	0.01183588664
Q14696	MESD	erythrocytes	1	1	0	1	0	0	1	0	0	0	22631.0800	0
Q14697	GANAB	erythrocytes	4	4	3	1	1	0	1	0	2	75.948	103973.7950	0.0007304532839
Q14738	PPP2R5D	erythrocytes	6	6	6	0	6	0	0	0	0	479.88	69990.7050	0.006856338995
Q14764	MVP	erythrocytes	4	4	4	0	2	0	0	2	0	85.98	99194.2150	0.0008667844188
Q14773	ICAM4	erythrocytes	8	8	4	4	0	0	4	0	4	-8.064	26085.0200	-0.0003091429487
Q14814	MEF2D	erythrocytes	12	12	12	0	11	0	0	1	0	785.88	55936.8500	0.01404941465
Q14847	LASP1	erythrocytes	10	10	10	0	10	0	0	0	0	678.06	29716.8400	0.02281736551
Q14964	RAB39A	erythrocytes	3	3	3	0	1	2	0	0	0	558.99	25006.3700	0.02235390423
Q14974	KPNB1	erythrocytes	5	5	5	0	5	0	0	0	0	248.14	97168.7150	0.002553702599
Q14980	NUMA1	erythrocytes	54	54	54	0	49	0	1	4	0	3936.31	238254.8600	0.01652142584
Q14C86	GAPVD1	erythrocytes	23	23	23	0	23	0	0	0	0	1839.54	164977.2050	0.0111502677
Q14CX7	NAA25	erythrocytes	0	0	0	0	0	0	0	0	0	0	112290.6250	0
Q15003	NCAPH	erythrocytes	19	19	19	0	18	0	0	1	0	1383.68	82561.9600	0.01675929205
Q15005	SPCS2	erythrocytes	3	3	3	0	3	0	0	0	0	126.12	24871.2700	0.005070911136
Q15008	PSMD6	erythrocytes	0	0	0	0	0	0	0	0	0	0	45399.4950	0
Q15018	ABRAXAS2	erythrocytes	5	5	5	0	5	0	0	0	0	399.9	46900.0600	0.008526641544
Q15019	SEPTIN2	erythrocytes	4	4	4	0	4	0	0	0	0	281.98	41486.9500	0.006796836114
Q15021	NCAPD2	erythrocytes	16	16	16	0	16	0	0	0	0	1279.68	157179.6200	0.008141513512
Q15040	JOSD1	erythrocytes	1	1	1	0	1	0	0	0	0	79.98	23197.5250	0.003447781606
Q15041	ARL6IP1	erythrocytes	0	0	0	0	0	0	0	0	0	0	23362.4200	0
Q15042	RAB3GAP1	erythrocytes	8	8	8	0	8	0	0	0	0	639.84	110522.0200	0.00578925358
Q15046	KARS1	erythrocytes	7	7	7	0	7	0	0	0	0	446.04	67916.0250	0.006567522172
Q15057	ACAP2	erythrocytes	7	7	7	0	7	0	0	0	0	559.86	88027.3850	0.006360066245
Q15075	EEA1	erythrocytes	2	2	2	0	2	0	0	0	0	159.96	162462.9800	0.0009845935363
Q15084	PDIA6	erythrocytes	6	6	6	0	4	0	0	0	2	315.888	46170.2400	0.006841809789
Q15102	PAFAH1B3	erythrocytes	2	2	2	0	2	0	0	0	0	122.02	25602.6150	0.004765919419
Q15125	EBP	erythrocytes	1	1	1	0	1	0	0	0	0	42.04	26221.1700	0.001603284674
Q15155	NOMO1	erythrocytes	4	4	1	3	1	0	3	0	0	79.98	131531.0100	0.0006080695343
Q15166	PON3	plasma	5	5	2	3	1	0	3	0	1	77.964	39606.9950	0.001968440171
Q15173	PPP2R5B	erythrocytes	6	6	6	0	6	0	0	0	0	479.88	57392.2900	0.008361401854
Q15181	PPA1	erythrocytes	4	4	4	0	4	0	0	0	0	206.1	32528.4650	0.00633598911
Q15185	PTGES3	erythrocytes	11	11	11	0	9	0	0	2	0	645.84	18697.1350	0.03454219055
Q15223	NECTIN1	erythrocytes	16	16	8	8	5	0	8	0	3	393.852	54059.8800	0.007285476771
Q15257	PTPA	erythrocytes	1	1	1	0	1	0	0	0	0	42.04	40535.7900	0.001037108195
Q15276	RABEP1	erythrocytes	7	7	7	0	7	0	0	0	0	483.98	99157.4900	0.004880922258
Q15286	RAB35	erythrocytes	5	5	5	0	3	2	0	0	0	1120.29	23024.9800	0.04865541686
Q15293	RCN1	erythrocytes	4	4	3	1	3	0	1	0	0	239.94	35866.6850	0.006689773532
Q15334	LLGL1	erythrocytes	4	4	4	0	4	0	0	0	0	319.92	115416.1550	0.002771882324
Q15363	TMED2	erythrocytes	0	0	0	0	0	0	0	0	0	0	20780.5400	0
Q15365	PCBP1	erythrocytes	8	8	8	0	7	0	0	1	0	503.9	37497.2950	0.01343830268
Q15366	PCBP2	erythrocytes	8	8	8	0	5	0	0	3	0	345.84	38579.5400	0.008964337055
Q15369	ELOC	erythrocytes	0	0	0	0	0	0	0	0	0	0	12473.0450	0
Q15370	ELOB	erythrocytes	4	4	4	0	4	0	0	0	0	281.98	13132.6150	0.02147173278
Q15386	UBE3C	erythrocytes	1	1	1	0	0	0	0	1	0	-18.02	123920.7200	-0.0001454155528
Q15404	RSU1	erythrocytes	1	1	1	0	1	0	0	0	0	42.04	31408.6250	0.001338485846
Q15435	PPP1R7	erythrocytes	7	7	7	0	7	0	0	0	0	521.92	41432.3800	0.01259691092
Q15436	SEC23A	erythrocytes	2	2	2	0	2	0	0	0	0	122.02	86028.2550	0.001418371208
Q15437	SEC23B	erythrocytes	2	2	2	0	2	0	0	0	0	84.08	86346.6450	0.0009737494723
Q15477	SKIC2	erythrocytes	2	2	2	0	2	0	0	0	0	159.96	137753.1150	0.001161207861
Q15485	FCN2	plasma	8	8	6	2	3	0	2	0	3	41.952	31412.7150	0.001335510159
Q15582	TGFBI	plasma	7	7	7	0	2	0	0	0	5	189.04	72417.0450	0.002610435154
Q15631	TSN	erythrocytes	3	3	3	0	3	0	0	0	0	164.06	26182.5850	0.006265997036
Q15691	MAPRE1	erythrocytes	6	6	6	0	6	0	0	0	0	392.09	29867.4900	0.0131276515
Q15738	NSDHL	erythrocytes	2	2	2	0	2	0	0	0	0	122.02	41899.7500	0.002912189214
Q15750	TAB1	erythrocytes	7	7	7	0	6	0	1	0	0	683.07	54643.2350	0.01250054101
Q15796	SMAD2	erythrocytes	13	13	13	0	13	0	0	0	0	963.86	52174.2550	0.01847386225
Q15811	ITSN1	erythrocytes	13	13	13	0	13	0	0	0	0	1039.74	195418.5900	0.005320578764
Q15819	UBE2V2	erythrocytes	1	1	1	0	1	0	0	0	0	42.04	16231.4150	0.002590039131
Q15831	STK11	erythrocytes	20	19	19	0	18	2	0	0	0	1432.96	48250.7750	0.02969817583
Q15833	STXBP2	erythrocytes	0	0	0	0	0	0	0	0	0	0	66451.4700	0
Q15836	VAMP3	erythrocytes	4	4	4	0	1	0	0	3	0	-12.02	11177.7100	-0.001075354433
Q15843	NEDD8	erythrocytes	3	3	3	0	2	0	0	1	0	25	8559.8650	0.002920606809
Q15848	ADIPOQ	plasma	20	20	13	7	13	0	6	0	1	308.07	24544.0850	0.01255170034
Q15904	ATP6AP1	erythrocytes	9	9	2	7	1	0	7	0	1	77.964	47739.7000	0.001633106199
Q15907	RAB11B	erythrocytes	5	5	5	0	3	2	0	0	0	602.01	24001.5650	0.02508211444
Q16181	SEPTIN7	erythrocytes	8	8	8	0	8	0	0	0	0	563.96	50548.1750	0.01115688153
Q16186	ADRM1	erythrocytes	8	8	8	0	7	0	0	1	0	503.9	42021.4050	0.01199150766
Q16204	CCDC6	erythrocytes	14	14	14	0	14	0	0	0	0	1015.83	53158.8700	0.01910932268
Q16401	PSMD5	erythrocytes	1	1	1	0	1	0	0	0	0	42.04	56063.6400	0.000749862121
Q16531	DDB1	erythrocytes	4	4	4	0	3	0	0	1	0	146.04	126835.0800	0.001151416469
Q16539	MAPK14	erythrocytes	9	9	9	0	9	0	0	0	0	606	41161.4100	0.01472252773
Q16543	CDC37	erythrocytes	8	8	8	0	8	0	0	0	0	488.08	44467.7750	0.01097603827
Q16555	DPYSL2	erythrocytes	20	20	20	0	20	0	0	0	0	1516.78	62292.7750	0.02434921225
Q16563	SYPL1	erythrocytes	2	2	0	2	0	0	2	0	0	0	28564.9100	0
Q16570	ACKR1	erythrocytes	6	6	4	2	2	0	2	0	2	156.088	35552.0950	0.00439040231
Q16610	ECM1	plasma	3	3	0	3	0	0	3	0	0	0	58811.0100	0
Q16658	FSCN1	erythrocytes	9	9	9	0	8	0	0	1	0	545.94	54398.0450	0.01003602243
Q16698	DECR1	erythrocytes	15	15	15	0	15	0	0	0	0	1074.75	32149.5700	0.03342968506
Q16720	ATP2B3	erythrocytes	3	3	3	0	3	0	0	0	0	239.94	134195.4150	0.001787989552
Q16774	GUK1	erythrocytes	1	1	1	0	1	0	0	0	0	42.04	21594.0750	0.001946830323
Q16775	HAGH	erythrocytes	3	3	3	0	3	0	0	0	0	184.15	32409.7900	0.005681925122
Q16799	RTN1	erythrocytes	4	4	4	0	4	0	0	0	0	319.92	83616.2550	0.00382605033
Q16851	UGP2	erythrocytes	8	8	8	0	8	0	0	0	0	563.96	56939.5350	0.009904541721
Q16853	AOC3	plasma	14	14	5	9	1	0	9	0	4	227.122	84620.5700	0.00268400461
Q16864	ATP6V1F	erythrocytes	0	0	0	0	0	0	0	0	0	0	13370.0100	0
Q16878	CDO1	erythrocytes	1	1	1	0	0	0	0	1	0	-2.02	22971.5650	-8.793480113e-05
Q27J81	INF2	erythrocytes	10	10	10	0	10	0	0	0	0	761.86	135490.8550	0.005622962524
Q2KHT3	CLEC16A	erythrocytes	0	0	0	0	0	0	0	0	0	0	117713.1500	0
Q2LD37	BLTP1	erythrocytes	14	14	14	0	14	0	0	0	0	1119.72	555473.5800	0.002015793442
Q2M218	ZNF630	erythrocytes	0	0	0	0	0	0	0	0	0	0	76093.0600	0
Q2M2I8	AAK1	erythrocytes	21	21	21	0	21	0	0	0	0	1575.69	103883.1300	0.01516791032
Q2M3G0	ABCB5	erythrocytes	11	11	0	11	0	0	11	0	0	0	138638.7600	0
Q2TAA2	IAH1	erythrocytes	1	1	1	0	1	0	0	0	0	100.07	27598.2450	0.003625955201
Q2TAZ0	ATG2A	erythrocytes	8	8	8	0	8	0	0	0	0	639.84	212856.5450	0.003005968174
Q2TBE0	CWF19L2	erythrocytes	7	7	7	0	5	0	0	2	0	363.86	103785.6250	0.003505880511
Q32M84	BTBD16	erythrocytes	0	0	0	0	0	0	0	0	0	0	58480.2450	0
Q32MH5	ATOSA	erythrocytes	0	0	0	0	0	0	0	0	0	0	121667.9250	0
Q3B8N5	PROX2	erythrocytes	0	0	0	0	0	0	0	0	0	0	65584.7050	0
Q3LXA3	TKFC	erythrocytes	3	3	3	0	3	0	0	0	0	239.94	58946.2500	0.004070487945
Q3SY69	ALDH1L2	erythrocytes	7	7	7	0	7	0	0	0	0	842.54	101744.5300	0.008280936577
Q3YEC7	RABL6	erythrocytes	13	13	13	0	13	0	0	0	0	1001.8	79547.6600	0.01259370797
Q3ZAQ7	VMA21	erythrocytes	0	0	0	0	0	0	0	0	0	0	11353.9400	0
Q3ZCM7	TUBB8	erythrocytes	2	2	1	1	2	0	0	0	0	79.98	49775.3950	0.001606817987
Q4AC94	C2CD3	erythrocytes	5	5	5	0	5	0	0	0	0	399.9	260384.5700	0.00153580529
Q4G0F5	VPS26B	erythrocytes	3	3	3	0	3	0	0	0	0	239.94	39154.1650	0.006128083692
Q4G0P3	HYDIN	erythrocytes	0	0	0	0	0	0	0	0	0	0	575884.4200	0
Q4KMP7	TBC1D10B	erythrocytes	8	8	8	0	8	0	0	0	0	573.89	87197.3850	0.006581504709
Q4KMQ2	ANO6	erythrocytes	11	11	5	6	0	0	6	0	5	-10.08	106163.5250	-9.494786463e-05
Q504Q3	PAN2	erythrocytes	2	2	2	0	2	0	0	0	0	159.96	135365.6750	0.001181688046
Q53FA7	TP53I3	erythrocytes	1	1	1	0	1	0	0	0	0	42.04	35535.6650	0.001183036817
Q53FT3	HIKESHI	erythrocytes	0	0	0	0	0	0	0	0	0	0	21627.4500	0
Q53GL7	PARP10	erythrocytes	11	11	11	0	11	0	0	0	0	2687.12	109996.5300	0.02442913426
Q53GQ0	HSD17B12	erythrocytes	0	0	0	0	0	0	0	0	0	0	34323.7650	0
Q53H82	LACTB2	erythrocytes	4	4	4	0	4	0	0	0	0	264.13	32805.2150	0.008051463769
Q53H96	PYCR3	erythrocytes	1	1	1	0	1	0	0	0	0	42.04	28531.6900	0.001473449347
Q53R41	FASTKD1	erythrocytes	1	1	1	0	1	0	0	0	0	42.04	97409.0900	0.0004315818986
Q53T94	TAF1B	erythrocytes	2	2	2	0	2	0	0	0	0	84.08	68830.9350	0.001221543772
Q53TN4	CYBRD1	erythrocytes	2	2	2	0	2	0	0	0	0	159.96	31640.8050	0.005055497166
Q562E7	WDR81	erythrocytes	0	0	0	0	0	0	0	0	0	0	211693.4500	0
Q562R1	ACTBL2	erythrocytes	2	2	2	0	2	0	0	0	0	32	42002.6350	0.0007618569644
Q58FF6	HSP90AB4P	erythrocytes	0	0	0	0	0	0	0	0	0	0	58263.6600	0
Q58FF8	HSP90AB2P	erythrocytes	1	1	1	0	1	0	0	0	0	79.98	44348.4300	0.00180344603
Q58WW2	DCAF6	erythrocytes	6	6	6	0	6	0	0	0	0	479.88	96290.5950	0.004983664292
Q5BJD5	TMEM41B	erythrocytes	2	2	2	0	2	0	0	0	0	159.96	32512.9900	0.004919879716
Q5BJE1	CCDC178	erythrocytes	0	0	0	0	0	0	0	0	0	0	102009.5900	0
Q5BJH7	YIF1B	erythrocytes	3	3	3	0	3	0	0	0	0	202	34434.8550	0.005866149284
Q5D862	FLG2	erythrocytes	14	14	14	0	14	0	0	0	0	1119.72	248068.5500	0.004513752348
Q5H9R4	ARMCX4	erythrocytes	0	0	0	0	0	0	0	0	0	0	235961.1950	0
Q5H9R7	PPP6R3	erythrocytes	7	7	7	0	7	0	0	0	0	559.86	97667.5700	0.00573230193
Q5H9T9	FSCB	erythrocytes	1	1	1	0	1	0	0	0	0	79.98	87954.3700	0.0009093351473
Q5HYI8	RABL3	erythrocytes	0	0	0	0	0	0	0	0	0	0	26422.4850	0
Q5HYK7	SH3D19	erythrocytes	3	3	3	0	3	0	0	0	0	239.94	86524.3050	0.002773093641
Q5JR98	DYNLT4	erythrocytes	1	1	1	0	1	0	0	0	0	79.98	23352.2400	0.003424939106
Q5JS54	PSMG4	erythrocytes	0	0	0	0	0	0	0	0	0	0	13774.4800	0
Q5JSH3	WDR44	erythrocytes	24	24	24	0	24	0	0	0	0	1881.58	101233.7750	0.0185864846
Q5JSL3	DOCK11	erythrocytes	10	10	10	0	10	0	0	0	0	799.8	237667.4000	0.003365207008
Q5JTH9	RRP12	erythrocytes	10	10	10	0	9	0	0	1	0	701.8	143699.9800	0.004883786344
Q5JU69	TOR2A	erythrocytes	1	1	0	1	0	0	1	0	0	0	33217.7600	0
Q5JX71	FAM209A	erythrocytes	0	0	0	0	0	0	0	0	0	0	17474.9050	0
Q5QJ38	TCHHL1	erythrocytes	0	0	0	0	0	0	0	0	0	0	99273.7350	0
Q5QJ74	TBCEL	erythrocytes	2	2	2	0	2	0	0	0	0	159.96	48194.3050	0.003319064358
Q5R372	RABGAP1L	erythrocytes	3	3	3	0	3	0	0	0	0	239.94	92511.6900	0.002593618169
Q5R3I4	TTC38	erythrocytes	2	2	2	0	2	0	0	0	0	122.02	52655.2050	0.002317339758
Q5SZB4	C9orf50	erythrocytes	0	0	0	0	0	0	0	0	0	0	47638.5900	0
Q5T0D9	TPRG1L	erythrocytes	3	3	3	0	3	0	0	0	0	239.94	30211.1550	0.007942099532
Q5T0T0	MARCHF8	erythrocytes	1	1	1	0	1	0	0	0	0	79.98	32964.4900	0.002426247153
Q5T1M5	FKBP15	erythrocytes	29	29	29	0	29	0	0	0	0	2243.54	133627.5000	0.01678950815
Q5T1R4	HIVEP3	erythrocytes	0	0	0	0	0	0	0	0	0	0	259460.2550	0
Q5T2T1	MPP7	erythrocytes	1	1	1	0	1	0	0	0	0	79.98	65522.7250	0.001220645204
Q5T3F8	TMEM63B	erythrocytes	11	11	10	1	4	6	1	0	0	1750.38	94957.0150	0.01843339326
Q5T3U5	ABCC10	erythrocytes	2	2	2	0	2	0	0	0	0	159.96	161626.2350	0.0009896908135
Q5T447	HECTD3	erythrocytes	2	2	2	0	2	0	0	0	0	122.02	96980.3750	0.001258192701
Q5T4F4	ZFYVE27	erythrocytes	0	0	0	0	0	0	0	0	0	0	45842.9100	0
Q5T4S7	UBR4	erythrocytes	20	20	20	0	20	0	0	0	0	1561.66	573832.1900	0.002721457644
Q5T6V5	QNG1	erythrocytes	1	1	1	0	1	0	0	0	0	42.04	39027.9900	0.001077175637
Q5T6X5	GPRC6A	erythrocytes	10	10	0	10	0	0	9	0	1	0	102787.3750	0
Q5T749	KPRP	erythrocytes	1	1	1	0	1	0	0	0	0	79.98	64134.9900	0.001247057184
Q5T750	KPLCE	erythrocytes	0	0	0	0	0	0	0	0	0	0	26238.0050	0
Q5TA77	LCE3B	erythrocytes	0	0	0	0	0	0	0	0	0	0	9811.9400	0
Q5TAQ9	DCAF8	erythrocytes	6	6	6	0	6	0	0	0	0	413.93	66851.3100	0.006191800879
Q5TC63	GRTP1	erythrocytes	0	0	0	0	0	0	0	0	0	0	38553.2350	0
Q5TCY1	TTBK1	erythrocytes	2	2	2	0	2	0	0	0	0	159.96	142734.9700	0.001120678415
Q5TDH0	DDI2	erythrocytes	6	6	6	0	6	0	0	0	0	479.88	44521.8400	0.01077853027
Q5VST6	ABHD17B	erythrocytes	1	1	1	0	1	0	0	0	0	79.98	32214.3550	0.002482744106
Q5VV17	OTUD1	erythrocytes	0	0	0	0	0	0	0	0	0	0	51062.3700	0
Q5VV41	ARHGEF16	erythrocytes	11	11	11	0	11	0	0	0	0	841.84	79972.3850	0.01052663366
Q5VVQ6	YOD1	erythrocytes	0	0	0	0	0	0	0	0	0	0	38321.8750	0
Q5VW32	BROX	erythrocytes	3	3	3	0	2	1	0	0	0	260.43	46111.9950	0.005647771258
Q5VW36	FOCAD	erythrocytes	1	1	1	0	1	0	0	0	0	42.04	200054.7400	0.000210142484
Q5VWZ2	LYPLAL1	erythrocytes	1	1	1	0	1	0	0	0	0	42.04	26184.8250	0.001605510062
Q5VYK3	ECPAS	erythrocytes	4	4	4	0	3	0	0	1	0	183.98	204156.6650	0.0009011706769
Q5VYM1	SPATA31G1	erythrocytes	0	0	0	0	0	0	0	0	0	0	117722.2600	0
Q5W0Q7	USPL1	erythrocytes	1	1	1	0	1	0	0	0	0	79.98	120438.1350	0.0006640753778
Q5W0Z9	ZDHHC20	erythrocytes	3	3	3	0	3	0	0	0	0	239.94	42277.0800	0.005675415615
Q5W111	SPRYD7	erythrocytes	1	1	1	0	1	0	0	0	0	42.04	21534.3700	0.001952227996
Q5XPI4	RNF123	erythrocytes	3	3	3	0	3	0	0	0	0	150.07	148381.1300	0.001011381973
Q63HN8	RNF213	erythrocytes	5	5	5	0	4	0	0	1	0	301.9	591398.2200	0.0005104851347
Q658P3	STEAP3	erythrocytes	7	7	5	2	5	0	2	0	0	399.9	54599.7550	0.007324208689
Q66K74	MAP1S	erythrocytes	10	10	10	0	10	0	0	0	0	799.8	112209.6900	0.00712772667
Q68CZ1	RPGRIP1L	erythrocytes	0	0	0	0	0	0	0	0	0	0	151199.0800	0
Q68D91	MBLAC2	erythrocytes	2	2	2	0	1	1	0	0	0	280.45	31239.7850	0.008977334511
Q68DQ2	CRYBG3	erythrocytes	6	6	6	0	6	0	0	0	0	479.88	330628.0950	0.001451419305
Q68EM7	ARHGAP17	erythrocytes	11	11	11	0	11	0	0	0	0	879.78	95435.0900	0.009218621788
Q69YN4	VIRMA	erythrocytes	15	15	15	0	15	0	0	0	0	822.14	201890.6200	0.004072205039
Q6AHZ1	ZNF518A	erythrocytes	21	21	21	0	1	0	0	20	0	-280.42	166779.7400	-0.001681379285
Q6AI08	HEATR6	erythrocytes	6	6	6	0	6	0	0	0	0	479.88	128779.1600	0.00372637933
Q6B0K9	HBM	erythrocytes	0	0	0	0	0	0	0	0	0	0	15617.7800	0
Q6DD88	ATL3	erythrocytes	2	2	2	0	2	0	0	0	0	122.02	60541.1000	0.002015490303
Q6DN12	MCTP2	erythrocytes	0	0	0	0	0	0	0	0	0	0	99593.9850	0
Q6DN90	IQSEC1	erythrocytes	12	12	12	0	12	0	0	0	0	959.76	108312.7300	0.008861008304
Q6EMK4	VASN	plasma	8	8	3	5	0	0	5	0	3	-6.048	69355.5650	-8.720280773e-05
Q6FI13	H2AC18	erythrocytes	40	40	39	1	37	0	0	3	0	2899.62	13964.1000	0.2076481836
Q6FI81	CIAPIN1	erythrocytes	8	8	8	0	8	0	0	0	0	639.84	33581.8550	0.01905314641
Q6GMV2	SMYD5	erythrocytes	0	0	0	0	0	0	0	0	0	0	47339.9650	0
Q6GMV3	PTRHD1	erythrocytes	0	0	0	0	0	0	0	0	0	0	15805.1050	0
Q6IA69	NADSYN1	erythrocytes	0	0	0	0	0	0	0	0	0	0	79283.5650	0
Q6IAA8	LAMTOR1	erythrocytes	13	13	13	0	5	3	0	5	0	996.98	17613.2550	0.05660396105
Q6IAN0	DHRS7B	erythrocytes	0	0	0	0	0	0	0	0	0	0	35118.5800	0
Q6IBS0	TWF2	erythrocytes	4	4	4	0	4	0	0	0	0	244.04	39416.1850	0.006191365298
Q6ICG6	KIAA0930	erythrocytes	10	10	10	0	10	0	0	0	0	799.8	45793.5650	0.01746533601
Q6ICL3	TANGO2	erythrocytes	0	0	0	0	0	0	0	0	0	0	30936.6950	0
Q6IQ20	NAPEPLD	erythrocytes	1	1	1	0	1	0	0	0	0	42.04	45594.8700	0.0009220335533
Q6IQ22	RAB12	erythrocytes	6	6	6	0	4	2	0	0	0	826.94	36314.8150	0.02277142263
Q6L8Q7	PDE12	erythrocytes	1	1	1	0	1	0	0	0	0	79.98	62857.3100	0.001272405707
Q6N021	TET2	erythrocytes	7	7	7	0	6	0	0	1	0	409.93	223807.7450	0.001831616685
Q6NUQ1	RINT1	erythrocytes	0	0	0	0	0	0	0	0	0	0	90630.0250	0
Q6NXT1	ANKRD54	erythrocytes	3	3	3	0	3	0	0	0	0	202	32373.7000	0.006239632788
Q6NXT6	TAPT1	erythrocytes	3	3	3	0	3	0	0	0	0	202	64127.5450	0.003149972449
Q6NYC1	JMJD6	erythrocytes	1	1	1	0	1	0	0	0	0	79.98	46461.3300	0.001721431565
Q6P179	ERAP2	erythrocytes	7	7	2	5	0	0	5	0	2	-4.032	110459.8850	-3.650193914e-05
Q6P1A2	LPCAT3	erythrocytes	1	1	1	0	1	0	0	0	0	42.04	55902.9550	0.0007520174917
Q6P1M0	SLC27A4	erythrocytes	0	0	0	0	0	0	0	0	0	0	72063.3000	0
Q6P1N0	CC2D1A	erythrocytes	7	7	7	0	7	0	0	0	0	559.86	104060.7500	0.005380126513
Q6P1N9	TATDN1	erythrocytes	3	3	3	0	2	0	0	0	1	198.124	33601.2700	0.005896324752
Q6P2E9	EDC4	erythrocytes	26	26	26	0	26	0	0	0	0	2003.6	151527.1850	0.01322270984
Q6P387	C16orf46	plasma	0	0	0	0	0	0	0	0	0	0	43416.9300	0
Q6P3W7	SCYL2	erythrocytes	2	2	2	0	2	0	0	0	0	159.96	103707.3400	0.001542417345
Q6PCE3	PGM2L1	erythrocytes	1	1	1	0	1	0	0	0	0	79.98	70440.8350	0.001135420953
Q6PGP7	SKIC3	erythrocytes	1	1	1	0	1	0	0	0	0	42.04	175352.2500	0.000239745997
Q6PIU2	NCEH1	erythrocytes	3	3	0	3	0	0	3	0	0	0	45807.1450	0
Q6PKG0	LARP1	erythrocytes	49	49	49	0	45	0	0	4	0	3347.25	123377.4800	0.02713015374
Q6QEF8	CORO6	erythrocytes	0	0	0	0	0	0	0	0	0	0	52761.2350	0
Q6R327	RICTOR	erythrocytes	37	37	37	0	36	0	0	1	0	2671.56	192214.3850	0.0138988557
Q6RW13	AGTRAP	erythrocytes	5	5	5	0	5	0	0	0	0	399.9	17418.9100	0.0229578085
Q6S8J3	POTEE	erythrocytes	0	0	0	0	0	0	0	0	0	0	121361.9500	0
Q6UB35	MTHFD1L	erythrocytes	4	4	4	0	4	0	0	0	0	322.16	102221.1500	0.003151598275
Q6UUV9	CRTC1	erythrocytes	5	5	5	0	5	0	0	0	0	399.9	67298.5550	0.005942178105
Q6UW02	CYP20A1	erythrocytes	0	0	0	0	0	0	0	0	0	0	52431.6150	0
Q6UW68	TMEM205	erythrocytes	0	0	0	0	0	0	0	0	0	0	21197.4500	0
Q6UWP2	DHRS11	erythrocytes	0	0	0	0	0	0	0	0	0	0	25228.3850	0
Q6UWP7	LCLAT1	erythrocytes	1	1	1	0	1	0	0	0	0	42.04	48919.4550	0.000859371798
Q6UWP8	SBSN	erythrocytes	0	0	0	0	0	0	0	0	0	0	58018.0000	0
Q6UXB8	PI16	plasma	3	3	0	3	0	0	3	0	0	0	46719.9350	0
Q6VN20	RANBP10	erythrocytes	9	9	9	0	9	0	0	0	0	681.88	67124.4900	0.01015843845
Q6XQN6	NAPRT	erythrocytes	2	2	2	0	2	0	0	0	0	159.96	57577.2350	0.002778181342
Q6ZMI0	PPP1R21	erythrocytes	1	1	1	0	1	0	0	0	0	79.98	88312.9650	0.0009056427898
Q6ZQQ6	WDR87	erythrocytes	0	0	0	0	0	0	0	0	0	0	333210.1700	0
Q6ZRP7	QSOX2	erythrocytes	10	10	6	4	1	0	4	0	5	69.9	75680.4200	0.000923620667
Q6ZT21	TMPPE	erythrocytes	0	0	0	0	0	0	0	0	0	0	49451.6400	0
Q6ZTQ4	CDHR3	erythrocytes	3	3	0	3	0	0	3	0	0	0	96105.5050	0
Q6ZUJ8	PIK3AP1	erythrocytes	11	11	11	0	11	0	0	0	0	879.78	90396.5300	0.009732453226
Q6ZUX7	LHFPL2	erythrocytes	0	0	0	0	0	0	0	0	0	0	24485.4650	0
Q6ZV73	FGD6	erythrocytes	7	7	7	0	7	0	0	0	0	559.86	160814.0450	0.003481412336
Q6ZVL6	KIAA1549L	erythrocytes	0	0	0	0	0	0	0	0	0	0	198995.7400	0
Q6ZVX7	NCCRP1	erythrocytes	3	3	3	0	3	0	0	0	0	239.94	30846.5000	0.007778516201
Q6ZWT7	MBOAT2	erythrocytes	0	0	0	0	0	0	0	0	0	0	59525.8650	0
Q709C8	VPS13C	erythrocytes	14	14	14	0	14	0	0	0	0	949.88	422383.8300	0.002248855028
Q70CQ2	USP34	erythrocytes	13	13	13	0	13	0	0	0	0	1039.74	404226.6550	0.002572170804
Q70IA8	MOB3C	erythrocytes	0	0	0	0	0	0	0	0	0	0	25622.3650	0
Q70UQ0	IKBIP	erythrocytes	2	2	0	2	0	0	2	0	0	0	39308.3950	0
Q71RC9	SMIM5	erythrocytes	0	0	0	0	0	0	0	0	0	0	8540.2300	0
Q76LX8	ADAMTS13	plasma	33	33	16	17	0	0	18	0	15	131.9	145401.0500	0.0009071461313
Q7KYR7	BTN2A1	erythrocytes	4	4	1	3	0	0	3	0	1	-2.016	56751.3900	-3.552335899e-05
Q7KZ85	SUPT6H	plasma	23	23	23	0	23	0	0	0	0	1725.72	198938.6600	0.008674633679
Q7KZF4	SND1	erythrocytes	12	12	12	0	11	0	0	1	0	747.94	101864.3900	0.007342507033
Q7KZI7	MARK2	erythrocytes	25	25	25	0	25	0	0	0	0	1999.5	87909.5650	0.02274496524
Q7L2H7	EIF3M	erythrocytes	5	5	5	0	5	0	0	0	0	324.02	42371.0500	0.007647202512
Q7L576	CYFIP1	erythrocytes	2	2	2	0	2	0	0	0	0	159.96	145180.3000	0.00110180238
Q7L590	MCM10	erythrocytes	7	7	7	0	3	0	0	4	0	167.86	98181.7800	0.00170968585
Q7L5D6	GET4	erythrocytes	2	2	2	0	2	0	0	0	0	122.02	36372.5250	0.003354729978
Q7L5N1	COPS6	erythrocytes	0	0	0	0	0	0	0	0	0	0	36163.0400	0
Q7L5Y1	ENOSF1	erythrocytes	1	1	1	0	1	0	0	0	0	79.98	49785.8000	0.00160648217
Q7L5Y9	MAEA	erythrocytes	1	1	1	0	1	0	0	0	0	79.98	45286.6750	0.001766082407
Q7L7X3	TAOK1	erythrocytes	5	5	5	0	5	0	0	0	0	399.9	116068.3300	0.003445384284
Q7L9B9	EEPD1	erythrocytes	10	10	10	0	9	1	0	0	0	930.18	62270.4950	0.01493773255
Q7L9L4	MOB1B	erythrocytes	3	3	3	0	3	0	0	0	0	202	24959.2700	0.008093185418
Q7LBR1	CHMP1B	erythrocytes	0	0	0	0	0	0	0	0	0	0	22109.0700	0
Q7RTP6	MICAL3	erythrocytes	24	24	24	0	24	0	0	0	0	1919.52	224291.3350	0.008558154955
Q7Z2H8	SLC36A1	erythrocytes	4	4	1	3	0	0	3	0	1	-2.016	53074.8950	-3.798406007e-05
Q7Z2K6	ERMP1	erythrocytes	4	4	2	2	1	0	2	0	1	40.024	100229.7650	0.0003993224967
Q7Z2W4	ZC3HAV1	erythrocytes	23	23	23	0	22	1	0	0	0	1925.98	101298.7700	0.01901286659
Q7Z3C6	ATG9A	erythrocytes	10	10	9	1	9	0	1	0	0	681.88	94314.2850	0.007229869791
Q7Z3J2	VPS35L	erythrocytes	1	1	1	0	1	0	0	0	0	79.98	109561.0100	0.0007300042232
Q7Z3U7	MON2	erythrocytes	3	3	3	0	3	0	0	0	0	202	190224.7950	0.001061901526
Q7Z403	TMC6	erythrocytes	5	5	3	2	3	0	2	0	0	173.99	90043.8500	0.001932280772
Q7Z406	MYH14	erythrocytes	7	7	7	0	7	0	0	0	0	521.92	227735.5750	0.00229178072
Q7Z429	GRINA	erythrocytes	0	0	0	0	0	0	0	0	0	0	41202.7200	0
Q7Z478	DHX29	erythrocytes	3	3	3	0	3	0	0	0	0	239.94	155233.3300	0.001545673213
Q7Z4H3	HDDC2	erythrocytes	4	4	4	0	4	0	0	0	0	281.98	23258.9200	0.01212352078
Q7Z4H8	POGLUT3	erythrocytes	2	2	0	2	0	0	2	0	0	0	56301.8200	0
Q7Z4Q2	HEATR3	erythrocytes	3	3	3	0	3	0	0	0	0	239.94	74581.6450	0.003217145452
Q7Z4W1	DCXR	erythrocytes	3	3	3	0	3	0	0	0	0	136.05	25912.7650	0.005250308101
Q7Z5G4	GOLGA7	erythrocytes	2	2	2	0	0	2	0	0	0	476.82	15823.8700	0.03013295736
Q7Z5M5	TMC3	erythrocytes	1	1	0	1	0	0	1	0	0	0	125683.1050	0
Q7Z628	NET1	erythrocytes	7	7	7	0	7	0	0	0	0	521.92	67738.8550	0.007704883704
Q7Z6J6	FRMD5	erythrocytes	1	1	1	0	1	0	0	0	0	79.98	65063.6950	0.001229256961
Q7Z6L1	TECPR1	erythrocytes	7	7	7	0	7	0	0	0	0	559.86	129694.3600	0.00431676443
Q7Z6Z7	HUWE1	erythrocytes	53	53	53	0	53	0	0	0	0	4135.05	481882.8650	0.008581027259
Q7Z7A1	CNTRL	erythrocytes	2	2	2	0	2	0	0	0	0	159.96	268880.9900	0.0005949100381
Q7Z7H5	TMED4	erythrocytes	1	1	0	1	0	0	1	0	0	0	23192.1050	0
Q7Z7N9	TMEM179B	erythrocytes	2	2	2	0	2	0	0	0	0	159.96	23549.9700	0.006792365341
Q86SK9	SCD5	erythrocytes	0	0	0	0	0	0	0	0	0	0	37609.7450	0
Q86SX6	GLRX5	erythrocytes	2	2	2	0	2	0	0	0	0	180.05	13679.2750	0.01316224727
Q86T03	PIP4P1	erythrocytes	1	1	1	0	1	0	0	0	0	79.98	29469.3300	0.002714008089
Q86TI2	DPP9	erythrocytes	1	1	1	0	1	0	0	0	0	42.04	98130.8050	0.0004284077767
Q86TP1	PRUNE1	erythrocytes	4	4	4	0	4	0	0	0	0	281.98	50198.7500	0.005617271346
Q86UX7	FERMT3	erythrocytes	4	4	4	0	4	0	0	0	0	319.92	75951.4800	0.004212162818
Q86V81	ALYREF	erythrocytes	18	18	18	0	18	0	0	0	0	549.44	26756.3750	0.02053491925
Q86V85	GPR180	erythrocytes	2	2	0	2	0	0	2	0	0	0	47064.7850	0
Q86VN1	VPS36	erythrocytes	0	0	0	0	0	0	0	0	0	0	43816.1550	0
Q86VP6	CAND1	erythrocytes	5	5	5	0	5	0	0	0	0	286.08	136242.4300	0.002099786388
Q86VR2	RETREG3	erythrocytes	16	16	16	0	16	0	0	0	0	1241.74	51264.1100	0.02422240433
Q86VX9	MON1A	erythrocytes	4	4	4	0	4	0	0	0	0	319.92	72893.6150	0.004388861768
Q86WI3	NLRC5	erythrocytes	0	0	0	0	0	0	0	0	0	0	204591.4650	0
Q86WQ0	NR2C2AP	erythrocytes	0	0	0	0	0	0	0	0	0	0	15875.6200	0
Q86X10	RALGAPB	erythrocytes	7	7	7	0	7	0	0	0	0	559.86	166796.0150	0.003356555011
Q86X55	CARM1	erythrocytes	4	4	4	0	3	0	0	1	0	132.05	65721.5700	0.002009233803
Q86X76	NIT1	erythrocytes	0	0	0	0	0	0	0	0	0	0	34329.0250	0
Q86XH1	DRC11	erythrocytes	0	0	0	0	0	0	0	0	0	0	95339.8650	0
Q86Y82	STX12	erythrocytes	5	5	5	0	5	0	0	0	0	361.96	31510.0900	0.01148711413
Q86YN1	DOLPP1	erythrocytes	0	0	0	0	0	0	0	0	0	0	27030.1850	0
Q86YS7	C2CD5	erythrocytes	21	21	21	0	21	0	0	0	0	1679.58	110445.6050	0.01520730499
Q86YZ3	HRNR	erythrocytes	20	20	20	0	20	0	0	0	0	1533.65	282384.8250	0.005431063797
Q8IU68	TMC8	erythrocytes	5	5	3	2	3	0	2	0	0	239.94	81640.0850	0.00293899743
Q8IUI8	CRLF3	erythrocytes	1	1	1	0	1	0	0	0	0	42.04	49765.2350	0.0008447664318
Q8IUR0	TRAPPC5	erythrocytes	1	1	1	0	1	0	0	0	0	79.98	20782.7150	0.003848390357
Q8IUR5	TMTC1	erythrocytes	1	1	0	1	0	0	1	0	0	0	98845.0450	0
Q8IUR7	ARMC8	erythrocytes	3	3	3	0	3	0	0	0	0	202	75376.8750	0.002679867002
Q8IUW5	RELL1	erythrocytes	6	6	4	2	4	0	2	0	0	319.92	27245.4150	0.01174215919
Q8IVU9	CABCOCO1	erythrocytes	0	0	0	0	0	0	0	0	0	0	23882.8050	0
Q8IW45	NAXD	erythrocytes	3	3	1	2	1	0	2	0	0	79.98	36575.4200	0.002186714466
Q8IWA5	SLC44A2	erythrocytes	4	4	1	3	1	0	3	0	0	79.98	80122.5950	0.0009982202898
Q8IWB7	WDFY1	erythrocytes	1	1	1	0	1	0	0	0	0	79.98	46323.0650	0.00172656969
Q8IWB9	TEX2	erythrocytes	14	14	13	1	13	0	1	0	0	1039.74	125300.8800	0.008297946511
Q8IWG1	DNAI3	erythrocytes	0	0	0	0	0	0	0	0	0	0	102933.2100	0
Q8IWT3	CUL9	erythrocytes	5	5	5	0	3	0	0	2	0	203.9	281224.7000	0.0007250429994
Q8IWT6	LRRC8A	erythrocytes	10	10	8	2	5	0	2	0	3	355.912	94197.2750	0.003778368323
Q8IWZ3	ANKHD1	erythrocytes	8	8	8	0	8	0	0	0	0	601.9	269453.5250	0.002233780389
Q8IXJ6	SIRT2	erythrocytes	9	9	9	0	9	0	0	0	0	681.88	43050.3350	0.01583913342
Q8IXQ3	C9orf40	erythrocytes	2	2	2	0	2	0	0	0	0	159.96	21062.9750	0.007594368792
Q8IY17	PNPLA6	erythrocytes	7	7	6	1	6	0	1	0	0	479.88	150951.6700	0.003179030745
Q8IY33	MICALL2	erythrocytes	13	13	13	0	13	0	0	0	0	1039.74	97500.5750	0.01066393711
Q8IYB7	DIS3L2	erythrocytes	4	4	4	0	4	0	0	0	0	281.98	99277.7200	0.002840315027
Q8IYS2	KIAA2013	erythrocytes	1	1	0	1	0	0	1	0	0	0	64735.7050	0
Q8IYT4	KATNAL2	erythrocytes	0	0	0	0	0	0	0	0	0	0	61251.8750	0
Q8IYU2	HACE1	erythrocytes	0	0	0	0	0	0	0	0	0	0	102340.3800	0
Q8IZ07	ANKRD13A	erythrocytes	2	2	2	0	2	0	0	0	0	159.96	67618.0550	0.00236564036
Q8IZ21	PHACTR4	erythrocytes	19	19	19	0	19	0	0	0	0	1519.62	78209.9350	0.01943001231
Q8IZ81	ELMOD2	erythrocytes	0	0	0	0	0	0	0	0	0	0	34960.1200	0
Q8IZ83	ALDH16A1	erythrocytes	0	0	0	0	0	0	0	0	0	0	85126.0550	0
Q8IZD9	DOCK3	erythrocytes	1	1	1	0	1	0	0	0	0	79.98	233099.5650	0.0003431151834
Q8IZN3	ZDHHC14	erythrocytes	1	1	1	0	1	0	0	0	0	79.98	53387.7650	0.001498096053
Q8IZQ1	WDFY3	erythrocytes	5	5	5	0	5	0	0	0	0	399.9	395252.4950	0.001011758319
Q8IZY2	ABCA7	erythrocytes	3	3	2	1	0	0	1	0	2	-4.032	234345.8750	-1.720533805e-05
Q8N0U8	VKORC1L1	erythrocytes	2	2	2	0	0	0	0	0	2	-4.032	19835.3650	-0.0002032732949
Q8N0W3	FCSK	erythrocytes	0	0	0	0	0	0	0	0	0	0	117620.9350	0
Q8N114	SHISA5	erythrocytes	0	0	0	0	0	0	0	0	0	0	22697.9150	0
Q8N122	RPTOR	erythrocytes	21	21	21	0	18	0	1	2	0	1568.85	149035.2700	0.01052670284
Q8N129	CNPY4	erythrocytes	3	3	3	0	0	0	0	0	3	-6.048	25973.5400	-0.0002328523567
Q8N138	ORMDL3	erythrocytes	1	1	1	0	1	0	0	0	0	16	17494.4100	0.0009145778566
Q8N1G4	LRRC47	erythrocytes	6	6	6	0	6	0	0	0	0	441.94	63340.8250	0.006977174674
Q8N1S5	SLC39A11	erythrocytes	0	0	0	0	0	0	0	0	0	0	35395.4850	0
Q8N2C3	DEPDC4	erythrocytes	0	0	0	0	0	0	0	0	0	0	33693.4250	0
Q8N2C7	UNC80	erythrocytes	3	3	3	0	3	0	0	0	0	239.94	363384.7150	0.0006602919443
Q8N2U9	SLC66A2	erythrocytes	1	1	1	0	1	0	0	0	0	79.98	30477.1000	0.002624265432
Q8N370	SLC43A2	erythrocytes	6	6	3	3	3	0	3	0	0	239.94	62746.0400	0.003823986342
Q8N3D4	EHBP1L1	erythrocytes	13	13	13	0	13	0	0	0	0	1039.74	161852.1400	0.006424011446
Q8N3F0	MTURN	erythrocytes	1	1	1	0	1	0	0	0	0	79.98	14925.1800	0.005358729342
Q8N3Y1	FBXW8	erythrocytes	3	3	3	0	3	0	0	0	0	202	67392.7650	0.00299735439
Q8N442	GUF1	erythrocytes	0	0	0	0	0	0	0	0	0	0	69280.0950	0
Q8N4A0	GALNT4	erythrocytes	6	6	5	1	0	0	1	0	5	-10.08	66664.9050	-0.0001512039956
Q8N4C8	MINK1	erythrocytes	12	12	12	0	12	0	0	0	0	827.86	149819.2950	0.005525723506
Q8N4P3	HDDC3	erythrocytes	4	4	4	0	4	0	0	0	0	168.16	20197.4850	0.008325789077
Q8N4S9	MARVELD2	erythrocytes	6	6	6	0	5	0	0	1	0	381.88	64167.2550	0.005951322057
Q8N4V1	MMGT1	erythrocytes	1	1	1	0	1	0	0	0	0	79.98	14685.5300	0.005446177292
Q8N5K1	CISD2	erythrocytes	0	0	0	0	0	0	0	0	0	0	15146.8150	0
Q8N5M9	JAGN1	erythrocytes	1	1	1	0	1	0	0	0	0	79.98	21124.6300	0.003786101816
Q8N720	ZNF655	erythrocytes	4	4	4	0	1	0	0	3	0	25.92	57406.1400	0.0004515196458
Q8N752	CSNK1A1L	erythrocytes	1	1	1	0	1	0	0	0	0	42.04	39085.4300	0.001075592619
Q8N766	EMC1	erythrocytes	5	5	2	3	0	0	3	0	2	-4.032	109300.7200	-3.688905251e-05
Q8N9B4	ANKRD42	erythrocytes	0	0	0	0	0	0	0	0	0	0	43050.9200	0
Q8N9F7	GDPD1	erythrocytes	0	0	0	0	0	0	0	0	0	0	36166.6150	0
Q8N9N7	LRRC57	erythrocytes	1	1	1	0	0	1	0	0	0	210.36	26622.5650	0.007901567711
Q8NA23	WDR31	erythrocytes	0	0	0	0	0	0	0	0	0	0	40839.4100	0
Q8NAA5	LRRC75A	erythrocytes	0	0	0	0	0	0	0	0	0	0	37779.5250	0
Q8NAT1	POMGNT2	erythrocytes	2	2	0	2	0	0	2	0	0	0	66614.2950	0
Q8NB15	ZNF511	erythrocytes	1	1	1	0	1	0	0	0	0	14.03	28264.7550	0.0004963779095
Q8NB25	FAM184A	erythrocytes	0	0	0	0	0	0	0	0	0	0	132962.5750	0
Q8NB37	GATD1	erythrocytes	1	1	0	1	0	0	1	0	0	0	19418.7950	0
Q8NB49	ATP11C	erythrocytes	4	4	4	0	4	0	0	0	0	319.92	129475.4750	0.002470892654
Q8NBF2	NHLRC2	erythrocytes	0	0	0	0	0	0	0	0	0	0	79442.4650	0
Q8NBI5	SLC43A3	erythrocytes	5	5	2	3	2	0	3	0	0	159.96	54528.0000	0.002933538732
Q8NBI6	XXYLT1	erythrocytes	2	2	2	0	0	0	0	0	2	-4.032	43806.0600	-9.204205993e-05
Q8NBJ5	COLGALT1	erythrocytes	3	3	0	3	0	0	3	0	0	0	68649.2800	0
Q8NBJ7	SUMF2	erythrocytes	2	2	1	1	0	0	1	0	1	-2.016	31220.4050	-6.457315336e-05
Q8NBK3	SUMF1	erythrocytes	4	4	3	1	0	0	1	0	3	-6.048	37351.8800	-0.0001619195607
Q8NBL1	POGLUT1	erythrocytes	8	8	4	4	0	0	4	0	4	-8.064	43491.3400	-0.0001854162231
Q8NBM8	PCYOX1L	erythrocytes	1	1	0	1	0	0	1	0	0	0	52698.2750	0
Q8NBP7	PCSK9	plasma	15	13	12	1	3	0	1	0	11	57.804	57290.0050	0.001008971809
Q8NBQ5	HSD17B11	erythrocytes	0	0	0	0	0	0	0	0	0	0	30810.6700	0
Q8NBS9	TXNDC5	erythrocytes	3	3	3	0	0	0	0	0	3	-6.048	44459.3150	-0.0001360344846
Q8NBX0	SCCPDH	erythrocytes	2	2	2	0	2	0	0	0	0	122.02	47019.5750	0.002595089386
Q8NC44	RETREG2	erythrocytes	10	10	10	0	10	0	0	0	0	799.8	57829.0400	0.01383042153
Q8NC51	SERBP1	erythrocytes	38	38	38	0	28	0	0	10	0	1435.9	44833.6900	0.0320272545
Q8NC56	LEMD2	erythrocytes	6	6	6	0	6	0	0	0	0	441.94	56842.9750	0.007774751409
Q8NC96	NECAP1	erythrocytes	2	2	2	0	2	0	0	0	0	94.01	29736.9800	0.00316138357
Q8NCD3	HJURP	erythrocytes	15	15	15	0	12	0	0	3	0	905.7	83537.8850	0.01084178753
Q8NCG7	DAGLB	erythrocytes	5	5	5	0	5	0	0	0	0	399.9	73730.9250	0.005423775709
Q8NCL4	GALNT6	erythrocytes	7	7	5	2	0	0	2	0	5	-10.08	71157.5350	-0.0001416575209
Q8NCT1	ARRDC4	erythrocytes	0	0	0	0	0	0	0	0	0	0	45478.6050	0
Q8NCW5	NAXE	erythrocytes	2	2	2	0	2	0	0	0	0	180.05	26531.1800	0.006786354772
Q8ND76	CCNY	erythrocytes	20	20	20	0	19	1	0	0	0	1729.98	39204.7750	0.04412676772
Q8NDC0	MAPK1IP1L	erythrocytes	4	4	4	0	4	0	0	0	0	281.98	24137.6550	0.01168216217
Q8NDH3	NPEPL1	erythrocytes	0	0	0	0	0	0	0	0	0	0	55860.1400	0
Q8NDI1	EHBP1	erythrocytes	19	19	19	0	19	0	0	0	0	1519.62	140015.2200	0.01085324867
Q8NE71	ABCF1	erythrocytes	9	9	9	0	9	0	0	0	0	719.82	95924.4900	0.007504027387
Q8NEB9	PIK3C3	erythrocytes	5	5	5	0	5	0	0	0	0	399.9	101548.0100	0.003938038766
Q8NEN9	PDZD8	erythrocytes	5	5	5	0	5	0	0	0	0	399.9	128561.4650	0.003110574386
Q8NEV8	EXPH5	erythrocytes	11	11	11	0	11	0	0	0	0	879.78	222516.8900	0.003953767285
Q8NEW0	SLC30A7	erythrocytes	0	0	0	0	0	0	0	0	0	0	41625.1850	0
Q8NEZ3	WDR19	erythrocytes	0	0	0	0	0	0	0	0	0	0	151578.8550	0
Q8NF67	ANKRD20A12P	erythrocytes	0	0	0	0	0	0	0	0	0	0	31170.1100	0
Q8NFU3	TSTD1	erythrocytes	0	0	0	0	0	0	0	0	0	0	12530.0400	0
Q8NG06	TRIM58	erythrocytes	0	0	0	0	0	0	0	0	0	0	54765.5850	0
Q8NGR2	OR1L6	erythrocytes	2	2	1	1	0	0	1	0	1	-2.016	39514.9200	-5.101870382e-05
Q8NH50	OR8K5	erythrocytes	3	3	1	2	0	0	2	0	1	-2.016	35189.4400	-5.728991425e-05
Q8NHG7	SVIP	erythrocytes	4	4	4	0	1	3	0	0	0	767.16	8311.3750	0.09230241687
Q8NHH9	ATL2	erythrocytes	2	2	2	0	2	0	0	0	0	94.01	66228.2500	0.001419484887
Q8NHJ6	LILRB4	erythrocytes	3	3	3	0	1	0	0	0	2	75.948	47099.9800	0.001612484761
Q8NHM5	KDM2B	erythrocytes	12	12	12	0	10	0	0	2	0	763.76	152612.6950	0.005004564004
Q8NHP6	MOSPD2	erythrocytes	0	0	0	0	0	0	0	0	0	0	59745.3750	0
Q8NHY3	GAS2L2	erythrocytes	0	0	0	0	0	0	0	0	0	0	96518.4150	0
Q8NI22	MCFD2	erythrocytes	1	1	1	0	1	0	0	0	0	79.98	13524.5650	0.00591368373
Q8TAC1	RFESD	erythrocytes	2	2	2	0	2	0	0	0	0	122.02	17761.8300	0.006869787629
Q8TAF3	WDR48	erythrocytes	4	4	4	0	4	0	0	0	0	244.04	76209.4400	0.003202227965
Q8TAT6	NPLOC4	erythrocytes	2	2	2	0	2	0	0	0	0	84.08	67988.1600	0.001236685917
Q8TAV4	STOML3	erythrocytes	2	2	2	0	2	0	0	0	0	159.96	32134.9900	0.004977751666
Q8TAX7	MUC7	erythrocytes	9	9	5	4	0	0	9	0	0	1015.95	36808.2200	0.02760117169
Q8TBC4	UBA3	erythrocytes	1	1	1	0	1	0	0	0	0	42.04	51720.5350	0.0008128299524
Q8TBE9	NANP	erythrocytes	0	0	0	0	0	0	0	0	0	0	27812.7850	0
Q8TBF2	PRXL2B	erythrocytes	1	1	1	0	1	0	0	0	0	79.98	21222.2550	0.003768685279
Q8TBN0	RAB3IL1	erythrocytes	2	2	2	0	2	0	0	0	0	159.96	42635.9250	0.003751765676
Q8TBQ9	TMEM167A	erythrocytes	1	1	0	1	0	0	1	0	0	0	5143.1950	0
Q8TBZ3	WDR20	erythrocytes	6	6	6	0	6	0	0	0	0	441.94	62761.1350	0.007041618989
Q8TC12	RDH11	erythrocytes	1	1	1	0	1	0	0	0	0	42.04	35385.6850	0.001188051044
Q8TCA0	LRRC20	erythrocytes	1	1	1	0	1	0	0	0	0	79.98	20508.5950	0.00389982834
Q8TCD5	NT5C	erythrocytes	1	1	1	0	1	0	0	0	0	79.98	23382.4000	0.003420521418
Q8TCT1	PHOSPHO1	erythrocytes	0	0	0	0	0	0	0	0	0	0	29712.4200	0
Q8TCT8	SPPL2A	erythrocytes	7	7	0	7	0	0	7	0	0	0	55521.4000	0
Q8TCT9	HM13	erythrocytes	3	3	1	2	1	0	2	0	0	79.98	41487.7500	0.001927797964
Q8TCU6	PREX1	erythrocytes	4	4	4	0	4	0	0	0	0	319.92	186200.7700	0.001718145419
Q8TDB8	SLC2A14	erythrocytes	1	1	0	1	0	0	1	0	0	0	56319.3850	0
Q8TDC3	BRSK1	erythrocytes	18	18	18	0	18	0	0	0	0	1043.94	85085.5050	0.01226930486
Q8TDQ7	GNPDA2	erythrocytes	1	1	1	0	1	0	0	0	0	79.98	31084.2850	0.002573004333
Q8TDW7	FAT3	erythrocytes	40	40	14	26	1	0	26	0	13	-12.178	498574.5000	-2.442563749e-05
Q8TEA8	DTD1	erythrocytes	3	3	3	0	3	0	0	0	0	239.94	23423.2500	0.01024366815
Q8TEB1	DCAF11	erythrocytes	2	2	2	0	2	0	0	0	0	159.96	61668.5850	0.002593865256
Q8TEB9	RHBDD1	erythrocytes	0	0	0	0	0	0	0	0	0	0	35822.4300	0
Q8TEH3	DENND1A	erythrocytes	9	9	9	0	9	0	0	0	0	719.82	110575.4500	0.006509763243
Q8TEQ6	GEMIN5	erythrocytes	9	9	9	0	8	0	0	1	0	621.82	168586.7850	0.003688426706
Q8TEX9	IPO4	erythrocytes	1	1	1	0	1	0	0	0	0	42.04	118713.2500	0.0003541306467
Q8TF05	PPP4R1	erythrocytes	1	1	1	0	1	0	0	0	0	79.98	107002.2850	0.0007474606734
Q8TF62	ATP8B4	erythrocytes	0	0	0	0	0	0	0	0	0	0	135866.2650	0
Q8TF66	LRRC15	erythrocytes	2	2	0	2	0	0	2	0	0	0	62128.3750	0
Q8TF71	SLC16A10	erythrocytes	5	5	5	0	5	0	0	0	0	399.9	55491.9900	0.007206445471
Q8TF72	SHROOM3	erythrocytes	12	12	12	0	12	0	0	0	0	959.76	216853.9750	0.004425835404
Q8WU76	SCFD2	erythrocytes	0	0	0	0	0	0	0	0	0	0	75126.0250	0
Q8WUA2	PPIL4	erythrocytes	11	11	11	0	4	0	0	7	0	193.78	57224.3850	0.003386318612
Q8WUD1	RAB2B	erythrocytes	3	3	3	0	1	2	0	0	0	624.94	24214.0150	0.02580902011
Q8WUM4	PDCD6IP	erythrocytes	8	8	8	0	8	0	0	0	0	498.01	95890.4700	0.005193529659
Q8WUR7	C15orf40	erythrocytes	1	1	1	0	1	0	0	0	0	79.98	16352.9400	0.004890863661
Q8WUX2	CHAC2	erythrocytes	0	0	0	0	0	0	0	0	0	0	20874.5050	0
Q8WUY1	THEM6	erythrocytes	1	1	1	0	1	0	0	0	0	79.98	22197.3700	0.00360312956
Q8WV19	SFT2D1	erythrocytes	1	1	1	0	1	0	0	0	0	79.98	17804.1600	0.004492208562
Q8WVJ2	NUDCD2	erythrocytes	3	3	3	0	3	0	0	0	0	202	17544.4450	0.01151361585
Q8WVM8	SCFD1	erythrocytes	4	4	4	0	4	0	0	0	0	281.98	72247.5900	0.003902967559
Q8WVT3	TRAPPC12	erythrocytes	2	2	2	0	2	0	0	0	0	159.96	79373.8900	0.002015272277
Q8WVV4	POF1B	erythrocytes	0	0	0	0	0	0	0	0	0	0	68063.9400	0
Q8WW12	PCNP	erythrocytes	10	10	10	0	10	0	0	0	0	648.04	18793.4500	0.03448222652
Q8WW22	DNAJA4	erythrocytes	3	3	3	0	2	1	0	0	0	298.37	44496.8950	0.006705411692
Q8WWI1	LMO7	erythrocytes	47	47	47	0	46	0	0	1	0	3623.12	192692.6700	0.01880258341
Q8WWI5	SLC44A1	erythrocytes	2	2	2	0	1	1	0	0	0	290.34	73169.9550	0.003968022121
Q8WXC6	COPS9	erythrocytes	1	1	1	0	1	0	0	0	0	79.98	6210.6400	0.01287789986
Q8WXG9	ADGRV1	erythrocytes	2	2	2	0	0	0	0	0	2	-4.032	690069.7100	-5.84288796e-06
Q8WXX5	DNAJC9	erythrocytes	2	2	2	0	2	0	0	0	0	159.96	29909.3150	0.005348166616
Q8WYN0	ATG4A	erythrocytes	0	0	0	0	0	0	0	0	0	0	45377.2350	0
Q8WZ42	TTN	erythrocytes	61	61	61	0	15	0	0	0	46	1106.964	3815987.0450	0.0002900858905
Q8WZ73	RFFL	erythrocytes	4	4	4	0	4	0	0	0	0	319.92	40513.5300	0.007896621203
Q8WZA0	LZIC	erythrocytes	0	0	0	0	0	0	0	0	0	0	21494.1850	0
Q8WZA9	IRGQ	erythrocytes	2	2	2	0	1	0	0	0	1	77.964	62716.2100	0.001243123588
Q92482	AQP3	erythrocytes	1	1	0	1	0	0	1	0	0	0	31543.4050	0
Q92485	SMPDL3B	erythrocytes	6	6	3	3	0	0	3	0	3	-6.048	48771.6500	-0.0001240064669
Q92504	SLC39A7	erythrocytes	3	3	3	0	3	0	0	0	0	173.99	50117.2100	0.003471661731
Q92508	PIEZO1	erythrocytes	10	10	8	2	7	0	2	0	1	557.844	286784.8900	0.001945165242
Q92526	CCT6B	erythrocytes	0	0	0	0	0	0	0	0	0	0	57820.7350	0
Q92530	PSMF1	erythrocytes	6	6	6	0	6	0	0	0	0	258.11	29685.0850	0.008694938889
Q92538	GBF1	erythrocytes	13	13	13	0	13	0	0	0	0	1039.74	206570.8050	0.005033334696
Q92539	LPIN2	erythrocytes	7	7	7	0	7	0	0	0	0	559.86	99397.8050	0.005632518746
Q92542	NCSTN	erythrocytes	21	21	5	16	0	0	16	0	5	-10.08	75250.0450	-0.0001339534083
Q92544	TM9SF4	erythrocytes	1	1	1	0	1	0	0	0	0	79.98	71917.6700	0.001112104995
Q92562	FIG4	erythrocytes	0	0	0	0	0	0	0	0	0	0	103633.4400	0
Q92581	SLC9A6	erythrocytes	2	2	1	1	0	0	1	1	0	-18.02	77915.7200	-0.0002312755372
Q92598	HSPH1	erythrocytes	8	8	8	0	8	0	0	0	0	563.96	96732.6900	0.005830087016
Q92599	SEPTIN8	erythrocytes	2	2	2	0	2	0	0	0	0	122.02	55624.2950	0.00219364578
Q92609	TBC1D5	erythrocytes	13	13	13	0	13	0	0	0	0	1039.74	89002.9200	0.01168208863
Q92614	MYO18A	erythrocytes	39	39	39	0	39	0	0	0	0	3119.22	233111.1850	0.01338082512
Q92619	ARHGAP45	erythrocytes	13	13	13	0	13	0	0	0	0	1039.74	124612.4150	0.008343791427
Q92620	DHX38	erythrocytes	11	11	11	0	7	0	0	4	0	411.9	140369.4750	0.002934398665
Q92643	PIGK	erythrocytes	2	2	1	1	0	0	0	0	2	-2.016	42604.0350	-4.731946164e-05
Q92685	ALG3	erythrocytes	1	1	1	0	1	0	0	0	0	79.98	50125.5550	0.001595593306
Q92688	ANP32B	erythrocytes	3	3	3	0	3	0	0	0	0	202	28787.3900	0.007016961246
Q92696	RABGGTA	erythrocytes	1	1	1	0	1	0	0	0	0	79.98	65070.6200	0.00122912614
Q92734	TFG	erythrocytes	5	5	5	0	5	0	0	0	0	230.06	43447.1450	0.005295169568
Q92738	USP6NL	erythrocytes	15	15	15	0	15	0	0	0	0	1161.76	94102.5750	0.01234567704
Q92747	ARPC1A	erythrocytes	0	0	0	0	0	0	0	0	0	0	41568.6950	0
Q92750	TAF4B	erythrocytes	1	1	1	0	1	0	0	0	0	79.98	91089.2550	0.0008780398961
Q92783	STAM	erythrocytes	5	5	5	0	4	0	0	1	0	301.9	59047.4400	0.005112838084
Q92796	DLG3	erythrocytes	4	4	4	0	4	0	0	0	0	244.04	90312.7600	0.002702165231
Q92797	SYMPK	erythrocytes	11	11	11	0	7	0	0	4	0	487.78	141146.1050	0.003455851651
Q92800	EZH1	erythrocytes	1	1	1	0	0	0	0	1	0	-18.02	85270.1200	-0.0002113284231
Q92804	TAF15	erythrocytes	23	23	23	0	21	0	0	2	0	964.27	61829.5650	0.01559561352
Q92817	EVPL	erythrocytes	3	3	3	0	3	0	0	0	0	239.94	231599.9700	0.001036010497
Q92820	GGH	plasma	4	4	0	4	0	0	4	0	0	0	33647.0750	0
Q92835	INPP5D	erythrocytes	8	8	8	0	8	0	0	0	0	639.84	133290.5300	0.004800341029
Q92841	DDX17	erythrocytes	10	10	10	0	6	0	0	4	0	228.03	80271.3700	0.002840738859
Q92878	RAD50	erythrocytes	3	3	3	0	3	0	0	0	0	202	153889.9250	0.001312626541
Q92882	OSTF1	erythrocytes	4	4	4	0	4	0	0	0	0	281.98	23655.2600	0.01192039318
Q92890	UFD1	erythrocytes	6	6	6	0	6	0	0	0	0	441.94	34499.9500	0.01280987364
Q92905	COPS5	erythrocytes	1	1	1	0	1	0	0	0	0	42.04	37447.0700	0.001122651251
Q92930	RAB8B	erythrocytes	4	4	4	0	3	1	0	0	0	446.47	23270.4250	0.01918615582
Q92954	PRG4	plasma	118	118	15	103	0	0	103	0	15	-30.24	148314.1450	-0.0002038915439
Q92973	TNPO1	erythrocytes	1	1	1	0	1	0	0	0	0	42.04	102353.3850	0.0004107338512
Q92985	IRF7	erythrocytes	12	12	12	0	9	0	0	3	0	627.82	54276.6900	0.01156702813
Q92990	GLMN	erythrocytes	1	1	1	0	1	0	0	0	0	42.04	68076.0200	0.0006175449152
Q93008	USP9X	erythrocytes	7	7	7	0	7	0	0	0	0	559.86	290458.2350	0.001927506032
Q93009	USP7	erythrocytes	9	9	9	0	6	0	0	3	0	312	128300.3450	0.002431793929
Q93034	CUL5	erythrocytes	3	3	3	0	2	0	0	1	0	141.94	90953.9950	0.001560569165
Q93045	STMN2	erythrocytes	7	7	7	0	5	2	0	0	0	876.72	20827.7500	0.04209384115
Q93050	ATP6V0A1	erythrocytes	4	4	3	1	3	0	1	0	0	239.94	96411.4400	0.002488708809
Q93070	ART4	erythrocytes	8	8	2	6	0	1	5	0	2	-4.032	27765.2300	-0.0001452175977
Q93084	ATP2A3	erythrocytes	6	6	6	0	6	0	0	0	0	441.94	109254.7500	0.00404504152
Q93100	PHKB	erythrocytes	9	9	9	0	8	1	0	0	0	730.38	124751.2750	0.005854689661
Q969E2	SCAMP4	erythrocytes	1	1	1	0	1	0	0	0	0	79.98	25727.5900	0.003108724914
Q969G3	SMARCE1	erythrocytes	10	10	10	0	3	0	0	7	0	-18.1	46648.7800	-0.00038800586
Q969H8	MYDGF	erythrocytes	0	0	0	0	0	0	0	0	0	0	15834.5750	0
Q969M3	YIPF5	erythrocytes	0	0	0	0	0	0	0	0	0	0	27988.8800	0
Q969R2	OSBP2	erythrocytes	2	2	2	0	2	0	0	0	0	159.96	101264.2650	0.0015796293
Q969T9	WBP2	erythrocytes	2	2	2	0	2	0	0	0	0	159.96	28086.7200	0.005695218238
Q969U7	PSMG2	erythrocytes	1	1	1	0	1	0	0	0	0	79.98	29395.6850	0.002720807493
Q969V3	NCLN	erythrocytes	2	2	0	2	0	0	2	0	0	0	58614.0800	0
Q969V4	TEKT1	erythrocytes	0	0	0	0	0	0	0	0	0	0	48282.3150	0
Q969X1	TMBIM1	erythrocytes	2	2	2	0	2	0	0	0	0	159.96	34607.0200	0.004622183592
Q969X5	ERGIC1	erythrocytes	1	1	0	1	0	0	1	0	0	0	32591.8450	0
Q969Z3	MTARC2	erythrocytes	10	10	10	0	1	0	0	9	0	-120.14	34552.8450	-0.003476992994
Q96A33	CCDC47	erythrocytes	1	1	0	1	0	0	1	0	0	0	53705.5600	0
Q96A49	SYAP1	erythrocytes	3	3	3	0	3	0	0	0	0	239.94	39932.7850	0.006008596696
Q96A65	EXOC4	erythrocytes	7	7	7	0	7	0	0	0	0	483.98	110365.1000	0.004385263095
Q96AA3	RFT1	erythrocytes	0	0	0	0	0	0	0	0	0	0	60334.3900	0
Q96AB3	ISOC2	erythrocytes	2	2	2	0	2	0	0	0	0	159.96	22336.8100	0.007161273253
Q96AG4	LRRC59	erythrocytes	6	6	6	0	6	0	0	0	0	386.15	34929.9200	0.0110549924
Q96AJ1	IFT38	erythrocytes	4	4	4	0	4	0	0	0	0	319.92	48124.3700	0.006647775337
Q96AJ9	VTI1A	erythrocytes	0	0	0	0	0	0	0	0	0	0	25217.3500	0
Q96AT9	RPE	erythrocytes	1	1	1	0	1	0	0	0	0	42.04	24796.2200	0.001695419705
Q96AY4	TTC28	erythrocytes	8	8	8	0	8	0	0	0	0	601.9	270879.8000	0.00222201877
Q96AZ6	ISG20	erythrocytes	0	0	0	0	0	0	0	0	0	0	20363.1700	0
Q96B36	AKT1S1	erythrocytes	11	11	11	0	11	0	0	0	0	813.83	27382.8850	0.02972038921
Q96BI3	APH1A	erythrocytes	0	0	0	0	0	0	0	0	0	0	28995.5800	0
Q96BJ3	AIDA	erythrocytes	1	1	1	0	1	0	0	0	0	79.98	35022.6350	0.002283665978
Q96BM9	ARL8A	erythrocytes	0	0	0	0	0	0	0	0	0	0	21415.5950	0
Q96BN8	OTULIN	erythrocytes	1	1	1	0	1	0	0	0	0	79.98	40262.3750	0.001986469998
Q96BT3	CENPT	erythrocytes	9	9	9	0	9	0	0	0	0	719.82	60421.6800	0.01191327351
Q96BW5	PTER	erythrocytes	0	0	0	0	0	0	0	0	0	0	39017.3600	0
Q96CD2	PPCDC	erythrocytes	0	0	0	0	0	0	0	0	0	0	22394.8550	0
Q96CN7	ISOC1	erythrocytes	2	2	2	0	2	0	0	0	0	180.05	32236.2950	0.005585319281
Q96CP7	TLCD1	erythrocytes	0	0	0	0	0	0	0	0	0	0	24638.6550	0
Q96CS3	FAF2	erythrocytes	2	2	2	0	2	0	0	0	0	84.08	52491.4050	0.001601786045
Q96CT7	CCDC124	erythrocytes	2	2	2	0	2	0	0	0	0	159.96	25834.8200	0.006191643681
Q96CV9	OPTN	erythrocytes;plasma	4	4	4	0	4	0	0	0	0	319.92	65921.0600	0.004853077302
Q96CW1	AP2M1	erythrocytes	2	2	2	0	2	0	0	0	0	159.96	49654.0800	0.003221487539
Q96D71	REPS1	erythrocytes	18	18	18	0	18	0	0	0	0	1439.64	86660.6350	0.01661238693
Q96DD7	SHISA4	erythrocytes	0	0	0	0	0	0	0	0	0	0	18873.6050	0
Q96DG6	CMBL	erythrocytes	3	3	3	0	3	0	0	0	0	164.06	27916.6250	0.005876784891
Q96DT5	DNAH11	erythrocytes	0	0	0	0	0	0	0	0	0	0	520361.4350	0
Q96DX4	RSPRY1	erythrocytes	2	2	1	1	1	0	1	0	0	79.98	62443.1850	0.001280844339
Q96DY2	DRC10	erythrocytes	0	0	0	0	0	0	0	0	0	0	52358.5900	0
Q96EC8	YIPF6	erythrocytes	2	2	2	0	2	0	0	0	0	122.02	26124.2900	0.004670748947
Q96EK7	FAM120B	erythrocytes	1	1	1	0	1	0	0	0	0	14.03	103782.0450	0.0001351871607
Q96EP5	DAZAP1	erythrocytes	3	3	3	0	3	0	0	0	0	98.11	43382.9100	0.002261489605
Q96F05	C11orf24	erythrocytes	1	1	0	1	0	0	1	0	0	0	43813.4200	0
Q96F24	NRBF2	erythrocytes	2	2	2	0	2	0	0	0	0	159.96	32377.0900	0.00494053048
Q96F85	CNRIP1	erythrocytes	0	0	0	0	0	0	0	0	0	0	18648.1150	0
Q96FJ2	DYNLL2	erythrocytes	0	0	0	0	0	0	0	0	0	0	10349.7100	0
Q96FN9	DTD2	erythrocytes	0	0	0	0	0	0	0	0	0	0	18660.2650	0
Q96FV2	SCRN2	erythrocytes	1	1	1	0	1	0	0	0	0	79.98	46595.7500	0.001716465557
Q96FW1	OTUB1	erythrocytes	3	3	3	0	3	0	0	0	0	202	31152.3750	0.006484256818
Q96FZ7	CHMP6	erythrocytes	3	3	3	0	2	1	0	0	0	370.32	23353.2250	0.01585733876
Q96G03	PGM2	erythrocytes	2	2	2	0	2	0	0	0	0	122.02	68151.1700	0.001790431478
Q96G21	IMP4	erythrocytes	0	0	0	0	0	0	0	0	0	0	33756.0700	0
Q96GD0	PDXP	erythrocytes	0	0	0	0	0	0	0	0	0	0	31697.6650	0
Q96GG9	DCUN1D1	erythrocytes	1	1	1	0	1	0	0	0	0	42.04	30123.8800	0.001395570557
Q96GK7	FAHD2A	erythrocytes	0	0	0	0	0	0	0	0	0	0	25293.1050	0
Q96GX9	APIP	erythrocytes	1	1	1	0	1	0	0	0	0	79.98	27124.9950	0.002948571972
Q96GZ6	SLC41A3	erythrocytes	0	0	0	0	0	0	0	0	0	0	54765.8200	0
Q96H79	ZC3HAV1L	erythrocytes	1	1	1	0	1	0	0	0	0	42.04	32830.4100	0.001280520103
Q96HI0	SENP5	erythrocytes	0	0	0	0	0	0	0	0	0	0	86691.8900	0
Q96HR9	REEP6	erythrocytes	0	0	0	0	0	0	0	0	0	0	23417.9400	0
Q96HY6	DDRGK1	erythrocytes	3	3	3	0	2	0	0	1	0	141.94	35610.2750	0.003985928219
Q96IG2	FBXL20	erythrocytes	2	2	2	0	2	0	0	0	0	159.96	48422.5250	0.00330342129
Q96IJ6	GMPPA	erythrocytes	0	0	0	0	0	0	0	0	0	0	46290.4050	0
Q96IK0	TMEM101	erythrocytes	0	0	0	0	0	0	0	0	0	0	28794.6200	0
Q96IU4	ABHD14B	erythrocytes	2	2	2	0	2	0	0	0	0	122.02	22214.0800	0.005492912603
Q96IV0	NGLY1	erythrocytes	2	2	2	0	2	0	0	0	0	122.02	74257.8300	0.001643193721
Q96IW7	SEC22A	erythrocytes	3	3	3	0	3	0	0	0	0	202	34815.8750	0.005801950978
Q96IY4	CPB2	plasma	8	4	3	1	0	0	5	0	3	-6.048	35800.0000	-0.0001689385475
Q96J92	WNK4	erythrocytes	20	20	20	0	6	0	0	14	0	227.6	134737.1100	0.001689215391
Q96JC1	VPS39	erythrocytes	0	0	0	0	0	0	0	0	0	0	101807.5250	0
Q96JF6	ZNF594	erythrocytes	0	0	0	0	0	0	0	0	0	0	93905.7500	0
Q96JH7	VCPIP1	erythrocytes	10	10	10	0	10	0	0	0	0	761.86	134318.6650	0.005672033742
Q96JJ7	TMX3	erythrocytes	3	3	1	2	0	0	2	0	1	-2.016	49222.0950	-4.095721647e-05
Q96K17	BTF3L4	erythrocytes	2	2	2	0	2	0	0	0	0	94.01	17270.2750	0.005443457038
Q96K31	C8orf76	erythrocytes	0	0	0	0	0	0	0	0	0	0	43272.4250	0
Q96K76	USP47	erythrocytes	7	7	7	0	7	0	0	0	0	521.92	157309.1200	0.003317798739
Q96KG9	SCYL1	erythrocytes	1	1	1	0	1	0	0	0	0	79.98	89630.0050	0.0008923351059
Q96KN2	CNDP1	plasma	4	4	1	3	1	0	3	0	0	79.98	53949.8050	0.00148248914
Q96KP1	EXOC2	erythrocytes	6	6	6	0	6	0	0	0	0	441.94	104064.6950	0.004246781293
Q96KP4	CNDP2	erythrocytes	4	4	4	0	4	0	0	0	0	244.04	52746.6250	0.004626646729
Q96L94	SNX22	erythrocytes	0	0	0	0	0	0	0	0	0	0	22068.0500	0
Q96LD8	SENP8	erythrocytes	1	1	1	0	1	0	0	0	0	42.04	24106.9250	0.001743897241
Q96M27	PRRC1	erythrocytes	2	2	2	0	2	0	0	0	0	159.96	46700.5500	0.003425227326
Q96MC5	BMERB1	erythrocytes	0	0	0	0	0	0	0	0	0	0	23731.2950	0
Q96MN5	TCEANC2	erythrocytes	1	1	1	0	1	0	0	0	0	42.04	24149.6950	0.001740808735
Q96MV1	TLCD4	erythrocytes	1	1	1	0	1	0	0	0	0	42.04	30040.3600	0.001399450606
Q96N06	SPATA33	erythrocytes	1	1	1	0	1	0	0	0	0	79.98	15460.9900	0.005173019322
Q96N21	TEPSIN	erythrocytes	2	2	2	0	2	0	0	0	0	159.96	55136.0400	0.002901187681
Q96NA2	RILP	erythrocytes	3	3	3	0	3	0	0	0	0	239.94	44199.5500	0.005428562055
Q96NT3	GUCD1	erythrocytes	0	0	0	0	0	0	0	0	0	0	27206.6750	0
Q96NW7	LRRC7	erythrocytes	14	14	14	0	14	0	0	0	0	1053.77	177130.3900	0.005949120306
Q96P70	IPO9	erythrocytes	1	1	1	0	1	0	0	0	0	42.04	115829.7450	0.0003629464953
Q96PD5	PGLYRP2	plasma	7	7	4	3	3	0	3	0	1	79.924	59979.3000	0.001332526388
Q96PL5	ERMAP	erythrocytes	3	3	2	1	1	0	1	0	1	77.964	49573.4050	0.001572698103
Q96PU5	NEDD4L	erythrocytes	13	13	13	0	13	0	0	0	0	1001.8	111798.9450	0.008960728565
Q96Q45	TMEM237	erythrocytes	2	2	2	0	2	0	0	0	0	159.96	45525.1050	0.003513665702
Q96QK1	VPS35	erythrocytes	3	3	3	0	3	0	0	0	0	239.94	91705.5850	0.002616416437
Q96QR8	PURB	erythrocytes	11	11	11	0	11	0	0	0	0	606.05	33109.2700	0.0183045413
Q96QU8	XPO6	erythrocytes	6	6	6	0	6	0	0	0	0	441.94	128749.7150	0.003432551288
Q96RD7	PANX1	erythrocytes	6	6	5	1	3	0	1	0	2	133.948	48049.3950	0.002787714601
Q96RL7	VPS13A	erythrocytes	2	2	2	0	2	0	0	0	0	159.96	360271.1050	0.0004439989713
Q96RQ1	ERGIC2	erythrocytes	0	0	0	0	0	0	0	0	0	0	42548.0600	0
Q96RS6	NUDCD1	erythrocytes	2	2	2	0	2	0	0	0	0	159.96	66754.8400	0.002396230745
Q96RT1	ERBIN	erythrocytes	21	21	21	0	21	0	0	0	0	1679.58	158295.6650	0.01061039795
Q96S52	PIGS	erythrocytes	2	2	0	2	0	0	2	0	0	0	61523.9150	0
Q96S97	MYADM	erythrocytes	1	1	1	0	1	0	0	0	0	79.98	35273.0350	0.002267454445
Q96S99	PLEKHF1	erythrocytes	0	0	0	0	0	0	0	0	0	0	31194.0600	0
Q96T51	RUFY1	erythrocytes	3	3	3	0	3	0	0	0	0	239.94	79816.6550	0.003006139508
Q96T66	NMNAT3	erythrocytes	0	0	0	0	0	0	0	0	0	0	28321.2150	0
Q96T76	MMS19	erythrocytes	3	3	3	0	3	0	0	0	0	164.06	113156.3700	0.001449852094
Q96TA1	NIBAN2	erythrocytes	15	15	15	0	14	1	0	0	0	1330.08	84005.3800	0.01583327163
Q96TC7	RMDN3	erythrocytes	9	9	9	0	9	0	0	0	0	719.82	52117.4750	0.01381149029
Q99436	PSMB7	erythrocytes	0	0	0	0	0	0	0	0	0	0	25294.7350	0
Q99442	SEC62	erythrocytes	6	6	6	0	6	0	0	0	0	479.88	45861.3400	0.01046371519
Q99460	PSMD1	erythrocytes	9	9	9	0	9	0	0	0	0	606	105834.8600	0.005725901655
Q99471	PFDN5	erythrocytes	3	3	3	0	3	0	0	0	0	164.06	17196.7100	0.009540196933
Q99497	PARK7	erythrocytes	9	9	9	0	5	3	0	1	0	993.34	19759.6450	0.05027114607
Q99536	VAT1	erythrocytes	6	6	6	0	6	0	0	0	0	441.94	41788.5450	0.01057562545
Q99547	MPHOSPH6	erythrocytes	7	7	7	0	2	0	0	5	0	69.86	19023.4750	0.003672304876
Q99549	MPHOSPH8	erythrocytes	22	22	21	1	21	0	0	0	1	1641.64	97181.0050	0.01689260159
Q99570	PIK3R4	erythrocytes	6	6	6	0	5	1	0	0	0	610.26	152969.8200	0.003989414383
Q99572	P2RX7	erythrocytes	19	19	14	5	4	5	5	0	5	2424.53	68584.1600	0.03535116563
Q99575	POP1	erythrocytes	4	4	4	0	4	0	0	0	0	319.92	114707.0450	0.002789017885
Q99598	TSNAX	erythrocytes	1	1	1	0	0	0	0	1	0	-18.02	33112.0250	-0.0005442131673
Q99613	EIF3C	erythrocytes	15	15	15	0	15	0	0	0	0	1123.82	105342.3000	0.01066826906
Q99618	CDCA3	erythrocytes	13	13	13	0	13	0	0	0	0	1039.74	28997.8850	0.03585571844
Q99623	PHB2	erythrocytes	8	8	8	0	8	0	0	0	0	412.2	33164.6150	0.01242890955
Q99627	COPS8	erythrocytes	1	1	1	0	1	0	0	0	0	79.98	23094.0350	0.003463231956
Q99698	LYST	erythrocytes	10	10	10	0	10	0	0	0	0	799.8	429132.0700	0.001863761895
Q99712	KCNJ15	erythrocytes	0	0	0	0	0	0	0	0	0	0	42576.7600	0
Q99720	SIGMAR1	erythrocytes	0	0	0	0	0	0	0	0	0	0	25127.2500	0
Q99729	HNRNPAB	erythrocytes	21	21	21	0	19	0	0	2	0	648.43	36224.5950	0.01790026914
Q99733	NAP1L4	erythrocytes	12	12	12	0	12	0	0	0	0	845.94	42691.7250	0.01981508126
Q99735	MGST2	erythrocytes	0	0	0	0	0	0	0	0	0	0	16620.3200	0
Q99741	CDC6	erythrocytes	7	7	7	0	7	0	0	0	0	559.86	62719.3850	0.008926426814
Q99747	NAPG	erythrocytes	3	3	3	0	3	0	0	0	0	239.94	34745.8250	0.006905577864
Q99755	PIP5K1A	erythrocytes	2	2	2	0	1	0	0	1	0	61.96	62632.4150	0.0009892641055
Q99784	OLFM1	plasma	10	10	1	9	0	0	8	0	2	-2.016	53700.7900	-3.754134716e-05
Q99805	TM9SF2	erythrocytes	0	0	0	0	0	0	0	0	0	0	72712.8600	0
Q99808	SLC29A1	erythrocytes	4	4	3	1	3	0	1	0	0	239.94	50087.4600	0.004790420596
Q99816	TSG101	erythrocytes	2	2	2	0	2	0	0	0	0	122.02	43812.5400	0.002785047386
Q99828	CIB1	erythrocytes	2	2	2	0	1	1	0	0	0	290.34	21571.7950	0.01345924157
Q99829	CPNE1	erythrocytes	1	1	1	0	1	0	0	0	0	42.04	59057.9300	0.0007118434391
Q99832	CCT7	erythrocytes	7	7	7	0	6	0	0	1	0	206.21	59365.8200	0.003473547573
Q99873	PRMT1	erythrocytes	6	6	6	0	5	0	0	1	0	326.09	42461.1800	0.00767972063
Q99880	H2BC13	erythrocytes	96	96	83	13	91	0	1	4	0	7015.22	13820.8400	0.5075827518
Q99933	BAG1	erythrocytes	1	1	1	0	1	0	0	0	0	79.98	38778.2100	0.002062498501
Q99943	AGPAT1	erythrocytes	0	0	0	0	0	0	0	0	0	0	28591.1800	0
Q99952	PTPN18	erythrocytes	3	3	3	0	3	0	0	0	0	239.94	50481.7050	0.004753009036
Q99963	SH3GL3	erythrocytes	1	1	1	0	1	0	0	0	0	79.98	39284.2200	0.002035931985
Q99969	RARRES2	erythrocytes;plasma	3	3	3	0	0	0	0	0	3	-6.048	15876.9300	-0.0003809300665
Q99973	TEP1	erythrocytes	0	0	0	0	0	0	0	0	0	0	290484.8200	0
Q9BPX3	NCAPG	erythrocytes	7	7	7	0	7	0	0	0	0	559.86	114332.3500	0.004896776809
Q9BPY8	HOPX	erythrocytes	0	0	0	0	0	0	0	0	0	0	8260.0200	0
Q9BPZ7	MAPKAP1	erythrocytes	8	8	8	0	8	0	0	0	0	601.9	58990.7000	0.01020330323
Q9BQA1	WDR77	erythrocytes	1	1	1	0	1	0	0	0	0	79.98	36723.7850	0.002177880085
Q9BRA2	TXNDC17	erythrocytes	2	2	2	0	1	0	0	0	1	40.024	13809.4950	0.002898295702
Q9BRB3	PIGQ	erythrocytes	0	0	0	0	0	0	0	0	0	0	83949.4200	0
Q9BRF8	CPPED1	erythrocytes	2	2	2	0	2	0	0	0	0	159.96	35547.7550	0.004499862228
Q9BRG1	VPS25	erythrocytes	0	0	0	0	0	0	0	0	0	0	20747.3850	0
Q9BRP4	PAAF1	erythrocytes	1	1	1	0	1	0	0	0	0	42.04	42058.2600	0.0009995658403
Q9BRP8	PYM1	erythrocytes	5	5	5	0	5	0	0	0	0	361.96	22655.2150	0.01597689539
Q9BRR6	ADPGK	erythrocytes	0	0	0	0	0	0	0	0	0	0	51789.1300	0
Q9BRT2	UQCC2	erythrocytes	0	0	0	0	0	0	0	0	0	0	13277.6300	0
Q9BRZ2	TRIM56	erythrocytes	3	3	3	0	3	0	0	0	0	239.94	81486.5900	0.002944533573
Q9BS26	ERP44	erythrocytes	3	3	2	1	0	0	0	0	3	-4.032	43717.5400	-9.222842822e-05
Q9BS40	LXN	erythrocytes	1	1	1	0	1	0	0	0	0	42.04	25749.8250	0.001632632455
Q9BSF0	AKAP19	erythrocytes	5	5	5	0	3	2	0	0	0	688.71	10839.1250	0.0635392617
Q9BSJ5	MTNAP1	erythrocytes	0	0	0	0	0	0	0	0	0	0	67314.3700	0
Q9BSJ8	ESYT1	erythrocytes	10	10	10	0	10	0	0	0	0	723.92	122854.3950	0.005892503886
Q9BSL1	UBAC1	erythrocytes	2	2	2	0	2	0	0	0	0	84.08	45337.6600	0.001854528884
Q9BSQ5	CCM2	erythrocytes	7	7	7	0	7	0	0	0	0	559.86	48835.9550	0.01146409444
Q9BT09	CNPY3	erythrocytes	4	4	3	1	0	0	1	0	3	-6.048	27466.5150	-0.0002201953906
Q9BT73	PSMG3	erythrocytes	1	1	1	0	1	0	0	0	0	42.04	13104.3550	0.003208093798
Q9BT78	COPS4	erythrocytes	2	2	2	0	2	0	0	0	0	84.08	46136.7500	0.001822408384
Q9BTC8	MTA3	erythrocytes	4	4	4	0	4	0	0	0	0	319.92	67502.6850	0.004739367034
Q9BTE1	DCTN5	erythrocytes	1	1	1	0	1	0	0	0	0	42.04	20126.3850	0.002088800348
Q9BTM9	URM1	erythrocytes	3	3	3	0	2	0	0	1	0	327.25	11379.8600	0.02875694429
Q9BTU6	PI4K2A	erythrocytes	11	11	11	0	7	4	0	0	0	1475.56	54021.4700	0.02731432521
Q9BTV4	TMEM43	erythrocytes	1	1	1	0	1	0	0	0	0	42.04	44743.6800	0.0009395740359
Q9BTW9	TBCD	erythrocytes	0	0	0	0	0	0	0	0	0	0	132597.7450	0
Q9BTX7	TTPAL	erythrocytes	0	0	0	0	0	0	0	0	0	0	38514.5650	0
Q9BTY2	FUCA2	plasma	4	4	1	3	1	0	3	0	0	79.98	50950.9200	0.001569745944
Q9BTY7	HGH1	erythrocytes	4	4	4	0	4	0	0	0	0	281.98	41997.2400	0.006714250746
Q9BUB5	MKNK1	erythrocytes	7	7	7	0	7	0	0	0	0	559.86	51341.6600	0.01090459483
Q9BUF5	TUBB6	erythrocytes	2	2	1	1	2	0	0	0	0	79.98	49856.5050	0.001604203905
Q9BUH6	PAXX	erythrocytes	4	4	4	0	4	0	0	0	0	319.92	21639.2250	0.0147842633
Q9BUK6	MSTO1	erythrocytes	1	1	1	0	1	0	0	0	0	79.98	61834.4050	0.001293454671
Q9BUL8	PDCD10	erythrocytes	2	2	2	0	1	0	0	1	0	24.02	24701.2450	0.0009724206209
Q9BUN8	DERL1	erythrocytes	4	4	4	0	4	0	0	0	0	281.98	28669.1750	0.009835651008
Q9BUP3	HTATIP2	erythrocytes	2	2	1	1	1	0	0	0	1	42.04	26917.4700	0.001561810973
Q9BV20	MRI1	erythrocytes	1	1	1	0	1	0	0	0	0	42.04	39149.2300	0.001073839766
Q9BV40	VAMP8	erythrocytes	9	9	9	0	7	2	0	0	0	1054.86	11438.1250	0.0922231572
Q9BV73	CEP250	erythrocytes	7	7	7	0	7	0	0	0	0	559.86	281131.2850	0.001991453922
Q9BV81	EMC6	erythrocytes	1	1	1	0	1	0	0	0	0	42.04	11885.9400	0.003536952063
Q9BV86	NTMT1	erythrocytes	2	2	2	0	2	0	0	0	0	84.08	25386.6900	0.003311971746
Q9BVA0	KATNB1	erythrocytes	1	1	1	0	1	0	0	0	0	79.98	72332.5500	0.00110572626
Q9BVC4	MLST8	erythrocytes	12	12	12	0	4	0	0	8	0	99.88	35875.6350	0.002784062219
Q9BVC6	TMEM109	erythrocytes	0	0	0	0	0	0	0	0	0	0	22751.2350	0
Q9BVK6	TMED9	erythrocytes	2	2	1	1	1	0	1	0	0	42.04	23321.1550	0.001802655143
Q9BVM2	DPCD	erythrocytes	0	0	0	0	0	0	0	0	0	0	23239.4200	0
Q9BVM4	GGACT	erythrocytes	0	0	0	0	0	0	0	0	0	0	17328.3200	0
Q9BVQ7	AFG2B	erythrocytes	1	1	1	0	1	0	0	0	0	42.04	80709.1100	0.0005208829586
Q9BWD1	ACAT2	erythrocytes	4	4	4	0	4	0	0	0	0	168.16	41350.3500	0.004066712857
Q9BWP8	COLEC11	plasma	2	2	2	0	0	0	0	0	2	-4.032	26107.0450	-0.0001544410714
Q9BWS9	CHID1	erythrocytes	0	0	0	0	0	0	0	0	0	0	42771.2950	0
Q9BWT3	PAPOLG	erythrocytes	9	9	9	0	9	0	0	0	0	681.88	82801.4650	0.008235119995
Q9BX97	PLVAP	erythrocytes	4	4	0	4	0	0	4	0	0	0	50593.4950	0
Q9BXD5	NPL	erythrocytes	0	0	0	0	0	0	0	0	0	0	35162.0150	0
Q9BXL5	HEMGN	erythrocytes	11	11	11	0	11	0	0	0	0	879.78	55340.3350	0.01589762693
Q9BXS5	AP1M1	erythrocytes	4	4	4	0	4	0	0	0	0	281.98	48455.1150	0.005819406269
Q9BXS6	NUSAP1	erythrocytes	16	16	16	0	16	0	0	0	0	1241.74	49451.1200	0.0251104525
Q9BXT6	MOV10L1	erythrocytes	0	0	0	0	0	0	0	0	0	0	135291.4700	0
Q9BY32	ITPA	erythrocytes	1	1	1	0	1	0	0	0	0	42.04	21314.2000	0.001972393991
Q9BY43	CHMP4A	erythrocytes	1	1	1	0	1	0	0	0	0	79.98	25097.8650	0.003186725245
Q9BYN0	SRXN1	erythrocytes	4	4	3	1	3	0	0	0	1	108.04	14258.9200	0.007577011443
Q9BYX7	POTEKP	erythrocytes	3	3	3	0	3	0	0	0	0	46.03	42015.6800	0.001095543378
Q9BZ23	PANK2	erythrocytes	3	3	3	0	3	0	0	0	0	239.94	59134.6200	0.004057521635
Q9BZE9	ASPSCR1	erythrocytes	5	5	5	0	5	0	0	0	0	361.96	60050.9450	0.006027548775
Q9BZF1	OSBPL8	erythrocytes	11	11	11	0	11	0	0	0	0	841.84	101194.0900	0.008319062902
Q9BZI7	UPF3B	erythrocytes	4	4	4	0	4	0	0	0	0	253.97	57761.3500	0.004396884768
Q9BZP3	LINC00470	erythrocytes	0	0	0	0	0	0	0	0	0	0	9645.6950	0
Q9BZV1	UBXN6	erythrocytes	2	2	2	0	2	0	0	0	0	122.02	49752.9300	0.002452518877
Q9C0B5	ZDHHC5	erythrocytes	28	28	28	0	28	0	0	0	0	2107.54	77543.7300	0.0271787287
Q9C0C9	UBE2O	erythrocytes	13	13	13	0	13	0	0	0	0	1039.74	141291.6150	0.007358823098
Q9C0E2	XPO4	erythrocytes	2	2	2	0	2	0	0	0	0	159.96	130137.2300	0.001229164014
Q9C0E8	LNPK	erythrocytes	14	14	14	0	13	1	0	0	0	1250.1	47608.0100	0.02625818639
Q9C0I1	MTMR12	erythrocytes	3	3	3	0	3	0	0	0	0	239.94	86146.4300	0.002785257613
Q9C0K7	STRADB	erythrocytes	0	0	0	0	0	0	0	0	0	0	47025.5850	0
Q9GZN8	ADISSP	erythrocytes	2	2	2	0	2	0	0	0	0	122.02	19159.5800	0.006368615596
Q9GZP4	PITHD1	erythrocytes	1	1	1	0	1	0	0	0	0	79.98	24177.5100	0.003308032961
Q9GZS3	SKIC8	erythrocytes	2	2	2	0	2	0	0	0	0	84.08	33579.9900	0.002503872098
Q9GZT8	NIF3L1	erythrocytes	3	3	3	0	3	0	0	0	0	202	41967.4200	0.004813257522
Q9GZU7	CTDSP1	erythrocytes	1	1	1	0	1	0	0	0	0	42.04	29202.8000	0.001439587985
Q9GZZ9	UBA5	erythrocytes	3	3	3	0	3	0	0	0	0	239.94	44862.6250	0.005348327255
Q9H008	LHPP	erythrocytes	0	0	0	0	0	0	0	0	0	0	29164.9650	0
Q9H074	PAIP1	erythrocytes	2	2	2	0	2	0	0	0	0	56.07	53523.9100	0.001047569208
Q9H0D2	ZNF541	erythrocytes	0	0	0	0	0	0	0	0	0	0	145585.2850	0
Q9H0E2	TOLLIP	erythrocytes	1	1	1	0	1	0	0	0	0	42.04	30150.2200	0.001394351351
Q9H0H0	INTS2	erythrocytes	0	0	0	0	0	0	0	0	0	0	133377.0750	0
Q9H0I2	ENKD1	erythrocytes	2	2	2	0	2	0	0	0	0	159.96	38758.4250	0.004127102688
Q9H0J9	PARP12	erythrocytes	4	4	4	0	4	0	0	0	0	1703.88	79062.5400	0.02155104048
Q9H0M4	ZCWPW1	erythrocytes	1	1	1	0	1	0	0	0	0	79.98	72006.0350	0.001110740232
Q9H0N0	RAB6C	erythrocytes	1	1	1	0	1	0	0	0	0	329.21	28354.7950	0.01161038195
Q9H0N5	PCBD2	erythrocytes	6	6	6	0	6	0	0	0	0	426.33	14365.2150	0.02967794078
Q9H0P0	NT5C3A	erythrocytes	1	1	1	0	1	0	0	0	0	79.98	37947.6450	0.002107640672
Q9H0R3	TMEM222	erythrocytes	0	0	0	0	0	0	0	0	0	0	23229.6950	0
Q9H0R4	HDHD2	erythrocytes	1	1	1	0	1	0	0	0	0	100.07	28535.4800	0.003506862334
Q9H0R8	GABARAPL1	erythrocytes	2	2	1	1	0	2	0	0	0	699.99	13915.7250	0.05030208631
Q9H0U3	MAGT1	erythrocytes	2	2	1	1	0	0	1	0	1	-2.016	34871.3350	-5.781252711e-05
Q9H0U4	RAB1B	erythrocytes	6	6	6	0	4	2	0	0	0	1096.38	22170.9000	0.0494513078
Q9H0V9	LMAN2L	erythrocytes	2	2	1	1	0	0	1	0	1	-2.016	35033.8450	-5.754435461e-05
Q9H0W9	BKGD	erythrocytes	0	0	0	0	0	0	0	0	0	0	35117.0000	0
Q9H0X4	FAM234A	erythrocytes	5	5	1	4	1	0	4	0	0	79.98	59658.6150	0.001340627837
Q9H0Z9	RBM38	erythrocytes	0	0	0	0	0	0	0	0	0	0	25497.5300	0
Q9H1A4	ANAPC1	erythrocytes	19	19	19	0	19	0	0	0	0	1519.62	216496.6450	0.007019138795
Q9H1C7	CYSTM1	erythrocytes	0	0	0	0	0	0	0	0	0	0	10630.9600	0
Q9H1E5	TMX4	erythrocytes	3	3	3	0	2	0	0	0	1	157.944	36757.0050	0.004296976862
Q9H201	EPN3	erythrocytes	3	3	3	0	3	0	0	0	0	239.94	68221.0750	0.003517094974
Q9H223	EHD4	erythrocytes	4	4	4	0	4	0	0	0	0	281.98	61174.2300	0.004609457283
Q9H254	SPTBN4	erythrocytes	0	0	0	0	0	0	0	0	0	0	288979.9550	0
Q9H257	CARD9	plasma	13	13	13	0	12	0	0	1	0	941.74	62239.5550	0.01513089224
Q9H299	SH3BGRL3	erythrocytes	2	2	1	1	1	0	1	0	0	42.04	10306.3650	0.004079032714
Q9H2G2	SLK	erythrocytes	23	23	23	0	23	0	0	0	0	1839.54	142692.8400	0.01289160689
Q9H2H8	PPIL3	erythrocytes	2	2	2	0	2	0	0	0	0	56.07	18023.2050	0.003110989416
Q9H2K8	TAOK3	erythrocytes	9	9	9	0	9	0	0	0	0	681.88	105404.0650	0.006469200215
Q9H2M9	RAB3GAP2	erythrocytes	5	5	5	0	5	0	0	0	0	399.9	155982.2200	0.002563753741
Q9H2T7	RANBP17	erythrocytes	2	2	2	0	2	0	0	0	0	122.02	124242.2400	0.0009821136515
Q9H330	TMEM245	erythrocytes	14	14	10	4	10	0	4	0	0	761.86	97224.3550	0.007836102384
Q9H3H5	DPAGT1	erythrocytes	1	1	0	1	0	0	1	0	0	0	46089.3250	0
Q9H3K6	BOLA2	erythrocytes	1	1	1	0	1	0	0	0	0	42.04	10116.3850	0.004155634646
Q9H3N1	TMX1	erythrocytes	8	8	8	0	5	2	0	0	1	874.704	29151.5950	0.03000535648
Q9H3S7	PTPN23	erythrocytes	6	6	6	0	6	0	0	0	0	347.98	178970.4350	0.001944343489
Q9H3Z4	DNAJC5	erythrocytes	7	7	7	0	7	0	0	0	0	521.92	22148.5250	0.02356454888
Q9H400	LIME1	erythrocytes	8	8	8	0	6	2	0	0	0	956.7	31287.2900	0.03057791199
Q9H425	C1orf198	erythrocytes	5	5	5	0	5	0	0	0	0	361.96	36214.6450	0.00999485153
Q9H444	CHMP4B	erythrocytes	5	5	5	0	5	0	0	0	0	286.08	24818.6200	0.01152682945
Q9H446	RWDD1	erythrocytes	2	2	2	0	2	0	0	0	0	122.02	27807.9150	0.004387959327
Q9H477	RBKS	erythrocytes	0	0	0	0	0	0	0	0	0	0	34142.5850	0
Q9H479	FN3K	erythrocytes	1	1	1	0	1	0	0	0	0	42.04	35170.6800	0.001195313824
Q9H488	POFUT1	erythrocytes	6	6	4	2	0	0	2	0	4	-8.064	41279.8050	-0.00019534976
Q9H489	TSPY26P	erythrocytes	0	0	0	0	0	0	0	0	0	0	39571.9100	0
Q9H4A3	WNK1	erythrocytes	21	21	21	0	21	0	0	0	0	1679.58	250789.7350	0.006697164061
Q9H4A4	RNPEP	erythrocytes	3	3	3	0	3	0	0	0	0	164.06	72463.5000	0.002264036377
Q9H4A6	GOLPH3	erythrocytes	3	3	3	0	2	0	0	0	1	157.944	33810.0150	0.00467151523
Q9H4G4	GLIPR2	erythrocytes	1	1	1	0	0	1	0	0	0	210.36	17086.9200	0.01231117135
Q9H4M9	EHD1	erythrocytes	3	3	3	0	3	0	0	0	0	202	60625.9650	0.003331905727
Q9H5I5	PIEZO2	plasma	4	4	2	2	1	0	2	0	1	77.964	318059.2550	0.0002451241358
Q9H5N1	RABEP2	erythrocytes	5	5	5	0	5	0	0	0	0	361.96	63410.4150	0.005708210552
Q9H5X1	CIAO2A	erythrocytes	0	0	0	0	0	0	0	0	0	0	18354.8650	0
Q9H6A9	PCNX3	erythrocytes	12	12	10	2	10	0	2	0	0	799.8	222034.9750	0.003602135204
Q9H6E4	CCDC134	erythrocytes	1	1	0	1	0	0	1	0	0	0	24220.3800	0
Q9H6H4	REEP4	erythrocytes	6	6	6	0	6	0	0	0	0	479.88	29394.6800	0.0163254031
Q9H6U8	ALG9	erythrocytes	2	2	0	2	0	0	2	0	0	0	69862.3400	0
Q9H6Z4	RANBP3	erythrocytes	15	15	15	0	15	0	0	0	0	1085.88	60077.7650	0.01807457385
Q9H7C9	AAMDC	erythrocytes	0	0	0	0	0	0	0	0	0	0	13332.0550	0
Q9H7D7	WDR26	erythrocytes	2	2	2	0	2	0	0	0	0	159.96	72122.8700	0.00221788179
Q9H814	PHAX	erythrocytes	11	11	11	0	11	0	0	0	0	841.84	44270.7600	0.0190157115
Q9H8H3	TMT1A	erythrocytes	0	0	0	0	0	0	0	0	0	0	24848.5200	0
Q9H8L6	MMRN2	erythrocytes	17	17	5	12	0	0	14	0	3	286.232	102152.0200	0.00280201997
Q9H8M5	CNNM2	erythrocytes	2	2	1	1	1	0	1	0	0	79.98	96622.0500	0.000827761365
Q9H8M7	MINDY3	erythrocytes	1	1	1	0	1	0	0	0	0	79.98	49723.8800	0.001608482685
Q9H8W4	PLEKHF2	erythrocytes	4	4	4	0	4	0	0	0	0	281.98	27797.4400	0.0101440996
Q9H8W5	TRIM45	erythrocytes	0	0	0	0	0	0	0	0	0	0	64358.2550	0
Q9H8Y8	GORASP2	erythrocytes	13	13	13	0	12	1	0	0	0	1066.26	47013.4900	0.02267987337
Q9H910	JPT2	erythrocytes	8	8	8	0	8	0	0	0	0	601.9	20063.0650	0.03000040123
Q9H920	RNF121	erythrocytes	1	1	1	0	1	0	0	0	0	42.04	37750.8050	0.001113618637
Q9H993	DCPH1	erythrocytes	3	3	3	0	3	0	0	0	0	164.06	51040.2450	0.003214326264
Q9H9A6	LRRC40	erythrocytes	1	1	1	0	1	0	0	0	0	79.98	68248.8050	0.001171888651
Q9H9G7	AGO3	erythrocytes	2	2	2	0	2	0	0	0	0	122.02	97358.9750	0.001253299965
Q9H9Q2	COPS7B	erythrocytes	3	3	3	0	3	0	0	0	0	202	29490.2900	0.006849712227
Q9H9Q4	NHEJ1	erythrocytes	7	7	7	0	7	0	0	0	0	559.86	33336.7000	0.0167941038
Q9HA64	FN3KRP	erythrocytes	1	1	1	0	1	0	0	0	0	79.98	34411.7800	0.002324204095
Q9HA65	TBC1D17	erythrocytes	5	5	5	0	5	0	0	0	0	399.9	72669.0550	0.005503030141
Q9HAB8	PPCS	erythrocytes	1	1	1	0	1	0	0	0	0	42.04	33873.3450	0.001241093845
Q9HAV0	GNB4	erythrocytes	3	3	3	0	3	0	0	0	0	202	37435.4300	0.005395957787
Q9HB40	SCPEP1	erythrocytes	3	3	0	3	0	0	3	0	0	0	47935.4550	0
Q9HBH5	RDH14	erythrocytes	1	1	1	0	1	0	0	0	0	79.98	36864.2350	0.002169582524
Q9HBL0	TNS1	erythrocytes	33	33	31	2	31	0	2	0	0	2479.38	197019.5400	0.01258443706
Q9HC07	TMEM165	erythrocytes	0	0	0	0	0	0	0	0	0	0	31567.2400	0
Q9HC38	GLOD4	erythrocytes	2	2	2	0	2	0	0	0	0	180.05	34793.0200	0.005174888526
Q9HCE7	SMURF1	erythrocytes	3	3	3	0	1	0	0	2	0	43.94	86112.3700	0.000510263508
Q9HCJ1	ANKH	erythrocytes	0	0	0	0	0	0	0	0	0	0	54240.2350	0
Q9HCN8	SDF2L1	erythrocytes	1	1	1	0	1	0	0	0	0	79.98	20911.7900	0.003824636724
Q9HCP0	CSNK1G1	erythrocytes	1	1	1	0	1	0	0	0	0	79.98	48510.7150	0.001648707919
Q9HD40	SEPSECS	erythrocytes	2	2	2	0	2	0	0	0	0	309.11	55725.5100	0.005547010696
Q9HD45	TM9SF3	erythrocytes	2	2	0	2	0	0	2	0	0	0	64979.8700	0
Q9HDC9	APMAP	erythrocytes;plasma	4	4	2	2	2	0	2	0	0	122.02	46348.5600	0.002632660001
Q9NP58	ABCB6	erythrocytes	2	2	1	1	0	0	1	0	1	-2.016	93884.0250	-2.147330177e-05
Q9NP59	SLC40A1	erythrocytes	1	1	0	1	0	0	1	0	0	0	62541.2600	0
Q9NP72	RAB18	erythrocytes	5	5	5	0	3	2	0	0	0	646.94	22677.4700	0.0285278737
Q9NP79	VTA1	erythrocytes	1	1	1	0	1	0	0	0	0	42.04	33747.4850	0.001245722459
Q9NP98	MYOZ1	erythrocytes	1	1	1	0	1	0	0	0	0	79.98	31744.3000	0.002519507439
Q9NPH2	ISYNA1	erythrocytes	2	2	2	0	2	0	0	0	0	159.96	61066.9950	0.002619418231
Q9NPH3	IL1RAP	plasma	13	13	6	7	1	0	7	0	5	69.9	63112.9650	0.001107537889
Q9NPI0	TMEM138	erythrocytes	1	1	0	1	0	0	1	0	0	0	19261.6250	0
Q9NPP4	NLRC4	erythrocytes	1	1	1	0	1	0	0	0	0	79.98	116157.2950	0.000688549092
Q9NPQ8	RIC8A	erythrocytes	7	7	7	0	7	0	0	0	0	559.86	59708.6600	0.009376529301
Q9NPR9	GPR108	erythrocytes	6	6	0	6	0	0	6	0	0	0	57309.8200	0
Q9NQ34	TMEM9B	erythrocytes	3	3	2	1	2	0	1	0	0	159.96	19148.9300	0.008353469358
Q9NQ79	CRTAC1	plasma	8	8	3	5	0	0	5	0	3	-6.048	68433.2950	-8.837803294e-05
Q9NQ94	A1CF	erythrocytes	1	1	1	0	1	0	0	0	0	79.98	65201.7150	0.001226654851
Q9NQC3	RTN4	erythrocytes	17	17	17	0	17	0	0	0	0	1283.78	129929.4050	0.009880596313
Q9NQE9	HINT3	erythrocytes	1	1	1	0	1	0	0	0	0	42.04	20229.8500	0.002078117238
Q9NQP4	PFDN4	erythrocytes	2	2	2	0	2	0	0	0	0	122.02	15182.7900	0.008036731062
Q9NQR4	NIT2	erythrocytes	5	5	5	0	5	0	0	0	0	422.23	30607.5250	0.01379497362
Q9NQS1	AVEN	erythrocytes	2	2	2	0	2	0	0	0	0	94.01	38505.7050	0.002441456402
Q9NQS7	INCENP	erythrocytes	37	37	37	0	37	0	0	0	0	2959.26	105427.0950	0.02806925487
Q9NQW7	XPNPEP1	erythrocytes	1	1	1	0	1	0	0	0	0	42.04	69785.6250	0.0006024163286
Q9NQX3	GPHN	erythrocytes	12	12	12	0	10	2	0	0	0	1276.62	79747.3050	0.01600831527
Q9NR45	NANS	erythrocytes	5	5	5	0	5	0	0	0	0	248.14	40175.8750	0.00617634339
Q9NR46	SH3GLB2	erythrocytes	3	3	3	0	3	0	0	0	0	202	43973.2300	0.004593703942
Q9NR50	EIF2B3	erythrocytes	2	2	2	0	2	0	0	0	0	122.02	50239.6650	0.002428758233
Q9NR56	MBNL1	erythrocytes	1	1	1	0	1	0	0	0	0	79.98	41816.6150	0.001912636879
Q9NRF8	CTPS2	erythrocytes	3	3	3	0	3	0	0	0	0	239.94	65676.7150	0.003653349593
Q9NRK6	ABCB10	erythrocytes	2	2	2	0	2	0	0	0	0	347.34	68332.9800	0.005083050673
Q9NRP0	OSTC	erythrocytes	0	0	0	0	0	0	0	0	0	0	16829.0800	0
Q9NRQ2	PLSCR4	erythrocytes	7	7	7	0	2	5	0	0	0	1352.01	37005.0700	0.03653580442
Q9NRR3	CDC42SE2	erythrocytes	4	4	4	0	2	2	0	0	0	636.78	9223.4050	0.0690395792
Q9NRR8	CDC42SE1	erythrocytes	2	2	2	0	0	2	0	0	0	476.82	8925.2400	0.05342377348
Q9NRS6	SNX15	erythrocytes	3	3	3	0	3	0	0	0	0	173.99	38290.3750	0.004543961766
Q9NRV9	HEBP1	erythrocytes	0	0	0	0	0	0	0	0	0	0	21096.8400	0
Q9NRW1	RAB6B	erythrocytes	4	4	4	0	2	2	0	0	0	888.2	23461.3850	0.03785795255
Q9NRW7	VPS45	erythrocytes	2	2	2	0	2	0	0	0	0	159.96	65076.0350	0.002458047728
Q9NRX4	PHPT1	erythrocytes	1	1	1	0	1	0	0	0	0	42.04	13701.1250	0.003068361175
Q9NRX5	SERINC1	erythrocytes	6	6	5	1	4	1	1	0	0	530.28	50363.1050	0.01052913636
Q9NRY5	FAM114A2	erythrocytes	3	3	3	0	3	0	0	0	0	239.94	55467.4500	0.004325780255
Q9NRZ5	AGPAT4	erythrocytes	0	0	0	0	0	0	0	0	0	0	44020.7150	0
Q9NRZ7	AGPAT3	erythrocytes	0	0	0	0	0	0	0	0	0	0	43380.4150	0
Q9NS86	LANCL2	erythrocytes	2	2	2	0	1	1	0	0	0	290.34	50722.4500	0.005724092586
Q9NSD9	FARSB	erythrocytes	0	0	0	0	0	0	0	0	0	0	66114.7700	0
Q9NSK0	KLC4	erythrocytes	8	8	8	0	8	0	0	0	0	601.9	68507.2350	0.00878593334
Q9NSY1	BMP2K	erythrocytes	15	15	15	0	15	0	0	0	0	1199.7	129169.4200	0.00928780202
Q9NT62	ATG3	erythrocytes	2	2	2	0	1	0	0	1	0	24.02	35863.9750	0.0006697528648
Q9NTJ3	SMC4	erythrocytes	10	10	10	0	10	0	0	0	0	723.92	147179.9750	0.004918603907
Q9NTJ4	MAN2C1	erythrocytes	0	0	0	0	0	0	0	0	0	0	115833.3550	0
Q9NTJ5	SACM1L	erythrocytes	1	1	1	0	1	0	0	0	0	42.04	66965.8900	0.0006277822933
Q9NTK5	OLA1	erythrocytes	1	1	1	0	1	0	0	0	0	42.04	44742.9850	0.0009395886305
Q9NTX5	ECHDC1	erythrocytes	6	6	6	0	6	0	0	0	0	368.3	33697.5900	0.01092956499
Q9NUE0	ZDHHC18	erythrocytes	1	1	1	0	1	0	0	0	0	79.98	42030.2050	0.0019029172
Q9NUP9	LIN7C	erythrocytes	1	1	1	0	1	0	0	0	0	42.04	21702.5050	0.001937103574
Q9NUQ9	CYRIB	erythrocytes	2	2	2	0	0	1	0	1	0	192.34	36616.3100	0.005252850437
Q9NUU7	DDX19A	erythrocytes	4	4	4	0	2	0	0	2	0	85.98	53843.0900	0.00159686229
Q9NV96	CDC50A	erythrocytes	8	8	4	4	1	0	4	0	3	35.992	40551.9750	0.0008875523325
Q9NVA2	SEPTIN11	erythrocytes	2	2	2	0	2	0	0	0	0	122.02	49266.4550	0.002476735945
Q9NVE5	USP40	erythrocytes	0	0	0	0	0	0	0	0	0	0	140127.4800	0
Q9NVR5	DNAAF2	erythrocytes	5	5	5	0	5	0	0	0	0	399.9	91113.0600	0.004389052459
Q9NVS9	PNPO	erythrocytes	2	2	2	0	2	0	0	0	0	159.96	29987.6100	0.005334203026
Q9NVZ3	NECAP2	erythrocytes	1	1	1	0	1	0	0	0	0	79.98	28338.4300	0.002822315845
Q9NW15	ANO10	erythrocytes	0	0	0	0	0	0	0	0	0	0	76328.2550	0
Q9NW68	BSDC1	erythrocytes	6	6	6	0	6	0	0	0	0	479.88	47162.5350	0.01017502558
Q9NWC5	TMEM45A	erythrocytes	0	0	0	0	0	0	0	0	0	0	31679.0800	0
Q9NWU2	GID8	erythrocytes	0	0	0	0	0	0	0	0	0	0	26748.1150	0
Q9NWV4	CZIB	erythrocytes	1	1	1	0	1	0	0	0	0	79.98	18048.2450	0.004431455801
Q9NWV8	BABAM1	erythrocytes	8	8	8	0	8	0	0	0	0	601.9	36559.5800	0.01646353705
Q9NWW5	CLN6	erythrocytes	0	0	0	0	0	0	0	0	0	0	35918.5100	0
Q9NWX6	THG1L	erythrocytes	0	0	0	0	0	0	0	0	0	0	34830.3750	0
Q9NX46	ADPRS	erythrocytes	1	1	1	0	1	0	0	0	0	79.98	38946.1400	0.002053605312
Q9NXR1	NDE1	erythrocytes	10	10	10	0	9	1	0	0	0	958.23	37719.9500	0.02540379826
Q9NXR7	BABAM2	erythrocytes	2	2	2	0	2	0	0	0	0	122.02	43551.0600	0.002801768774
Q9NXU5	ARL15	erythrocytes	0	0	0	0	0	0	0	0	0	0	22875.8250	0
Q9NY15	STAB1	plasma	88	88	59	29	0	0	29	0	59	-118.944	272887.2600	-0.0004358723086
Q9NY33	DPP3	erythrocytes	1	1	1	0	1	0	0	0	0	42.04	82456.6950	0.000509843379
Q9NY35	CLDND1	erythrocytes	2	2	0	2	0	0	2	0	0	0	28602.6900	0
Q9NYB0	TERF2IP	erythrocytes	13	13	13	0	7	0	0	6	0	413.8	44128.0950	0.009377245947
Q9NYC9	DNAH9	erythrocytes	0	0	0	0	0	0	0	0	0	0	511869.2050	0
Q9NYG2	ZDHHC3	erythrocytes	2	2	2	0	1	1	0	0	0	318.39	34170.0400	0.009317811744
Q9NYL9	TMOD3	erythrocytes	1	1	1	0	1	0	0	0	0	79.98	39594.2550	0.002019990021
Q9NYT0	PLEK2	erythrocytes	2	2	2	0	2	0	0	0	0	122.02	39970.2900	0.003052767443
Q9NYU2	UGGT1	erythrocytes	3	3	1	2	1	0	2	0	0	79.98	173029.9000	0.00046223225
Q9NYZ1	TVP23B	erythrocytes	1	1	1	0	1	0	0	0	0	42.04	23575.9100	0.001783176132
Q9NYZ2	SLC25A37	erythrocytes	0	0	0	0	0	0	0	0	0	0	37321.9950	0
Q9NZ01	TECR	erythrocytes	3	3	3	0	3	0	0	0	0	164.06	36033.8450	0.004552941825
Q9NZ08	ERAP1	erythrocytes	7	7	2	5	0	0	5	0	2	-4.032	107233.1600	-3.760030946e-05
Q9NZ32	ACTR10	erythrocytes	0	0	0	0	0	0	0	0	0	0	46306.4200	0
Q9NZ42	PSENEN	erythrocytes	0	0	0	0	0	0	0	0	0	0	12028.9300	0
Q9NZ43	USE1	erythrocytes	0	0	0	0	0	0	0	0	0	0	29370.6300	0
Q9NZC3	GDE1	erythrocytes	2	2	0	2	0	0	2	0	0	0	37717.8200	0
Q9NZC9	SMARCAL1	erythrocytes	6	6	6	0	6	0	0	0	0	441.94	105804.9700	0.004176930441
Q9NZD4	AHSP	erythrocytes	0	0	0	0	0	0	0	0	0	0	11840.2250	0
Q9NZJ4	SACS	erythrocytes	7	7	7	0	7	0	0	0	0	521.92	521118.5000	0.001001538038
Q9NZJ9	NUDT4	erythrocytes	1	1	1	0	1	0	0	0	0	42.04	20305.8150	0.002070342904
Q9NZL4	HSPBP1	erythrocytes	2	2	2	0	2	0	0	0	0	159.96	39302.2000	0.00407000117
Q9NZL9	MAT2B	erythrocytes	1	1	1	0	1	0	0	0	0	79.98	37420.0700	0.002137355702
Q9NZM4	BICRA	erythrocytes	5	5	5	0	4	0	0	1	0	263.96	158487.2950	0.001665496278
Q9NZP8	C1RL	plasma	9	9	4	5	0	0	5	0	4	-8.064	49449.8050	-0.000163074455
Q9NZT1	CALML5	erythrocytes	1	1	1	0	1	0	0	0	0	42.04	15761.0500	0.002667334981
Q9NZT2	OGFR	erythrocytes	14	14	14	0	14	0	0	0	0	1081.78	73323.6700	0.01475348956
Q9NZU1	FLRT1	erythrocytes	5	5	3	2	0	0	2	0	3	-6.048	68956.4450	-8.770753771e-05
Q9NZW5	PALS2	erythrocytes	1	1	1	0	1	0	0	0	0	79.98	61116.1650	0.001308655411
Q9NZZ3	CHMP5	erythrocytes	2	2	2	0	1	1	0	0	0	346.45	24570.3800	0.01410031102
Q9P003	CNIH4	erythrocytes	0	0	0	0	0	0	0	0	0	0	16093.1400	0
Q9P035	HACD3	erythrocytes	4	4	4	0	4	0	0	0	0	281.98	43158.9250	0.006533526959
Q9P0I2	EMC3	erythrocytes	0	0	0	0	0	0	0	0	0	0	29820.3450	0
Q9P0J7	KCMF1	erythrocytes	7	7	7	0	7	0	0	0	0	521.92	41813.5550	0.01248207669
Q9P0L0	VAPA	erythrocytes	8	8	7	1	7	0	0	0	1	483.98	27761.7250	0.01743335474
Q9P0M2	AKAP7	erythrocytes	0	0	0	0	0	0	0	0	0	0	39517.4450	0
Q9P0S9	TMEM14C	erythrocytes	0	0	0	0	0	0	0	0	0	0	11564.4250	0
Q9P1F3	ABRACL	erythrocytes	1	1	1	0	1	0	0	0	0	42.04	9056.3800	0.004642031364
Q9P1Q0	VPS54	erythrocytes	1	1	1	0	1	0	0	0	0	79.98	110587.1700	0.0007232303711
Q9P1Z2	CALCOCO1	erythrocytes	1	1	1	0	1	0	0	0	0	79.98	77334.9800	0.001034202117
Q9P227	ARHGAP23	erythrocytes	12	12	12	0	11	0	0	1	0	861.76	162189.3000	0.005313297486
Q9P241	ATP10D	erythrocytes	0	0	0	0	0	0	0	0	0	0	160271.5650	0
Q9P255	ZNF492	erythrocytes	0	0	0	0	0	0	0	0	0	0	61157.8900	0
Q9P265	DIP2B	erythrocytes	13	13	13	0	13	0	0	0	0	1039.74	171489.2350	0.00606300448
Q9P2J5	LARS1	erythrocytes	4	4	4	0	4	0	0	0	0	244.04	134464.4650	0.001814903291
Q9P2J8	ZNF624	erythrocytes	0	0	0	0	0	0	0	0	0	0	99927.6100	0
Q9P2K1	CC2D2A	erythrocytes	0	0	0	0	0	0	0	0	0	0	186182.4850	0
Q9P2Q2	FRMD4A	erythrocytes	8	8	8	0	8	0	0	0	0	639.84	115456.3500	0.005541834641
Q9P2R3	ANKFY1	erythrocytes	2	2	2	0	2	0	0	0	0	122.02	128265.9050	0.0009513050253
Q9P2T1	GMPR2	erythrocytes	1	1	1	0	1	0	0	0	0	42.04	37873.9950	0.00110999645
Q9P2W9	STX18	erythrocytes	0	0	0	0	0	0	0	0	0	0	38672.9800	0
Q9P2X0	DPM3	erythrocytes	0	0	0	0	0	0	0	0	0	0	10093.5250	0
Q9UBC2	EPS15L1	erythrocytes	25	25	25	0	25	0	0	0	0	1961.56	94122.2400	0.02084055798
Q9UBF2	COPG2	erythrocytes	1	1	1	0	1	0	0	0	0	79.98	97620.9900	0.0008192910152
Q9UBN7	HDAC6	erythrocytes	9	9	9	0	9	0	0	0	0	653.87	131417.2100	0.004975527939
Q9UBQ0	VPS29	erythrocytes	1	1	1	0	1	0	0	0	0	42.04	20505.4450	0.002050187158
Q9UBQ7	GRHPR	erythrocytes	3	3	3	0	3	0	0	0	0	239.94	35667.7450	0.006727086335
Q9UBS4	DNAJB11	erythrocytes	2	2	1	1	1	0	1	0	0	79.98	38166.5950	0.002095549786
Q9UBS8	RNF14	erythrocytes	1	1	1	0	1	0	0	0	0	79.98	53836.7550	0.001485602169
Q9UBV8	PEF1	erythrocytes	1	1	1	0	0	0	0	1	0	-18.02	30380.5150	-0.0005931433355
Q9UBW8	COPS7A	erythrocytes	1	1	1	0	1	0	0	0	0	42.04	30144.9050	0.001394597196
Q9UDX3	SEC14L4	erythrocytes	0	0	0	0	0	0	0	0	0	0	46643.0950	0
Q9UDY4	DNAJB4	erythrocytes	2	2	2	0	2	0	0	0	0	159.96	37675.1850	0.004245765482
Q9UDY6	TRIM10	erythrocytes	0	0	0	0	0	0	0	0	0	0	55035.9200	0
Q9UEU0	VTI1B	erythrocytes	4	4	4	0	4	0	0	0	0	216.03	26556.8000	0.008134639716
Q9UEY8	ADD3	erythrocytes	16	16	16	0	15	0	0	1	0	1143.74	79022.3400	0.0144736286
Q9UFG5	C19orf25	erythrocytes	1	1	1	0	1	0	0	0	0	79.98	12877.4250	0.006210869021
Q9UG01	IFT172	erythrocytes	3	3	3	0	2	0	0	1	0	38.05	197573.0600	0.0001925869853
Q9UG56	PISD	erythrocytes	1	1	1	0	1	0	0	0	0	-17.03	40877.3400	-0.0004166122355
Q9UGL1	KDM5B	erythrocytes	12	12	12	0	4	0	0	8	0	137.82	175655.0650	0.0007846058979
Q9UGM5	FETUB	plasma	11	11	6	5	1	0	5	0	5	69.9	40487.3100	0.001726466886
Q9UH17	APOBEC3B	erythrocytes	0	0	0	0	0	0	0	0	0	0	45923.6750	0
Q9UH65	SWAP70	erythrocytes	0	0	0	0	0	0	0	0	0	0	68996.5600	0
Q9UHA4	LAMTOR3	erythrocytes	0	0	0	0	0	0	0	0	0	0	13622.5350	0
Q9UHC6	CNTNAP2	erythrocytes	25	25	13	12	2	0	12	0	11	137.784	145333.7150	0.0009480525561
Q9UHD1	CHORDC1	erythrocytes	3	3	3	0	3	0	0	0	0	202	37358.2000	0.005407112762
Q9UHD9	UBQLN2	erythrocytes	1	1	1	0	1	0	0	0	0	42.04	65563.7700	0.000641207789
Q9UHG3	PCYOX1	erythrocytes;plasma	3	3	0	3	0	0	3	0	0	0	53851.0050	0
Q9UHJ6	SHPK	erythrocytes	0	0	0	0	0	0	0	0	0	0	51503.9850	0
Q9UHP3	USP25	erythrocytes	4	4	4	0	2	0	0	2	0	123.92	122215.8900	0.001013943441
Q9UHQ4	BCAP29	erythrocytes	0	0	0	0	0	0	0	0	0	0	28319.6500	0
Q9UHV9	PFDN2	erythrocytes	0	0	0	0	0	0	0	0	0	0	16647.6250	0
Q9UHW9	SLC12A6	erythrocytes	18	18	14	4	12	0	4	0	2	955.728	127615.1750	0.007489140692
Q9UHY1	NRBP1	erythrocytes	4	4	4	0	4	0	0	0	0	281.98	59712.6450	0.00472228286
Q9UHY7	ENOPH1	erythrocytes	0	0	0	0	0	0	0	0	0	0	28932.2500	0
Q9UI10	EIF2B4	erythrocytes	4	4	4	0	4	0	0	0	0	281.98	57425.2150	0.004910386491
Q9UI12	ATP6V1H	erythrocytes	1	1	1	0	1	0	0	0	0	79.98	55882.2300	0.001431224201
Q9UI26	IPO11	erythrocytes	2	2	2	0	2	0	0	0	0	122.02	112533.6100	0.001084298282
Q9UIA9	XPO7	erythrocytes	2	2	2	0	2	0	0	0	0	122.02	123774.1650	0.0009858276968
Q9UIC8	LCMT1	erythrocytes	0	0	0	0	0	0	0	0	0	0	38378.5850	0
Q9UIJ5	ZDHHC2	erythrocytes	1	1	1	0	1	0	0	0	0	79.98	42021.0300	0.001903332688
Q9UIQ6	LNPEP	erythrocytes	21	21	4	17	4	0	17	0	0	281.98	117347.3400	0.002402951784
Q9UIW2	PLXNA1	erythrocytes	17	17	10	7	0	0	7	0	10	-20.16	208157.3650	-9.684980399e-05
Q9UJ41	RABGEF1	erythrocytes	8	8	8	0	8	0	0	0	0	563.96	56890.0400	0.009913158788
Q9UJ55	MAGEL2	erythrocytes	0	0	0	0	0	0	0	0	0	0	132819.5900	0
Q9UJC5	SH3BGRL2	erythrocytes	0	0	0	0	0	0	0	0	0	0	12325.9200	0
Q9UJU6	DBNL	erythrocytes	16	16	16	0	16	0	0	0	0	1203.8	48206.6050	0.02497168179
Q9UJW0	DCTN4	erythrocytes	4	4	4	0	3	0	0	1	0	183.98	52205.2100	0.003524169331
Q9UJW2	TINAG	erythrocytes	11	11	6	5	0	0	5	0	6	-12.096	54603.8450	-0.0002215228616
Q9UJX2	CDC23	erythrocytes	11	11	11	0	10	0	0	1	0	705.9	68701.9050	0.01027482426
Q9UJX4	ANAPC5	erythrocytes	2	2	2	0	2	0	0	0	0	159.96	85075.4400	0.001880213608
Q9UJX5	ANAPC4	erythrocytes	7	7	7	0	5	0	0	2	0	363.86	92115.0650	0.003950059635
Q9UK32	RPS6KA6	erythrocytes	4	4	4	0	4	0	0	0	0	319.92	83870.9200	0.003814432941
Q9UK41	VPS28	erythrocytes	1	1	1	0	1	0	0	0	0	42.04	25424.8000	0.001653503666
Q9UK55	SERPINA10	plasma	5	5	1	4	1	0	4	0	0	79.98	48461.4800	0.001650382943
Q9UK76	JPT1	erythrocytes	12	12	12	0	12	0	0	0	0	845.94	16014.3350	0.05282392307
Q9UKJ5	CHIC2	erythrocytes	0	0	0	0	0	0	0	0	0	0	19254.2200	0
Q9UKK9	NUDT5	erythrocytes	8	8	8	0	7	0	0	1	0	428.02	24327.3300	0.01759420372
Q9UKR5	ERG28	erythrocytes	0	0	0	0	0	0	0	0	0	0	15863.6550	0
Q9UKU0	ACSL6	erythrocytes	0	0	0	0	0	0	0	0	0	0	77750.9000	0
Q9UKV8	AGO2	erythrocytes	7	7	7	0	7	0	0	0	0	460.9	97206.8100	0.004741437354
Q9UKX7	NUP50	erythrocytes	14	14	14	0	13	0	0	1	0	832.02	50143.6550	0.01659272743
Q9UKY7	CDV3	erythrocytes	9	9	9	0	9	0	0	0	0	681.88	27203.3200	0.02506605811
Q9UL15	BAG5	erythrocytes	0	0	0	0	0	0	0	0	0	0	51198.8700	0
Q9UL25	RAB21	erythrocytes	4	4	4	0	2	2	0	0	0	601.03	23984.9000	0.02505868275
Q9UL26	RAB22A	erythrocytes	2	2	2	0	0	2	0	0	0	544.96	21854.7650	0.02493552321
Q9UL46	PSME2	erythrocytes	2	2	2	0	2	0	0	0	0	122.02	27270.0550	0.004474505094
Q9ULA0	DNPEP	erythrocytes	2	2	2	0	2	0	0	0	0	122.02	53409.6300	0.002284606727
Q9ULC3	RAB23	erythrocytes	4	4	4	0	3	1	0	0	0	446.47	26361.6050	0.01693637394
Q9ULC4	MCTS1	erythrocytes	2	2	2	0	2	0	0	0	0	159.96	20555.0400	0.00778203302
Q9ULC5	ACSL5	erythrocytes	2	2	2	0	2	0	0	0	0	122.02	75989.8100	0.001605741612
Q9ULH1	ASAP1	erythrocytes	9	9	9	0	9	0	0	0	0	719.82	125496.0500	0.005735798059
Q9ULI0	ATAD2B	erythrocytes	10	10	10	0	10	0	0	0	0	799.8	164939.5650	0.004849048802
Q9ULP9	TBC1D24	erythrocytes	2	2	2	0	2	0	0	0	0	159.96	62918.5700	0.002542333686
Q9ULT0	TTC7A	erythrocytes	7	7	7	0	7	0	0	0	0	559.86	96183.3150	0.005820760077
Q9ULV4	CORO1C	erythrocytes	1	1	1	0	1	0	0	0	0	42.04	53248.3350	0.0007895082541
Q9UM00	TMCO1	erythrocytes	2	2	2	0	2	0	0	0	0	159.96	27078.7200	0.005907221612
Q9UM47	NOTCH3	erythrocytes	115	115	112	3	1	0	3	0	111	-209.746	239543.2850	-0.0008756079303
Q9UMS4	PRPF19	erythrocytes	5	5	5	0	5	0	0	0	0	210.2	55048.6900	0.003818437823
Q9UMX0	UBQLN1	erythrocytes	1	1	1	0	1	0	0	0	0	42.04	62386.6550	0.0006738620623
Q9UMX5	NENF	erythrocytes	1	1	1	0	1	0	0	0	0	42.04	15684.2800	0.002680390812
Q9UN37	VPS4A	erythrocytes	3	3	3	0	3	0	0	0	0	202	48897.2200	0.004131114202
Q9UN86	G3BP2	erythrocytes	11	11	11	0	10	0	0	1	0	669.97	53989.3600	0.01240929694
Q9UNE7	STUB1	erythrocytes	9	9	9	0	5	0	0	4	0	327.82	34855.6700	0.009405069534
Q9UNF0	PACSIN2	erythrocytes	5	5	5	0	5	0	0	0	0	361.96	55737.8450	0.006493971914
Q9UNH7	SNX6	erythrocytes	4	4	4	0	4	0	0	0	0	244.04	46648.1050	0.005231509404
Q9UNL2	SSR3	erythrocytes	4	4	4	0	4	0	0	0	0	281.98	21080.1600	0.01337655881
Q9UNM6	PSMD13	erythrocytes	1	1	1	0	1	0	0	0	0	42.04	42944.8450	0.0009789300672
Q9UNN5	FAF1	erythrocytes	3	3	3	0	3	0	0	0	0	239.94	73952.9650	0.00324449466
Q9UNN8	PROCR	plasma	5	5	1	4	0	0	4	0	1	-2.016	24796.6700	-8.130123924e-05
Q9UNQ0	ABCG2	erythrocytes	4	4	2	2	1	0	1	0	2	77.964	72313.2400	0.001078142813
Q9UNS2	COPS3	erythrocytes	4	4	4	0	4	0	0	0	0	281.98	47741.2550	0.005906422024
Q9UNW1	MINPP1	erythrocytes;plasma	2	2	0	2	0	0	2	0	0	0	52099.7400	0
Q9UNZ2	NSFL1C	erythrocytes	8	8	8	0	8	0	0	0	0	639.84	40572.1650	0.01577041797
Q9UPN7	PPP6R1	erythrocytes	11	11	11	0	11	0	0	0	0	879.78	96721.9600	0.009095969519
Q9UPU5	USP24	erythrocytes	11	11	11	0	11	0	0	0	0	879.78	294360.7350	0.002988781775
Q9UQ10	DHDH	erythrocytes	0	0	0	0	0	0	0	0	0	0	36381.5250	0
Q9UQ16	DNM3	erythrocytes	7	7	7	0	7	0	0	0	0	483.98	97744.6500	0.004951473047
Q9UQ80	PA2G4	erythrocytes	7	7	7	0	6	0	0	1	0	423.92	43655.1800	0.009710646022
Q9UQ90	SPG7	erythrocytes	1	1	1	0	1	0	0	0	0	45	76791.2250	0.0005860044556
Q9Y230	RUVBL2	erythrocytes	5	5	5	0	2	0	0	3	0	67.96	51024.6550	0.001331905135
Q9Y262	EIF3L	erythrocytes	4	4	4	0	4	0	0	0	0	206.1	66594.7600	0.003094838092
Q9Y263	PLAA	erythrocytes	2	2	2	0	2	0	0	0	0	122.02	87155.9100	0.001400019804
Q9Y265	RUVBL1	erythrocytes	5	5	5	0	1	0	0	4	0	-30.04	50227.3850	-0.0005980801111
Q9Y277	VDAC3	erythrocytes	15	15	15	0	8	0	0	7	0	286.06	30527.1650	0.009370670352
Q9Y281	CFL2	erythrocytes	4	3	3	0	4	0	0	0	0	202	18605.2100	0.01085717388
Q9Y282	ERGIC3	erythrocytes	4	4	2	2	2	0	2	0	0	122.02	43221.9000	0.002823105879
Q9Y285	FARSA	erythrocytes	5	5	5	0	5	0	0	0	0	324.02	57431.5600	0.005641845703
Q9Y2B0	CNPY2	erythrocytes	4	4	4	0	1	0	0	0	3	73.932	18541.3550	0.003987410845
Q9Y2G3	ATP11B	erythrocytes	1	1	1	0	1	0	0	0	0	79.98	134187.8500	0.0005960301175
Q9Y2G8	DNAJC16	erythrocytes	1	1	0	1	0	0	1	0	0	0	87694.4000	0
Q9Y2H0	DLGAP4	erythrocytes	17	17	17	0	17	0	0	0	0	1293.71	108010.1150	0.0119776745
Q9Y2I8	WDR37	erythrocytes	0	0	0	0	0	0	0	0	0	0	54664.5250	0
Q9Y2J2	EPB41L3	erythrocytes	13	13	13	0	13	0	0	0	0	963.86	120675.8100	0.007987184838
Q9Y2L5	TRAPPC8	erythrocytes	3	3	3	0	3	0	0	0	0	239.94	160994.7400	0.00149035925
Q9Y2Q5	LAMTOR2	erythrocytes	0	0	0	0	0	0	0	0	0	0	13507.3200	0
Q9Y2T7	YBX2	erythrocytes	2	2	2	0	2	0	0	0	0	159.96	38517.5350	0.004152913731
Q9Y2V2	CARHSP1	erythrocytes	9	9	9	0	9	0	0	0	0	681.88	15760.6850	0.04326461699
Q9Y2X8	UBE2D4	erythrocytes	0	0	0	0	0	0	0	0	0	0	16648.8200	0
Q9Y2Z0	SUGT1	erythrocytes	7	7	7	0	5	0	0	2	0	325.92	40892.3050	0.007970203685
Q9Y315	DERA	erythrocytes	0	0	0	0	0	0	0	0	0	0	35230.2050	0
Q9Y320	TMX2	erythrocytes	3	3	3	0	3	0	0	0	0	239.94	28748.7950	0.00834608894
Q9Y333	LSM2	erythrocytes	1	1	1	0	1	0	0	0	0	79.98	10834.3700	0.007382062824
Q9Y371	SH3GLB1	erythrocytes	2	2	2	0	2	0	0	0	0	122.02	40795.7400	0.00299099857
Q9Y376	CAB39	erythrocytes	0	0	0	0	0	0	0	0	0	0	39868.3700	0
Q9Y394	DHRS7	erythrocytes	0	0	0	0	0	0	0	0	0	0	34935.9900	0
Q9Y3A6	TMED5	erythrocytes	0	0	0	0	0	0	0	0	0	0	23252.0950	0
Q9Y3B3	TMED7	erythrocytes	1	1	0	1	0	0	1	0	0	0	21690.1250	0
Q9Y3B8	REXO2	erythrocytes	3	3	3	0	3	0	0	0	0	202	24394.5950	0.008280522796
Q9Y3C5	RNF11	erythrocytes	5	5	5	0	3	2	0	0	0	688.71	17312.3000	0.0397815426
Q9Y3C6	PPIL1	erythrocytes	1	1	1	0	1	0	0	0	0	79.98	18236.6150	0.004385682321
Q9Y3C8	UFC1	erythrocytes	1	1	1	0	0	0	0	1	0	-18.02	19458.1200	-0.0009260915237
Q9Y3D6	FIS1	erythrocytes	2	2	2	0	2	0	0	0	0	122.02	16937.5050	0.007204130715
Q9Y3E0	GOLT1B	erythrocytes	1	1	1	0	1	0	0	0	0	42.04	15425.5550	0.002725347646
Q9Y3E5	PTRH2	erythrocytes	8	8	8	0	0	0	0	8	0	-144.16	19193.2900	-0.007510958257
Q9Y3I1	FBXO7	erythrocytes	3	3	3	0	3	0	0	0	0	56.11	58501.8450	0.0009591150501
Q9Y3L5	RAP2C	erythrocytes	4	4	4	0	1	3	0	0	0	763.33	20418.1550	0.03738486656
Q9Y3Q3	TMED3	erythrocytes	0	0	0	0	0	0	0	0	0	0	22270.6250	0
Q9Y3Q8	TSC22D4	erythrocytes	14	14	14	0	14	0	0	0	0	1119.72	41025.4000	0.02729333535
Q9Y3S1	WNK2	erythrocytes	16	16	16	0	16	0	0	0	0	1147.78	242672.1100	0.004729756543
Q9Y3U8	RPL36	erythrocytes	1	1	1	0	1	0	0	0	0	42.04	12122.3850	0.003467964431
Q9Y3X0	CCDC9	erythrocytes	18	18	18	0	18	0	0	0	0	1020.05	59702.1300	0.01708565507
Q9Y426	C2CD2	erythrocytes	5	5	5	0	5	0	0	0	0	399.9	75531.9350	0.005294449295
Q9Y450	HBS1L	erythrocytes	9	9	9	0	9	0	0	0	0	681.88	75471.9750	0.009034876853
Q9Y484	WDR45	erythrocytes	0	0	0	0	0	0	0	0	0	0	39867.0850	0
Q9Y490	TLN1	erythrocytes	20	20	20	0	20	0	0	0	0	1485.78	269762.5400	0.005507732838
Q9Y4B6	DCAF1	erythrocytes	10	10	10	0	10	0	0	0	0	761.86	169004.6000	0.004507924636
Q9Y4C1	KDM3A	erythrocytes	5	5	5	0	5	0	0	0	0	361.96	147339.2100	0.002456644094
Q9Y4D1	DAAM1	erythrocytes	3	3	3	0	3	0	0	0	0	239.94	123471.6750	0.001943279704
Q9Y4D2	DAGLA	erythrocytes	13	13	12	1	12	0	1	0	0	959.76	114950.3350	0.008349344958
Q9Y4D8	HECTD4	erythrocytes	1	1	1	0	1	0	0	0	0	79.98	439337.4950	0.0001820468339
Q9Y4E8	USP15	erythrocytes	7	7	7	0	7	0	0	0	0	521.92	112286.4450	0.004648112245
Q9Y4G6	TLN2	erythrocytes	6	6	6	0	6	0	0	0	0	479.88	271608.6450	0.001766806797
Q9Y4G8	RAPGEF2	erythrocytes	13	13	13	0	13	0	0	0	0	1039.74	167414.3400	0.006210579094
Q9Y4H2	IRS2	erythrocytes	44	44	44	0	43	0	0	1	0	3355.17	137331.9950	0.0244310876
Q9Y4I1	MYO5A	erythrocytes	6	6	6	0	6	0	0	0	0	441.94	215270.6750	0.002052950315
Q9Y4K4	MAP4K5	erythrocytes	2	2	2	0	2	0	0	0	0	159.96	95052.5850	0.001682857968
Q9Y4L1	HYOU1	erythrocytes	11	11	2	9	2	0	9	0	0	122.02	107658.5700	0.001133397926
Q9Y4P1	ATG4B	erythrocytes	11	11	9	2	8	0	0	0	3	446.944	44293.7400	0.01009045522
Q9Y4P8	WIPI2	erythrocytes	1	1	1	0	1	0	0	0	0	79.98	49407.7650	0.001618773891
Q9Y4X5	ARIH1	erythrocytes	1	1	1	0	1	0	0	0	0	42.04	64117.1600	0.0006556747055
Q9Y570	PPME1	erythrocytes	4	4	4	0	4	0	0	0	0	202.04	42183.7000	0.004789527709
Q9Y5H0	PCDHGA3	erythrocytes	4	4	0	4	0	0	4	0	0	0	98014.5100	0
Q9Y5K5	UCHL5	erythrocytes	3	3	3	0	3	0	0	0	0	242.18	37606.3400	0.006439871575
Q9Y5K6	CD2AP	erythrocytes	13	13	13	0	11	0	0	2	0	843.74	71450.2900	0.01180876943
Q9Y5K8	ATP6V1D	erythrocytes	0	0	0	0	0	0	0	0	0	0	28262.4300	0
Q9Y5L0	TNPO3	erythrocytes	3	3	3	0	3	0	0	0	0	202	104201.9400	0.001938543563
Q9Y5P6	GMPPB	erythrocytes	0	0	0	0	0	0	0	0	0	0	39833.9050	0
Q9Y5R8	TRAPPC1	erythrocytes	0	0	0	0	0	0	0	0	0	0	16831.3500	0
Q9Y5S1	TRPV2	erythrocytes	4	4	3	1	3	0	1	0	0	239.94	85979.7950	0.002790655642
Q9Y5S2	CDC42BPB	erythrocytes	11	11	11	0	11	0	0	0	0	813.83	194312.4200	0.004188255182
Q9Y5U9	IER3IP1	erythrocytes	0	0	0	0	0	0	0	0	0	0	8968.6350	0
Q9Y5X1	SNX9	erythrocytes	7	7	7	0	7	0	0	0	0	521.92	66590.7400	0.007837726387
Q9Y5X2	SNX8	erythrocytes	2	2	2	0	2	0	0	0	0	159.96	52568.4500	0.003042889794
Q9Y5X3	SNX5	erythrocytes	3	3	3	0	3	0	0	0	0	164.06	46684.6400	0.003514217953
Q9Y5Y2	NUBP2	erythrocytes	1	1	1	0	1	0	0	0	0	42.04	28824.9600	0.001458458225
Q9Y5Y7	LYVE1	plasma	4	4	2	2	0	0	2	0	2	-4.032	33006.3700	-0.0001221582379
Q9Y5Z4	HEBP2	erythrocytes	2	2	2	0	2	0	0	0	0	122.02	22743.9050	0.005364953819
Q9Y613	FHOD1	erythrocytes	7	7	7	0	7	0	0	0	0	559.86	126418.1000	0.004428637988
Q9Y617	PSAT1	erythrocytes	10	10	10	0	10	0	0	0	0	683.37	40422.2250	0.01690579873
Q9Y624	F11R	erythrocytes	6	6	5	1	3	0	1	0	2	235.908	29682.1850	0.007947797644
Q9Y639	NPTN	erythrocytes	6	6	3	3	0	0	3	0	3	-6.048	41837.6450	-0.0001445588058
Q9Y666	SLC12A7	erythrocytes	9	9	7	2	5	0	2	0	2	395.868	119104.2800	0.003323709274
Q9Y673	ALG5	erythrocytes	0	0	0	0	0	0	0	0	0	0	36945.5650	0
Q9Y678	COPG1	erythrocytes	1	1	1	0	1	0	0	0	0	79.98	97717.0250	0.0008184858268
Q9Y679	AUP1	erythrocytes	6	6	6	0	6	0	0	0	0	441.94	45786.1950	0.009652254353
Q9Y696	CLIC4	erythrocytes	8	8	8	0	8	0	0	0	0	526.02	28640.5650	0.01836625779
Q9Y6A9	SPCS1	erythrocytes	0	0	0	0	0	0	0	0	0	0	18297.8900	0
Q9Y6B6	SAR1B	erythrocytes	1	1	1	0	1	0	0	0	0	79.98	22409.5750	0.003569010122
Q9Y6C9	MTCH2	erythrocytes	1	1	1	0	1	0	0	0	0	42.04	33199.2950	0.00126629195
Q9Y6D6	ARFGEF1	erythrocytes	9	9	9	0	9	0	0	0	0	719.82	208763.8900	0.003448010094
Q9Y6E0	STK24	erythrocytes	5	5	5	0	5	0	0	0	0	361.96	49307.1800	0.007340918706
Q9Y6I3	EPN1	erythrocytes	12	12	12	0	12	0	0	0	0	893.81	60292.3250	0.01482460661
Q9Y6I4	USP3	erythrocytes	1	1	1	0	1	0	0	0	0	42.04	58896.4050	0.0007137956892
Q9Y6M4	CSNK1G3	erythrocytes	6	6	6	0	6	0	0	0	0	441.94	51387.8300	0.008600090722
Q9Y6M5	SLC30A1	erythrocytes	5	5	3	2	1	0	1	0	3	75.948	55299.1700	0.001373402169
Q9Y6R7	FCGBP	plasma	37	37	28	9	0	0	9	0	28	-56.448	569339.7150	-9.914642965e-05
Q9Y6V0	PCLO	erythrocytes	61	61	61	0	61	0	0	0	0	4878.78	560690.3850	0.008701379818
Q9Y6W5	WASF2	erythrocytes	1	1	1	0	1	0	0	0	0	79.98	54283.2450	0.001473382809
Q9Y6X8	ZHX2	erythrocytes	6	6	6	0	4	0	0	2	0	283.88	92305.6700	0.003075434044
Q9Y6Y8	SEC23IP	erythrocytes	2	2	2	0	2	0	0	0	0	159.96	111074.8750	0.001440109656
Q9Y6Z7	COLEC10	plasma	3	3	2	1	0	0	1	0	2	-4.032	27617.0850	-0.0001459965815
