gene	outcome	accessions	matched_by	uniprot_primary_symbol
A1BG	member	P04217	primary	A1BG
A2M	member	P01023	primary	A2M
A2ML1	member	A8K2U0	primary	A2ML1
AAK1	member	Q2M2I8	primary	AAK1
AAMDC	member	Q9H7C9	primary	AAMDC
AARS	member	P49588	synonym	AARS1
AARS2	member	Q5JTZ9	primary	AARS2
AARSD1	member	Q9BTE6	primary	AARSD1
AASS	member	Q9UDR5	primary	AASS
ABCA6	member	Q8N139	primary	ABCA6
ABCA8	member	O94911	primary	ABCA8
ABCB10	member	Q9NRK6	primary	ABCB10
ABCB7	member	O75027	primary	ABCB7
ABCC4	member	O15439	primary	ABCC4
ABCC9	in_tier1	O60706	primary	ABCC9
ABCD1	member	P33897	primary	ABCD1
ABCE1	member	P61221	primary	ABCE1
ABCF1	member	Q8NE71	primary	ABCF1
ABCF2	member	Q9UG63	primary	ABCF2
ABHD10	member	Q9NUJ1	primary	ABHD10
ABHD11	member	Q8NFV4	primary	ABHD11
ABHD14A-ACY1	unmapped			
ABHD14B	member	Q96IU4	primary	ABHD14B
ABHD16A	member	O95870	primary	ABHD16A
ABI3BP	member	Q7Z7G0	primary	ABI3BP
ABLIM1	member	O14639	primary	ABLIM1
ABLIM2	in_tier1	Q6H8Q1	primary	ABLIM2
ABLIM3	member	O94929	primary	ABLIM3
ABRA	in_tier1	Q8N0Z2	primary	ABRA
ACAA1	member	P09110	primary	ACAA1
ACAA2	member	P42765	primary	ACAA2
ACACB	member	O00763	primary	ACACB
ACAD11	member	Q709F0	primary	ACAD11
ACAD8	member	Q9UKU7	primary	ACAD8
ACAD9	member	Q9H845	primary	ACAD9
ACADM	member	P11310	primary	ACADM
ACADS	member	P16219	primary	ACADS
ACADSB	member	P45954	primary	ACADSB
ACADVL	member	P49748	primary	ACADVL
ACAT1	ambiguous	P24752;P35610		
ACAT2	ambiguous	O75908;Q9BWD1		
ACBD3	member	Q9H3P7	primary	ACBD3
ACE	member	P12821	primary	ACE
ACIN1	member	Q9UKV3	primary	ACIN1
ACLY	member	P53396	primary	ACLY
ACO1	member	P21399	primary	ACO1
ACO2	member	Q99798	primary	ACO2
ACOT1	member	Q86TX2	primary	ACOT1
ACOT13	member	Q9NPJ3	primary	ACOT13
ACOT2	member	P49753	primary	ACOT2
ACOT7	member	O00154	primary	ACOT7
ACOT9	member	Q9Y305	primary	ACOT9
ACOX1	member	Q15067	primary	ACOX1
ACOX3	member	O15254	primary	ACOX3
ACP1	member	P24666	primary	ACP1
ACSF2	member	Q96CM8	primary	ACSF2
ACSF3	member	Q4G176	primary	ACSF3
ACSL1	member	P33121	primary	ACSL1
ACSL3	member	O95573	primary	ACSL3
ACSL4	member	O60488	primary	ACSL4
ACSS1	member	Q9NUB1	primary	ACSS1
ACSS2	member	Q9NR19	primary	ACSS2
ACTA1	in_tier1	P68133	primary	ACTA1
ACTBL2	member	Q562R1	primary	ACTBL2
ACTG1	in_tier1	P63261	primary	ACTG1
ACTN1	in_tier1	P12814	primary	ACTN1
ACTN2	in_tier1	P35609	primary	ACTN2
ACTN3	in_tier1	Q08043	primary	ACTN3
ACTN4	in_tier1	O43707	primary	ACTN4
ACTR10	member	Q9NZ32	primary	ACTR10
ACTR1A	member	P61163	primary	ACTR1A
ACTR1B	member	P42025	primary	ACTR1B
ACTR2	member	P61160	primary	ACTR2
ACTR3	member	P61158	primary	ACTR3
ACY1	member	Q03154	primary	ACY1
ACYP2	member	P14621	primary	ACYP2
ADA	member	P00813	primary	ADA
ADAM10	member	O14672	primary	ADAM10
ADAMTSL4	member	Q6UY14	primary	ADAMTSL4
ADAR	member	P55265	primary	ADAR
ADCK3	member	Q8NI60	synonym	COQ8A
ADCK5	member	Q3MIX3	primary	ADCK5
ADD1	member	P35611	primary	ADD1
ADD2	member	P35612	primary	ADD2
ADD3	member	Q9UEY8	primary	ADD3
ADH1B	member	P00325	primary	ADH1B
ADH1C	member	P00326	primary	ADH1C
ADH5	member	P11766	primary	ADH5
ADHFE1	member	Q8IWW8	primary	ADHFE1
ADIRF	member	Q15847	primary	ADIRF
ADK	member	P55263	primary	ADK
ADO	member	Q96SZ5	primary	ADO
ADPRHL1	in_tier1	Q8NDY3	primary	ADPRHL1
ADPRHL2	member	Q9NX46	synonym	ADPRS
ADSL	member	P30566	primary	ADSL
ADSSL1	member	Q8N142	synonym	ADSS1
AEBP1	member	Q8IUX7	primary	AEBP1
AFAP1L2	member	Q8N4X5	primary	AFAP1L2
AFG3L2	member	Q9Y4W6	primary	AFG3L2
AFM	member	P43652	primary	AFM
AGK	member	Q53H12	primary	AGK
AGL	member	P35573	primary	AGL
AGMAT	member	Q9BSE5	primary	AGMAT
AGO2	member	Q9UKV8	primary	AGO2
AGO3	member	Q9H9G7	primary	AGO3
AGPAT3	member	Q9NRZ7	primary	AGPAT3
AGPAT9	member	Q53EU6	synonym	GPAT3
AGPS	member	O00116	primary	AGPS
AGRN	member	O00468	primary	AGRN
AHCTF1	member	Q8WYP5	primary	AHCTF1
AHCY	member	P23526	primary	AHCY
AHCYL2	member	Q96HN2	primary	AHCYL2
AHDC1	member	Q5TGY3	primary	AHDC1
AHNAK	in_tier1	Q09666	primary	AHNAK
AHNAK2	member	Q8IVF2	primary	AHNAK2
AHSA1	member	O95433	primary	AHSA1
AHSG	member	P02765	primary	AHSG
AHSP	member	Q9NZD4	primary	AHSP
AIFM1	member	O95831	primary	AIFM1
AIMP1	member	Q12904	primary	AIMP1
AIMP2	member	Q13155	primary	AIMP2
AIP	ambiguous	O00170;Q9NWT8		
AK1	member	P00568	primary	AK1
AK2	member	P54819	primary	AK2
AK3	ambiguous	P27144;Q9UIJ7		
AK4	member	P27144	primary	AK4
AKAP1	member	Q92667	primary	AKAP1
AKAP12	member	Q02952	primary	AKAP12
AKAP13	member	Q12802	primary	AKAP13
AKAP2	unmapped			
AKAP9	member	Q99996	primary	AKAP9
AKR1A1	member	P14550	primary	AKR1A1
AKR1B1	member	P15121	primary	AKR1B1
AKR1C1	member	Q04828	primary	AKR1C1
AKR1C2	member	P52895	primary	AKR1C2
AKR1D1	member	P51857	primary	AKR1D1
AKR7A2	member	O43488	primary	AKR7A2
AKT1	member	P31749	primary	AKT1
AKT1S1	member	Q96B36	primary	AKT1S1
AKT2	member	P31751	primary	AKT2
ALAD	member	P13716	primary	ALAD
ALCAM	member	Q13740	primary	ALCAM
ALDH16A1	member	Q8IZ83	primary	ALDH16A1
ALDH18A1	member	P54886	primary	ALDH18A1
ALDH1A1	member	P00352	primary	ALDH1A1
ALDH1A2	member	O94788	primary	ALDH1A2
ALDH1B1	member	P30837	primary	ALDH1B1
ALDH1L1	member	O75891	primary	ALDH1L1
ALDH1L2	member	Q3SY69	primary	ALDH1L2
ALDH2	member	P05091	primary	ALDH2
ALDH3A2	member	P51648	primary	ALDH3A2
ALDH4A1	member	P30038	primary	ALDH4A1
ALDH5A1	member	P51649	primary	ALDH5A1
ALDH6A1	member	Q02252	primary	ALDH6A1
ALDH7A1	member	P49419	primary	ALDH7A1
ALDH9A1	member	P49189	primary	ALDH9A1
ALDOA	in_tier1	P04075	primary	ALDOA
ALDOC	member	P09972	primary	ALDOC
ALOX12B	member	O75342	primary	ALOX12B
ALPK3	member	Q96L96	primary	ALPK3
ALYREF	member	Q86V81	primary	ALYREF
AMBP	member	P02760	primary	AMBP
AMPD1	member	P23109	primary	AMPD1
AMPD2	member	Q01433	primary	AMPD2
AMPD3	member	Q01432	primary	AMPD3
AMY1A	member	P0DUB6	primary	AMY1A
AMY2A	member	P04746	primary	AMY2A
AMY2B	member	P19961	primary	AMY2B
ANG	member	P03950	primary	ANG
ANK1	in_tier1	P16157	primary	ANK1
ANK2	in_tier1	Q01484	primary	ANK2
ANK3	in_tier1	Q12955	primary	ANK3
ANKFY1	member	Q9P2R3	primary	ANKFY1
ANKRD1	in_tier1	Q15327	primary	ANKRD1
ANKRD17	member	O75179	primary	ANKRD17
ANKRD2	in_tier1	Q9GZV1	primary	ANKRD2
ANKRD35	member	Q8N283	primary	ANKRD35
ANKRD50	member	Q9ULJ7	primary	ANKRD50
ANO10	member	Q9NW15	primary	ANO10
ANP32A	member	P39687	primary	ANP32A
ANP32B	member	Q92688	primary	ANP32B
ANXA1	member	P04083	primary	ANXA1
ANXA11	member	P50995	primary	ANXA11
ANXA2	member	P07355	primary	ANXA2
ANXA2P2	member	A6NMY6	primary	ANXA2P2
ANXA3	member	P12429	primary	ANXA3
ANXA4	member	P09525	primary	ANXA4
ANXA5	member	P08758	primary	ANXA5
ANXA6	member	P08133	primary	ANXA6
ANXA7	member	P20073	primary	ANXA7
AOC3	member	Q16853	primary	AOC3
AP1B1	member	Q10567	primary	AP1B1
AP1G1	member	O43747	primary	AP1G1
AP1M1	member	Q9BXS5	primary	AP1M1
AP1S2	member	P56377	primary	AP1S2
AP2A1	member	O95782	primary	AP2A1
AP2A2	member	O94973	primary	AP2A2
AP2B1	member	P63010	primary	AP2B1
AP2M1	member	Q96CW1	primary	AP2M1
AP2S1	member	P53680	primary	AP2S1
AP3B1	member	O00203	primary	AP3B1
AP3D1	member	O14617	primary	AP3D1
AP4B1	member	Q9Y6B7	primary	AP4B1
APCS	member	P02743	primary	APCS
APEH	member	P13798	primary	APEH
APEX1	member	P27695	primary	APEX1
API5	member	Q9BZZ5	primary	API5
APIP	member	Q96GX9	primary	APIP
APMAP	member	Q9HDC9	primary	APMAP
APOA1	member	P02647	primary	APOA1
APOA1BP	member	Q8NCW5	synonym	NAXE
APOA2	member	P02652	primary	APOA2
APOA4	member	P06727	primary	APOA4
APOB	member	P04114	primary	APOB
APOBEC2	member	Q9Y235	primary	APOBEC2
APOC1	member	P02654	primary	APOC1
APOC2	member	P02655	primary	APOC2
APOC3	member	P02656	primary	APOC3
APOC4-APOC2	unmapped			
APOD	member	P05090	primary	APOD
APOE	member	P02649	primary	APOE
APOH	member	P02749	primary	APOH
APOL1	member	O14791	primary	APOL1
APOL2	member	Q9BQE5	primary	APOL2
APOO	member	Q9BUR5	primary	APOO
APOOL	member	Q6UXV4	primary	APOOL
APPL1	member	Q9UKG1	primary	APPL1
APRT	member	P07741	primary	APRT
AQP4	member	P55087	primary	AQP4
AQR	member	O60306	primary	AQR
ARAF	member	P10398	primary	ARAF
ARCN1	member	P48444	primary	ARCN1
ARF1	in_tier1	P84077	primary	ARF1
ARF3	member	P61204	primary	ARF3
ARF4	member	P18085	primary	ARF4
ARF5	member	P84085	primary	ARF5
ARFGAP2	member	Q8N6H7	primary	ARFGAP2
ARFGEF1	member	Q9Y6D6	primary	ARFGEF1
ARFGEF2	member	Q9Y6D5	primary	ARFGEF2
ARFIP1	member	P53367	primary	ARFIP1
ARG1	member	P05089	primary	ARG1
ARGLU1	member	Q9NWB6	primary	ARGLU1
ARHGAP1	member	Q07960	primary	ARHGAP1
ARHGAP10	ambiguous	A1A4S6;Q5T5U3		
ARHGAP17	member	Q68EM7	primary	ARHGAP17
ARHGAP18	member	Q8N392	primary	ARHGAP18
ARHGDIA	member	P52565	primary	ARHGDIA
ARHGDIB	member	P52566	primary	ARHGDIB
ARHGEF12	member	Q9NZN5	primary	ARHGEF12
ARHGEF17	member	Q96PE2	primary	ARHGEF17
ARHGEF2	member	Q92974	primary	ARHGEF2
ARHGEF7	member	Q14155	primary	ARHGEF7
ARID1A	member	O14497	primary	ARID1A
ARL1	member	P40616	primary	ARL1
ARL2	member	P36404	primary	ARL2
ARL2-SNX15	unmapped			
ARL3	member	P36405	primary	ARL3
ARL6IP5	member	O75915	primary	ARL6IP5
ARL6IP6	member	Q8N6S5	primary	ARL6IP6
ARL8B	member	Q9NVJ2	primary	ARL8B
ARMC1	member	Q9NVT9	primary	ARMC1
ARMC9	member	Q7Z3E5	primary	ARMC9
ARMCX1	member	Q9P291	primary	ARMCX1
ARMCX3	member	Q9UH62	primary	ARMCX3
ARMT1	member	Q9H993	synonym	DCPH1
ARPC1A	member	Q92747	primary	ARPC1A
ARPC1B	member	O15143	primary	ARPC1B
ARPC2	member	O15144	primary	ARPC2
ARPC3	member	O15145	primary	ARPC3
ARPC4	member	P59998	primary	ARPC4
ARPC4-TTLL3	unmapped			
ARPC5	member	O15511	primary	ARPC5
ARPC5L	member	Q9BPX5	primary	ARPC5L
ARPP19	member	P56211	primary	ARPP19
ARRB2	member	P32121	primary	ARRB2
ARSB	member	P15848	primary	ARSB
ART3	member	Q13508	primary	ART3
ARVCF	member	O00192	primary	ARVCF
AS3MT	member	Q9HBK9	primary	AS3MT
ASAH1	member	Q13510	primary	ASAH1
ASB1	member	Q9Y576	primary	ASB1
ASB10	member	Q8WXI3	primary	ASB10
ASB2	in_tier1	Q96Q27	primary	ASB2
ASCC3	member	Q8N3C0	primary	ASCC3
ASL	member	P04424	primary	ASL
ASMTL	member	O95671	primary	ASMTL
ASNA1	member	O43681	synonym	GET3
ASNS	member	P08243	primary	ASNS
ASPA	member	P45381	primary	ASPA
ASPH	member	Q12797	primary	ASPH
ASPN	member	Q9BXN1	primary	ASPN
ASPRV1	member	Q53RT3	primary	ASPRV1
ASS1	member	P00966	primary	ASS1
ATAD1	member	Q8NBU5	primary	ATAD1
ATAD3A	member	Q9NVI7	primary	ATAD3A
ATAD3B	member	Q5T9A4	primary	ATAD3B
ATG2B	member	Q96BY7	primary	ATG2B
ATG7	member	O95352	primary	ATG7
ATIC	member	P31939	primary	ATIC
ATL2	member	Q8NHH9	primary	ATL2
ATL3	member	Q6DD88	primary	ATL3
ATOX1	member	O00244	primary	ATOX1
ATP13A1	member	Q9HD20	primary	ATP13A1
ATP13A3	member	Q9H7F0	primary	ATP13A3
ATP1A1	member	P05023	primary	ATP1A1
ATP1A2	member	P50993	primary	ATP1A2
ATP1B1	member	P05026	primary	ATP1B1
ATP1B4	member	Q9UN42	primary	ATP1B4
ATP2A1	in_tier1	O14983	primary	ATP2A1
ATP2A2	member	P16615	primary	ATP2A2
ATP2A3	member	Q93084	primary	ATP2A3
ATP2B1	member	P20020	primary	ATP2B1
ATP2B2	ambiguous	P23634;Q01814		
ATP2B4	in_tier1	P23634	primary	ATP2B4
ATP2C1	member	P98194	primary	ATP2C1
ATP5A1	member	P25705	synonym	ATP5F1A
ATP5B	member	P06576	synonym	ATP5F1B
ATP5C1	member	P36542	synonym	ATP5F1C
ATP5D	member	P30049	synonym	ATP5F1D
ATP5F1	member	P24539	synonym	ATP5PB
ATP5H	member	O75947	synonym	ATP5PD
ATP5I	member	P56385	synonym	ATP5ME
ATP5J	member	P18859	synonym	ATP5PF
ATP5J2	member	P56134	synonym	ATP5MF
ATP5J2-PTCD1	unmapped			
ATP5L	member	O75964	synonym	ATP5MG
ATP5O	member	P48047	synonym	ATP5PO
ATP5S	member	Q99766	synonym	DMAC2L
ATP6AP2	member	O75787	primary	ATP6AP2
ATP6V0A1	member	Q93050	primary	ATP6V0A1
ATP6V1A	member	P38606	primary	ATP6V1A
ATP6V1B2	member	P21281	primary	ATP6V1B2
ATP6V1C1	member	P21283	primary	ATP6V1C1
ATP6V1D	member	Q9Y5K8	primary	ATP6V1D
ATP6V1E1	member	P36543	primary	ATP6V1E1
ATP6V1G1	member	O75348	primary	ATP6V1G1
ATP6V1H	member	Q9UI12	primary	ATP6V1H
ATP7A	member	Q04656	primary	ATP7A
ATPAF1	member	Q5TC12	primary	ATPAF1
ATPAF2	member	Q8N5M1	primary	ATPAF2
ATPIF1	member	Q9UII2	synonym	ATP5IF1
ATXN10	member	Q9UBB4	primary	ATXN10
ATXN2L	member	Q8WWM7	primary	ATXN2L
AUH	member	Q13825	primary	AUH
AUP1	member	Q9Y679	primary	AUP1
AZGP1	member	P25311	primary	AZGP1
B2M	member	P61769	primary	B2M
BAG2	member	O95816	primary	BAG2
BAG3	in_tier1	O95817	primary	BAG3
BAG6	member	P46379	primary	BAG6
BAK1	member	Q16611	primary	BAK1
BANF1	member	O75531	primary	BANF1
BAP18	member	Q8IXM2	synonym	BACC1
BAT3	member	P46379	synonym	BAG6
BAX	member	Q07812	primary	BAX
BCAM	member	P50895	primary	BCAM
BCAP29	member	Q9UHQ4	primary	BCAP29
BCAP31	member	P51572	primary	BCAP31
BCAR1	member	P56945	primary	BCAR1
BCAT2	member	O15382	primary	BCAT2
BCKDHA	member	P12694	primary	BCKDHA
BCKDHB	member	P21953	primary	BCKDHB
BCKDK	member	O14874	primary	BCKDK
BCL2	member	P10415	primary	BCL2
BCL2L13	member	Q9BXK5	primary	BCL2L13
BCLAF1	member	Q9NYF8	primary	BCLAF1
BCO2	member	Q9BYV7	primary	BCO2
BCS1L	member	Q9Y276	primary	BCS1L
BDH1	member	Q02338	primary	BDH1
BICD2	member	Q8TD16	primary	BICD2
BID	member	P55957	primary	BID
BIN1	in_tier1	O00499	primary	BIN1
BIRC6	member	Q9NR09	primary	BIRC6
BLMH	member	Q13867	primary	BLMH
BLOC1S2	member	Q6QNY1	primary	BLOC1S2
BLVRA	member	P53004	primary	BLVRA
BLVRB	member	P30043	primary	BLVRB
BNIP1	member	Q12981	primary	BNIP1
BNIP3	member	Q12983	primary	BNIP3
BOD1L1	member	Q8NFC6	primary	BOD1L1
BOLA1	member	Q9Y3E2	primary	BOLA1
BOLA3	member	Q53S33	primary	BOLA3
BPGM	member	P07738	primary	BPGM
BPHL	member	Q86WA6	primary	BPHL
BPNT1	member	O95861	primary	BPNT1
BRCC3	member	P46736	primary	BRCC3
BROX	member	Q5VW32	primary	BROX
BRP44L	member	Q9Y5U8	synonym	MPC1
BSG	member	P35613	primary	BSG
BST1	member	Q10588	primary	BST1
BTAF1	member	O14981	primary	BTAF1
BTD	member	P43251	primary	BTD
BTF3	ambiguous	O00478;P20290;P78410		
BTF3L4	member	Q96K17	primary	BTF3L4
BTN3A1	member	O00481	primary	BTN3A1
BTN3A2	member	P78410	primary	BTN3A2
BTN3A3	member	O00478	primary	BTN3A3
BYSL	member	Q13895	primary	BYSL
BZW1	member	Q7L1Q6	primary	BZW1
BZW2	member	Q9Y6E2	primary	BZW2
C10orf71	in_tier1	Q711Q0	synonym	CEFIP
C11orf54	member	Q9H0W9	synonym	BKGD
C11orf58	member	O00193	synonym	SMAP
C11orf68	member	Q9H3H3	primary	C11orf68
C11orf73	member	Q53FT3	synonym	HIKESHI
C12orf10	member	Q9HB07	synonym	MYG1
C12orf4	member	Q9NQ89	synonym	FERRY3
C12orf73	member	Q69YU5	synonym	UQCC6
C14orf159	member	Q7Z3D6	synonym	DGLUCY
C14orf166	member	Q9Y224	synonym	RTRAF
C15orf52	member	Q6ZUT6	synonym	CCDC9B
C15orf61	member	A6NNL5	primary	C15orf61
C16orf13	unmapped			
C16orf58	member	Q96GQ5	synonym	RUSF1
C16orf62	member	Q7Z3J2	synonym	VPS35L
C16orf96	member	A6NNT2	primary	C16orf96
C17orf49	member	Q8IXM2	synonym	BACC1
C19orf52	unmapped			
C19orf66	member	Q9NUL5	synonym	SHFL
C19orf70	member	Q5XKP0	synonym	MICOS13
C1QA	member	P02745	primary	C1QA
C1QB	member	P02746	primary	C1QB
C1QBP	member	Q07021	primary	C1QBP
C1QC	member	P02747	primary	C1QC
C1orf123	member	Q9NWV4	synonym	CZIB
C1orf198	member	Q9H425	primary	C1orf198
C21orf33	member	P0DPI2	synonym	GATD3
C2orf47	member	Q8WWC4	synonym	MAIP1
C3	member	P01024	primary	C3
C3orf38	member	Q5JPI3	primary	C3orf38
C4B	unmapped			
C4BPA	member	P04003	primary	C4BPA
C5	member	P01031	primary	C5
C6orf136	member	Q5SQH8	primary	C6orf136
C6orf203	member	Q9P0P8	synonym	MTRES1
C7orf55	member	Q96HJ9	synonym	FMC1
C7orf55-LUC7L2	unmapped			
C8A	member	P07357	primary	C8A
C8orf82	member	Q6P1X6	primary	C8orf82
C9	member	P02748	primary	C9
C9orf64	member	Q5T6V5	synonym	QNG1
C9orf89	member	Q96LW7	synonym	CARD19
CA1	member	P00915	primary	CA1
CA14	member	Q9ULX7	primary	CA14
CA2	member	P00918	primary	CA2
CA3	in_tier1	P07451	primary	CA3
CAB39	member	Q9Y376	primary	CAB39
CAB39L	member	Q9H9S4	primary	CAB39L
CACNA1S	in_tier1	Q13698	primary	CACNA1S
CACNA2D1	member	P54289	primary	CACNA2D1
CACNB1	member	Q02641	primary	CACNB1
CACNB3	member	P54284	primary	CACNB3
CACNG1	member	Q06432	primary	CACNG1
CACNG6	ambiguous	Q8WXS5;Q9BXT2		
CACYBP	member	Q9HB71	primary	CACYBP
CAD	ambiguous	O76075;P27708;Q05682		
CALCOCO1	member	Q9P1Z2	primary	CALCOCO1
CALD1	in_tier1	Q05682	primary	CALD1
CALM1	in_tier1	P0DP23	primary	CALM1
CALM2	in_tier1	P0DP24	primary	CALM2
CALML3	member	P27482	primary	CALML3
CALML5	member	Q9NZT1	primary	CALML5
CALR	member	P27797	primary	CALR
CALU	member	O43852	primary	CALU
CAMK1	member	Q14012	primary	CAMK1
CAMK2A	member	Q9UQM7	primary	CAMK2A
CAMK2B	member	Q13554	primary	CAMK2B
CAMK2D	member	Q13557	primary	CAMK2D
CAMK2G	member	Q13555	primary	CAMK2G
CAMLG	member	P49069	primary	CAMLG
CAND1	member	Q86VP6	primary	CAND1
CAND2	member	O75155	primary	CAND2
CANX	member	P27824	primary	CANX
CAP1	member	Q01518	primary	CAP1
CAP2	member	P40123	primary	CAP2
CAPG	ambiguous	P40121;Q9BPX3		
CAPN1	member	P07384	primary	CAPN1
CAPN2	member	P17655	primary	CAPN2
CAPN3	in_tier1	P20807	primary	CAPN3
CAPN7	member	Q9Y6W3	primary	CAPN7
CAPNS1	member	P04632	primary	CAPNS1
CAPRIN1	member	Q14444	primary	CAPRIN1
CAPZA1	member	P52907	primary	CAPZA1
CAPZA2	member	P47755	primary	CAPZA2
CAPZB	in_tier1	P47756	primary	CAPZB
CARKD	member	Q8IW45	synonym	NAXD
CARM1	member	Q86X55	primary	CARM1
CARNS1	member	A5YM72	primary	CARNS1
CARS	member	P49589	synonym	CARS1
CARS2	member	Q9HA77	primary	CARS2
CASK	ambiguous	O14936;P07498		
CASKIN2	member	Q8WXE0	primary	CASKIN2
CASP14	member	P31944	primary	CASP14
CASP7	member	P55210	primary	CASP7
CASQ1	in_tier1	P31415	primary	CASQ1
CASQ2	in_tier1	O14958	primary	CASQ2
CAST	ambiguous	O15446;P20810		
CAT	ambiguous	P04040;Q6IB77		
CAV1	member	Q03135	primary	CAV1
CAV3	in_tier1	P56539	primary	CAV3
CBR1	member	P16152	primary	CBR1
CBR3	member	O75828	primary	CBR3
CBR4	member	Q8N4T8	primary	CBR4
CBS	member	P35520	primary	CBS
CBX3	member	Q13185	primary	CBX3
CBX5	member	P45973	primary	CBX5
CC2D1A	member	Q6P1N0	primary	CC2D1A
CCAR1	member	Q8IX12	primary	CCAR1
CCAR2	member	Q8N163	primary	CCAR2
CCBL2	member	Q6YP21	synonym	KYAT3
CCDC12	member	Q8WUD4	primary	CCDC12
CCDC124	member	Q96CT7	primary	CCDC124
CCDC127	member	Q96BQ5	primary	CCDC127
CCDC132	member	Q96JG6	synonym	VPS50
CCDC14	member	Q49A88	primary	CCDC14
CCDC141	member	Q6ZP82	primary	CCDC141
CCDC146	member	Q8IYE0	primary	CCDC146
CCDC22	member	O60826	primary	CCDC22
CCDC38	member	Q502W7	primary	CCDC38
CCDC43	member	Q96MW1	primary	CCDC43
CCDC47	member	Q96A33	primary	CCDC47
CCDC50	member	Q8IVM0	primary	CCDC50
CCDC51	member	Q96ER9	primary	CCDC51
CCDC58	member	Q4VC31	synonym	MIX23
CCDC6	member	Q16204	primary	CCDC6
CCDC91	member	Q7Z6B0	primary	CCDC91
CCDC93	member	Q567U6	primary	CCDC93
CCNT1	member	O60563	primary	CCNT1
CCS	member	O14618	primary	CCS
CCT2	member	P78371	primary	CCT2
CCT3	member	P49368	primary	CCT3
CCT4	member	P50991	primary	CCT4
CCT5	member	P48643	primary	CCT5
CCT6A	member	P40227	primary	CCT6A
CCT6B	member	Q92526	primary	CCT6B
CCT7	member	Q99832	primary	CCT7
CCT8	member	P50990	primary	CCT8
CD109	member	Q6YHK3	primary	CD109
CD151	member	P48509	primary	CD151
CD163	member	Q86VB7	primary	CD163
CD248	member	Q9HCU0	primary	CD248
CD36	member	P16671	primary	CD36
CD38	member	P28907	primary	CD38
CD44	member	P16070	primary	CD44
CD46	member	P15529	primary	CD46
CD55	member	P08174	primary	CD55
CD58	member	P19256	primary	CD58
CD59	member	P13987	primary	CD59
CD63	member	P08962	primary	CD63
CD81	member	P60033	primary	CD81
CD93	member	Q9NPY3	primary	CD93
CD99	member	P14209	primary	CD99
CD99L2	member	Q8TCZ2	primary	CD99L2
CDC37	member	Q16543	primary	CDC37
CDC42	member	P60953	primary	CDC42
CDC42BPA	member	Q5VT25	primary	CDC42BPA
CDC42BPB	member	Q9Y5S2	primary	CDC42BPB
CDC42EP1	member	Q00587	primary	CDC42EP1
CDC5L	member	Q99459	primary	CDC5L
CDH11	member	P55287	primary	CDH11
CDH13	member	P55290	primary	CDH13
CDH2	member	P19022	primary	CDH2
CDIPT	member	O14735	primary	CDIPT
CDK16	member	Q00536	primary	CDK16
CDK17	member	Q00537	primary	CDK17
CDK5RAP3	member	Q96JB5	primary	CDK5RAP3
CDNF	member	Q49AH0	primary	CDNF
CDS2	ambiguous	O75420;O95674		
CDSN	member	Q15517	primary	CDSN
CDV3	member	Q9UKY7	primary	CDV3
CEBPZ	member	Q03701	primary	CEBPZ
CECR5	member	Q9BXW7	synonym	HDHD5
CELF1	member	Q92879	primary	CELF1
CELF2	member	O95319	primary	CELF2
CEND1	member	Q8N111	primary	CEND1
CENPV	member	Q7Z7K6	primary	CENPV
CEP152	member	O94986	primary	CEP152
CEP170	member	Q5SW79	primary	CEP170
CEP290	member	O15078	primary	CEP290
CEP41	member	Q9BYV8	primary	CEP41
CERS2	member	Q96G23	primary	CERS2
CES1	ambiguous	P02795;P23141		
CES2	ambiguous	O00748;P23141		
CFAP20	member	Q9Y6A4	primary	CFAP20
CFB	member	P00751	primary	CFB
CFH	member	P08603	primary	CFH
CFL1	member	P23528	primary	CFL1
CFL2	in_tier1	Q9Y281	primary	CFL2
CGI-87	unmapped			
CGNL1	member	Q0VF96	primary	CGNL1
CHCHD1	member	Q96BP2	primary	CHCHD1
CHCHD2	member	Q9Y6H1	primary	CHCHD2
CHCHD2P9	member	Q5T1J5	primary	CHCHD2P9
CHCHD3	member	Q9NX63	primary	CHCHD3
CHCHD4	member	Q8N4Q1	primary	CHCHD4
CHCHD6	member	Q9BRQ6	primary	CHCHD6
CHCHD7	member	Q9BUK0	primary	CHCHD7
CHD2	member	O14647	primary	CHD2
CHD4	member	Q14839	primary	CHD4
CHDH	member	Q8NE62	primary	CHDH
CHERP	member	Q8IWX8	primary	CHERP
CHID1	member	Q9BWS9	primary	CHID1
CHMP1B	member	Q7LBR1	primary	CHMP1B
CHMP2A	member	O43633	primary	CHMP2A
CHMP4A	member	Q9BY43	primary	CHMP4A
CHMP4B	member	Q9H444	primary	CHMP4B
CHMP6	member	Q96FZ7	primary	CHMP6
CHP1	ambiguous	Q99653;Q9UHD1		
CHURC1-FNTB	unmapped			
CIAPIN1	member	Q6FI81	primary	CIAPIN1
CILP	member	O75339	primary	CILP
CIRBP	member	Q14011	primary	CIRBP
CISD1	member	Q9NZ45	primary	CISD1
CISD2	member	Q8N5K1	primary	CISD2
CKAP4	member	Q07065	primary	CKAP4
CKAP5	member	Q14008	primary	CKAP5
CKB	member	P12277	primary	CKB
CKM	member	P06732	primary	CKM
CKMT2	member	P17540	primary	CKMT2
CLASP1	member	Q7Z460	primary	CLASP1
CLASP2	member	O75122	primary	CLASP2
CLCC1	member	Q96S66	primary	CLCC1
CLGN	member	O14967	primary	CLGN
CLIC1	member	O00299	primary	CLIC1
CLIC4	member	Q9Y696	primary	CLIC4
CLIC5	member	Q9NZA1	primary	CLIC5
CLINT1	member	Q14677	primary	CLINT1
CLIP1	member	P30622	primary	CLIP1
CLPB	member	Q9H078	primary	CLPB
CLPP	member	Q16740	primary	CLPP
CLPX	member	O76031	primary	CLPX
CLTA	member	P09496	primary	CLTA
CLTB	member	P09497	primary	CLTB
CLTC	member	Q00610	primary	CLTC
CLU	member	P10909	primary	CLU
CLUH	member	O75153	primary	CLUH
CLYBL	member	Q8N0X4	primary	CLYBL
CMAS	member	Q8NFW8	primary	CMAS
CMBL	member	Q96DG6	primary	CMBL
CMC1	member	Q7Z7K0	primary	CMC1
CMC2	member	Q9NRP2	primary	CMC2
CMC4	member	P56277	primary	CMC4
CMPK1	member	P30085	primary	CMPK1
CMPK2	member	Q5EBM0	primary	CMPK2
CMYA5	in_tier1	Q8N3K9	primary	CMYA5
CNBP	member	P62633	primary	CNBP
CNDP2	member	Q96KP4	primary	CNDP2
CNIH4	member	Q9P003	primary	CNIH4
CNN1	member	P51911	primary	CNN1
CNN2	member	Q99439	primary	CNN2
CNN3	member	Q15417	primary	CNN3
CNP	member	P09543	primary	CNP
CNPY2	member	Q9Y2B0	primary	CNPY2
CNST	member	Q6PJW8	primary	CNST
CNTNAP1	member	P78357	primary	CNTNAP1
COA3	member	Q9Y2R0	primary	COA3
COA4	member	Q9NYJ1	primary	COA4
COA5	member	Q86WW8	primary	COA5
COA6	member	Q5JTJ3	primary	COA6
COA7	member	Q96BR5	primary	COA7
COASY	member	Q13057	primary	COASY
COBL	member	O75128	primary	COBL
COG1	member	Q8WTW3	primary	COG1
COG4	member	Q9H9E3	primary	COG4
COG5	member	Q9UP83	primary	COG5
COL12A1	member	Q99715	primary	COL12A1
COL14A1	member	Q05707	primary	COL14A1
COL15A1	member	P39059	primary	COL15A1
COL18A1	member	P39060	primary	COL18A1
COL1A1	member	P02452	primary	COL1A1
COL1A2	member	P08123	primary	COL1A2
COL2A1	member	P02458	primary	COL2A1
COL3A1	member	P02461	primary	COL3A1
COL4A1	member	P02462	primary	COL4A1
COL4A2	member	P08572	primary	COL4A2
COL5A1	member	P20908	primary	COL5A1
COL5A2	member	P05997	primary	COL5A2
COL5A3	member	P25940	primary	COL5A3
COL6A1	in_tier1	P12109	primary	COL6A1
COL6A2	member	P12110	primary	COL6A2
COL6A3	member	P12111	primary	COL6A3
COL6A6	member	A6NMZ7	primary	COL6A6
COLGALT1	member	Q8NBJ5	primary	COLGALT1
COMMD3	member	Q9UBI1	primary	COMMD3
COMMD3-BMI1	unmapped			
COMT	member	P21964	primary	COMT
COMTD1	member	Q86VU5	primary	COMTD1
COPA	member	P53621	primary	COPA
COPB1	member	P53618	primary	COPB1
COPB2	member	P35606	primary	COPB2
COPE	member	O14579	primary	COPE
COPG1	member	Q9Y678	primary	COPG1
COPS2	member	P61201	primary	COPS2
COPS3	member	Q9UNS2	primary	COPS3
COPS4	member	Q9BT78	primary	COPS4
COPS5	member	Q92905	primary	COPS5
COPS6	member	Q7L5N1	primary	COPS6
COPS7A	member	Q9UBW8	primary	COPS7A
COPS8	member	Q99627	primary	COPS8
COQ10A	member	Q96MF6	primary	COQ10A
COQ10B	member	Q9H8M1	primary	COQ10B
COQ3	member	Q9NZJ6	primary	COQ3
COQ5	member	Q5HYK3	primary	COQ5
COQ6	member	Q9Y2Z9	primary	COQ6
COQ7	member	Q99807	primary	COQ7
COQ9	member	O75208	primary	COQ9
CORO1B	member	Q9BR76	primary	CORO1B
CORO1C	in_tier1	Q9ULV4	primary	CORO1C
CORO6	member	Q6QEF8	primary	CORO6
CORO7	member	P57737	primary	CORO7
CORO7-PAM16	unmapped			
COTL1	member	Q14019	primary	COTL1
COX11	member	Q9Y6N1	primary	COX11
COX15	member	Q7KZN9	primary	COX15
COX17	member	Q14061	primary	COX17
COX19	member	Q49B96	primary	COX19
COX20	member	Q5RI15	primary	COX20
COX4I1	member	P13073	primary	COX4I1
COX5A	member	P20674	primary	COX5A
COX5B	member	P10606	primary	COX5B
COX6A2	member	Q02221	primary	COX6A2
COX6B1	member	P14854	primary	COX6B1
COX6C	member	P09669	primary	COX6C
COX7A1	member	P24310	primary	COX7A1
COX7A2	member	P14406	primary	COX7A2
COX7A2L	member	O14548	primary	COX7A2L
COX7B	member	P24311	primary	COX7B
COX7C	member	P15954	primary	COX7C
COX8A	member	P10176	primary	COX8A
CP	member	P00450	primary	CP
CPA3	ambiguous	P15088;Q9UI42		
CPA4	member	Q9UI42	primary	CPA4
CPD	member	O75976	primary	CPD
CPNE1	member	Q99829	primary	CPNE1
CPNE3	member	O75131	primary	CPNE3
CPOX	member	P36551	primary	CPOX
CPPED1	member	Q9BRF8	primary	CPPED1
CPS1	member	P31327	primary	CPS1
CPSF1	member	Q10570	primary	CPSF1
CPSF3	member	Q9UKF6	primary	CPSF3
CPSF6	member	Q16630	primary	CPSF6
CPSF7	member	Q8N684	primary	CPSF7
CPT1A	member	P50416	primary	CPT1A
CPT1B	member	Q92523	primary	CPT1B
CPT2	member	P23786	primary	CPT2
CRABP2	member	P29373	primary	CRABP2
CRAT	member	P43155	primary	CRAT
CRIP1	member	P50238	primary	CRIP1
CRIP2	member	P52943	primary	CRIP2
CRK	member	P46108	primary	CRK
CRKL	member	P46109	primary	CRKL
CRMP1	member	Q14194	primary	CRMP1
CRNKL1	member	Q9BZJ0	primary	CRNKL1
CRNN	member	Q9UBG3	primary	CRNN
CROCC	member	Q5TZA2	primary	CROCC
CRTAP	member	O75718	primary	CRTAP
CRYAB	in_tier1	P02511	primary	CRYAB
CRYL1	member	Q9Y2S2	primary	CRYL1
CRYM	member	Q14894	primary	CRYM
CRYZ	member	Q08257	primary	CRYZ
CS	member	O75390	primary	CS
CSDE1	member	O75534	primary	CSDE1
CSE1L	member	P55060	primary	CSE1L
CSK	member	P41240	primary	CSK
CSNK1D	member	P48730	primary	CSNK1D
CSNK1E	member	P49674	primary	CSNK1E
CSNK2A1	member	P68400	primary	CSNK2A1
CSNK2A3	member	Q8NEV1	primary	CSNK2A3
CSNK2B	member	P67870	primary	CSNK2B
CSNK2B-LY6G5B--991	unmapped			
CSNK2B-LY6G5B-1181	unmapped			
CSPG4	member	Q6UVK1	primary	CSPG4
CSRP1	in_tier1	P21291	primary	CSRP1
CSRP3	in_tier1	P50461	primary	CSRP3
CST3	member	P01034	primary	CST3
CST4	member	P01036	primary	CST4
CST6	ambiguous	P04080;Q15828		
CSTA	member	P01040	primary	CSTA
CSTB	member	P04080	primary	CSTB
CSTF1	member	Q05048	primary	CSTF1
CSTF2	member	P33240	primary	CSTF2
CSTF3	member	Q12996	primary	CSTF3
CTAGE5	member	Q96PC5	synonym	MIA2
CTBP1	member	Q13363	primary	CTBP1
CTGF	member	P29279	synonym	CCN2
CTHRC1	member	Q96CG8	primary	CTHRC1
CTNNA1	member	P35221	primary	CTNNA1
CTNNA2	member	P26232	primary	CTNNA2
CTNNA3	member	Q9UI47	primary	CTNNA3
CTNNB1	in_tier1	P35222	primary	CTNNB1
CTNND1	member	O60716	primary	CTNND1
CTPS1	member	P17812	primary	CTPS1
CTSA	member	P10619	primary	CTSA
CTSB	member	P07858	primary	CTSB
CTSC	member	P53634	primary	CTSC
CTSD	member	P07339	primary	CTSD
CTSG	member	P08311	primary	CTSG
CTSZ	member	Q9UBR2	primary	CTSZ
CTTN	member	Q14247	primary	CTTN
CTTNBP2NL	member	Q9P2B4	primary	CTTNBP2NL
CUL1	member	Q13616	primary	CUL1
CUL2	member	Q13617	primary	CUL2
CUL3	member	Q13618	primary	CUL3
CUL4A	member	Q13619	primary	CUL4A
CUL4B	member	Q13620	primary	CUL4B
CUL5	member	Q93034	primary	CUL5
CUTA	member	O60888	primary	CUTA
CUTC	member	Q9NTM9	primary	CUTC
CYB5A	member	P00167	primary	CYB5A
CYB5B	member	O43169	primary	CYB5B
CYB5R1	member	Q9UHQ9	primary	CYB5R1
CYB5R3	member	P00387	primary	CYB5R3
CYBRD1	member	Q53TN4	primary	CYBRD1
CYC1	member	P08574	primary	CYC1
CYCS	member	P99999	primary	CYCS
CYFIP1	member	Q7L576	primary	CYFIP1
CYGB	member	Q8WWM9	primary	CYGB
CYP27A1	member	Q02318	primary	CYP27A1
CYP2J2	member	P51589	primary	CYP2J2
CYP51A1	member	Q16850	primary	CYP51A1
CYSTM1	member	Q9H1C7	primary	CYSTM1
D2HGDH	member	Q8N465	primary	D2HGDH
DAAM1	member	Q9Y4D1	primary	DAAM1
DAD1	member	P61803	primary	DAD1
DAG1	in_tier1	Q14118	primary	DAG1
DAK	member	Q3LXA3	synonym	TKFC
DAP3	ambiguous	O95886;P51398		
DAPK3	member	O43293	primary	DAPK3
DARS	member	P14868	synonym	DARS1
DARS2	member	Q6PI48	primary	DARS2
DAZAP1	member	Q96EP5	primary	DAZAP1
DBI	member	P07108	primary	DBI
DBN1	member	Q16643	primary	DBN1
DBNL	member	Q9UJU6	primary	DBNL
DBT	member	P11182	primary	DBT
DCAF6	member	Q58WW2	primary	DCAF6
DCAF8	member	Q5TAQ9	primary	DCAF8
DCD	member	P81605	primary	DCD
DCI	member	P42126	synonym	ECI1
DCLK1	member	O15075	primary	DCLK1
DCN	member	P07585	primary	DCN
DCPS	member	Q96C86	primary	DCPS
DCTN1	member	Q14203	primary	DCTN1
DCTN2	member	Q13561	primary	DCTN2
DCTN3	member	O75935	primary	DCTN3
DCTN4	in_tier1	Q9UJW0	primary	DCTN4
DCTN6	member	O00399	primary	DCTN6
DCTPP1	member	Q9H773	primary	DCTPP1
DCUN1D1	member	Q96GG9	primary	DCUN1D1
DCUN1D2	member	Q6PH85	primary	DCUN1D2
DCXR	member	Q7Z4W1	primary	DCXR
DDAH1	member	O94760	primary	DDAH1
DDAH2	member	O95865	primary	DDAH2
DDB1	member	Q16531	primary	DDB1
DDOST	member	P39656	primary	DDOST
DDRGK1	member	Q96HY6	primary	DDRGK1
DDT	member	P30046	primary	DDT
DDTL	member	A6NHG4	primary	DDTL
DDX1	member	Q92499	primary	DDX1
DDX10	member	Q13206	primary	DDX10
DDX17	member	Q92841	primary	DDX17
DDX18	member	Q9NVP1	primary	DDX18
DDX19A	member	Q9NUU7	primary	DDX19A
DDX19B	member	Q9UMR2	primary	DDX19B
DDX21	ambiguous	Q9NR30;Q9NY93		
DDX23	member	Q9BUQ8	primary	DDX23
DDX24	member	Q9GZR7	primary	DDX24
DDX39B	member	Q13838	primary	DDX39B
DDX3X	member	O00571	primary	DDX3X
DDX3Y	member	O15523	primary	DDX3Y
DDX42	member	Q86XP3	primary	DDX42
DDX46	member	Q7L014	primary	DDX46
DDX47	member	Q9H0S4	primary	DDX47
DDX5	member	P17844	primary	DDX5
DDX54	member	Q8TDD1	primary	DDX54
DDX58	member	O95786	synonym	RIGI
DDX6	member	P26196	primary	DDX6
DDX60	member	Q8IY21	primary	DDX60
DECR1	member	Q16698	primary	DECR1
DECR2	member	Q9NUI1	primary	DECR2
DEK	member	P35659	primary	DEK
DENND4C	member	Q5VZ89	primary	DENND4C
DENND5B	member	Q6ZUT9	primary	DENND5B
DENR	member	O43583	primary	DENR
DEPTOR	member	Q8TB45	primary	DEPTOR
DES	in_tier1	P17661	primary	DES
DGAT1	member	O75907	primary	DGAT1
DGUOK	member	Q16854	primary	DGUOK
DHCR24	member	Q15392	primary	DHCR24
DHODH	member	Q02127	primary	DHODH
DHRS4	member	Q9BTZ2	primary	DHRS4
DHRS7	member	Q9Y394	primary	DHRS7
DHRS7B	member	Q6IAN0	primary	DHRS7B
DHRS7C	member	A6NNS2	primary	DHRS7C
DHTKD1	member	Q96HY7	primary	DHTKD1
DHX15	member	O43143	primary	DHX15
DHX29	member	Q7Z478	primary	DHX29
DHX30	member	Q7L2E3	primary	DHX30
DHX9	member	Q08211	primary	DHX9
DIABLO	member	Q9NR28	primary	DIABLO
DIAPH1	member	O60610	primary	DIAPH1
DIAPH2	member	O60879	primary	DIAPH2
DICER1	member	Q9UPY3	primary	DICER1
DIDO1	member	Q9BTC0	primary	DIDO1
DIP2B	member	Q9P265	primary	DIP2B
DIP2C	member	Q9Y2E4	primary	DIP2C
DIS3	member	Q9Y2L1	primary	DIS3
DIS3L2	member	Q8IYB7	primary	DIS3L2
DISC1	member	Q9NRI5	primary	DISC1
DKC1	member	O60832	primary	DKC1
DKFZp434B2017	unmapped			
DKFZp566H1924	unmapped			
DKFZp686E0752	unmapped			
DKFZp686E14208	unmapped			
DKFZp686L0365	unmapped			
DKFZp779D0968	unmapped			
DKFZp781D1416	unmapped			
DKFZp781M17165	unmapped			
DLAT	member	P10515	primary	DLAT
DLD	member	P09622	primary	DLD
DLGAP4	member	Q9Y2H0	primary	DLGAP4
DLST	member	P36957	primary	DLST
DMBT1	member	Q9UGM3	primary	DMBT1
DMD	in_tier1	P11532	primary	DMD
DMPK	member	Q09013	primary	DMPK
DNAJA1	member	P31689	primary	DNAJA1
DNAJA2	member	O60884	primary	DNAJA2
DNAJA3	member	Q96EY1	primary	DNAJA3
DNAJA4	member	Q8WW22	primary	DNAJA4
DNAJB1	member	P25685	primary	DNAJB1
DNAJB11	member	Q9UBS4	primary	DNAJB11
DNAJB12	member	Q9NXW2	primary	DNAJB12
DNAJB2	member	P25686	primary	DNAJB2
DNAJB4	in_tier1	Q9UDY4	primary	DNAJB4
DNAJB5	member	O75953	primary	DNAJB5
DNAJB6	in_tier1	O75190	primary	DNAJB6
DNAJC10	member	Q8IXB1	primary	DNAJC10
DNAJC11	member	Q9NVH1	primary	DNAJC11
DNAJC13	member	O75165	primary	DNAJC13
DNAJC19	member	Q96DA6	primary	DNAJC19
DNAJC3	member	Q13217	primary	DNAJC3
DNAJC7	member	Q99615	primary	DNAJC7
DNAJC9	member	Q8WXX5	primary	DNAJC9
DNASE2	member	O00115	primary	DNASE2
DNM1L	member	O00429	primary	DNM1L
DNM2	member	P50570	primary	DNM2
DNMBP	member	Q6XZF7	primary	DNMBP
DNPEP	member	Q9ULA0	primary	DNPEP
DNPH1	member	O43598	primary	DNPH1
DOCK1	member	Q14185	primary	DOCK1
DOCK11	member	Q5JSL3	primary	DOCK11
DOCK7	member	Q96N67	primary	DOCK7
DOCK9	member	Q9BZ29	primary	DOCK9
DOHH	member	Q9BU89	primary	DOHH
DPH5	member	Q9H2P9	primary	DPH5
DPP3	member	Q9NY33	primary	DPP3
DPP7	member	Q9UHL4	primary	DPP7
DPP9	member	Q86TI2	primary	DPP9
DPT	member	Q07507	primary	DPT
DPYSL2	member	Q16555	primary	DPYSL2
DPYSL3	member	Q14195	primary	DPYSL3
DPYSL4	member	O14531	primary	DPYSL4
DPYSL5	member	Q9BPU6	primary	DPYSL5
DR1	member	Q01658	primary	DR1
DRG1	ambiguous	Q92597;Q9Y295		
DRG2	member	P55039	primary	DRG2
DSC1	ambiguous	P53805;Q08554		
DSC2	member	Q02487	primary	DSC2
DSC3	ambiguous	Q02487;Q14574		
DSCR3	member	O14972	synonym	VPS26C
DSG1	member	Q02413	primary	DSG1
DSG2	member	Q14126	primary	DSG2
DSP	member	P15924	primary	DSP
DST	in_tier1	Q03001	primary	DST
DSTN	member	P60981	primary	DSTN
DTD1	member	Q8TEA8	primary	DTD1
DTNA	member	Q9Y4J8	primary	DTNA
DTX3L	member	Q8TDB6	primary	DTX3L
DTYMK	member	P23919	primary	DTYMK
DUPD1	member	Q68J44	synonym	DUSP29
DUSP23	member	Q9BVJ7	primary	DUSP23
DUSP27	ambiguous	Q5VZP5;Q68J44		
DUSP28	member	Q4G0W2	primary	DUSP28
DUSP3	member	P51452	primary	DUSP3
DUT	member	P33316	primary	DUT
DYNC1H1	member	Q14204	primary	DYNC1H1
DYNC1I2	member	Q13409	primary	DYNC1I2
DYNC1LI1	member	Q9Y6G9	primary	DYNC1LI1
DYNC1LI2	member	O43237	primary	DYNC1LI2
DYNC2H1	member	Q8NCM8	primary	DYNC2H1
DYNLRB1	member	Q9NP97	primary	DYNLRB1
DYNLRB2	member	Q8TF09	primary	DYNLRB2
DYRK1A	member	Q13627	primary	DYRK1A
DYRK1B	member	Q9Y463	primary	DYRK1B
DYSF	member	O75923	primary	DYSF
EARS2	member	Q5JPH6	primary	EARS2
EBNA1BP2	member	Q99848	primary	EBNA1BP2
EBP	member	Q15125	primary	EBP
ECH1	member	Q13011	primary	ECH1
ECHDC1	member	Q9NTX5	primary	ECHDC1
ECHDC2	member	Q86YB7	primary	ECHDC2
ECHDC3	member	Q96DC8	primary	ECHDC3
ECHS1	member	P30084	primary	ECHS1
ECI1	member	P42126	primary	ECI1
ECI2	member	O75521	primary	ECI2
ECM1	member	Q16610	primary	ECM1
ECM29	member	Q5VYK3	synonym	ECPAS
EDC4	member	Q6P2E9	primary	EDC4
EDF1	member	O60869	primary	EDF1
EEA1	member	Q15075	primary	EEA1
EEF1A1	member	P68104	primary	EEF1A1
EEF1A1P5	member	Q5VTE0	primary	EEF1A1P5
EEF1A2	member	Q05639	primary	EEF1A2
EEF1B2	member	P24534	primary	EEF1B2
EEF1D	member	P29692	primary	EEF1D
EEF1E1	member	O43324	primary	EEF1E1
EEF1E1-BLOC1S5	unmapped			
EEF1G	member	P26641	primary	EEF1G
EEF2	member	P13639	primary	EEF2
EEF2K	member	O00418	primary	EEF2K
EEFSEC	member	P57772	primary	EEFSEC
EEPD1	member	Q7L9B9	primary	EEPD1
EFHD1	member	Q9BUP0	primary	EFHD1
EFTUD1	member	Q7Z2Z2	synonym	EFL1
EFTUD2	member	Q15029	primary	EFTUD2
EGFR	member	P00533	primary	EGFR
EGLN1	member	Q9GZT9	primary	EGLN1
EHBP1L1	member	Q8N3D4	primary	EHBP1L1
EHD1	member	Q9H4M9	primary	EHD1
EHD2	ambiguous	Q9NZN3;Q9NZN4		
EHD4	member	Q9H223	primary	EHD4
EI24	member	O14681	primary	EI24
EIF1	member	P41567	primary	EIF1
EIF1AX	member	P47813	primary	EIF1AX
EIF1AY	member	O14602	primary	EIF1AY
EIF1B	member	O60739	primary	EIF1B
EIF2A	ambiguous	P05198;Q9BY44		
EIF2AK2	member	P19525	primary	EIF2AK2
EIF2B1	member	Q14232	primary	EIF2B1
EIF2B2	member	P49770	primary	EIF2B2
EIF2B3	member	Q9NR50	primary	EIF2B3
EIF2B5	member	Q13144	primary	EIF2B5
EIF2S1	member	P05198	primary	EIF2S1
EIF2S2	member	P20042	primary	EIF2S2
EIF2S3	member	P41091	primary	EIF2S3
EIF2S3L	unmapped			
EIF3A	ambiguous	P56537;Q14152		
EIF3B	member	P55884	primary	EIF3B
EIF3C	member	Q99613	primary	EIF3C
EIF3CL	member	B5ME19	primary	EIF3CL
EIF3D	member	O15371	primary	EIF3D
EIF3E	member	P60228	primary	EIF3E
EIF3F	member	O00303	primary	EIF3F
EIF3G	member	O75821	primary	EIF3G
EIF3H	member	O15372	primary	EIF3H
EIF3I	member	Q13347	primary	EIF3I
EIF3J	member	O75822	primary	EIF3J
EIF3K	member	Q9UBQ5	primary	EIF3K
EIF3L	member	Q9Y262	primary	EIF3L
EIF3M	member	Q7L2H7	primary	EIF3M
EIF4A1	member	P60842	primary	EIF4A1
EIF4A2	member	Q14240	primary	EIF4A2
EIF4A3	member	P38919	primary	EIF4A3
EIF4B	member	P23588	primary	EIF4B
EIF4E	member	P06730	primary	EIF4E
EIF4G1	member	Q04637	primary	EIF4G1
EIF4G2	member	P78344	primary	EIF4G2
EIF4H	member	Q15056	primary	EIF4H
EIF5	member	P55010	primary	EIF5
EIF5A	member	P63241	primary	EIF5A
EIF5AL1	member	Q6IS14	primary	EIF5AL1
EIF5B	member	O60841	primary	EIF5B
EIF6	member	P56537	primary	EIF6
ELAVL1	member	Q15717	primary	ELAVL1
ELMO1	member	Q92556	primary	ELMO1
ELMO2	member	Q96JJ3	primary	ELMO2
ELN	member	P15502	primary	ELN
EMC1	member	Q8N766	primary	EMC1
EMC2	member	Q15006	primary	EMC2
EMC3	member	Q9P0I2	primary	EMC3
EMC7	member	Q9NPA0	primary	EMC7
EMC8	member	O43402	primary	EMC8
EMD	member	P50402	primary	EMD
EMILIN1	member	Q9Y6C2	primary	EMILIN1
EML1	member	O00423	primary	EML1
EML2	member	O95834	primary	EML2
ENAH	member	Q8N8S7	primary	ENAH
ENDOD1	member	O94919	primary	ENDOD1
ENDOG	member	Q14249	primary	ENDOG
ENO1	in_tier1	P06733	primary	ENO1
ENO2	member	P09104	primary	ENO2
ENO3	member	P13929	primary	ENO3
ENOPH1	member	Q9UHY7	primary	ENOPH1
ENPP4	member	Q9Y6X5	primary	ENPP4
ENSA	member	O43768	primary	ENSA
ENY2	member	Q9NPA8	primary	ENY2
EOGT	member	Q5NDL2	primary	EOGT
EPB41	member	P11171	primary	EPB41
EPB41L2	member	O43491	primary	EPB41L2
EPB41L3	member	Q9Y2J2	primary	EPB41L3
EPDR1	member	Q9UM22	primary	EPDR1
EPHA2	member	P29317	primary	EPHA2
EPHX1	member	P07099	primary	EPHX1
EPHX2	member	P34913	primary	EPHX2
EPM2A	ambiguous	B3EWF7;O95278		
EPM2AIP1	member	Q7L775	primary	EPM2AIP1
EPN1	member	Q9Y6I3	primary	EPN1
EPN2	member	O95208	primary	EPN2
EPPK1	member	P58107	primary	EPPK1
EPRS	member	P07814	synonym	EPRS1
EPS15	member	P42566	primary	EPS15
EPS15L1	member	Q9UBC2	primary	EPS15L1
EPS8	member	Q12929	primary	EPS8
ERAP1	member	Q9NZ08	primary	ERAP1
ERAP2	member	Q6P179	primary	ERAP2
ERBB2	member	P04626	primary	ERBB2
ERBB4	member	Q15303	primary	ERBB4
ERC1	member	Q8IUD2	primary	ERC1
ERC2	member	O15083	primary	ERC2
ERGIC1	member	Q969X5	primary	ERGIC1
ERGIC2	member	Q96RQ1	primary	ERGIC2
ERH	member	P84090	primary	ERH
ERI3	member	O43414	primary	ERI3
ERLIN1	member	O75477	primary	ERLIN1
ERLIN2	member	O94905	primary	ERLIN2
ERMP1	member	Q7Z2K6	primary	ERMP1
ERO1L	member	Q96HE7	synonym	ERO1A
ERP29	member	P30040	primary	ERP29
ERP44	member	Q9BS26	primary	ERP44
ESD	member	P10768	primary	ESD
ESYT1	member	Q9BSJ8	primary	ESYT1
ESYT2	member	A0FGR8	primary	ESYT2
ETF1	member	P62495	primary	ETF1
ETFA	member	P13804	primary	ETFA
ETFB	member	P38117	primary	ETFB
ETFDH	member	Q16134	primary	ETFDH
ETHE1	member	O95571	primary	ETHE1
EVPL	member	Q92817	primary	EVPL
EWSR1	member	Q01844	primary	EWSR1
EXOC2	member	Q96KP1	primary	EXOC2
EXOC3	member	O60645	primary	EXOC3
EXOC4	member	Q96A65	primary	EXOC4
EXOC5	member	O00471	primary	EXOC5
EXOC7	member	Q9UPT5	primary	EXOC7
EXOC8	member	Q8IYI6	primary	EXOC8
EXOSC2	member	Q13868	primary	EXOSC2
EXOSC3	member	Q9NQT5	primary	EXOSC3
EYA3	member	Q99504	primary	EYA3
EZR	member	P15311	primary	EZR
Em:AP000351.3	unmapped			
F12	member	P00748	primary	F12
F13A1	member	P00488	primary	F13A1
F2	member	P00734	primary	F2
FAAH	ambiguous	O00519;Q7L5A8		
FABP3	member	P05413	primary	FABP3
FABP4	member	P15090	primary	FABP4
FABP5	member	Q01469	primary	FABP5
FAF1	member	Q9UNN5	primary	FAF1
FAH	member	P16930	primary	FAH
FAHD1	member	Q6P587	primary	FAHD1
FAHD2A	member	Q96GK7	primary	FAHD2A
FAHD2B	member	Q6P2I3	primary	FAHD2B
FAM114A1	member	Q8IWE2	primary	FAM114A1
FAM114A2	member	Q9NRY5	primary	FAM114A2
FAM120A	member	Q9NZB2	primary	FAM120A
FAM129A	member	Q9BZQ8	synonym	NIBAN1
FAM129B	member	Q96TA1	synonym	NIBAN2
FAM134B	member	Q9H6L5	synonym	RETREG1
FAM136A	member	Q96C01	synonym	TIMCC
FAM162A	member	Q96A26	primary	FAM162A
FAM175B	member	Q15018	synonym	ABRAXAS2
FAM210A	member	Q96ND0	synonym	MIMS1
FAM210B	member	Q96KR6	synonym	MIMS2
FAM213A	member	Q9BRX8	synonym	PRXL2A
FAM21A	member	Q641Q2	synonym	WASHC2A
FAM21C	member	Q9Y4E1	synonym	WASHC2C
FAM3C	member	Q92520	primary	FAM3C
FAM45A	member	Q8TCE6	synonym	DENND10
FAM45B	unmapped			
FAM49B	member	Q9NUQ9	synonym	CYRIB
FAM98A	member	Q8NCA5	primary	FAM98A
FAM98B	member	Q52LJ0	primary	FAM98B
FAP	member	Q12884	primary	FAP
FARP1	member	Q9Y4F1	primary	FARP1
FARSA	member	Q9Y285	primary	FARSA
FARSB	member	Q9NSD9	primary	FARSB
FASN	member	P49327	primary	FASN
FAT1	member	Q14517	primary	FAT1
FAU	member	P62861	primary	FAU
FBL	member	P22087	primary	FBL
FBLIM1	member	Q8WUP2	primary	FBLIM1
FBLN1	member	P23142	primary	FBLN1
FBLN2	member	P98095	primary	FBLN2
FBLN5	member	Q9UBX5	primary	FBLN5
FBLN7	member	Q53RD9	primary	FBLN7
FBN1	member	P35555	primary	FBN1
FBP2	ambiguous	O00757;Q63HM2		
FBXO3	member	Q9UK99	primary	FBXO3
FBXO40	member	Q9UH90	primary	FBXO40
FDPS	member	P14324	primary	FDPS
FDX1	member	P10109	primary	FDX1
FDXR	member	P22570	primary	FDXR
FECH	member	P22830	primary	FECH
FEN1	member	P39748	primary	FEN1
FERMT2	in_tier1	Q96AC1	primary	FERMT2
FGA	member	P02671	primary	FGA
FGB	member	P02675	primary	FGB
FGG	member	P02679	primary	FGG
FH	member	P07954	primary	FH
FHAD1	member	B1AJZ9	primary	FHAD1
FHL1	member	Q13642	primary	FHL1
FHL2	in_tier1	Q14192	primary	FHL2
FHL3	in_tier1	Q13643	primary	FHL3
FHOD1	member	Q9Y613	primary	FHOD1
FILIP1	member	Q7Z7B0	primary	FILIP1
FIP1L1	member	Q6UN15	primary	FIP1L1
FIS1	member	Q9Y3D6	primary	FIS1
FITM1	member	A5D6W6	primary	FITM1
FITM2	member	Q8N6M3	primary	FITM2
FKBP10	member	Q96AY3	primary	FKBP10
FKBP1A	in_tier1	P62942	primary	FKBP1A
FKBP2	member	P26885	primary	FKBP2
FKBP3	member	Q00688	primary	FKBP3
FKBP4	member	Q02790	primary	FKBP4
FKBP5	member	Q13451	primary	FKBP5
FKBP7	member	Q9Y680	primary	FKBP7
FKBP8	member	Q14318	primary	FKBP8
FKBP9	ambiguous	O95302;P68106		
FLAD1	member	Q8NFF5	primary	FLAD1
FLII	member	Q13045	primary	FLII
FLNA	in_tier1	P21333	primary	FLNA
FLNB	in_tier1	O75369	primary	FLNB
FLNC	in_tier1	Q14315	primary	FLNC
FLOT1	ambiguous	O75955;P41440		
FLOT2	member	Q14254	primary	FLOT2
FN1	member	P02751	primary	FN1
FN3K	member	Q9H479	primary	FN3K
FNDC1	member	Q4ZHG4	primary	FNDC1
FNTB	member	P49356	primary	FNTB
FOCAD	member	Q5VW36	primary	FOCAD
FOXRED1	member	Q96CU9	primary	FOXRED1
FRAS1	member	Q86XX4	primary	FRAS1
FREM2	member	Q5SZK8	primary	FREM2
FRMD3	member	A2A2Y4	primary	FRMD3
FSCN1	member	Q16658	primary	FSCN1
FSD2	member	A1L4K1	primary	FSD2
FSTL1	member	Q12841	primary	FSTL1
FTH1	member	P02794	primary	FTH1
FTL	member	P02792	primary	FTL
FTO	member	Q9C0B1	primary	FTO
FUBP1	member	Q96AE4	primary	FUBP1
FUBP3	member	Q96I24	primary	FUBP3
FUK	member	Q8N0W3	synonym	FCSK
FUNDC2	member	Q9BWH2	primary	FUNDC2
FUS	member	P35637	primary	FUS
FXN	member	Q16595	primary	FXN
FXR1	in_tier1	P51114	primary	FXR1
FXR2	member	P51116	primary	FXR2
FXYD1	member	O00168	primary	FXYD1
FYCO1	member	Q9BQS8	primary	FYCO1
FYTTD1	member	Q96QD9	primary	FYTTD1
G3BP1	member	Q13283	primary	G3BP1
G3BP2	member	Q9UN86	primary	G3BP2
G6PD	member	P11413	primary	G6PD
GAA	member	P10253	primary	GAA
GABARAPL2	member	P60520	primary	GABARAPL2
GALK1	member	P51570	primary	GALK1
GALM	member	Q96C23	primary	GALM
GALNT2	member	Q10471	primary	GALNT2
GALT	member	P07902	primary	GALT
GAMT	member	Q14353	primary	GAMT
GANAB	member	Q14697	primary	GANAB
GAPDH	member	P04406	primary	GAPDH
GAPVD1	member	Q14C86	primary	GAPVD1
GAR1	member	Q9NY12	primary	GAR1
GARS	member	P41250	synonym	GARS1
GART	member	P22102	primary	GART
GATC	member	O43716	primary	GATC
GATM	member	P50440	primary	GATM
GBA	member	P04062	synonym	GBA1
GBAS	member	O75323	synonym	NIPSNAP2
GBE1	member	Q04446	primary	GBE1
GBF1	member	Q92538	primary	GBF1
GBP1	member	P32455	primary	GBP1
GBP2	member	P32456	primary	GBP2
GBP4	member	Q96PP9	primary	GBP4
GC	ambiguous	P02774;P04062;P38435		
GCDH	member	Q92947	primary	GCDH
GCLM	member	P48507	primary	GCLM
GCN1L1	member	Q92616	synonym	GCN1
GCSH	member	P23434	primary	GCSH
GDA	ambiguous	P16260;Q9Y2T3		
GDE1	member	Q9NZC3	primary	GDE1
GDI1	member	P31150	primary	GDI1
GDI2	member	P50395	primary	GDI2
GEMIN5	member	Q8TEQ6	primary	GEMIN5
GFM1	member	Q96RP9	primary	GFM1
GFM2	member	Q969S9	primary	GFM2
GFPT1	member	Q06210	primary	GFPT1
GGACT	member	Q9BVM4	primary	GGACT
GGCT	member	O75223	primary	GGCT
GGCX	member	P38435	primary	GGCX
GGH	member	Q92820	primary	GGH
GGPS1	in_tier1	O95749	primary	GGPS1
GGT7	member	Q9UJ14	primary	GGT7
GHITM	member	Q9H3K2	primary	GHITM
GID8	member	Q9NWU2	primary	GID8
GIGYF2	member	Q6Y7W6	primary	GIGYF2
GIPC1	member	O14908	primary	GIPC1
GIT1	member	Q9Y2X7	primary	GIT1
GIT2	member	Q14161	primary	GIT2
GLG1	member	Q92896	primary	GLG1
GLIPR2	member	Q9H4G4	primary	GLIPR2
GLO1	member	Q04760	primary	GLO1
GLOD4	member	Q9HC38	primary	GLOD4
GLRX	member	P35754	primary	GLRX
GLRX3	in_tier1	O76003	primary	GLRX3
GLRX5	member	Q86SX6	primary	GLRX5
GLS	member	O94925	primary	GLS
GLTP	member	Q9NZD2	primary	GLTP
GLUD1	member	P00367	primary	GLUD1
GLUD2	member	P49448	primary	GLUD2
GLUL	member	P15104	primary	GLUL
GMPPB	member	Q9Y5P6	primary	GMPPB
GMPR	member	P36959	primary	GMPR
GMPR2	member	Q9P2T1	primary	GMPR2
GMPS	member	P49915	primary	GMPS
GNA11	member	P29992	primary	GNA11
GNAI2	member	P04899	primary	GNAI2
GNAI3	member	P08754	primary	GNAI3
GNAS	ambiguous	O95467;P63092;P84996;Q5JWF2		
GNB1	member	P62873	primary	GNB1
GNB2	member	P62879	primary	GNB2
GNB2L1	member	P63244	synonym	RACK1
GNB4	member	Q9HAV0	primary	GNB4
GNE	member	Q9Y223	primary	GNE
GNG12	member	Q9UBI6	primary	GNG12
GNL1	member	P36915	primary	GNL1
GNL3	member	Q9BVP2	primary	GNL3
GNPDA1	member	P46926	primary	GNPDA1
GNS	member	P15586	primary	GNS
GOLGA2	member	Q08379	primary	GOLGA2
GOLGA3	member	Q08378	primary	GOLGA3
GOLGA4	member	Q13439	primary	GOLGA4
GOLGA5	member	Q8TBA6	primary	GOLGA5
GOLGB1	member	Q14789	primary	GOLGB1
GOLIM4	member	O00461	primary	GOLIM4
GORASP2	member	Q9H8Y8	primary	GORASP2
GOSR2	member	O14653	primary	GOSR2
GOT1	member	P17174	primary	GOT1
GOT2	member	P00505	primary	GOT2
GPC1	member	P35052	primary	GPC1
GPC4	member	O75487	primary	GPC4
GPD1	member	P21695	primary	GPD1
GPD1L	member	Q8N335	primary	GPD1L
GPD2	member	P43304	primary	GPD2
GPHN	member	Q9NQX3	primary	GPHN
GPI	member	P06744	primary	GPI
GPKOW	member	Q92917	primary	GPKOW
GPS1	member	Q13098	primary	GPS1
GPT	member	P24298	primary	GPT
GPT2	member	Q8TD30	primary	GPT2
GPX1	member	P07203	primary	GPX1
GPX3	member	P22352	primary	GPX3
GPX4	member	P36969	primary	GPX4
GPX7	member	Q96SL4	primary	GPX7
GPX8	member	Q8TED1	primary	GPX8
GRB2	member	P62993	primary	GRB2
GRHPR	member	Q9UBQ7	primary	GRHPR
GRIPAP1	member	Q4V328	primary	GRIPAP1
GRPEL1	member	Q9HAV7	primary	GRPEL1
GRSF1	member	Q12849	primary	GRSF1
GRWD1	member	Q9BQ67	primary	GRWD1
GSDMA	member	Q96QA5	primary	GSDMA
GSK3B	member	P49841	primary	GSK3B
GSN	member	P06396	primary	GSN
GSPT1	member	P15170	primary	GSPT1
GSR	member	P00390	primary	GSR
GSS	member	P48637	primary	GSS
GSTK1	member	Q9Y2Q3	primary	GSTK1
GSTM1	member	P09488	primary	GSTM1
GSTM2	member	P28161	primary	GSTM2
GSTM3	member	P21266	primary	GSTM3
GSTM4	member	Q03013	primary	GSTM4
GSTO1	member	P78417	primary	GSTO1
GSTP1	member	P09211	primary	GSTP1
GSTT1	member	P30711	primary	GSTT1
GSTT2	ambiguous	P0CG29;P0CG30		
GSTT2B	member	P0CG30	primary	GSTT2B
GSTZ1	member	O43708	primary	GSTZ1
GTF2F1	member	P35269	primary	GTF2F1
GTF2I	member	P78347	primary	GTF2I
GTF3C3	member	Q9Y5Q9	primary	GTF3C3
GTF3C5	member	Q9Y5Q8	primary	GTF3C5
GTPBP1	member	O00178	primary	GTPBP1
GTPBP4	member	Q9BZE4	primary	GTPBP4
GTPBP6	member	O43824	primary	GTPBP6
GUF1	member	Q8N442	primary	GUF1
GUSB	member	P08236	primary	GUSB
GYG1	member	P46976	primary	GYG1
GYS1	member	P13807	primary	GYS1
H1F0	member	P07305	synonym	H1-0
H1FX	member	Q92522	synonym	H1-10
H2AFJ	member	Q9BTM1	synonym	H2AJ
H2AFV	member	Q71UI9	synonym	H2AZ2
H2AFY	member	O75367	synonym	MACROH2A1
H2AFY2	member	Q9P0M6	synonym	MACROH2A2
H2AFZ	member	P0C0S5	synonym	H2AZ1
H2BFS	member	P57053	synonym	H2BC12L
H3F3A	unmapped			
H3F3B	member	P84243	synonym	H3-3A; H3-3B
H3F3C	member	Q6NXT2	synonym	H3-5
H6PD	member	O95479	primary	H6PD
HACD1	member	B0YJ81	primary	HACD1
HACD2	member	Q6Y1H2	primary	HACD2
HACD3	member	Q9P035	primary	HACD3
HADH	ambiguous	P40939;Q16836		
HADHA	member	P40939	primary	HADHA
HADHB	member	P55084	primary	HADHB
HAGH	member	Q16775	primary	HAGH
HAL	member	P42357	primary	HAL
HAPLN1	member	P10915	primary	HAPLN1
HARS	member	P12081	synonym	HARS1
HARS2	ambiguous	P49590;Q8TEA8		
HAX1	member	O00165	primary	HAX1
HBA1	unmapped			
HBB	member	P68871	primary	HBB
HBD	member	P02042	primary	HBD
HBG1	member	P69891	primary	HBG1
HBS1L	member	Q9Y450	primary	HBS1L
HCCS	member	P53701	primary	HCCS
HCFC1	member	P51610	primary	HCFC1
HDAC2	member	Q92769	primary	HDAC2
HDAC4	member	P56524	primary	HDAC4
HDGF	member	P51858	primary	HDGF
HDGFRP2	member	Q7Z4V5	synonym	HDGFL2
HDGFRP3	member	Q9Y3E1	synonym	HDGFL3
HDHD1	member	Q08623	synonym	PUDP
HDHD2	member	Q9H0R4	primary	HDHD2
HDHD3	member	Q9BSH5	primary	HDHD3
HDLBP	member	Q00341	primary	HDLBP
HEATR1	member	Q9H583	primary	HEATR1
HEBP1	member	Q9NRV9	primary	HEBP1
HEBP2	member	Q9Y5Z4	primary	HEBP2
HECTD1	member	Q9ULT8	primary	HECTD1
HECTD3	member	Q5T447	primary	HECTD3
HEL-S-109	unmapped			
HELZ2	member	Q9BYK8	primary	HELZ2
HEMK2	member	Q9Y5N5	primary	HEMK2
HERC4	member	Q5GLZ8	primary	HERC4
HERC6	member	Q8IVU3	primary	HERC6
HEXA	member	P06865	primary	HEXA
HEXB	member	P07686	primary	HEXB
HGH1	member	Q9BTY7	primary	HGH1
HGS	member	O14964	primary	HGS
HHATL	member	Q9HCP6	primary	HHATL
HIBADH	member	P31937	primary	HIBADH
HIBCH	member	Q6NVY1	primary	HIBCH
HIGD1A	member	Q9Y241	primary	HIGD1A
HIGD2A	member	Q9BW72	primary	HIGD2A
HINT1	member	P49773	primary	HINT1
HINT2	member	Q9BX68	primary	HINT2
HINT3	member	Q9NQE9	primary	HINT3
HIP1	member	O00291	primary	HIP1
HIST1H1C	member	P16403	synonym	H1-2
HIST1H1D	member	P16402	synonym	H1-3
HIST1H1E	member	P10412	synonym	H1-4
HIST1H2AA	member	Q96QV6	synonym	H2AC1
HIST1H2AB	unmapped			
HIST1H2AC	member	Q93077	synonym	H2AC6
HIST1H2AD	member	P20671	synonym	H2AC7
HIST1H2AG	unmapped			
HIST1H2AH	member	Q96KK5	synonym	H2AC12
HIST1H2AJ	member	Q99878	synonym	H2AC14
HIST1H2BB	member	P33778	synonym	H2BC3
HIST1H2BC	unmapped			
HIST1H2BD	member	P58876	synonym	H2BC5
HIST1H2BH	member	Q93079	synonym	H2BC9
HIST1H2BJ	member	P06899	synonym	H2BC11
HIST1H2BK	member	O60814	synonym	H2BC12
HIST1H2BM	member	Q99879	synonym	H2BC14
HIST1H2BN	member	Q99877	synonym	H2BC15
HIST1H2BO	member	P23527	synonym	H2BC17
HIST1H4A	unmapped			
HIST2H2AA3	unmapped			
HIST2H2AB	member	Q8IUE6	synonym	H2AC21
HIST2H2AC	member	Q16777	synonym	H2AC20
HIST2H2BE	member	Q16778	synonym	H2BC21
HIST2H2BF	member	Q5QNW6	synonym	H2BC18
HIST2H3PS2	member	Q5TEC6	synonym	H3-7
HIST3H2A	member	Q7L7L0	synonym	H2AC25
HIST3H3	member	Q16695	synonym	H3-4
HK1	member	P19367	primary	HK1
HK2	member	P52789	primary	HK2
HLA-A	member	P04439	primary	HLA-A
HLA-B	member	P01889	primary	HLA-B
HLA-DRA	member	P01903	primary	HLA-DRA
HLA-E	member	P13747	primary	HLA-E
HLA-G	member	P17693	primary	HLA-G
HLA-G2.2	unmapped			
HLA-G3	unmapped			
HLCS	member	P50747	primary	HLCS
HMCN2	member	Q8NDA2	primary	HMCN2
HMGB1	member	P09429	primary	HMGB1
HMGB1P1	member	B2RPK0	primary	HMGB1P1
HMGB2	member	P26583	primary	HMGB2
HMGCL	member	P35914	primary	HMGCL
HMGCS1	member	Q01581	primary	HMGCS1
HMGCS2	member	P54868	primary	HMGCS2
HMGN3	member	Q15651	primary	HMGN3
HMGN4	member	O00479	primary	HMGN4
HMOX1	member	P09601	primary	HMOX1
HMOX2	member	P30519	primary	HMOX2
HN1	member	Q9UK76	synonym	JPT1
HNMT	member	P50135	primary	HNMT
HNRNPA0	member	Q13151	primary	HNRNPA0
HNRNPA1	member	P09651	primary	HNRNPA1
HNRNPA1L2	member	Q32P51	primary	HNRNPA1L2
HNRNPA2B1	member	P22626	primary	HNRNPA2B1
HNRNPA3	member	P51991	primary	HNRNPA3
HNRNPAB	member	Q99729	primary	HNRNPAB
HNRNPC	member	P07910	primary	HNRNPC
HNRNPD	member	Q14103	primary	HNRNPD
HNRNPDL	member	O14979	primary	HNRNPDL
HNRNPF	member	P52597	primary	HNRNPF
HNRNPH1	member	P31943	primary	HNRNPH1
HNRNPH3	member	P31942	primary	HNRNPH3
HNRNPK	member	P61978	primary	HNRNPK
HNRNPL	member	P14866	primary	HNRNPL
HNRNPM	member	P52272	primary	HNRNPM
HNRNPR	member	O43390	primary	HNRNPR
HNRNPU	member	Q00839	primary	HNRNPU
HNRNPUL1	member	Q9BUJ2	primary	HNRNPUL1
HNRNPUL2	member	Q1KMD3	primary	HNRNPUL2
HNRNPUL2-BSCL2	unmapped			
HNTN1	unmapped			
HOMER1	in_tier1	Q86YM7	primary	HOMER1
HOMER2	member	Q9NSB8	primary	HOMER2
HOOK1	member	Q9UJC3	primary	HOOK1
HOOK3	member	Q86VS8	primary	HOOK3
HP	member	P00738	primary	HP
HP1BP3	member	Q5SSJ5	primary	HP1BP3
HPCA	member	P84074	primary	HPCA
HPCAL1	member	P37235	primary	HPCAL1
HPRT1	member	P00492	primary	HPRT1
HPX	member	P02790	primary	HPX
HRC	in_tier1	P23327	primary	HRC
HRG	member	P04196	primary	HRG
HRSP12	member	P52758	synonym	RIDA
HS1BP3	member	Q53T59	primary	HS1BP3
HSCB	member	Q8IWL3	primary	HSCB
HSD17B10	member	Q99714	primary	HSD17B10
HSD17B12	member	Q53GQ0	primary	HSD17B12
HSD17B4	member	P51659	primary	HSD17B4
HSD17B8	member	Q92506	primary	HSD17B8
HSDL1	member	Q3SXM5	primary	HSDL1
HSDL2	member	Q6YN16	primary	HSDL2
HSP90AA1	member	P07900	primary	HSP90AA1
HSP90AB1	member	P08238	primary	HSP90AB1
HSP90AB2P	member	Q58FF8	primary	HSP90AB2P
HSP90AB4P	member	Q58FF6	primary	HSP90AB4P
HSP90B1	member	P14625	primary	HSP90B1
HSPA12B	member	Q96MM6	primary	HSPA12B
HSPA1A	member	P0DMV8	primary	HSPA1A
HSPA1B	member	P0DMV9	primary	HSPA1B
HSPA2	member	P54652	primary	HSPA2
HSPA4	member	P34932	primary	HSPA4
HSPA4L	member	O95757	primary	HSPA4L
HSPA5	member	P11021	primary	HSPA5
HSPA6	member	P17066	primary	HSPA6
HSPA8	member	P11142	primary	HSPA8
HSPA9	member	P38646	primary	HSPA9
HSPB1	in_tier1	P04792	primary	HSPB1
HSPB2	member	Q16082	primary	HSPB2
HSPB3	member	Q12988	primary	HSPB3
HSPB6	member	O14558	primary	HSPB6
HSPB7	member	Q9UBY9	primary	HSPB7
HSPB8	member	Q9UJY1	primary	HSPB8
HSPBP1	member	Q9NZL4	primary	HSPBP1
HSPD1	member	P10809	primary	HSPD1
HSPE1	member	P61604	primary	HSPE1
HSPE1-MOB4	unmapped			
HSPG2	member	P98160	primary	HSPG2
HSPH1	member	Q92598	primary	HSPH1
HTATSF1	member	O43719	primary	HTATSF1
HTRA1	member	Q92743	primary	HTRA1
HTRA2	member	O43464	primary	HTRA2
HUWE1	member	Q7Z6Z7	primary	HUWE1
HYI	member	Q5T013	primary	HYI
HYOU1	member	Q9Y4L1	primary	HYOU1
HYPK	member	Q9NX55	primary	HYPK
HZGJ	unmapped			
IAH1	member	Q2TAA2	primary	IAH1
IARS	member	P41252	synonym	IARS1
IARS2	member	Q9NSE4	primary	IARS2
IBA57	member	Q5T440	primary	IBA57
ICT1	member	Q14197	synonym	MRPL58
IDE	member	P14735	primary	IDE
IDH1	member	O75874	primary	IDH1
IDH2	member	P48735	primary	IDH2
IDH3A	member	P50213	primary	IDH3A
IDH3B	member	O43837	primary	IDH3B
IDH3G	member	P51553	primary	IDH3G
IDI1	member	Q13907	primary	IDI1
IDI2	member	Q9BXS1	primary	IDI2
IER3IP1	member	Q9Y5U9	primary	IER3IP1
IFI16	member	Q16666	primary	IFI16
IFI44	member	Q8TCB0	primary	IFI44
IFIH1	member	Q9BYX4	primary	IFIH1
IFIT1	member	P09914	primary	IFIT1
IFIT2	member	P09913	primary	IFIT2
IFIT3	member	O14879	primary	IFIT3
IFIT5	member	Q13325	primary	IFIT5
IGBP1	member	P78318	primary	IGBP1
IGF2BP1	member	Q9NZI8	primary	IGF2BP1
IGF2BP2	member	Q9Y6M1	primary	IGF2BP2
IGF2BP3	member	O00425	primary	IGF2BP3
IGF2R	member	P11717	primary	IGF2R
IGFBP5	member	P24593	primary	IGFBP5
IGFN1	in_tier1	Q86VF2	primary	IGFN1
IGHA1	member	P01876	primary	IGHA1
IGHA2	member	P01877	primary	IGHA2
IGHG1	member	P01857	primary	IGHG1
IGHG2	member	P01859	primary	IGHG2
IGHG3	member	P01860	primary	IGHG3
IGHG4	member	P01861	primary	IGHG4
IGHM	member	P01871	primary	IGHM
IGHV3-23	member	P01764	primary	IGHV3-23
IGHV3-30	member	P01768	primary	IGHV3-30
IGHV3-33	member	P01772	primary	IGHV3-33
IGHV3-53	member	P01767	primary	IGHV3-53
IGHV3-66	member	A0A0C4DH42	primary	IGHV3-66
IGHV3-74	member	A0A0B4J1X5	primary	IGHV3-74
IGHV3OR16-12	unmapped			
IGHV3OR16-13	unmapped			
IGHV3OR16-9	unmapped			
IGJ	member	P01591	synonym	JCHAIN
IGKV1D-33	member	P01593	primary	IGKV1D-33
IGKV2D-26	member	A0A0A0MRZ7	primary	IGKV2D-26
IGKV2D-28	member	P01615	primary	IGKV2D-28
IGKV2D-29	member	A0A075B6S2	primary	IGKV2D-29
IGKV3-11	member	P04433	primary	IGKV3-11
IGKV3-20	member	P01619	primary	IGKV3-20
IGKV4-1	member	P06312	primary	IGKV4-1
IGLC1	member	P0CG04	primary	IGLC1
IGLC2	member	P0DOY2	primary	IGLC2
IGLC3	member	P0DOY3	primary	IGLC3
IGLC6	member	P0CF74	primary	IGLC6
IGLL5	member	B9A064	primary	IGLL5
IK	member	Q13123	primary	IK
IKBIP	member	Q70UQ0	primary	IKBIP
IKBKAP	member	O95163	synonym	ELP1
IL1RN	member	P18510	primary	IL1RN
IL36G	member	Q9NZH8	primary	IL36G
IL37	member	Q9NZH6	primary	IL37
ILF2	member	Q12905	primary	ILF2
ILF3	member	Q12906	primary	ILF3
ILK	in_tier1	Q13418	primary	ILK
ILVBL	member	A1L0T0	synonym	HACL2
IMMT	member	Q16891	primary	IMMT
IMPA1	member	P29218	primary	IMPA1
IMPA2	member	O14732	primary	IMPA2
IMPAD1	member	Q9NX62	synonym	BPNT2
IMPDH1	member	P20839	primary	IMPDH1
IMPDH2	member	P12268	primary	IMPDH2
INPP5A	member	Q14642	primary	INPP5A
INPPL1	member	O15357	primary	INPPL1
IPO5	member	O00410	primary	IPO5
IPO7	member	O95373	primary	IPO7
IPO9	member	Q96P70	primary	IPO9
IQGAP1	member	P46940	primary	IQGAP1
IQGAP2	member	Q13576	primary	IQGAP2
IQSEC1	member	Q6DN90	primary	IQSEC1
IRF2BP2	member	Q7Z5L9	primary	IRF2BP2
IRF2BPL	member	Q9H1B7	primary	IRF2BPL
IRF9	member	Q00978	primary	IRF9
IRGQ	member	Q8WZA9	primary	IRGQ
IRS1	member	P35568	primary	IRS1
ISCA2	member	Q86U28	primary	ISCA2
ISCU	member	Q9H1K1	primary	ISCU
ISG15	member	P05161	primary	ISG15
ISG20	member	Q96AZ6	primary	ISG20
ISOC1	member	Q96CN7	primary	ISOC1
ISOC2	member	Q96AB3	primary	ISOC2
ISPD	member	A4D126	synonym	CRPPA
IST1	member	P53990	primary	IST1
ITGA1	member	P56199	primary	ITGA1
ITGA2	member	P17301	primary	ITGA2
ITGA7	member	Q13683	primary	ITGA7
ITGA8	member	P53708	primary	ITGA8
ITGAV	member	P06756	primary	ITGAV
ITGB1	member	P05556	primary	ITGB1
ITGB1BP2	in_tier1	Q9UKP3	primary	ITGB1BP2
ITGB6	member	P18564	primary	ITGB6
ITIH1	member	P19827	primary	ITIH1
ITIH2	member	P19823	primary	ITIH2
ITIH3	member	Q06033	primary	ITIH3
ITIH4	member	Q14624	primary	ITIH4
ITIH5	member	Q86UX2	primary	ITIH5
ITPA	member	Q9BY32	primary	ITPA
ITPR1	member	Q14643	primary	ITPR1
ITSN2	member	Q9NZM3	primary	ITSN2
IVD	member	P26440	primary	IVD
IVL	member	P07476	primary	IVL
JAGN1	member	Q8N5M9	primary	JAGN1
JCHAIN	member	P01591	primary	JCHAIN
JPH1	in_tier1	Q9HDC5	primary	JPH1
JPH2	in_tier1	Q9BR39	primary	JPH2
JSRP1	member	Q96MG2	primary	JSRP1
JUP	in_tier1	P14923	primary	JUP
KAL1	member	P23352	synonym	ANOS1
KANK2	member	Q63ZY3	primary	KANK2
KARS	member	Q15046	synonym	KARS1
KATNAL2	member	Q8IYT4	primary	KATNAL2
KCNAB2	member	Q13303	primary	KCNAB2
KCTD12	member	Q96CX2	primary	KCTD12
KCTD14	member	Q9BQ13	primary	KCTD14
KDELC1	member	Q6UW63	synonym	POGLUT2
KDM1A	member	O60341	primary	KDM1A
KHDRBS1	member	Q07666	primary	KHDRBS1
KHSRP	member	Q92945	primary	KHSRP
KIAA0368	member	Q5VYK3	synonym	ECPAS
KIAA1033	member	Q2M389	synonym	WASHC4
KIAA1161	member	Q6NSJ0	synonym	MYORG
KIAA1429	member	Q69YN4	synonym	VIRMA
KIDINS220	member	Q9ULH0	primary	KIDINS220
KIF13A	member	Q9H1H9	primary	KIF13A
KIF1C	member	O43896	primary	KIF1C
KIF21A	member	Q7Z4S6	primary	KIF21A
KIF2A	member	O00139	primary	KIF2A
KIF5B	member	P33176	primary	KIF5B
KIN27	unmapped			
KLC1	member	Q07866	primary	KLC1
KLC2	ambiguous	Q6P597;Q9H0B6		
KLHL21	member	Q9UJP4	primary	KLHL21
KLHL31	member	Q9H511	primary	KLHL31
KLHL40	in_tier1	Q2TBA0	primary	KLHL40
KLHL41	in_tier1	O60662	primary	KLHL41
KLK10	member	O43240	primary	KLK10
KLK5	member	Q9Y337	primary	KLK5
KLK7	member	P49862	primary	KLK7
KLK8	member	O60259	primary	KLK8
KLK9	member	Q9UKQ9	primary	KLK9
KLKB1	member	P03952	primary	KLKB1
KNG1	member	P01042	primary	KNG1
KPNA1	member	P52294	primary	KPNA1
KPNA3	member	O00505	primary	KPNA3
KPNA4	member	O00629	primary	KPNA4
KPNA6	member	O60684	primary	KPNA6
KPNB1	member	Q14974	primary	KPNB1
KPRP	member	Q5T749	primary	KPRP
KRAS	member	P01116	primary	KRAS
KRT1	contaminant	P04264	primary	KRT1
KRT18	member	P05783	primary	KRT18
KRT6B	contaminant	P04259	primary	KRT6B
KRT76	contaminant	Q01546	primary	KRT76
KTN1	member	Q86UP2	primary	KTN1
L2HGDH	member	Q9H9P8	primary	L2HGDH
L3HYPDH	member	Q96EM0	primary	L3HYPDH
LACRT	member	Q9GZZ8	primary	LACRT
LACTB	member	P83111	primary	LACTB
LACTB2	member	Q53H82	primary	LACTB2
LAMA2	member	P24043	primary	LAMA2
LAMA3	member	Q16787	primary	LAMA3
LAMA4	member	Q16363	primary	LAMA4
LAMA5	member	O15230	primary	LAMA5
LAMB1	member	P07942	primary	LAMB1
LAMB2	ambiguous	P11047;P55268		
LAMC1	member	P11047	primary	LAMC1
LAMP1	member	P11279	primary	LAMP1
LAMP2	member	P13473	primary	LAMP2
LAMTOR1	member	Q6IAA8	primary	LAMTOR1
LAMTOR2	member	Q9Y2Q5	primary	LAMTOR2
LAMTOR3	member	Q9UHA4	primary	LAMTOR3
LAMTOR5	member	O43504	primary	LAMTOR5
LANCL1	member	O43813	primary	LANCL1
LANCL2	member	Q9NS86	primary	LANCL2
LAP3	member	P28838	primary	LAP3
LARP1	member	Q6PKG0	primary	LARP1
LARP7	member	Q4G0J3	primary	LARP7
LARS	member	Q9P2J5	synonym	LARS1
LARS2	member	Q15031	primary	LARS2
LASP1	member	Q14847	primary	LASP1
LCLAT1	member	Q6UWP7	primary	LCLAT1
LCMT1	member	Q9UIC8	primary	LCMT1
LCN1	member	P31025	primary	LCN1
LCN2	member	P80188	primary	LCN2
LDB3	in_tier1	O75112	primary	LDB3
LDHA	member	P00338	primary	LDHA
LDHB	member	P07195	primary	LDHB
LDHD	member	Q86WU2	primary	LDHD
LEMD2	member	Q8NC56	primary	LEMD2
LEMD3	member	Q9Y2U8	primary	LEMD3
LENG8	member	Q96PV6	primary	LENG8
LEPRE1	member	Q32P28	synonym	P3H1
LEPREL1	member	Q8IVL5	synonym	P3H2
LETM1	member	O95202	primary	LETM1
LGALS1	member	P09382	primary	LGALS1
LGALS3	member	P17931	primary	LGALS3
LGALS3BP	member	Q08380	primary	LGALS3BP
LGALS7	unmapped			
LGALS9	member	O00182	primary	LGALS9
LGALS9B	member	Q3B8N2	primary	LGALS9B
LGALS9C	member	Q6DKI2	primary	LGALS9C
LGALSL	member	Q3ZCW2	primary	LGALSL
LHPP	member	Q9H008	primary	LHPP
LIMA1	member	Q9UHB6	primary	LIMA1
LIMCH1	member	Q9UPQ0	primary	LIMCH1
LIMS1	member	P48059	primary	LIMS1
LIMS2	member	Q7Z4I7	primary	LIMS2
LIN7C	member	Q9NUP9	primary	LIN7C
LIPE	member	Q05469	primary	LIPE
LMAN1	in_tier1	P49257	primary	LMAN1
LMAN2	member	Q12907	primary	LMAN2
LMAN2L	member	Q9H0V9	primary	LMAN2L
LMCD1	member	Q9NZU5	primary	LMCD1
LMNA	member	P02545	primary	LMNA
LMNB1	member	P20700	primary	LMNB1
LMNB2	member	Q03252	primary	LMNB2
LMO7	member	Q8WWI1	primary	LMO7
LMOD1	in_tier1	P29536	primary	LMOD1
LMOD2	in_tier1	Q6P5Q4	primary	LMOD2
LMOD3	in_tier1	Q0VAK6	primary	LMOD3
LNP	member	Q9C0E8	synonym	LNPK
LNPEP	member	Q9UIQ6	primary	LNPEP
LOC285556	unmapped			
LONP1	member	P36776	primary	LONP1
LOR	member	P23490	synonym	LORICRIN
LOXL2	member	Q9Y4K0	primary	LOXL2
LPCAT2	member	Q7L5N7	primary	LPCAT2
LPCAT3	member	Q6P1A2	primary	LPCAT3
LPIN1	member	Q14693	primary	LPIN1
LPP	member	Q93052	primary	LPP
LRBA	member	P50851	primary	LRBA
LRG1	member	P02750	primary	LRG1
LRP1	member	Q07954	primary	LRP1
LRPAP1	member	P30533	primary	LRPAP1
LRPPRC	member	P42704	primary	LRPPRC
LRRC14B	member	A6NHZ5	primary	LRRC14B
LRRC15	member	Q8TF66	primary	LRRC15
LRRC2	member	Q9BYS8	primary	LRRC2
LRRC20	member	Q8TCA0	primary	LRRC20
LRRC32	member	Q14392	primary	LRRC32
LRRC39	in_tier1	Q96DD0	primary	LRRC39
LRRC40	member	Q9H9A6	primary	LRRC40
LRRC47	member	Q8N1G4	primary	LRRC47
LRRC4B	member	Q9NT99	primary	LRRC4B
LRRC4C	member	Q9HCJ2	primary	LRRC4C
LRRC59	member	Q96AG4	primary	LRRC59
LRRFIP1	member	Q32MZ4	primary	LRRFIP1
LRRFIP2	member	Q9Y608	primary	LRRFIP2
LSM12	member	Q3MHD2	primary	LSM12
LSM14A	member	Q8ND56	primary	LSM14A
LSM4	member	Q9Y4Z0	primary	LSM4
LSM6	member	P62312	primary	LSM6
LSM7	member	Q9UK45	primary	LSM7
LSM8	member	O95777	primary	LSM8
LSMEM1	member	Q8N8F7	primary	LSMEM1
LSMEM2	member	Q8N112	primary	LSMEM2
LSS	member	P48449	primary	LSS
LTA4H	member	P09960	primary	LTA4H
LTBP2	member	Q14767	primary	LTBP2
LTF	member	P02788	primary	LTF
LUC7L2	member	Q9Y383	primary	LUC7L2
LUM	member	P51884	primary	LUM
LUZP1	member	Q86V48	primary	LUZP1
LY6D	member	Q14210	primary	LY6D
LYNX1	member	P0DP58	primary	LYNX1
LYPLA1	member	O75608	primary	LYPLA1
LYPLA2	member	O95372	primary	LYPLA2
LYPLAL1	member	Q5VWZ2	primary	LYPLAL1
LYRM4	member	Q9HD34	primary	LYRM4
LYRM5	member	Q6IPR1	synonym	ETFRF1
LYRM7	member	Q5U5X0	primary	LYRM7
LYZ	member	P61626	primary	LYZ
LZIC	member	Q8WZA0	primary	LZIC
MACF1	ambiguous	O94854;Q9UPN3		
MACROD1	member	Q9BQ69	primary	MACROD1
MAD1L1	member	Q9Y6D9	primary	MAD1L1
MAEA	member	Q7L5Y9	primary	MAEA
MAGED2	member	Q9UNF1	primary	MAGED2
MAGOH	member	P61326	primary	MAGOH
MAGOHB	member	Q96A72	primary	MAGOHB
MAGT1	member	Q9H0U3	primary	MAGT1
MAMDC2	member	Q7Z304	primary	MAMDC2
MAN2A2	member	P49641	primary	MAN2A2
MAN2B1	member	O00754	primary	MAN2B1
MAN2C1	member	Q9NTJ4	primary	MAN2C1
MANF	member	P55145	primary	MANF
MAOA	member	P21397	primary	MAOA
MAOB	member	P27338	primary	MAOB
MAP1A	member	P78559	primary	MAP1A
MAP1B	member	P46821	primary	MAP1B
MAP1LC3B	member	Q9GZQ8	primary	MAP1LC3B
MAP1LC3B2	member	A6NCE7	primary	MAP1LC3B2
MAP1S	member	Q66K74	primary	MAP1S
MAP2	member	P11137	primary	MAP2
MAP2K1	member	Q02750	primary	MAP2K1
MAP2K2	member	P36507	primary	MAP2K2
MAP2K3	member	P46734	primary	MAP2K3
MAP2K4	member	P45985	primary	MAP2K4
MAP2K6	member	P52564	primary	MAP2K6
MAP4	member	P27816	primary	MAP4
MAP4K4	member	O95819	primary	MAP4K4
MAP7D1	member	Q3KQU3	primary	MAP7D1
MAPK1	member	P28482	primary	MAPK1
MAPK12	member	P53778	primary	MAPK12
MAPK14	member	Q16539	primary	MAPK14
MAPK3	member	P27361	primary	MAPK3
MAPK8IP3	member	Q9UPT6	primary	MAPK8IP3
MAPKAPK2	member	P49137	primary	MAPKAPK2
MAPRE1	member	Q15691	primary	MAPRE1
MAPRE2	member	Q15555	primary	MAPRE2
MAPRE3	member	Q9UPY8	primary	MAPRE3
MAPT	member	P10636	primary	MAPT
MARS	member	P56192	synonym	MARS1
MAST2	member	Q6P0Q8	primary	MAST2
MAST3	member	O60307	primary	MAST3
MAT2A	member	P31153	primary	MAT2A
MAT2B	member	Q9NZL9	primary	MAT2B
MATR3	member	P43243	primary	MATR3
MAVS	member	Q7Z434	primary	MAVS
MB	member	P02144	primary	MB
MBD2	member	Q9UBB5	primary	MBD2
MBLL	member	Q5VZF2	synonym	MBNL2
MBNL1	member	Q9NR56	primary	MBNL1
MBNL2	member	Q5VZF2	primary	MBNL2
MCAM	member	P43121	primary	MCAM
MCAT	member	Q8IVS2	primary	MCAT
MCC	member	P23508	primary	MCC
MCCC1	member	Q96RQ3	primary	MCCC1
MCCC2	member	Q9HCC0	primary	MCCC2
MCEE	member	Q96PE7	primary	MCEE
MCFD2	member	Q8NI22	primary	MCFD2
MCM3	member	P25205	primary	MCM3
MCM6	member	Q14566	primary	MCM6
MCMBP	member	Q9BTE3	primary	MCMBP
MCTS1	member	Q9ULC4	primary	MCTS1
MCU	member	Q8NE86	primary	MCU
MDH1	member	P40925	primary	MDH1
MDH2	member	P40926	primary	MDH2
ME1	member	P48163	primary	ME1
ME2	member	P23368	primary	ME2
ME3	member	Q16798	primary	ME3
MECP2	member	P51608	primary	MECP2
MECR	member	Q9BV79	primary	MECR
MEPCE	member	Q7L2J0	primary	MEPCE
MESDC2	member	Q14696	synonym	MESD
METAP1	member	P53582	primary	METAP1
METAP2	member	P50579	primary	METAP2
METTL7A	member	Q9H8H3	synonym	TMT1A
MFF	member	Q9GZY8	primary	MFF
MFGE8	member	Q08431	primary	MFGE8
MFN1	member	Q8IWA4	primary	MFN1
MFN2	member	O95140	primary	MFN2
MFSD10	member	Q14728	synonym	SLC75A1
MGST2	member	Q99735	primary	MGST2
MGST3	member	O14880	primary	MGST3
MIA3	member	Q5JRA6	primary	MIA3
MIB2	member	Q96AX9	primary	MIB2
MICAL2	member	O94851	primary	MICAL2
MICAL3	member	Q7RTP6	primary	MICAL3
MICALL1	member	Q8N3F8	primary	MICALL1
MICU1	member	Q9BPX6	primary	MICU1
MICU2	member	Q8IYU8	primary	MICU2
MID1	ambiguous	O15344;P29372		
MIEN1	member	Q9BRT3	primary	MIEN1
MIF	ambiguous	P03971;P14174		
MIOS	member	Q9NXC5	primary	MIOS
MIPEP	member	Q99797	primary	MIPEP
MKKS	member	Q9NPJ1	primary	MKKS
MKNK1	member	Q9BUB5	primary	MKNK1
MLEC	member	Q14165	primary	MLEC
MLLT4	member	P55196	synonym	AFDN
MLX	member	Q9UH92	primary	MLX
MLYCD	member	O95822	primary	MLYCD
MMAB	member	Q96EY8	primary	MMAB
MME	member	P08473	primary	MME
MMP28	member	Q9H239	primary	MMP28
MMS19	member	Q96T76	primary	MMS19
MNAT1	member	P51948	primary	MNAT1
MNDA	member	P41218	primary	MNDA
MOB2	member	Q70IA6	primary	MOB2
MOB4	member	Q9Y3A3	primary	MOB4
MOCS2	ambiguous	O96007;O96033		
MOGS	member	Q13724	primary	MOGS
MOV10	member	Q9HCE1	primary	MOV10
MPC1	member	Q9Y5U8	primary	MPC1
MPC2	member	O95563	primary	MPC2
MPDZ	member	O75970	primary	MPDZ
MPI	member	P34949	primary	MPI
MPP1	member	Q00013	primary	MPP1
MPRIP	member	Q6WCQ1	primary	MPRIP
MPST	member	P25325	primary	MPST
MRE11A	member	P49959	synonym	MRE11
MRI1	member	Q9BV20	primary	MRI1
MRPL1	member	Q9BYD6	primary	MRPL1
MRPL11	member	Q9Y3B7	primary	MRPL11
MRPL13	member	Q9BYD1	primary	MRPL13
MRPL14	member	Q6P1L8	primary	MRPL14
MRPL15	ambiguous	P49406;Q9P015		
MRPL16	member	Q9NX20	primary	MRPL16
MRPL17	member	Q9NRX2	primary	MRPL17
MRPL18	member	Q9H0U6	primary	MRPL18
MRPL19	member	P49406	primary	MRPL19
MRPL2	ambiguous	Q5T653;Q9BZE1		
MRPL20	member	Q9BYC9	primary	MRPL20
MRPL22	member	Q9NWU5	primary	MRPL22
MRPL23	member	Q16540	primary	MRPL23
MRPL24	member	Q96A35	primary	MRPL24
MRPL27	ambiguous	Q8IXM3;Q9P0M9		
MRPL3	member	P09001	primary	MRPL3
MRPL30	member	Q8TCC3	primary	MRPL30
MRPL33	member	O75394	primary	MRPL33
MRPL37	member	Q9BZE1	primary	MRPL37
MRPL38	member	Q96DV4	primary	MRPL38
MRPL39	member	Q9NYK5	primary	MRPL39
MRPL4	member	Q9BYD3	primary	MRPL4
MRPL40	member	Q9NQ50	primary	MRPL40
MRPL41	member	Q8IXM3	primary	MRPL41
MRPL43	member	Q8N983	primary	MRPL43
MRPL44	member	Q9H9J2	primary	MRPL44
MRPL45	member	Q9BRJ2	primary	MRPL45
MRPL46	member	Q9H2W6	primary	MRPL46
MRPL47	member	Q9HD33	primary	MRPL47
MRPL48	member	Q96GC5	primary	MRPL48
MRPL49	member	Q13405	primary	MRPL49
MRPL50	member	Q8N5N7	primary	MRPL50
MRPL51	member	Q4U2R6	primary	MRPL51
MRPL53	member	Q96EL3	primary	MRPL53
MRPL54	member	Q6P161	primary	MRPL54
MRPL55	member	Q7Z7F7	primary	MRPL55
MRPL57	member	Q9BQC6	primary	MRPL57
MRPL9	member	Q9BYD2	primary	MRPL9
MRPS10	member	P82664	primary	MRPS10
MRPS14	member	O60783	primary	MRPS14
MRPS15	member	P82914	primary	MRPS15
MRPS17	member	Q9Y2R5	primary	MRPS17
MRPS18A	member	Q9NVS2	primary	MRPS18A
MRPS18B	member	Q9Y676	primary	MRPS18B
MRPS2	member	Q9Y399	primary	MRPS2
MRPS21	member	P82921	primary	MRPS21
MRPS22	member	P82650	primary	MRPS22
MRPS23	member	Q9Y3D9	primary	MRPS23
MRPS24	member	Q96EL2	primary	MRPS24
MRPS25	member	P82663	primary	MRPS25
MRPS26	member	Q9BYN8	primary	MRPS26
MRPS27	member	Q92552	primary	MRPS27
MRPS28	ambiguous	P82673;Q9Y2Q9		
MRPS30	member	Q9NP92	primary	MRPS30
MRPS31	member	Q92665	primary	MRPS31
MRPS33	member	Q9Y291	primary	MRPS33
MRPS34	member	P82930	primary	MRPS34
MRPS35	ambiguous	P82673;Q9Y2Q9		
MRPS36	member	P82909	synonym	KGD4
MRPS5	member	P82675	primary	MRPS5
MRPS6	member	P82932	primary	MRPS6
MRPS7	member	Q9Y2R9	primary	MRPS7
MRPS9	member	P82933	primary	MRPS9
MRRF	member	Q96E11	primary	MRRF
MSH2	member	P43246	primary	MSH2
MSI2	member	Q96DH6	primary	MSI2
MSN	member	P26038	primary	MSN
MSRA	member	Q9UJ68	primary	MSRA
MSRB2	member	Q9Y3D2	primary	MSRB2
MSRB3	member	Q8IXL7	primary	MSRB3
MT-ATP6	member	P00846	primary	MT-ATP6
MT-ATP8	member	P03928	primary	MT-ATP8
MT-CO1	member	P00395	primary	MT-CO1
MT-CO2	member	P00403	primary	MT-CO2
MT-CO3	member	P00414	primary	MT-CO3
MT-CYB	member	P00156	primary	MT-CYB
MT-ND1	member	P03886	primary	MT-ND1
MT-ND2	member	P03891	primary	MT-ND2
MT-ND3	member	P03897	primary	MT-ND3
MT-ND4	ambiguous	C0HME5;P03905		
MT-ND5	member	P03915	primary	MT-ND5
MT-ND6	member	P03923	primary	MT-ND6
MTA2	member	O94776	primary	MTA2
MTAP	member	Q13126	primary	MTAP
MTCH2	member	Q9Y6C9	primary	MTCH2
MTDH	member	Q86UE4	primary	MTDH
MTFP1	member	Q9UDX5	primary	MTFP1
MTFR1L	member	Q9H019	primary	MTFR1L
MTHFD1	member	P11586	primary	MTHFD1
MTHFD1L	member	Q6UB35	primary	MTHFD1L
MTHFD2	member	P13995	primary	MTHFD2
MTHFR	member	P42898	primary	MTHFR
MTHFS	member	P49914	primary	MTHFS
MTHFSD	member	Q2M296	primary	MTHFSD
MTIF2	member	P46199	primary	MTIF2
MTIF3	member	Q9H2K0	primary	MTIF3
MTM1	in_tier1	Q13496	primary	MTM1
MTMR6	member	Q9Y217	primary	MTMR6
MTMR9	member	Q96QG7	primary	MTMR9
MTOR	member	P42345	primary	MTOR
MTPAP	member	Q9NVV4	primary	MTPAP
MTPN	member	P58546	primary	MTPN
MTR	member	Q99707	primary	MTR
MTUS1	member	Q9ULD2	primary	MTUS1
MTUS2	member	Q5JR59	primary	MTUS2
MTX1	member	Q13505	primary	MTX1
MTX2	member	O75431	primary	MTX2
MTX3	member	Q5HYI7	primary	MTX3
MURC	in_tier1	Q5BKX8	synonym	CAVIN4
MUSTN1	member	Q8IVN3	primary	MUSTN1
MUT	member	P22033	synonym	MMUT
MVD	member	P53602	primary	MVD
MVP	member	Q14764	primary	MVP
MX1	member	P20591	primary	MX1
MX2	member	P20592	primary	MX2
MXRA5	member	Q9NR99	primary	MXRA5
MXRA7	member	P84157	primary	MXRA7
MYBBP1A	member	Q9BQG0	primary	MYBBP1A
MYBPC1	in_tier1	Q00872	primary	MYBPC1
MYBPC2	in_tier1	Q14324	primary	MYBPC2
MYBPC3	in_tier1	Q14896	primary	MYBPC3
MYBPH	in_tier1	Q13203	primary	MYBPH
MYCBP	member	Q99417	primary	MYCBP
MYDGF	member	Q969H8	primary	MYDGF
MYEF2	member	Q9P2K5	primary	MYEF2
MYH1	in_tier1	P12882	primary	MYH1
MYH10	member	P35580	primary	MYH10
MYH13	in_tier1	Q9UKX3	primary	MYH13
MYH14	member	Q7Z406	primary	MYH14
MYH15	in_tier1	Q9Y2K3	primary	MYH15
MYH16	member	Q9H6N6	primary	MYH16
MYH2	in_tier1	Q9UKX2	primary	MYH2
MYH3	in_tier1	P11055	primary	MYH3
MYH4	in_tier1	Q9Y623	primary	MYH4
MYH6	in_tier1	P13533	primary	MYH6
MYH7	in_tier1	P12883	primary	MYH7
MYH7B	in_tier1	A7E2Y1	primary	MYH7B
MYH8	in_tier1	P13535	primary	MYH8
MYH9	member	P35579	primary	MYH9
MYL1	in_tier1	P05976	primary	MYL1
MYL12A	member	P19105	primary	MYL12A
MYL12B	in_tier1	O14950	primary	MYL12B
MYL2	in_tier1	P10916	primary	MYL2
MYL3	in_tier1	P08590	primary	MYL3
MYL4	in_tier1	P12829	primary	MYL4
MYL5	member	Q02045	primary	MYL5
MYL6	member	P60660	primary	MYL6
MYL6B	member	P14649	primary	MYL6B
MYL7	in_tier1	Q01449	primary	MYL7
MYL9	in_tier1	P24844	primary	MYL9
MYLK	member	Q15746	primary	MYLK
MYLK2	in_tier1	Q9H1R3	primary	MYLK2
MYLK3	member	Q32MK0	primary	MYLK3
MYLPF	member	Q96A32	synonym	MYL11
MYO18A	ambiguous	O95411;Q92614		
MYO18B	in_tier1	Q8IUG5	primary	MYO18B
MYO1B	member	O43795	primary	MYO1B
MYO1C	ambiguous	O00159;Q12965		
MYO1E	member	Q12965	primary	MYO1E
MYO5A	member	Q9Y4I1	primary	MYO5A
MYO9B	member	Q13459	primary	MYO9B
MYOC	member	Q99972	primary	MYOC
MYOF	member	Q9NZM1	primary	MYOF
MYOM1	in_tier1	P52179	primary	MYOM1
MYOM2	in_tier1	P54296	primary	MYOM2
MYOM3	in_tier1	Q5VTT5	primary	MYOM3
MYOT	in_tier1	Q9UBF9	primary	MYOT
MYOZ1	in_tier1	Q9NP98	primary	MYOZ1
MYOZ2	in_tier1	Q9NPC6	primary	MYOZ2
MYOZ3	in_tier1	Q8TDC0	primary	MYOZ3
MYPN	in_tier1	Q86TC9	primary	MYPN
N6AMT1	member	Q9Y5N5	synonym	HEMK2
NAA15	member	Q9BXJ9	primary	NAA15
NAA25	member	Q14CX7	primary	NAA25
NAA35	member	Q5VZE5	primary	NAA35
NAA50	member	Q9GZZ1	primary	NAA50
NACA	ambiguous	E9PAV3;Q13765		
NADK2	member	Q4G0N4	primary	NADK2
NAE1	member	Q13564	primary	NAE1
NAGA	member	P17050	primary	NAGA
NAGK	member	Q9UJ70	primary	NAGK
NAMPT	member	P43490	primary	NAMPT
NANS	member	Q9NR45	primary	NANS
NAP1L1	member	P55209	primary	NAP1L1
NAP1L4	member	Q99733	primary	NAP1L4
NAPA	ambiguous	O96009;P54920		
NAPG	member	Q99747	primary	NAPG
NAPRT	member	Q6XQN6	primary	NAPRT
NARS	member	O43776	synonym	NARS1
NASP	member	P49321	primary	NASP
NAT10	member	Q9H0A0	primary	NAT10
NATD1	member	Q8N6N6	primary	NATD1
NAV1	member	Q8NEY1	primary	NAV1
NBAS	member	A2RRP1	primary	NBAS
NCAM1	member	P13591	primary	NCAM1
NCBP1	member	Q09161	primary	NCBP1
NCCRP1	member	Q6ZVX7	primary	NCCRP1
NCEH1	member	Q6PIU2	primary	NCEH1
NCKAP1	member	Q9Y2A7	primary	NCKAP1
NCL	member	P19338	primary	NCL
NCLN	member	Q969V3	primary	NCLN
NCOA7	member	Q8NI08	primary	NCOA7
NCOR2	member	Q9Y618	primary	NCOR2
NCS1	member	P62166	primary	NCS1
NCSTN	member	Q92542	primary	NCSTN
NDRG2	member	Q9UN36	primary	NDRG2
NDRG3	member	Q9UGV2	primary	NDRG3
NDUFA1	member	O15239	primary	NDUFA1
NDUFA10	member	O95299	primary	NDUFA10
NDUFA11	member	Q86Y39	primary	NDUFA11
NDUFA12	member	Q9UI09	primary	NDUFA12
NDUFA13	member	Q9P0J0	primary	NDUFA13
NDUFA2	member	O43678	primary	NDUFA2
NDUFA3	member	O95167	primary	NDUFA3
NDUFA4	member	O00483	synonym	COXFA4
NDUFA5	member	Q16718	primary	NDUFA5
NDUFA6	member	P56556	primary	NDUFA6
NDUFA7	member	O95182	primary	NDUFA7
NDUFA8	member	P51970	primary	NDUFA8
NDUFA9	member	Q16795	primary	NDUFA9
NDUFAB1	member	O14561	primary	NDUFAB1
NDUFAF2	member	Q8N183	primary	NDUFAF2
NDUFAF3	member	Q9BU61	primary	NDUFAF3
NDUFAF4	member	Q9P032	primary	NDUFAF4
NDUFAF5	member	Q5TEU4	primary	NDUFAF5
NDUFAF6	member	Q330K2	primary	NDUFAF6
NDUFAF7	member	Q7L592	primary	NDUFAF7
NDUFB1	member	O75438	primary	NDUFB1
NDUFB10	member	O96000	primary	NDUFB10
NDUFB11	member	Q9NX14	primary	NDUFB11
NDUFB2	member	O95178	primary	NDUFB2
NDUFB3	member	O43676	primary	NDUFB3
NDUFB4	member	O95168	primary	NDUFB4
NDUFB5	member	O43674	primary	NDUFB5
NDUFB6	member	O95139	primary	NDUFB6
NDUFB7	member	P17568	primary	NDUFB7
NDUFB8	member	O95169	primary	NDUFB8
NDUFB9	member	Q9Y6M9	primary	NDUFB9
NDUFC1	member	O43677	primary	NDUFC1
NDUFC2	member	O95298	primary	NDUFC2
NDUFC2-KCTD14	member	E9PQ53	primary	NDUFC2-KCTD14
NDUFS1	member	P28331	primary	NDUFS1
NDUFS2	member	O75306	primary	NDUFS2
NDUFS3	member	O75489	primary	NDUFS3
NDUFS4	member	O43181	primary	NDUFS4
NDUFS5	member	O43920	primary	NDUFS5
NDUFS6	member	O75380	primary	NDUFS6
NDUFS7	member	O75251	primary	NDUFS7
NDUFS8	member	O00217	primary	NDUFS8
NDUFV1	member	P49821	primary	NDUFV1
NDUFV2	member	P19404	primary	NDUFV2
NDUFV3	member	P56181	primary	NDUFV3
NEB	in_tier1	P20929	primary	NEB
NEBL	in_tier1	O76041	primary	NEBL
NEDD1	member	Q8NHV4	primary	NEDD1
NEDD8-MDP1	unmapped			
NEK7	member	Q8TDX7	primary	NEK7
NEK9	member	Q8TD19	primary	NEK9
NELFB	member	Q8WX92	primary	NELFB
NEMF	member	O60524	primary	NEMF
NENF	member	Q9UMX5	primary	NENF
NES	member	P48681	primary	NES
NEU2	member	Q9Y3R4	primary	NEU2
NEXN	in_tier1	Q0ZGT2	primary	NEXN
NFIA	member	Q12857	primary	NFIA
NFIC	member	P08651	primary	NFIC
NFIX	member	Q14938	primary	NFIX
NFKB2	member	Q00653	primary	NFKB2
NFS1	member	Q9Y697	primary	NFS1
NFU1	member	Q9UMS0	primary	NFU1
NGLY1	member	Q96IV0	primary	NGLY1
NHLRC2	member	Q8NBF2	primary	NHLRC2
NHP2L1	member	P55769	synonym	SNU13
NID1	member	P14543	primary	NID1
NID2	member	Q14112	primary	NID2
NIF3L1	member	Q9GZT8	primary	NIF3L1
NIFK	member	Q9BYG3	primary	NIFK
NIPBL	member	Q6KC79	primary	NIPBL
NIPSNAP1	member	Q9BPW8	primary	NIPSNAP1
NIPSNAP3A	member	Q9UFN0	primary	NIPSNAP3A
NIPSNAP3B	member	Q9BS92	primary	NIPSNAP3B
NIT1	member	Q86X76	primary	NIT1
NIT2	member	Q9NQR4	primary	NIT2
NKRF	member	O15226	primary	NKRF
NLN	member	Q9BYT8	primary	NLN
NLRX1	member	Q86UT6	primary	NLRX1
NME1	member	P15531	primary	NME1
NME1-NME2	unmapped			
NME2	member	P22392	primary	NME2
NME3	member	Q13232	primary	NME3
NMNAT1	member	Q9HAN9	primary	NMNAT1
NMNAT3	member	Q96T66	primary	NMNAT3
NMT1	member	P30419	primary	NMT1
NNMT	member	P40261	primary	NNMT
NNT	member	Q13423	primary	NNT
NO66	member	Q9H6W3	synonym	RIOX1
NOC2L	member	Q9Y3T9	primary	NOC2L
NOC3L	member	Q8WTT2	primary	NOC3L
NOL3	member	O60936	primary	NOL3
NOLC1	member	Q14978	primary	NOLC1
NOMO2	member	Q5JPE7	primary	NOMO2
NOMO3	member	P69849	primary	NOMO3
NONO	member	Q15233	primary	NONO
NOP2	member	P46087	primary	NOP2
NOP56	member	O00567	primary	NOP56
NOP58	member	Q9Y2X3	primary	NOP58
NOS1	ambiguous	P29475;Q8WY41		
NPC2	member	P61916	primary	NPC2
NPEPL1	member	Q8NDH3	primary	NPEPL1
NPEPPS	member	P55786	primary	NPEPPS
NPLOC4	member	Q8TAT6	primary	NPLOC4
NPM1	member	P06748	primary	NPM1
NPPA	member	P01160	primary	NPPA
NPTN	member	Q9Y639	primary	NPTN
NQO1	member	P15559	primary	NQO1
NQO2	member	P16083	primary	NQO2
NRAP	in_tier1	Q86VF7	primary	NRAP
NRD1	member	O43847	synonym	NRDC
NRP2	ambiguous	O60462;Q99435		
NSDHL	member	Q15738	primary	NSDHL
NSF	member	P46459	primary	NSF
NSFL1C	member	Q9UNZ2	primary	NSFL1C
NSUN2	member	Q08J23	primary	NSUN2
NT5C	member	Q8TCD5	primary	NT5C
NT5C1A	member	Q9BXI3	primary	NT5C1A
NT5C3A	member	Q9H0P0	primary	NT5C3A
NT5DC1	member	Q5TFE4	primary	NT5DC1
NT5DC3	member	Q86UY8	primary	NT5DC3
NTM	member	Q9P121	primary	NTM
NTMT1	member	Q9BV86	primary	NTMT1
NTPCR	member	Q9BSD7	primary	NTPCR
NUBP1	member	P53384	primary	NUBP1
NUBPL	member	Q8TB37	primary	NUBPL
NUCB1	member	Q02818	primary	NUCB1
NUCB2	member	P80303	primary	NUCB2
NUCKS1	member	Q9H1E3	primary	NUCKS1
NUDC	member	Q9Y266	primary	NUDC
NUDCD1	member	Q96RS6	primary	NUDCD1
NUDCD3	member	Q8IVD9	primary	NUDCD3
NUDT16	member	Q96DE0	primary	NUDT16
NUDT19	member	A8MXV4	primary	NUDT19
NUDT2	member	P50583	primary	NUDT2
NUDT21	member	O43809	primary	NUDT21
NUDT5	member	Q9UKK9	primary	NUDT5
NUDT9	member	Q9BW91	primary	NUDT9
NUFIP2	member	Q7Z417	primary	NUFIP2
NUMA1	member	Q14980	primary	NUMA1
NUP107	member	P57740	primary	NUP107
NUP133	member	Q8WUM0	primary	NUP133
NUP153	member	P49790	primary	NUP153
NUP155	member	O75694	primary	NUP155
NUP188	member	Q5SRE5	primary	NUP188
NUP205	member	Q92621	primary	NUP205
NUP210	member	Q8TEM1	primary	NUP210
NUP214	member	P35658	primary	NUP214
NUP35	member	Q8NFH5	primary	NUP35
NUP62	member	P37198	primary	NUP62
NUP85	member	Q9BW27	primary	NUP85
NUP93	member	Q8N1F7	primary	NUP93
NUP98	member	P52948	primary	NUP98
NUTF2	member	P61970	primary	NUTF2
NXF1	member	Q9UBU9	primary	NXF1
NXN	member	Q6DKJ4	primary	NXN
Nbla03646	unmapped			
Nucb2	unmapped			
OAS2	member	P29728	primary	OAS2
OAS3	member	Q9Y6K5	primary	OAS3
OAT	member	P04181	primary	OAT
OBSCN	in_tier1	Q5VST9	primary	OBSCN
OBSL1	in_tier1	O75147	primary	OBSL1
OCIAD1	member	Q9NX40	primary	OCIAD1
OGDH	member	Q02218	primary	OGDH
OGFR	member	Q9NZT2	primary	OGFR
OGN	member	P20774	primary	OGN
OGT	member	O15294	primary	OGT
OLA1	member	Q9NTK5	primary	OLA1
OLFML1	member	Q6UWY5	primary	OLFML1
OMA1	member	Q96E52	primary	OMA1
OPA1	member	O60313	primary	OPA1
OPA3	member	Q9H6K4	primary	OPA3
OPLAH	member	O14841	primary	OPLAH
OPTN	member	Q96CV9	primary	OPTN
ORM1	member	P02763	primary	ORM1
OSBP	member	P22059	primary	OSBP
OSBPL1A	member	Q9BXW6	primary	OSBPL1A
OSBPL6	member	Q9BZF3	primary	OSBPL6
OSBPL9	member	Q96SU4	primary	OSBPL9
OSGEPL1	member	Q9H4B0	primary	OSGEPL1
OTUB1	member	Q96FW1	primary	OTUB1
OTUD4	member	Q01804	primary	OTUD4
OXA1L	member	Q15070	primary	OXA1L
OXCT1	member	P55809	primary	OXCT1
OXLD1	member	Q5BKU9	primary	OXLD1
OXSM	member	Q9NWU1	primary	OXSM
OXSR1	member	O95747	primary	OXSR1
P4HA1	member	P13674	primary	P4HA1
P4HA2	member	O15460	primary	P4HA2
P4HB	member	P07237	primary	P4HB
PA2G4	member	Q9UQ80	primary	PA2G4
PABPC1	member	P11940	primary	PABPC1
PABPC3	member	Q9H361	primary	PABPC3
PABPC4	member	Q13310	primary	PABPC4
PABPN1	member	Q86U42	primary	PABPN1
PACS1	member	Q6VY07	primary	PACS1
PACSIN2	member	Q9UNF0	primary	PACSIN2
PACSIN3	member	Q9UKS6	primary	PACSIN3
PADI2	member	Q9Y2J8	primary	PADI2
PAFAH1B1	member	P43034	primary	PAFAH1B1
PAFAH1B2	member	P68402	primary	PAFAH1B2
PAFAH1B3	member	Q15102	primary	PAFAH1B3
PAICS	member	P22234	primary	PAICS
PAIP1	member	Q9H074	primary	PAIP1
PAK1	ambiguous	Q13153;Q16512		
PAK2	member	Q13177	primary	PAK2
PALLD	in_tier1	Q8WX93	primary	PALLD
PALM	member	O75781	primary	PALM
PALMD	member	Q9NP74	primary	PALMD
PAM	ambiguous	O75592;P19021		
PAM16	member	Q9Y3D7	primary	PAM16
PANK4	member	Q9NVE7	primary	PANK4
PARK7	member	Q99497	primary	PARK7
PARN	member	O95453	primary	PARN
PARP1	member	P09874	primary	PARP1
PARP10	member	Q53GL7	primary	PARP10
PARP14	member	Q460N5	primary	PARP14
PARP4	member	Q9UKK3	primary	PARP4
PARP9	member	Q8IXQ6	primary	PARP9
PARVA	in_tier1	Q9NVD7	primary	PARVA
PARVB	in_tier1	Q9HBI1	primary	PARVB
PBDC1	member	Q9BVG4	primary	PBDC1
PBRM1	member	Q86U86	primary	PBRM1
PBXIP1	member	Q96AQ6	primary	PBXIP1
PCBD1	member	P61457	primary	PCBD1
PCBD2	member	Q9H0N5	primary	PCBD2
PCBP1	member	Q15365	primary	PCBP1
PCBP2	member	Q15366	primary	PCBP2
PCCA	member	P05165	primary	PCCA
PCCB	member	P05166	primary	PCCB
PCDH1	member	Q08174	primary	PCDH1
PCK2	member	Q16822	primary	PCK2
PCM1	ambiguous	Q15154;Q9UIS9		
PCMT1	member	P22061	primary	PCMT1
PCNA	member	P12004	primary	PCNA
PCNP	member	Q8WW12	primary	PCNP
PCNT	member	O95613	primary	PCNT
PCYOX1	member	Q9UHG3	primary	PCYOX1
PCYT1A	member	P49585	primary	PCYT1A
PCYT2	member	Q99447	primary	PCYT2
PDAP1	member	Q13442	primary	PDAP1
PDCD10	member	Q9BUL8	primary	PDCD10
PDCD11	member	Q14690	primary	PDCD11
PDCD5	member	O14737	primary	PDCD5
PDCD6	member	O75340	primary	PDCD6
PDCD6IP	member	Q8WUM4	primary	PDCD6IP
PDCL3	member	Q9H2J4	primary	PDCL3
PDE12	member	Q6L8Q7	primary	PDE12
PDE4D	member	Q08499	primary	PDE4D
PDE4DIP	in_tier1	Q5VU43	primary	PDE4DIP
PDF	ambiguous	Q99988;Q9HBH1		
PDGFRB	member	P09619	primary	PDGFRB
PDHA1	member	P08559	primary	PDHA1
PDHB	member	P11177	primary	PDHB
PDHX	member	O00330	primary	PDHX
PDIA3	member	P30101	primary	PDIA3
PDIA4	member	P13667	primary	PDIA4
PDIA5	member	Q14554	primary	PDIA5
PDIA6	member	Q15084	primary	PDIA6
PDK2	member	Q15119	primary	PDK2
PDK4	member	Q16654	primary	PDK4
PDLIM1	in_tier1	O00151	primary	PDLIM1
PDLIM2	in_tier1	Q96JY6	primary	PDLIM2
PDLIM3	in_tier1	Q53GG5	primary	PDLIM3
PDLIM4	in_tier1	P50479	primary	PDLIM4
PDLIM5	in_tier1	Q96HC4	primary	PDLIM5
PDLIM7	in_tier1	Q9NR12	primary	PDLIM7
PDP1	ambiguous	Q8IY26;Q9P0J1		
PDPR	member	Q8NCN5	primary	PDPR
PDS5B	member	Q9NTI5	primary	PDS5B
PDXDC1	member	Q6P996	primary	PDXDC1
PDXK	member	O00764	primary	PDXK
PDXP	member	Q96GD0	primary	PDXP
PEA15	member	Q15121	primary	PEA15
PEBP1	member	P30086	primary	PEBP1
PEBP4	member	Q96S96	primary	PEBP4
PECAM1	member	P16284	primary	PECAM1
PELO	member	Q9BRX2	primary	PELO
PELP1	member	Q8IZL8	primary	PELP1
PEPD	member	P12955	primary	PEPD
PERM1	member	Q5SV97	primary	PERM1
PES1	member	O00541	primary	PES1
PEX11B	member	O96011	primary	PEX11B
PEX19	member	P40855	primary	PEX19
PFAS	member	O15067	primary	PFAS
PFDN1	member	O60925	primary	PFDN1
PFDN2	member	Q9UHV9	primary	PFDN2
PFDN4	member	Q9NQP4	primary	PFDN4
PFDN5	member	Q99471	primary	PFDN5
PFDN6	member	O15212	primary	PFDN6
PFKFB1	member	P16118	primary	PFKFB1
PFKFB2	member	O60825	primary	PFKFB2
PFKL	member	P17858	primary	PFKL
PFKM	member	P08237	primary	PFKM
PFKP	member	Q01813	primary	PFKP
PFN1	member	P07737	primary	PFN1
PFN2	member	P35080	primary	PFN2
PGAM1	member	P18669	primary	PGAM1
PGAM2	member	P15259	primary	PGAM2
PGAM5	member	Q96HS1	primary	PGAM5
PGD	member	P52209	primary	PGD
PGGT1B	member	P53609	primary	PGGT1B
PGK1	member	P00558	primary	PGK1
PGLS	member	O95336	primary	PGLS
PGM1	member	P36871	primary	PGM1
PGM2	member	Q96G03	primary	PGM2
PGM2L1	member	Q6PCE3	primary	PGM2L1
PGM5	in_tier1	Q15124	primary	PGM5
PGP	member	A6NDG6	primary	PGP
PGPEP1	member	Q9NXJ5	primary	PGPEP1
PGRMC1	member	O00264	primary	PGRMC1
PGRMC2	member	O15173	primary	PGRMC2
PHB	member	P35232	synonym	PHB1
PHB2	member	Q99623	primary	PHB2
PHF5A	member	Q7RTV0	primary	PHF5A
PHGDH	member	O43175	primary	PHGDH
PHIP	member	Q8WWQ0	primary	PHIP
PHKA1	member	P46020	primary	PHKA1
PHKA2	member	P46019	primary	PHKA2
PHKB	member	Q93100	primary	PHKB
PHKG1	member	Q16816	primary	PHKG1
PHKG2	member	P15735	primary	PHKG2
PHLDA3	member	Q9Y5J5	primary	PHLDA3
PHLDB1	member	Q86UU1	primary	PHLDB1
PHLDB2	member	Q86SQ0	primary	PHLDB2
PHPT1	member	Q9NRX4	primary	PHPT1
PHYH	member	O14832	primary	PHYH
PI4KB	member	Q9UBF8	primary	PI4KB
PICALM	member	Q13492	primary	PICALM
PIGK	member	Q92643	primary	PIGK
PIGR	member	P01833	primary	PIGR
PIGS	member	Q96S52	primary	PIGS
PIK3C3	member	Q8NEB9	primary	PIK3C3
PIK3R1	member	P27986	primary	PIK3R1
PIN1	member	Q13526	primary	PIN1
PIN4	member	Q9Y237	primary	PIN4
PIP	member	P12273	primary	PIP
PIP4K2B	member	P78356	primary	PIP4K2B
PISD	member	Q9UG56	primary	PISD
PITHD1	member	Q9GZP4	primary	PITHD1
PITPNA	member	Q00169	primary	PITPNA
PITPNB	member	P48739	primary	PITPNB
PITRM1	member	Q5JRX3	primary	PITRM1
PKIA	member	P61925	primary	PKIA
PKM	member	P14618	primary	PKM
PKP1	member	Q13835	primary	PKP1
PKP2	member	Q99959	primary	PKP2
PKP3	member	Q9Y446	primary	PKP3
PLAA	member	Q9Y263	primary	PLAA
PLAC9	member	Q5JTB6	primary	PLAC9
PLAT	member	P00750	primary	PLAT
PLBD1	member	Q6P4A8	primary	PLBD1
PLBD2	member	Q8NHP8	primary	PLBD2
PLCB1	member	Q9NQ66	primary	PLCB1
PLCB3	member	Q01970	primary	PLCB3
PLCD4	member	Q9BRC7	primary	PLCD4
PLCG1	member	P19174	primary	PLCG1
PLCL1	member	Q15111	primary	PLCL1
PLD3	member	Q8IV08	primary	PLD3
PLEC	in_tier1	Q15149	primary	PLEC
PLEKHA5	member	Q9HAU0	primary	PLEKHA5
PLEKHA7	member	Q6IQ23	primary	PLEKHA7
PLEKHF2	member	Q9H8W4	primary	PLEKHF2
PLEKHO2	member	Q8TD55	primary	PLEKHO2
PLG	member	P00747	primary	PLG
PLGRKT	member	Q9HBL7	primary	PLGRKT
PLIN1	member	O60240	primary	PLIN1
PLIN2	member	Q99541	primary	PLIN2
PLIN3	member	O60664	primary	PLIN3
PLIN4	member	Q96Q06	primary	PLIN4
PLIN5	member	Q00G26	primary	PLIN5
PLN	member	P26678	primary	PLN
PLOD1	member	Q02809	primary	PLOD1
PLOD2	member	O00469	primary	PLOD2
PLP2	member	Q04941	primary	PLP2
PLRG1	member	O43660	primary	PLRG1
PLS3	member	P13797	primary	PLS3
PLXNA1	member	Q9UIW2	primary	PLXNA1
PLXNB2	member	O15031	primary	PLXNB2
PM20D2	member	Q8IYS1	primary	PM20D2
PML	member	P29590	primary	PML
PMPCA	member	Q10713	primary	PMPCA
PMPCB	member	O75439	primary	PMPCB
PMVK	member	Q15126	primary	PMVK
PNKD	member	Q8N490	primary	PNKD
PNN	member	Q9H307	primary	PNN
PNP	ambiguous	P00491;P01298		
PNPLA6	member	Q8IY17	primary	PNPLA6
PNPO	member	Q9NVS9	primary	PNPO
PNPT1	member	Q8TCS8	primary	PNPT1
PODN	member	Q7Z5L7	primary	PODN
POF1B	member	Q8WVV4	primary	POF1B
POFUT1	member	Q9H488	primary	POFUT1
POFUT2	member	Q9Y2G5	primary	POFUT2
POGLUT1	member	Q8NBL1	primary	POGLUT1
POGZ	member	Q7Z3K3	primary	POGZ
POLDIP2	member	Q9Y2S7	primary	POLDIP2
POLDIP3	member	Q9BY77	primary	POLDIP3
POLM	member	Q9NP87	primary	POLM
POLR1A	member	O95602	primary	POLR1A
POLR1C	member	O15160	primary	POLR1C
POLR2A	member	P24928	primary	POLR2A
POLR2B	member	P30876	primary	POLR2B
POLR2C	member	P19387	primary	POLR2C
POLR2D	member	O15514	primary	POLR2D
POLR2H	member	P52434	primary	POLR2H
POLR2L	member	P62875	primary	POLR2L
PON1	member	P27169	primary	PON1
POP1	ambiguous	Q8NE79;Q8WXC3;Q99575		
POPDC2	member	Q9HBU9	primary	POPDC2
POR	member	P16435	primary	POR
POSTN	member	Q15063	primary	POSTN
POTEE	member	Q6S8J3	primary	POTEE
POTEKP	member	Q9BYX7	primary	POTEKP
PP1187	unmapped			
PPA1	member	Q15181	primary	PPA1
PPA2	member	Q9H2U2	primary	PPA2
PPCS	member	Q9HAB8	primary	PPCS
PPFIA1	member	Q13136	primary	PPFIA1
PPFIA3	member	O75145	primary	PPFIA3
PPFIBP1	member	Q86W92	primary	PPFIBP1
PPIA	member	P62937	primary	PPIA
PPIB	member	P23284	primary	PPIB
PPIC	member	P45877	primary	PPIC
PPID	member	Q08752	primary	PPID
PPIF	member	P30405	primary	PPIF
PPIH	member	O43447	primary	PPIH
PPIL1	member	Q9Y3C6	primary	PPIL1
PPIL3	member	Q9H2H8	primary	PPIL3
PPL	member	O60437	primary	PPL
PPM1A	member	P35813	primary	PPM1A
PPM1B	member	O75688	primary	PPM1B
PPM1F	member	P49593	primary	PPM1F
PPM1G	member	O15355	primary	PPM1G
PPME1	member	Q9Y570	primary	PPME1
PPOX	ambiguous	O43612;P50336		
PPP1CB	member	P62140	primary	PPP1CB
PPP1CC	member	P36873	primary	PPP1CC
PPP1R12A	in_tier1	O14974	primary	PPP1R12A
PPP1R12B	in_tier1	O60237	primary	PPP1R12B
PPP1R12C	member	Q9BZL4	primary	PPP1R12C
PPP1R18	member	Q6NYC8	primary	PPP1R18
PPP1R1A	member	Q13522	primary	PPP1R1A
PPP1R2	member	P41236	primary	PPP1R2
PPP1R27	member	Q86WC6	primary	PPP1R27
PPP1R2P3	member	Q6NXS1	synonym	PPP1R2B
PPP1R3A	member	Q16821	primary	PPP1R3A
PPP1R3B	member	Q86XI6	primary	PPP1R3B
PPP1R7	member	Q15435	primary	PPP1R7
PPP1R8	member	Q12972	primary	PPP1R8
PPP2CA	member	P67775	primary	PPP2CA
PPP2CB	member	P62714	primary	PPP2CB
PPP2R1A	member	P30153	primary	PPP2R1A
PPP2R2A	member	P63151	primary	PPP2R2A
PPP2R3A	member	Q06190	primary	PPP2R3A
PPP2R4	member	Q15257	synonym	PTPA
PPP2R5A	in_tier1	Q15172	primary	PPP2R5A
PPP2R5D	member	Q14738	primary	PPP2R5D
PPP2R5E	member	Q16537	primary	PPP2R5E
PPP3CA	in_tier1	Q08209	primary	PPP3CA
PPP3CB	in_tier1	P16298	primary	PPP3CB
PPP3R1	member	P63098	primary	PPP3R1
PPP5C	member	P53041	primary	PPP5C
PPP6R1	member	Q9UPN7	primary	PPP6R1
PPP6R2	member	O75170	primary	PPP6R2
PPP6R3	member	Q5H9R7	primary	PPP6R3
PPT1	member	P50897	primary	PPT1
PPTC7	member	Q8NI37	primary	PPTC7
PQLC1	member	Q8N2U9	synonym	SLC66A2
PRB1	member	P04280	primary	PRB1
PRB3	member	Q04118	primary	PRB3
PRB4	member	P10163	primary	PRB4
PRDX1	member	Q06830	primary	PRDX1
PRDX2	member	P32119	primary	PRDX2
PRDX3	member	P30048	primary	PRDX3
PRDX4	member	Q13162	primary	PRDX4
PRDX5	member	P30044	primary	PRDX5
PRDX6	member	P30041	primary	PRDX6
PREB	member	Q9HCU5	primary	PREB
PRELP	member	P51888	primary	PRELP
PREP	ambiguous	P48147;Q5JRX3		
PREPL	member	Q4J6C6	primary	PREPL
PRH1	unmapped			
PRKAA1	member	Q13131	primary	PRKAA1
PRKAA2	member	P54646	primary	PRKAA2
PRKAB2	member	O43741	primary	PRKAB2
PRKACA	ambiguous	P17252;P17612		
PRKACB	member	P22694	primary	PRKACB
PRKAG1	member	P54619	primary	PRKAG1
PRKAG2	member	Q9UGJ0	primary	PRKAG2
PRKAG3	member	Q9UGI9	primary	PRKAG3
PRKAR1A	member	P10644	primary	PRKAR1A
PRKAR2A	member	P13861	primary	PRKAR2A
PRKAR2B	member	P31323	primary	PRKAR2B
PRKCD	member	Q05655	primary	PRKCD
PRKCDBP	member	Q969G5	synonym	CAVIN3
PRKCQ	member	Q04759	primary	PRKCQ
PRKCSH	member	P14314	primary	PRKCSH
PRKDC	member	P78527	primary	PRKDC
PRKG1	member	Q13976	primary	PRKG1
PRKRA	member	O75569	primary	PRKRA
PRMT1	member	Q99873	primary	PRMT1
PRMT5	member	O14744	primary	PRMT5
PRMT7	member	Q9NVM4	primary	PRMT7
PRNP	ambiguous	F7VJQ1;P04156		
PROB1	member	E7EW31	primary	PROB1
PROCR	member	Q9UNN8	primary	PROCR
PROSC	member	O94903	synonym	PLPBP
PRPF19	member	Q9UMS4	primary	PRPF19
PRPF3	member	O43395	primary	PRPF3
PRPF31	member	Q8WWY3	primary	PRPF31
PRPF40A	member	O75400	primary	PRPF40A
PRPF4B	unmapped			
PRPF6	member	O94906	primary	PRPF6
PRPF8	member	Q6P2Q9	primary	PRPF8
PRPH	ambiguous	P23942;P41219		
PRPS1	member	P60891	primary	PRPS1
PRPS2	member	P11908	primary	PRPS2
PRPSAP1	member	Q14558	primary	PRPSAP1
PRPSAP2	member	O60256	primary	PRPSAP2
PRR33	member	A8MZF0	primary	PRR33
PRR4	ambiguous	Q16378;Q96NY8		
PRRC1	member	Q96M27	primary	PRRC1
PRRC2C	member	Q9Y520	primary	PRRC2C
PRSS3	member	P35030	primary	PRSS3
PRTFDC1	member	Q9NRG1	primary	PRTFDC1
PRUNE	member	Q86TP1	synonym	PRUNE1
PSAP	ambiguous	P07602;Q8IWL1;Q8IWL2;Q9NZJ7		
PSAT1	member	Q9Y617	primary	PSAT1
PSIP1	member	O75475	primary	PSIP1
PSMA1	member	P25786	primary	PSMA1
PSMA2	member	P25787	primary	PSMA2
PSMA3	member	P25788	primary	PSMA3
PSMA4	member	P25789	primary	PSMA4
PSMA5	member	P28066	primary	PSMA5
PSMA6	in_tier1	P60900	primary	PSMA6
PSMA7	member	O14818	primary	PSMA7
PSMB1	member	P20618	primary	PSMB1
PSMB2	member	P49721	primary	PSMB2
PSMB3	member	P49720	primary	PSMB3
PSMB4	member	P28070	primary	PSMB4
PSMB5	member	P28074	primary	PSMB5
PSMB6	member	P28072	primary	PSMB6
PSMB7	member	Q99436	primary	PSMB7
PSMB9	member	P28065	primary	PSMB9
PSMC1	member	P62191	primary	PSMC1
PSMC2	member	P35998	primary	PSMC2
PSMC3	member	P17980	primary	PSMC3
PSMC4	member	P43686	primary	PSMC4
PSMC5	member	P62195	primary	PSMC5
PSMC6	member	P62333	primary	PSMC6
PSMD1	member	Q99460	primary	PSMD1
PSMD10	member	O75832	primary	PSMD10
PSMD11	member	O00231	primary	PSMD11
PSMD12	member	O00232	primary	PSMD12
PSMD13	member	Q9UNM6	primary	PSMD13
PSMD14	member	O00487	primary	PSMD14
PSMD2	member	Q13200	primary	PSMD2
PSMD3	member	O43242	primary	PSMD3
PSMD4	member	P55036	primary	PSMD4
PSMD5	member	Q16401	primary	PSMD5
PSMD6	member	Q15008	primary	PSMD6
PSMD7	member	P51665	primary	PSMD7
PSMD8	member	P48556	primary	PSMD8
PSMD9	member	O00233	primary	PSMD9
PSME1	member	Q06323	primary	PSME1
PSME2	member	Q9UL46	primary	PSME2
PSMF1	member	Q92530	primary	PSMF1
PSPC1	member	Q8WXF1	primary	PSPC1
PSPH	member	P78330	primary	PSPH
PTBP1	member	P26599	primary	PTBP1
PTBP2	member	Q9UKA9	primary	PTBP2
PTBP3	member	O95758	primary	PTBP3
PTCD3	member	Q96EY7	primary	PTCD3
PTDSS2	member	Q9BVG9	primary	PTDSS2
PTER	member	Q96BW5	primary	PTER
PTGES2	member	Q9H7Z7	primary	PTGES2
PTGES3	member	Q15185	primary	PTGES3
PTGES3L-AARSD1	unmapped			
PTGFRN	member	Q9P2B2	primary	PTGFRN
PTGIS	member	Q16647	primary	PTGIS
PTGR1	member	Q14914	primary	PTGR1
PTGR2	member	Q8N8N7	primary	PTGR2
PTK2	member	Q05397	primary	PTK2
PTK7	member	Q13308	primary	PTK7
PTMS	member	P20962	primary	PTMS
PTP4A1	member	Q93096	primary	PTP4A1
PTPMT1	member	Q8WUK0	primary	PTPMT1
PTPN1	member	P18031	primary	PTPN1
PTPN11	member	Q06124	primary	PTPN11
PTPN23	member	Q9H3S7	primary	PTPN23
PTPRM	member	P28827	primary	PTPRM
PTPRS	member	Q13332	primary	PTPRS
PTRF	member	Q6NZI2	synonym	CAVIN1
PTRH2	member	Q9Y3E5	primary	PTRH2
PTRHD1	member	Q6GMV3	primary	PTRHD1
PUF60	member	Q9UHX1	primary	PUF60
PUM1	member	Q14671	primary	PUM1
PUM2	member	Q8TB72	primary	PUM2
PURA	member	Q00577	primary	PURA
PURB	member	Q96QR8	primary	PURB
PVALB	member	P20472	primary	PVALB
PVR	member	P15151	primary	PVR
PWP1	member	Q13610	primary	PWP1
PXN	member	P49023	primary	PXN
PYCARD	member	Q9ULZ3	primary	PYCARD
PYCR1	member	P32322	primary	PYCR1
PYGB	member	P11216	primary	PYGB
PYGL	member	P06737	primary	PYGL
PYGM	member	P11217	primary	PYGM
PYURF	member	Q96I23	primary	PYURF
QARS	ambiguous	P07814;P47897		
QDPR	member	P09417	primary	QDPR
QIL1	member	Q5XKP0	synonym	MICOS13
QKI	member	Q96PU8	primary	QKI
QPRT	member	Q15274	primary	QPRT
QSOX1	member	O00391	primary	QSOX1
RAB10	member	P61026	primary	RAB10
RAB11A	member	P62491	primary	RAB11A
RAB11B	member	Q15907	primary	RAB11B
RAB12	member	Q6IQ22	primary	RAB12
RAB14	member	P61106	primary	RAB14
RAB18	member	Q9NP72	primary	RAB18
RAB1A	member	P62820	primary	RAB1A
RAB1B	member	Q9H0U4	primary	RAB1B
RAB21	member	Q9UL25	primary	RAB21
RAB23	member	Q9ULC3	primary	RAB23
RAB24	member	Q969Q5	primary	RAB24
RAB2A	member	P61019	primary	RAB2A
RAB3GAP1	member	Q15042	primary	RAB3GAP1
RAB3GAP2	member	Q9H2M9	primary	RAB3GAP2
RAB5A	member	P20339	primary	RAB5A
RAB5B	member	P61020	primary	RAB5B
RAB6A	member	P20340	primary	RAB6A
RAB7A	member	P51149	primary	RAB7A
RAB9A	member	P51151	primary	RAB9A
RABEP1	member	Q15276	primary	RABEP1
RABEP2	member	Q9H5N1	primary	RABEP2
RABGAP1	member	Q9Y3P9	primary	RABGAP1
RABGGTA	member	Q92696	primary	RABGGTA
RABL3	member	Q5HYI8	primary	RABL3
RAC1	member	P63000	primary	RAC1
RAC2	member	P15153	primary	RAC2
RAC3	ambiguous	P60763;Q9Y6Q9		
RAD23A	member	P54725	primary	RAD23A
RAD23B	member	P54727	primary	RAD23B
RAD50	member	Q92878	primary	RAD50
RAE1	member	P78406	primary	RAE1
RAI14	member	Q9P0K7	primary	RAI14
RALA	member	P11233	primary	RALA
RALB	member	P11234	primary	RALB
RALY	member	Q9UKM9	primary	RALY
RAN	member	P62826	primary	RAN
RANBP1	member	P43487	primary	RANBP1
RANBP2	member	P49792	primary	RANBP2
RANBP3	member	Q9H6Z4	primary	RANBP3
RANGAP1	member	P46060	primary	RANGAP1
RANGRF	member	Q9HD47	primary	RANGRF
RAP1A	member	P62834	primary	RAP1A
RAP1B	member	P61224	primary	RAP1B
RAP1GDS1	member	P52306	primary	RAP1GDS1
RAP2C	member	Q9Y3L5	primary	RAP2C
RAPGEF1	member	Q13905	primary	RAPGEF1
RARS	member	P54136	synonym	RARS1
RASA4	member	O43374	primary	RASA4
RASA4B	member	C9J798	primary	RASA4B
RASIP1	member	Q5U651	primary	RASIP1
RAVER1	member	Q8IY67	primary	RAVER1
RB1CC1	member	Q8TDY2	primary	RB1CC1
RBBP4	member	Q09028	primary	RBBP4
RBBP6	member	Q7Z6E9	primary	RBBP6
RBBP7	member	Q16576	primary	RBBP7
RBM10	ambiguous	P0DW28;P98175		
RBM12	member	Q9NTZ6	primary	RBM12
RBM14	member	Q96PK6	primary	RBM14
RBM17	member	Q96I25	primary	RBM17
RBM24	member	Q9BX46	primary	RBM24
RBM25	member	P49756	primary	RBM25
RBM26	member	Q5T8P6	primary	RBM26
RBM3	member	P98179	primary	RBM3
RBM38	member	Q9H0Z9	primary	RBM38
RBM39	member	Q14498	primary	RBM39
RBM4	member	Q9BWF3	primary	RBM4
RBM42	member	Q9BTD8	primary	RBM42
RBM4B	member	Q9BQ04	primary	RBM4B
RBM8A	member	Q9Y5S9	primary	RBM8A
RBMS2	member	Q15434	primary	RBMS2
RBMX	member	P38159	primary	RBMX
RBX1	member	P62877	primary	RBX1
RCC2	member	Q9P258	primary	RCC2
RCN1	member	Q15293	primary	RCN1
RCN2	member	Q14257	primary	RCN2
RCOR1	member	Q9UKL0	primary	RCOR1
RCOR3	member	Q9P2K3	primary	RCOR3
RCSD1	member	Q6JBY9	primary	RCSD1
RDH11	member	Q8TC12	primary	RDH11
RDH13	member	Q8NBN7	primary	RDH13
RDH14	member	Q9HBH5	primary	RDH14
RDX	member	P35241	primary	RDX
RECQL	member	P46063	primary	RECQL
REEP5	member	Q00765	primary	REEP5
RER1	member	O15258	primary	RER1
RETSAT	member	Q6NUM9	primary	RETSAT
REXO2	member	Q9Y3B8	primary	REXO2
RFC5	member	P40937	primary	RFC5
RFTN1	member	Q14699	primary	RFTN1
RGL2	member	O15211	primary	RGL2
RGS10	member	O43665	primary	RGS10
RHEB	member	Q15382	primary	RHEB
RHOA	member	P61586	primary	RHOA
RHOB	member	P62745	primary	RHOB
RHOC	member	P08134	primary	RHOC
RHOT1	member	Q8IXI2	primary	RHOT1
RHOT2	member	Q8IXI1	primary	RHOT2
RILP	ambiguous	Q96MT3;Q96NA2		
RILPL1	member	Q5EBL4	primary	RILPL1
RMDN1	member	Q96DB5	primary	RMDN1
RNASE7	member	Q9H1E1	primary	RNASE7
RNASEK-C17orf49	unmapped			
RNF114	member	Q9Y508	primary	RNF114
RNF123	member	Q5XPI4	primary	RNF123
RNF14	member	Q9UBS8	primary	RNF14
RNF170	member	Q96K19	primary	RNF170
RNF20	member	Q5VTR2	primary	RNF20
RNF213	member	Q63HN8	primary	RNF213
RNF31	member	Q96EP0	primary	RNF31
RNH1	ambiguous	O60930;P13489		
RNMT	member	O43148	primary	RNMT
RNPEP	member	Q9H4A4	primary	RNPEP
ROCK1	member	Q13464	primary	ROCK1
ROCK2	member	O75116	primary	ROCK2
ROMO1	member	P60602	primary	ROMO1
RPA1	member	P27694	primary	RPA1
RPA2	member	P15927	primary	RPA2
RPA3	member	P35244	primary	RPA3
RPGRIP1L	member	Q68CZ1	primary	RPGRIP1L
RPIA	member	P49247	primary	RPIA
RPL10	member	P27635	primary	RPL10
RPL10A	member	P62906	primary	RPL10A
RPL11	member	P62913	primary	RPL11
RPL12	member	P30050	primary	RPL12
RPL13	member	P26373	primary	RPL13
RPL13A	member	P40429	primary	RPL13A
RPL13a	unmapped			
RPL14	member	P50914	primary	RPL14
RPL15	in_tier1	P61313	primary	RPL15
RPL17	member	P18621	primary	RPL17
RPL17-C18orf32	unmapped			
RPL18	member	Q07020	primary	RPL18
RPL18A	member	Q02543	primary	RPL18A
RPL19	member	P84098	primary	RPL19
RPL21	member	P46778	primary	RPL21
RPL22	member	P35268	primary	RPL22
RPL23	member	P62829	primary	RPL23
RPL23A	member	P62750	primary	RPL23A
RPL24	member	P83731	primary	RPL24
RPL26	member	P61254	primary	RPL26
RPL26L1	member	Q9UNX3	primary	RPL26L1
RPL27	member	P61353	primary	RPL27
RPL27A	member	P46776	primary	RPL27A
RPL28	member	P46779	primary	RPL28
RPL29	member	P47914	primary	RPL29
RPL3	member	P39023	primary	RPL3
RPL30	member	P62888	primary	RPL30
RPL31	member	P62899	primary	RPL31
RPL32	member	P62910	primary	RPL32
RPL34	member	P49207	primary	RPL34
RPL35	member	P42766	primary	RPL35
RPL35A	member	P18077	primary	RPL35A
RPL36	ambiguous	C0HME6;Q9Y3U8		
RPL36AL	member	Q969Q0	primary	RPL36AL
RPL37A	member	P61513	primary	RPL37A
RPL38	member	P63173	primary	RPL38
RPL3L	member	Q92901	primary	RPL3L
RPL4	member	P36578	primary	RPL4
RPL5	member	P46777	primary	RPL5
RPL6	member	Q02878	primary	RPL6
RPL7	member	P18124	primary	RPL7
RPL7A	member	P62424	primary	RPL7A
RPL8	member	P62917	primary	RPL8
RPL9	unmapped			
RPLP0	member	P05388	primary	RPLP0
RPLP0P6	member	Q8NHW5	primary	RPLP0P6
RPLP1	member	P05386	primary	RPLP1
RPLP2	member	P05387	primary	RPLP2
RPN1	member	P04843	primary	RPN1
RPN2	member	P04844	primary	RPN2
RPRD1A	member	Q96P16	primary	RPRD1A
RPS10	member	P46783	primary	RPS10
RPS11	member	P62280	primary	RPS11
RPS12	member	P25398	primary	RPS12
RPS13	member	P62277	primary	RPS13
RPS14	member	P62263	primary	RPS14
RPS15	member	P62841	primary	RPS15
RPS15A	member	P62244	primary	RPS15A
RPS16	member	P62249	primary	RPS16
RPS17	member	P08708	primary	RPS17
RPS17L	member	P08708	synonym	RPS17
RPS18	member	P62269	primary	RPS18
RPS19	member	P39019	primary	RPS19
RPS2	member	P15880	primary	RPS2
RPS20	member	P60866	primary	RPS20
RPS21	member	P63220	primary	RPS21
RPS23	member	P62266	primary	RPS23
RPS24	member	P62847	primary	RPS24
RPS25	member	P62851	primary	RPS25
RPS26	member	P62854	primary	RPS26
RPS26P11	member	Q5JNZ5	primary	RPS26P11
RPS27	member	P42677	primary	RPS27
RPS27A	member	P62979	primary	RPS27A
RPS27L	member	Q71UM5	primary	RPS27L
RPS28	member	P62857	primary	RPS28
RPS3	member	P23396	primary	RPS3
RPS3A	member	P61247	primary	RPS3A
RPS4X	member	P62701	primary	RPS4X
RPS5	member	P46782	primary	RPS5
RPS6	member	P62753	primary	RPS6
RPS6KA3	member	P51812	primary	RPS6KA3
RPS6KA5	member	O75582	primary	RPS6KA5
RPS7	member	P62081	primary	RPS7
RPS8	member	P62241	primary	RPS8
RPS9	member	P46781	primary	RPS9
RPSA	ambiguous	A0A8I5KQE6;P08865		
RPSAP58	member	A0A8I5KQE6	synonym	RPSA2
RPTOR	member	Q8N122	primary	RPTOR
RPUSD4	member	Q96CM3	primary	RPUSD4
RRAD	member	P55042	primary	RRAD
RRAGA	member	Q7L523	primary	RRAGA
RRAGB	member	Q5VZM2	primary	RRAGB
RRAGC	member	Q9HB90	primary	RRAGC
RRAS	member	P10301	primary	RRAS
RRAS2	member	P62070	primary	RRAS2
RRBP1	member	Q9P2E9	primary	RRBP1
RRM1	member	P23921	primary	RRM1
RRP1	ambiguous	P05386;P56182		
RRP12	member	Q5JTH9	primary	RRP12
RSF1	member	Q96T23	primary	RSF1
RSL1D1	member	O76021	primary	RSL1D1
RSRC2	member	Q7L4I2	primary	RSRC2
RSU1	member	Q15404	primary	RSU1
RTCA	member	O00442	primary	RTCA
RTCB	member	Q9Y3I0	primary	RTCB
RTN1	member	Q16799	primary	RTN1
RTN2	in_tier1	O75298	primary	RTN2
RTN3	member	O95197	primary	RTN3
RTN4	member	Q9NQC3	primary	RTN4
RTN4IP1	member	Q8WWV3	primary	RTN4IP1
RUFY1	member	Q96T51	primary	RUFY1
RUVBL1	member	Q9Y265	primary	RUVBL1
RUVBL2	member	Q9Y230	primary	RUVBL2
RWDD1	member	Q9H446	primary	RWDD1
RXRA	member	P19793	primary	RXRA
RYR1	in_tier1	P21817	primary	RYR1
RYR2	in_tier1	Q92736	primary	RYR2
RYR3	in_tier1	Q15413	primary	RYR3
S100A1	member	P23297	primary	S100A1
S100A10	member	P60903	primary	S100A10
S100A11	member	P31949	primary	S100A11
S100A13	member	Q99584	primary	S100A13
S100A14	member	Q9HCY8	primary	S100A14
S100A16	member	Q96FQ6	primary	S100A16
S100A4	member	P26447	primary	S100A4
S100A6	member	P06703	primary	S100A6
S100A7	member	P31151	primary	S100A7
S100A8	member	P05109	primary	S100A8
S100A9	member	P06702	primary	S100A9
S100P	member	P25815	primary	S100P
SACM1L	member	Q9NTJ5	primary	SACM1L
SACS	member	Q9NZJ4	primary	SACS
SAE1	member	Q9UBE0	primary	SAE1
SAFB	member	Q15424	primary	SAFB
SAFB2	member	Q14151	primary	SAFB2
SAMD9	member	Q5K651	primary	SAMD9
SAMD9L	member	Q8IVG5	primary	SAMD9L
SAMHD1	member	Q9Y3Z3	primary	SAMHD1
SAMM50	member	Q9Y512	primary	SAMM50
SAMSN1	member	Q9NSI8	primary	SAMSN1
SAR1A	member	Q9NR31	primary	SAR1A
SAR1B	member	Q9Y6B6	primary	SAR1B
SARM1	member	Q6SZW1	primary	SARM1
SARNP	member	P82979	primary	SARNP
SARS	member	P49591	synonym	SARS1
SARS2	member	Q9NP81	primary	SARS2
SART1	member	O43290	primary	SART1
SART3	member	Q15020	primary	SART3
SASH1	member	O94885	primary	SASH1
SBDS	member	Q9Y3A5	primary	SBDS
SBSN	member	Q6UWP8	primary	SBSN
SCAF8	member	Q9UPN6	primary	SCAF8
SCAMP1	member	O15126	primary	SCAMP1
SCAMP3	member	O14828	primary	SCAMP3
SCARB2	member	Q14108	primary	SCARB2
SCCPDH	member	Q8NBX0	primary	SCCPDH
SCFD1	member	Q8WVM8	primary	SCFD1
SCFD2	member	Q8WU76	primary	SCFD2
SCGB1D2	member	O95969	primary	SCGB1D2
SCGB2A1	member	O75556	primary	SCGB2A1
SCLY	member	Q96I15	primary	SCLY
SCN4A	member	P35499	primary	SCN4A
SCO1	in_tier1	O75880	primary	SCO1
SCO2	in_tier1	O43819	primary	SCO2
SCP2	ambiguous	O14595;P22307;Q9BX26		
SCPEP1	member	Q9HB40	primary	SCPEP1
SCRIB	ambiguous	C0HLS1;Q14160		
SCRN2	member	Q96FV2	primary	SCRN2
SCRN3	member	Q0VDG4	primary	SCRN3
SCYL2	member	Q6P3W7	primary	SCYL2
SDHA	member	P31040	primary	SDHA
SDHAF2	member	Q9NX18	primary	SDHAF2
SDHAF4	member	Q5VUM1	primary	SDHAF4
SDHB	member	P21912	primary	SDHB
SDHC	member	Q99643	primary	SDHC
SDHD	member	O14521	primary	SDHD
SDPR	member	O95810	synonym	CAVIN2
SDR39U1	member	Q9NRG7	primary	SDR39U1
SDR9C7	member	Q8NEX9	primary	SDR9C7
SDSL	member	Q96GA7	primary	SDSL
SEC11A	member	P67812	primary	SEC11A
SEC13	member	P55735	primary	SEC13
SEC16A	member	O15027	primary	SEC16A
SEC22B	member	O75396	primary	SEC22B
SEC23A	member	Q15436	primary	SEC23A
SEC23IP	member	Q9Y6Y8	primary	SEC23IP
SEC24B	member	O95487	primary	SEC24B
SEC24C	member	P53992	primary	SEC24C
SEC24D	member	O94855	primary	SEC24D
SEC31A	member	O94979	primary	SEC31A
SEC61A1	member	P61619	primary	SEC61A1
SEC61A2	member	Q9H9S3	primary	SEC61A2
SEC61B	member	P60468	primary	SEC61B
SEC62	member	Q99442	primary	SEC62
SEC63	member	Q9UGP8	primary	SEC63
SELENBP1	member	Q13228	primary	SELENBP1
SEMA3C	member	Q99985	primary	SEMA3C
SEMG1	member	P04279	primary	SEMG1
SEMG2	member	Q02383	primary	SEMG2
SEPHS1	member	P49903	primary	SEPHS1
SEPW1	member	P63302	synonym	SELENOW
SERAC1	member	Q96JX3	primary	SERAC1
SERBP1	member	Q8NC51	primary	SERBP1
SERPINA1	member	P01009	primary	SERPINA1
SERPINA12	member	Q8IW75	primary	SERPINA12
SERPINA3	member	P01011	primary	SERPINA3
SERPINA6	member	P08185	primary	SERPINA6
SERPINB1	member	P30740	primary	SERPINB1
SERPINB12	member	Q96P63	primary	SERPINB12
SERPINB13	member	Q9UIV8	primary	SERPINB13
SERPINB2	member	P05120	primary	SERPINB2
SERPINB3	member	P29508	primary	SERPINB3
SERPINB4	member	P48594	primary	SERPINB4
SERPINB5	member	P36952	primary	SERPINB5
SERPINB6	member	P35237	primary	SERPINB6
SERPINB7	member	O75635	primary	SERPINB7
SERPINB8	member	P50452	primary	SERPINB8
SERPINB9	member	P50453	primary	SERPINB9
SERPINC1	member	P01008	primary	SERPINC1
SERPIND1	member	P05546	primary	SERPIND1
SERPINE1	member	P05121	primary	SERPINE1
SERPINF1	member	P36955	primary	SERPINF1
SERPINF2	member	P08697	primary	SERPINF2
SERPING1	member	P05155	primary	SERPING1
SERPINH1	member	P50454	primary	SERPINH1
SESN1	member	Q9Y6P5	primary	SESN1
SET	member	Q01105	primary	SET
SETD3	member	Q86TU7	primary	SETD3
SETD7	member	Q8WTS6	primary	SETD7
SETMAR	member	Q53H47	primary	SETMAR
SETSIP	member	P0DME0	primary	SETSIP
SF3A1	member	Q15459	primary	SF3A1
SF3A3	member	Q12874	primary	SF3A3
SF3B1	member	O75533	primary	SF3B1
SF3B2	member	Q13435	primary	SF3B2
SF3B3	member	Q15393	primary	SF3B3
SFN	ambiguous	P31947;Q9Y3B8		
SFPQ	member	P23246	primary	SFPQ
SFXN1	member	Q9H9B4	primary	SFXN1
SFXN3	member	Q9BWM7	primary	SFXN3
SFXN4	member	Q6P4A7	primary	SFXN4
SGCA	member	Q16586	primary	SGCA
SGCB	member	Q16585	primary	SGCB
SGCD	member	Q92629	primary	SGCD
SGCG	member	Q13326	primary	SGCG
SGPL1	member	O95470	primary	SGPL1
SGTA	member	O43765	primary	SGTA
SH3BGR	member	P55822	primary	SH3BGR
SH3BGRL	member	O75368	primary	SH3BGRL
SH3BGRL3	member	Q9H299	primary	SH3BGRL3
SH3GL1	member	Q99961	primary	SH3GL1
SH3GLB1	member	Q9Y371	primary	SH3GLB1
SH3GLB2	member	Q9NR46	primary	SH3GLB2
SH3KBP1	member	Q96B97	primary	SH3KBP1
SHMT1	member	P34896	primary	SHMT1
SHMT2	member	P34897	primary	SHMT2
SHOC2	member	Q9UQ13	primary	SHOC2
SHROOM2	member	Q13796	primary	SHROOM2
SIAE	member	Q9HAT2	primary	SIAE
SIL1	member	Q9H173	primary	SIL1
SIPA1L2	member	Q9P2F8	primary	SIPA1L2
SIRT2	member	Q8IXJ6	primary	SIRT2
SIRT3	member	Q9NTG7	primary	SIRT3
SIRT5	member	Q9NXA8	primary	SIRT5
SKIV2L	member	Q15477	synonym	SKIC2
SKP1	member	P63208	primary	SKP1
SLAIN2	member	Q9P270	primary	SLAIN2
SLC12A2	member	P55011	primary	SLC12A2
SLC12A4	member	Q9UP95	primary	SLC12A4
SLC16A1	member	P53985	primary	SLC16A1
SLC16A3	member	O15427	primary	SLC16A3
SLC16A7	member	O60669	primary	SLC16A7
SLC1A4	member	P43007	primary	SLC1A4
SLC1A5	member	Q15758	primary	SLC1A5
SLC20A2	member	Q08357	primary	SLC20A2
SLC25A1	member	P53007	primary	SLC25A1
SLC25A11	member	Q02978	primary	SLC25A11
SLC25A12	member	O75746	primary	SLC25A12
SLC25A13	member	Q9UJS0	primary	SLC25A13
SLC25A20	member	O43772	primary	SLC25A20
SLC25A24	member	Q6NUK1	primary	SLC25A24
SLC25A3	member	Q00325	primary	SLC25A3
SLC25A4	member	P12235	primary	SLC25A4
SLC25A42	member	Q86VD7	primary	SLC25A42
SLC25A46	member	Q96AG3	primary	SLC25A46
SLC25A5	member	P05141	primary	SLC25A5
SLC25A6	member	P12236	primary	SLC25A6
SLC27A1	member	Q6PCB7	primary	SLC27A1
SLC2A1	in_tier1	P11166	primary	SLC2A1
SLC2A4	member	P14672	primary	SLC2A4
SLC30A9	member	Q6PML9	primary	SLC30A9
SLC35A4	ambiguous	L0R6Q1;Q96G79		
SLC35B2	member	Q8TB61	primary	SLC35B2
SLC37A4	member	O43826	primary	SLC37A4
SLC39A14	member	Q15043	primary	SLC39A14
SLC3A2	member	P08195	primary	SLC3A2
SLC41A3	member	Q96GZ6	primary	SLC41A3
SLC44A2	member	Q8IWA5	primary	SLC44A2
SLC4A1	in_tier1	P02730	primary	SLC4A1
SLC4A2	member	P04920	primary	SLC4A2
SLC9A3R1	member	O14745	synonym	NHERF1
SLC9A3R2	member	Q15599	synonym	NHERF2
SLFN5	ambiguous	Q08AF3;Q6IEE8		
SLIRP	member	Q9GZT3	primary	SLIRP
SLK	member	Q9H2G2	primary	SLK
SLMAP	in_tier1	Q14BN4	primary	SLMAP
SLTM	member	Q9NWH9	primary	SLTM
SMAD2	member	Q15796	primary	SMAD2
SMAD3	member	P84022	primary	SMAD3
SMAD4	member	Q13485	primary	SMAD4
SMAD9	member	O15198	primary	SMAD9
SMAP	ambiguous	O00193;Q92845;Q9H0E9		
SMARCA1	member	P28370	primary	SMARCA1
SMARCA4	member	P51532	primary	SMARCA4
SMARCA5	member	O60264	primary	SMARCA5
SMARCC2	member	Q8TAQ2	primary	SMARCC2
SMARCD3	member	Q6STE5	primary	SMARCD3
SMC1A	member	Q14683	primary	SMC1A
SMC3	member	Q9UQE7	primary	SMC3
SMCHD1	member	A6NHR9	primary	SMCHD1
SMDT1	member	Q9H4I9	primary	SMDT1
SMG1	member	Q96Q15	primary	SMG1
SMIM11	member	P58511	primary	SMIM11
SMIM12	member	Q96EX1	primary	SMIM12
SMIM13	member	P0DJ93	primary	SMIM13
SMIM20	member	Q8N5G0	primary	SMIM20
SMPD4	member	Q9NXE4	primary	SMPD4
SMPX	in_tier1	Q9UHP9	primary	SMPX
SMS	member	P52788	primary	SMS
SMTN	member	P53814	primary	SMTN
SMTNL1	in_tier1	A8MU46	primary	SMTNL1
SMTNL2	member	Q2TAL5	primary	SMTNL2
SMYD1	member	Q8NB12	primary	SMYD1
SMYD2	member	Q9NRG4	primary	SMYD2
SNAP23	member	O00161	primary	SNAP23
SND1	member	Q7KZF4	primary	SND1
SNRNP200	member	O75643	primary	SNRNP200
SNRNP70	member	P08621	primary	SNRNP70
SNRPA	member	P09012	primary	SNRPA
SNRPA1	member	P09661	primary	SNRPA1
SNRPB	member	P14678	primary	SNRPB
SNRPB2	member	P08579	primary	SNRPB2
SNRPC	member	P09234	primary	SNRPC
SNRPD1	ambiguous	P62314;P62316		
SNRPD2	member	P62316	primary	SNRPD2
SNRPD3	member	P62318	primary	SNRPD3
SNRPE	member	P62304	primary	SNRPE
SNRPF	member	P62306	primary	SNRPF
SNRPG	member	P62308	primary	SNRPG
SNRPGP15	member	A8MWD9	primary	SNRPGP15
SNRPN	member	P63162	primary	SNRPN
SNTA1	member	Q13424	primary	SNTA1
SNTB1	member	Q13884	primary	SNTB1
SNTB2	member	Q13425	primary	SNTB2
SNW1	member	Q13573	primary	SNW1
SNX1	member	Q13596	primary	SNX1
SNX12	member	Q9UMY4	primary	SNX12
SNX15	member	Q9NRS6	primary	SNX15
SNX2	member	O60749	primary	SNX2
SNX27	member	Q96L92	primary	SNX27
SNX3	member	O60493	primary	SNX3
SNX4	member	O95219	primary	SNX4
SNX5	member	Q9Y5X3	primary	SNX5
SNX6	member	Q9UNH7	primary	SNX6
SNX7	member	Q9UNH6	primary	SNX7
SOD1	member	P00441	primary	SOD1
SOD2	member	P04179	primary	SOD2
SON	member	P18583	primary	SON
SORBS1	member	Q9BX66	primary	SORBS1
SORBS2	in_tier1	O94875	primary	SORBS2
SORBS3	member	O60504	primary	SORBS3
SORD	member	Q00796	primary	SORD
SORT1	member	Q99523	primary	SORT1
SP100	member	P23497	primary	SP100
SPAG7	member	O75391	primary	SPAG7
SPAG9	member	O60271	primary	SPAG9
SPARC	member	P09486	primary	SPARC
SPATA20	member	Q8TB22	primary	SPATA20
SPATS2L	member	Q9NUQ6	primary	SPATS2L
SPCS1	member	Q9Y6A9	primary	SPCS1
SPCS2	member	Q15005	primary	SPCS2
SPCS3	member	P61009	primary	SPCS3
SPECC1	member	Q5M775	primary	SPECC1
SPECC1L	member	Q69YQ0	primary	SPECC1L
SPECC1L-ADORA2A	unmapped			
SPEG	member	Q15772	primary	SPEG
SPG20	member	Q8N0X7	synonym	SPART
SPG7	member	Q9UQ90	primary	SPG7
SPINK5	member	Q9NQ38	primary	SPINK5
SPR	member	P35270	primary	SPR
SPRR1A	member	P35321	primary	SPRR1A
SPRR1B	member	P22528	primary	SPRR1B
SPRYD4	member	Q8WW59	primary	SPRYD4
SPTA1	member	P02549	primary	SPTA1
SPTAN1	in_tier1	Q13813	primary	SPTAN1
SPTB	member	P11277	primary	SPTB
SPTBN1	in_tier1	Q01082	primary	SPTBN1
SPTLC1	member	O15269	primary	SPTLC1
SPTLC2	member	O15270	primary	SPTLC2
SQRDL	member	Q9Y6N5	synonym	SQOR
SQSTM1	in_tier1	Q13501	primary	SQSTM1
SRI	in_tier1	P30626	primary	SRI
SRL	member	Q86TD4	primary	SRL
SRM	member	P19623	primary	SRM
SRP14	member	P37108	primary	SRP14
SRP54	member	P61011	primary	SRP54
SRP68	member	Q9UHB9	primary	SRP68
SRP72	member	O76094	primary	SRP72
SRP9	member	P49458	primary	SRP9
SRPR	member	P08240	synonym	SRPRA
SRPRB	member	Q9Y5M8	primary	SRPRB
SRRM1	member	Q8IYB3	primary	SRRM1
SRRM2	member	Q9UQ35	primary	SRRM2
SRRT	member	Q9BXP5	primary	SRRT
SRSF1	member	Q07955	primary	SRSF1
SRSF2	member	Q01130	primary	SRSF2
SRSF3	member	P84103	primary	SRSF3
SRSF5	member	Q13243	primary	SRSF5
SRSF6	member	Q13247	primary	SRSF6
SRSF7	member	Q16629	primary	SRSF7
SSB	member	P05455	primary	SSB
SSBP1	member	Q04837	primary	SSBP1
SSH1	member	Q8WYL5	primary	SSH1
SSPN	member	Q14714	primary	SSPN
SSR1	member	P43307	primary	SSR1
SSR3	member	Q9UNL2	primary	SSR3
SSR4	member	P51571	primary	SSR4
SSRP1	member	Q08945	primary	SSRP1
SSU72	member	Q9NP77	primary	SSU72
ST13	member	P50502	primary	ST13
ST13P4	member	Q8IZP2	primary	ST13P4
ST13P5	member	Q8NFI4	primary	ST13P5
ST20-MTHFS	unmapped			
ST6GALNAC1	member	Q9NSC7	primary	ST6GALNAC1
STAC3	member	Q96MF2	primary	STAC3
STAG1	ambiguous	Q8WVM7;Q969W9		
STAM	member	Q92783	primary	STAM
STAM2	member	O75886	primary	STAM2
STAMBP	member	O95630	primary	STAMBP
STAT1	member	P42224	primary	STAT1
STAT2	member	P52630	primary	STAT2
STAT3	member	P40763	primary	STAT3
STAT5A	member	P42229	primary	STAT5A
STAT5B	member	P51692	primary	STAT5B
STAT6	member	P42226	primary	STAT6
STAU1	member	O95793	primary	STAU1
STAU2	member	Q9NUL3	primary	STAU2
STBD1	member	O95210	primary	STBD1
STEAP3	member	Q658P3	primary	STEAP3
STIM1	member	Q13586	primary	STIM1
STIP1	member	P31948	primary	STIP1
STK26	member	Q9P289	primary	STK26
STK38	member	Q15208	primary	STK38
STK38L	member	Q9Y2H1	primary	STK38L
STK39	member	Q9UEW8	primary	STK39
STMN1	member	P16949	primary	STMN1
STMN2	member	Q93045	primary	STMN2
STOM	member	P27105	primary	STOM
STOML2	member	Q9UJZ1	primary	STOML2
STRAP	member	Q9Y3F4	primary	STRAP
STRIP2	member	Q9ULQ0	primary	STRIP2
STRN	member	O43815	primary	STRN
STRN3	member	Q13033	primary	STRN3
STT3A	member	P46977	primary	STT3A
STT3B	member	Q8TCJ2	primary	STT3B
STUB1	in_tier1	Q9UNE7	primary	STUB1
STX12	member	Q86Y82	primary	STX12
STX2	member	P32856	primary	STX2
STX3	member	Q13277	primary	STX3
STX4	member	Q12846	primary	STX4
STX5	member	Q13190	primary	STX5
STX7	member	O15400	primary	STX7
STX8	member	Q9UNK0	primary	STX8
STXBP1	member	P61764	primary	STXBP1
STXBP3	member	O00186	primary	STXBP3
SUB1	member	P53999	primary	SUB1
SUCLA2	member	Q9P2R7	primary	SUCLA2
SUCLG1	member	P53597	primary	SUCLG1
SUCLG2	member	Q96I99	primary	SUCLG2
SUGCT	member	Q9HAC7	primary	SUGCT
SUGP2	member	Q8IX01	primary	SUGP2
SUGT1	member	Q9Y2Z0	primary	SUGT1
SULF1	member	Q8IWU6	primary	SULF1
SULT1A1	member	P50225	primary	SULT1A1
SULT2B1	member	O00204	primary	SULT2B1
SUMO1	member	P63165	primary	SUMO1
SUMO2	member	P61956	primary	SUMO2
SUMO3	member	P55854	primary	SUMO3
SUN1	member	O94901	primary	SUN1
SUN2	member	Q9UH99	primary	SUN2
SUOX	member	P51687	primary	SUOX
SUPT16H	member	Q9Y5B9	primary	SUPT16H
SUPT5H	member	O00267	primary	SUPT5H
SUPV3L1	member	Q8IYB8	primary	SUPV3L1
SURF1	member	Q15526	primary	SURF1
SURF4	member	O15260	primary	SURF4
SURF6	member	O75683	primary	SURF6
SVIL	in_tier1	O95425	primary	SVIL
SYAP1	member	Q96A49	primary	SYAP1
SYMPK	member	Q92797	primary	SYMPK
SYNC	in_tier1	Q9H7C4	primary	SYNC
SYNCRIP	member	O60506	primary	SYNCRIP
SYNE1	in_tier1	Q8NF91	primary	SYNE1
SYNE2	in_tier1	Q8WXH0	primary	SYNE2
SYNGR2	member	O43760	primary	SYNGR2
SYNJ2BP	member	P57105	primary	SYNJ2BP
SYNJ2BP-COX16	unmapped			
SYNM	in_tier1	O15061	primary	SYNM
SYNPO	in_tier1	Q8N3V7	primary	SYNPO
SYNPO2	in_tier1	Q9UMS6	primary	SYNPO2
SYNPO2L	in_tier1	Q9H987	primary	SYNPO2L
SYNRG	member	Q9UMZ2	primary	SYNRG
SYPL1	member	Q16563	primary	SYPL1
SYPL2	member	Q5VXT5	primary	SYPL2
Septin 1	unmapped			
Septin 2	unmapped			
Septin 3	unmapped			
Septin 4	unmapped			
Septin 5	unmapped			
Septin 6	unmapped			
Septin 7	unmapped			
Septin 8	unmapped			
TACC1	member	O75410	primary	TACC1
TACC2	member	O95359	primary	TACC2
TACO1	member	Q9BSH4	primary	TACO1
TAF15	ambiguous	Q16514;Q92804		
TAGLN	member	Q01995	primary	TAGLN
TAGLN2	member	P37802	primary	TAGLN2
TALDO1	member	P37837	primary	TALDO1
TAMM41	member	Q96BW9	primary	TAMM41
TANC1	member	Q9C0D5	primary	TANC1
TAOK1	member	Q7L7X3	primary	TAOK1
TAOK3	member	Q9H2K8	primary	TAOK3
TAP1	member	Q03518	primary	TAP1
TARDBP	member	Q13148	primary	TARDBP
TARS	member	P26639	synonym	TARS1
TARS2	member	Q9BW92	primary	TARS2
TARSL2	member	A2RTX5	synonym	TARS3
TATDN1	member	Q6P1N9	primary	TATDN1
TBC1D13	member	Q9NVG8	primary	TBC1D13
TBC1D17	member	Q9HA65	primary	TBC1D17
TBC1D4	member	O60343	primary	TBC1D4
TBCA	member	O75347	primary	TBCA
TBCB	member	Q99426	primary	TBCB
TBCC	member	Q15814	primary	TBCC
TBCE	member	Q15813	primary	TBCE
TBCEL	member	Q5QJ74	primary	TBCEL
TBL1XR1	member	Q9BZK7	primary	TBL1XR1
TBL2	member	Q9Y4P3	primary	TBL2
TBL3	member	Q12788	primary	TBL3
TBRG4	member	Q969Z0	primary	TBRG4
TCAF1	member	Q9Y4C2	primary	TCAF1
TCAP	in_tier1	O15273	primary	TCAP
TCEA1	member	P23193	primary	TCEA1
TCEA3	member	O75764	primary	TCEA3
TCEB1	member	Q15369	synonym	ELOC
TCEB2	member	Q15370	synonym	ELOB
TCERG1	member	O14776	primary	TCERG1
TCOF1	member	Q13428	primary	TCOF1
TCP1	member	P17987	primary	TCP1
TDRD7	member	Q8NHU6	primary	TDRD7
TECR	member	Q9NZ01	primary	TECR
TECRL	member	Q5HYJ1	primary	TECRL
TES	member	Q9UGI8	primary	TES
TEX264	member	Q9Y6I9	primary	TEX264
TF	member	P02787	primary	TF
TFAM	member	Q00059	primary	TFAM
TFCP2	member	Q12800	primary	TFCP2
TFG	member	Q92734	primary	TFG
TFRC	member	P02786	primary	TFRC
TGFB1I1	member	O43294	primary	TGFB1I1
TGFBI	member	Q15582	primary	TGFBI
TGM1	member	P22735	primary	TGM1
TGM2	member	P21980	primary	TGM2
TGM3	member	Q08188	primary	TGM3
TGM5	member	O43548	primary	TGM5
THAP4	member	Q8WY91	primary	THAP4
THBS4	member	P35443	primary	THBS4
THEM6	member	Q8WUY1	primary	THEM6
THNSL1	member	Q8IYQ7	primary	THNSL1
THNSL2	member	Q86YJ6	primary	THNSL2
THOC2	member	Q8NI27	primary	THOC2
THOP1	member	P52888	primary	THOP1
THRAP3	member	Q9Y2W1	primary	THRAP3
THTPA	member	Q9BU02	primary	THTPA
THUMPD1	member	Q9NXG2	primary	THUMPD1
THYN1	member	Q9P016	primary	THYN1
TIAL1	member	Q01085	primary	TIAL1
TIGAR	member	Q9NQ88	primary	TIGAR
TIMM10	member	P62072	primary	TIMM10
TIMM13	member	Q9Y5L4	primary	TIMM13
TIMM21	member	Q9BVV7	primary	TIMM21
TIMM22	member	Q9Y584	primary	TIMM22
TIMM23	member	O14925	primary	TIMM23
TIMM23B	member	Q5SRD1	primary	TIMM23B
TIMM44	member	O43615	primary	TIMM44
TIMM50	member	Q3ZCQ8	primary	TIMM50
TIMM8A	member	O60220	primary	TIMM8A
TIMM8B	member	Q9Y5J9	primary	TIMM8B
TIMM9	member	Q9Y5J7	primary	TIMM9
TIMMDC1	member	Q9NPL8	primary	TIMMDC1
TIMP3	member	P35625	primary	TIMP3
TINAGL1	member	Q9GZM7	primary	TINAGL1
TIPRL	member	O75663	primary	TIPRL
TJP1	member	Q07157	primary	TJP1
TJP2	member	Q9UDY2	primary	TJP2
TKFC	member	Q3LXA3	primary	TKFC
TKT	ambiguous	P29401;Q16832		
TLN1	member	Q9Y490	primary	TLN1
TLN2	member	Q9Y4G6	primary	TLN2
TM6SF1	member	Q9BZW5	primary	TM6SF1
TM7SF2	member	O76062	primary	TM7SF2
TM9SF2	member	Q99805	primary	TM9SF2
TM9SF3	member	Q9HD45	primary	TM9SF3
TM9SF4	member	Q92544	primary	TM9SF4
TMBIM6	member	P55061	primary	TMBIM6
TMCO1	member	Q9UM00	primary	TMCO1
TMED1	member	Q13445	primary	TMED1
TMED10	member	P49755	primary	TMED10
TMED2	member	Q15363	primary	TMED2
TMED4	member	Q7Z7H5	primary	TMED4
TMED5	member	Q9Y3A6	primary	TMED5
TMED7	member	Q9Y3B3	primary	TMED7
TMED7-TICAM2	unmapped			
TMED9	member	Q9BVK6	primary	TMED9
TMEM109	member	Q9BVC6	primary	TMEM109
TMEM11	member	P17152	primary	TMEM11
TMEM110-MUSTN1	unmapped			
TMEM120A	member	Q9BXJ8	primary	TMEM120A
TMEM126A	member	Q9H061	primary	TMEM126A
TMEM143	member	Q96AN5	primary	TMEM143
TMEM14C	member	Q9P0S9	primary	TMEM14C
TMEM159	member	Q96B96	synonym	LDAF1
TMEM189-UBE2V1	unmapped			
TMEM192	member	Q8IY95	primary	TMEM192
TMEM205	member	Q6UW68	primary	TMEM205
TMEM214	member	Q6NUQ4	primary	TMEM214
TMEM223	member	A0PJW6	primary	TMEM223
TMEM245	member	Q9H330	primary	TMEM245
TMEM261	member	Q96GE9	synonym	DMAC1
TMEM263	member	Q8WUH6	primary	TMEM263
TMEM33	member	P57088	primary	TMEM33
TMEM38A	member	Q9H6F2	primary	TMEM38A
TMEM38B	member	Q9NVV0	primary	TMEM38B
TMEM41B	member	Q5BJD5	primary	TMEM41B
TMEM43	member	Q9BTV4	primary	TMEM43
TMEM65	member	Q6PI78	primary	TMEM65
TMEM70	member	Q9BUB7	primary	TMEM70
TMEM97	member	Q5BJF2	primary	TMEM97
TMLHE	member	Q9NVH6	primary	TMLHE
TMOD1	in_tier1	P28289	primary	TMOD1
TMOD3	in_tier1	Q9NYL9	primary	TMOD3
TMOD4	in_tier1	Q9NZQ9	primary	TMOD4
TMPIT	member	Q9BXJ8	synonym	TMEM120A
TMPO	ambiguous	P42166;P42167		
TMSB4X	member	P62328	primary	TMSB4X
TMTC3	member	Q6ZXV5	primary	TMTC3
TMUB1	member	Q9BVT8	primary	TMUB1
TMX1	member	Q9H3N1	primary	TMX1
TMX3	member	Q96JJ7	primary	TMX3
TMX4	member	Q9H1E5	primary	TMX4
TNC	member	P24821	primary	TNC
TNKS1BP1	member	Q9C0C2	synonym	CNOT12
TNNC1	ambiguous	P19429;P63316		
TNNC2	in_tier1	P02585	primary	TNNC2
TNNI1	in_tier1	P19237	primary	TNNI1
TNNI2	in_tier1	P48788	primary	TNNI2
TNNI3	in_tier1	P19429	primary	TNNI3
TNNT1	in_tier1	P13805	primary	TNNT1
TNNT2	in_tier1	P45379	primary	TNNT2
TNNT3	in_tier1	P45378	primary	TNNT3
TNPO1	member	Q92973	primary	TNPO1
TNPO3	member	Q9Y5L0	primary	TNPO3
TNS1	member	Q9HBL0	primary	TNS1
TNS2	member	Q63HR2	primary	TNS2
TNXB	member	P22105	primary	TNXB
TOLLIP	member	Q9H0E2	primary	TOLLIP
TOM1	member	O60784	primary	TOM1
TOM1L2	member	Q6ZVM7	primary	TOM1L2
TOMM22	member	Q9NS69	primary	TOMM22
TOMM40	member	O96008	primary	TOMM40
TOMM70A	member	O94826	synonym	TOMM70
TOP1	member	P11387	primary	TOP1
TOP2B	member	Q02880	primary	TOP2B
TOR1AIP1	member	Q5JTV8	primary	TOR1AIP1
TOR1AIP2	ambiguous	Q8NFQ8;Q9H496		
TOR1B	member	O14657	primary	TOR1B
TP53BP1	member	Q12888	primary	TP53BP1
TP53I11	member	O14683	primary	TP53I11
TP53I3	member	Q53FA7	primary	TP53I3
TP53RK	member	Q96S44	primary	TP53RK
TPD52	member	P55327	primary	TPD52
TPD52L1	member	Q16890	primary	TPD52L1
TPD52L2	member	O43399	primary	TPD52L2
TPI1	member	P60174	primary	TPI1
TPM1	in_tier1	P09493	primary	TPM1
TPM2	in_tier1	P07951	primary	TPM2
TPM3	in_tier1	P06753	primary	TPM3
TPM4	in_tier1	P67936	primary	TPM4
TPP1	ambiguous	O14773;P49638;Q96AP0		
TPP2	member	P29144	primary	TPP2
TPPP	member	O94811	primary	TPPP
TPPP3	member	Q9BW30	primary	TPPP3
TPR	member	P12270	primary	TPR
TPSAB1	member	Q15661	primary	TPSAB1
TPSB2	member	P20231	primary	TPSB2
TPT1	member	P13693	primary	TPT1
TRA2A	member	Q13595	primary	TRA2A
TRA2B	member	P62995	primary	TRA2B
TRAFD1	member	O14545	primary	TRAFD1
TRAK1	member	Q9UPV9	primary	TRAK1
TRAP1	ambiguous	Q12931;Q58FF3		
TRAPPC1	member	Q9Y5R8	primary	TRAPPC1
TRAPPC12	member	Q8WVT3	primary	TRAPPC12
TRAPPC3	member	O43617	primary	TRAPPC3
TRAPPC5	member	Q8IUR0	primary	TRAPPC5
TRAPPC6B	member	Q86SZ2	primary	TRAPPC6B
TRDN	member	Q13061	primary	TRDN
TRIAP1	member	O43715	primary	TRIAP1
TRIM21	member	P19474	primary	TRIM21
TRIM22	member	Q8IYM9	primary	TRIM22
TRIM25	member	Q14258	primary	TRIM25
TRIM28	member	Q13263	primary	TRIM28
TRIM29	member	Q14134	primary	TRIM29
TRIM32	in_tier1	Q13049	primary	TRIM32
TRIM54	in_tier1	Q9BYV2	primary	TRIM54
TRIM55	member	Q9BYV6	primary	TRIM55
TRIM56	member	Q9BRZ2	primary	TRIM56
TRIM7	member	Q9C029	primary	TRIM7
TRIM72	member	Q6ZMU5	primary	TRIM72
TRIO	member	O75962	primary	TRIO
TRIOBP	member	Q9H2D6	primary	TRIOBP
TRIP10	member	Q15642	primary	TRIP10
TRIP11	member	Q15643	primary	TRIP11
TRMT10C	member	Q7L0Y3	primary	TRMT10C
TRMT61B	member	Q9BVS5	primary	TRMT61B
TRNT1	member	Q96Q11	primary	TRNT1
TROVE2	member	P10155	synonym	RO60
TRPT1	member	Q86TN4	primary	TRPT1
TSC2	member	P49815	primary	TSC2
TSFM	member	P43897	primary	TSFM
TSG101	member	Q99816	primary	TSG101
TSN	member	Q15631	primary	TSN
TSNAX	member	Q99598	primary	TSNAX
TSPAN8	member	P19075	primary	TSPAN8
TSPO	ambiguous	B1AH88;P30536		
TSSC1	member	Q53HC9	synonym	EIPR1
TST	member	Q16762	primary	TST
TSTA3	member	Q13630	synonym	GFUS
TSTD1	member	Q8NFU3	primary	TSTD1
TTC1	member	Q99614	primary	TTC1
TTC30B	member	Q8N4P2	synonym	IFT70B
TTC37	member	Q6PGP7	synonym	SKIC3
TTC38	member	Q5R3I4	primary	TTC38
TTN	in_tier1	Q8WZ42	primary	TTN
TTR	member	P02766	primary	TTR
TUBA1A	member	Q71U36	primary	TUBA1A
TUBA1B	member	P68363	primary	TUBA1B
TUBA1C	member	Q9BQE3	primary	TUBA1C
TUBA4A	member	P68366	primary	TUBA4A
TUBA8	member	Q9NY65	primary	TUBA8
TUBB	member	P07437	primary	TUBB
TUBB2A	member	Q13885	primary	TUBB2A
TUBB2B	member	Q9BVA1	primary	TUBB2B
TUBB4B	member	P68371	primary	TUBB4B
TUBB6	member	Q9BUF5	primary	TUBB6
TUBG1	member	P23258	primary	TUBG1
TUBG2	member	Q9NRH3	primary	TUBG2
TUFM	member	P49411	primary	TUFM
TWF1	in_tier1	Q12792	primary	TWF1
TWF2	in_tier1	Q6IBS0	primary	TWF2
TXLNA	member	P40222	primary	TXLNA
TXLNB	member	Q8N3L3	primary	TXLNB
TXN	member	P10599	primary	TXN
TXN2	member	Q99757	primary	TXN2
TXNDC12	member	O95881	primary	TXNDC12
TXNDC17	member	Q9BRA2	primary	TXNDC17
TXNDC5	member	Q8NBS9	primary	TXNDC5
TXNL1	member	O43396	primary	TXNL1
TXNRD1	member	Q16881	primary	TXNRD1
TXNRD2	member	Q9NNW7	primary	TXNRD2
TYMP	member	P19971	primary	TYMP
U2AF1	member	Q01081	primary	U2AF1
U2AF2	member	P26368	primary	U2AF2
U2SURP	member	O15042	primary	U2SURP
UACA	member	Q9BZF9	primary	UACA
UAP1	member	Q16222	primary	UAP1
UBA1	member	P22314	primary	UBA1
UBA2	member	Q9UBT2	primary	UBA2
UBA3	member	Q8TBC4	primary	UBA3
UBA52	member	P62987	primary	UBA52
UBA6	member	A0AVT1	primary	UBA6
UBA7	member	P41226	primary	UBA7
UBAC1	member	Q9BSL1	primary	UBAC1
UBAP2	member	Q5T6F2	primary	UBAP2
UBAP2L	member	Q14157	primary	UBAP2L
UBB	member	P0CG47	primary	UBB
UBC	member	P0CG48	primary	UBC
UBE2B	member	P63146	primary	UBE2B
UBE2D1	member	P51668	primary	UBE2D1
UBE2D2	member	P62837	primary	UBE2D2
UBE2D3	member	P61077	primary	UBE2D3
UBE2D4	member	Q9Y2X8	primary	UBE2D4
UBE2I	member	P63279	primary	UBE2I
UBE2K	member	P61086	primary	UBE2K
UBE2L3	member	P68036	primary	UBE2L3
UBE2M	member	P61081	primary	UBE2M
UBE2N	member	P61088	primary	UBE2N
UBE2NL	member	Q5JXB2	primary	UBE2NL
UBE2V1	member	Q13404	primary	UBE2V1
UBE2V2	member	Q15819	primary	UBE2V2
UBE3A	member	Q05086	primary	UBE3A
UBE3C	member	Q15386	primary	UBE3C
UBE4A	member	Q14139	primary	UBE4A
UBFD1	member	O14562	primary	UBFD1
UBL5	member	Q9BZL1	primary	UBL5
UBQLN1	member	Q9UMX0	primary	UBQLN1
UBR1	member	Q8IWV7	primary	UBR1
UBR3	member	Q6ZT12	primary	UBR3
UBR4	member	Q5T4S7	primary	UBR4
UBTF	member	P17480	primary	UBTF
UBXN1	member	Q04323	primary	UBXN1
UBXN4	member	Q92575	primary	UBXN4
UBXN6	member	Q9BZV1	primary	UBXN6
UBXN7	member	O94888	primary	UBXN7
UCHL1	member	P09936	primary	UCHL1
UCHL3	member	P15374	primary	UCHL3
UCHL5	member	Q9Y5K5	primary	UCHL5
UFD1L	member	Q92890	synonym	UFD1
UFL1	member	O94874	primary	UFL1
UFM1	member	P61960	primary	UFM1
UFSP2	member	Q9NUQ7	primary	UFSP2
UGDH	member	O60701	primary	UGDH
UGGT1	member	Q9NYU2	primary	UGGT1
UGP2	member	Q16851	primary	UGP2
ULK3	member	Q6PHR2	primary	ULK3
UMPS	member	P11172	primary	UMPS
UNC45A	member	Q9H3U1	primary	UNC45A
UNC45B	in_tier1	Q8IWX7	primary	UNC45B
UPF1	member	Q92900	primary	UPF1
UPF2	member	Q9HAU5	primary	UPF2
UQCC1	member	Q9NVA1	primary	UQCC1
UQCC2	member	Q9BRT2	primary	UQCC2
UQCC3	member	Q6UW78	primary	UQCC3
UQCR10	member	Q9UDW1	primary	UQCR10
UQCRB	member	P14927	primary	UQCRB
UQCRC1	member	P31930	primary	UQCRC1
UQCRC2	member	P22695	primary	UQCRC2
UQCRFS1	member	P47985	primary	UQCRFS1
UQCRFS1P1	member	P0C7P4	primary	UQCRFS1P1
UQCRH	member	P07919	primary	UQCRH
UQCRHL	member	A0A096LP55	primary	UQCRHL
UQCRQ	member	O14949	primary	UQCRQ
USMG5	member	Q96IX5	synonym	ATP5MK
USO1	member	O60763	primary	USO1
USP10	ambiguous	Q14694;Q8NFA0		
USP13	member	Q92995	primary	USP13
USP14	member	P54578	primary	USP14
USP15	member	Q9Y4E8	primary	USP15
USP24	member	Q9UPU5	primary	USP24
USP25	member	Q9UHP3	primary	USP25
USP39	member	Q53GS9	primary	USP39
USP47	member	Q96K76	primary	USP47
USP48	member	Q86UV5	primary	USP48
USP5	member	P45974	primary	USP5
USP7	member	Q93009	primary	USP7
USP9X	member	Q93008	primary	USP9X
UTP14A	member	Q9BVJ6	primary	UTP14A
UTP15	member	Q8TED0	primary	UTP15
UTRN	member	P46939	primary	UTRN
VAC14	member	Q08AM6	primary	VAC14
VAMP2	member	P63027	primary	VAMP2
VAMP3	member	Q15836	primary	VAMP3
VAMP5	member	O95183	primary	VAMP5
VAMP7	member	P51809	primary	VAMP7
VAPA	member	Q9P0L0	primary	VAPA
VAPB	member	O95292	primary	VAPB
VARS	member	P26640	synonym	VARS1
VASP	member	P50552	primary	VASP
VAT1	ambiguous	P54219;Q99536		
VAV3	member	Q9UKW4	primary	VAV3
VBP1	member	P61758	primary	VBP1
VCAM1	member	P19320	primary	VCAM1
VCAN	member	P13611	primary	VCAN
VCL	in_tier1	P18206	primary	VCL
VCP	member	P55072	primary	VCP
VDAC1	member	P21796	primary	VDAC1
VDAC2	member	P45880	primary	VDAC2
VDAC3	member	Q9Y277	primary	VDAC3
VHL	member	P40337	primary	VHL
VIM	member	P08670	primary	VIM
VKORC1L1	member	Q8N0U8	primary	VKORC1L1
VPRBP	member	Q9Y4B6	synonym	DCAF1
VPS11	member	Q9H270	primary	VPS11
VPS13A	member	Q96RL7	primary	VPS13A
VPS13C	member	Q709C8	primary	VPS13C
VPS13D	member	Q5THJ4	primary	VPS13D
VPS16	member	Q9H269	primary	VPS16
VPS25	member	Q9BRG1	primary	VPS25
VPS26A	member	O75436	primary	VPS26A
VPS28	member	Q9UK41	primary	VPS28
VPS29	member	Q9UBQ0	primary	VPS29
VPS33B	member	Q9H267	primary	VPS33B
VPS35	member	Q96QK1	primary	VPS35
VPS36	member	Q86VN1	primary	VPS36
VPS37A	member	Q8NEZ2	primary	VPS37A
VPS37C	member	A5D8V6	primary	VPS37C
VPS41	member	P49754	primary	VPS41
VPS45	member	Q9NRW7	primary	VPS45
VPS4A	member	Q9UN37	primary	VPS4A
VPS52	member	Q8N1B4	primary	VPS52
VTA1	member	Q9NP79	primary	VTA1
VTN	member	P04004	primary	VTN
VWA1	member	Q6PCB0	primary	VWA1
VWA8	member	A3KMH1	primary	VWA8
VWF	member	P04275	primary	VWF
WARS	member	P23381	synonym	WARS1
WARS2	member	Q9UGM6	primary	WARS2
WASL	member	O00401	primary	WASL
WBP2	member	Q969T9	primary	WBP2
WDFY1	member	Q8IWB7	primary	WDFY1
WDR1	member	O75083	primary	WDR1
WDR11	ambiguous	Q8WWQ0;Q9BZH6		
WDR12	member	Q9GZL7	primary	WDR12
WDR26	member	Q9H7D7	primary	WDR26
WDR37	member	Q9Y2I8	primary	WDR37
WDR41	member	Q9HAD4	primary	WDR41
WDR43	member	Q15061	primary	WDR43
WDR44	member	Q5JSH3	primary	WDR44
WDR61	member	Q9GZS3	synonym	SKIC8
WDR73	member	Q6P4I2	primary	WDR73
WDR77	member	Q9BQA1	primary	WDR77
WDR82	member	Q6UXN9	primary	WDR82
WFDC12	member	Q8WWY7	primary	WFDC12
WLS	member	Q5T9L3	primary	WLS
WNK1	member	Q9H4A3	primary	WNK1
WNK2	member	Q9Y3S1	primary	WNK2
XIRP1	member	Q702N8	primary	XIRP1
XIRP2	in_tier1	A4UGR9	primary	XIRP2
XP32	member	Q5T750	synonym	KPLCE
XPNPEP1	member	Q9NQW7	primary	XPNPEP1
XPO1	member	O14980	primary	XPO1
XPO4	member	Q9C0E2	primary	XPO4
XPO7	member	Q9UIA9	primary	XPO7
XRCC5	member	P13010	primary	XRCC5
XRCC6	member	P12956	primary	XRCC6
XRN2	member	Q9H0D6	primary	XRN2
YARS	member	P54577	synonym	YARS1
YARS2	member	Q9Y2Z4	primary	YARS2
YBX1	member	P67809	primary	YBX1
YBX3	member	P16989	primary	YBX3
YIF1A	member	O95070	primary	YIF1A
YIF1B	member	Q5BJH7	primary	YIF1B
YKT6	member	O15498	primary	YKT6
YLPM1	member	P49750	primary	YLPM1
YOD1	member	Q5VVQ6	primary	YOD1
YTHDF2	member	Q9Y5A9	primary	YTHDF2
YWHAB	member	P31946	primary	YWHAB
YWHAE	member	P62258	primary	YWHAE
YWHAG	member	P61981	primary	YWHAG
YWHAH	member	Q04917	primary	YWHAH
YWHAQ	member	P27348	primary	YWHAQ
YWHAZ	member	P63104	primary	YWHAZ
ZADH2	member	Q8N4Q0	synonym	PTGR3
ZAK	member	Q9NYL2	synonym	MAP3K20
ZC3H11A	member	O75152	primary	ZC3H11A
ZC3H15	member	Q8WU90	primary	ZC3H15
ZC3HAV1	member	Q7Z2W4	primary	ZC3HAV1
ZER1	member	Q7Z7L7	primary	ZER1
ZFR	member	Q96KR1	primary	ZFR
ZFYVE19	member	Q96K21	primary	ZFYVE19
ZG16B	member	Q96DA0	primary	ZG16B
ZMPSTE24	member	O75844	primary	ZMPSTE24
ZNF318	member	Q5VUA4	primary	ZNF318
ZNF90	member	Q03938	primary	ZNF90
ZNFX1	member	Q9P2E3	primary	ZNFX1
ZPR1	member	O75312	primary	ZPR1
ZRANB2	member	O95218	primary	ZRANB2
ZW10	member	O43264	primary	ZW10
ZYX	member	Q15942	primary	ZYX
ZZEF1	member	O43149	primary	ZZEF1
hCG_1789329	unmapped			
hCG_1984214	unmapped			
pk	unmapped			
