row_index	identity_cell	gene_cell	entry	entry_token_rank	outcome	tokens_checked	published_share_percent
4	Q9NQ94;F8W9F8;Q9NQ94-5;Q9NQ94-3;Q9NQ94-2;Q9NQ94-4	A1CF	Q9NQ94	1	member	1:Q9NQ94:reviewed_human	0.000000
5	P01023;P20742;CON__ENSEMBL:ENSBTAP00000024146;P20742-2	A2M	P01023	1	member	1:P01023:reviewed_human	0.000186
6	Q2M2I8;Q2M2I8-2;E9PG46;A0A096LP60;A0A096LNZ0;A0A096LP25	AAK1	Q2M2I8	1	member	1:Q2M2I8:reviewed_human	0.000000
7	Q9H7C9;E9PNP3;E9PJP1;E9PLK9;K4DI89;Q9H7C9-3;Q9H7C9-2;E9PR47	AAMDC	Q9H7C9	1	member	1:Q9H7C9:reviewed_human	0.000210
8	P49588;P49588-2;H3BPK7	AARS	P49588	1	member	1:P49588:reviewed_human	0.001234
9	Q8IZY2;Q8IZY2-2;H0YCN5;A0A087WZX6;H0YF58;Q9BZC7;Q99758;Q9BZC7-3;E9PKG5;E9PL63;H0Y8E3;H0Y3H2;J3QSS3;A0A087WXK5	ABCA7	Q8IZY2	1	member	1:Q8IZY2:reviewed_human	0.003538
10	Q9NRK6	ABCB10	Q9NRK6	1	member	1:Q9NRK6:reviewed_human	0.000000
11	P21439;P21439-3;P21439-2	ABCB4	P21439	1	member	1:P21439:reviewed_human	0.000000
12	Q2M3G0	ABCB5	Q2M3G0	1	member	1:Q2M3G0:reviewed_human	0.000000
13	Q9NP58;Q9NP58-4;H7BXK9;H7C3Z0;H7C049;H7C245;O75027;H7C1R6;B4DGL8;A0A087WW65;O75027-3;O75027-2;Q2M3G0-1	ABCB6	Q9NP58	1	member	1:Q9NP58:reviewed_human	0.006923
14	P33527;P33527-9;I3L4X2;P33527-3;P33527-2;P33527-5;P33527-4;P33527-7;A0A0A0MS99;P33527-6;P33527-8;O15438;O15438-4;O15438-5;O15438-2	ABCC1	P33527	1	member	1:P33527:reviewed_human	0.015489
15	Q5T3U5;Q5T3U5-2;H0Y904	ABCC10	Q5T3U5	1	member	1:Q5T3U5:reviewed_human	0.000031
16	O15439;O15439-2;O15439-3;O15439-4	ABCC4	O15439	1	member	1:O15439:reviewed_human	0.005973
17	O15440;O15440-5;F8WCY8;A5PKY6;O15440-4;O15440-3;O15440-2;C9JZL5;Q96J66;F8WDH3;E9PET4;Q96J65;Q96J66-2	ABCC5	O15440	1	member	1:O15440:reviewed_human	0.000299
18	H0Y990	ABCE1	P61221	gene	member_via_gene	1:H0Y990:unreviewed/9606; gene:ABCE1:P61221	0.000000
19	P61221;D6R9I9;D6RGF4	ABCE1	P61221	1	member_duplicate_entry	1:P61221:reviewed_human	0.002002
20	F5GYK6	ABCF1	Q8NE71	gene	member_via_gene	1:F5GYK6:unreviewed/9606; gene:ABCF1:Q8NE71	0.000117
21	Q8NE71;Q8NE71-2;H0YGW7;A0A0G2JIC2;Q5STZ8	ABCF1	Q8NE71	1	member_duplicate_entry	1:Q8NE71:reviewed_human	0.002187
22	Q9UNQ0;Q9UNQ0-2;H0YAF3;H0YAF1	ABCG2	Q9UNQ0	1	member	1:Q9UNQ0:reviewed_human	0.000911
23	Q96IU4;B4DQI4;F8W9U3;Q96IU4-2	ABHD14B	Q96IU4	1	member	1:Q96IU4:reviewed_human	0.023228
24	O95870;A0A0G2JJD3;O95870-2;A0A0G2JI89;F2Z3H2;F2Z3G6	ABHD16A	O95870	1	member	1:O95870:reviewed_human	0.000394
25	Q5VST6;Q5VST6-2;Q96GS6;Q96GS6-2	ABHD17B	Q5VST6	1	member	1:Q5VST6:reviewed_human	0.002820
26	H0Y897;D3YTG3;H0YCP4;H0YF18;Q5JPC9	ABI3BP;DKFZp667H216	Q7Z7G0	gene	member_via_gene	1:H0Y897:unreviewed/9606; 2:D3YTG3:unreviewed/9606; 3:H0YCP4:unreviewed/9606; 4:H0YF18:unreviewed/9606; 5:Q5JPC9:unreviewed/9606; gene:ABI3BP;DKFZp667H216:Q7Z7G0	0.000000
27	Q9P1F3;Q5SZC9	ABRACL	Q9P1F3	1	member	1:Q9P1F3:reviewed_human	0.005450
28	O00763;O00763-3;O00763-2;Q13085;Q13085-4;S4R3S7;Q13085-3;Q13085-2	ACACB	O00763	1	member	1:O00763:reviewed_human	0.000029
29	Q15057;A0A087X1H5;H7C3Q8;H7C3K3	ACAP2	Q15057	1	member	1:Q15057:reviewed_human	0.000207
30	Q9BWD1;Q9BWD1-2	ACAT2	Q9BWD1	1	member	1:Q9BWD1:reviewed_human	0.025464
31	P22303;P22303-4;P22303-2;P22303-3;F8WD68;C9JZL6;F8WAR7;C9J2S3;C9JD78;O00748;Q5XG92;J3QSC0;A0A0C4DGH1;A0A024R6X1;Q5XG92-4;Q5XG92-6;Q5XG92-2;O00748-2	ACHE	P22303	1	member	1:P22303:reviewed_human	0.002020
32	Q16570;Q16570-2	ACKR1	Q16570	1	member	1:Q16570:reviewed_human	0.001392
33	P53396;P53396-2;P53396-3;K7EIE7;K7ESG8	ACLY	P53396	1	member	1:P53396:reviewed_human	0.138103
34	P21399	ACO1	P21399	1	member	1:P21399:reviewed_human	0.000756
35	O00154;O00154-6;O00154-4;O00154-7;O00154-5;K7EKP8;O00154-2;O00154-3;Q6ZUV0	ACOT7	O00154	1	member	1:O00154:reviewed_human	0.002537
36	P24666;G5E9R5;P24666-4;P24666-3;F2Z2Q9	ACP1	P24666	1	member	1:P24666:reviewed_human	0.048939
37	P24666-2;D3YTI2	ACP1	P24666	1	member_duplicate_entry	1:P24666:reviewed_human	0.001039
38	P33121;E7EPM6;P33121-2;P33121-3;B7Z3Z9;D6RER0;H0Y9U7;H0Y9Z9;D6RG07	ACSL1	P33121	1	member	1:P33121:reviewed_human	0.000000
39	O95573;F5GWH2	ACSL3	O95573	1	member	1:O95573:reviewed_human	0.000472
40	D6RD96	ACSL4	O60488	gene	member_via_gene	1:D6RD96:?/?; gene:ACSL4:O60488	0.000000
41	O60488;O60488-2;H0Y9A0;D6RF95;D6RFW9;D6RDA8	ACSL4	O60488	1	member_duplicate_entry	1:O60488:reviewed_human	0.004525
42	Q9ULC5;Q9ULC5-3;Q9ULC5-4	ACSL5	Q9ULC5	1	member	1:Q9ULC5:reviewed_human	0.000280
43	Q9UKU0;Q9UKU0-9;Q9UKU0-1;Q9UKU0-5;Q9UKU0-6;E7ERD7;Q9UKU0-7;C9JPA5;C9JT10	ACSL6	Q9UKU0	1	member	1:Q9UKU0:reviewed_human	0.000000
44	Q9UKU0-3;Q9UKU0-8;Q9UKU0-2;C9J8C7;C9J3Z0;C9J4I1;C9JK59	ACSL6	Q9UKU0	1	member_duplicate_entry	1:Q9UKU0:reviewed_human	0.002743
45	P60709;E7EVS6;G5E9R0;C9JZR7;C9JTX5;F8WCH0	ACTB	P60709	1	member	1:P60709:reviewed_human	0.682402
46	Q562R1	ACTBL2	Q562R1	1	member	1:Q562R1:reviewed_human	0.002089
47	P68032;P68133;P62736;P63267;A6NL76;P63267-2;F6UVQ4;F6QUT6;C9JFL5;F8WB63;B8ZZJ2	ACTC1;ACTA1;ACTA2;ACTG2	P68032	1	member	1:P68032:reviewed_human	0.037572
48	K7EM38	ACTG1	P63261	gene	member_via_gene	1:K7EM38:unreviewed/9606; gene:ACTG1:P63261	0.000048
49	P63261;I3L3I0;I3L1U9;I3L4N8;I3L3R2;J3KT65;C9JUM1	ACTG1	P63261	1	member_duplicate_entry	1:P63261:reviewed_human	0.000000
50	O43707;O43707-2;F5GXS2;O43707-3;H7C144;P12814;H9KV75;P12814-2;P12814-3;P12814-4;K7EJH8;P35609;G3V2W4;H7C5W8;P35609-2;Q08043;H0YJ11;H0YJW3;A0A087WSZ2;G3V2N5;F6THM6;G3V2X9;G3V2E8;K7EP19;G3V5M4	ACTN4	O43707	1	member	1:O43707:reviewed_human	0.000798
51	Q9NZ32;V9GYX7;G3V2Q5;G3V5Y4;F6S9Y6;G3V524;G3V4K6;H0YJE8;H0YJD9	ACTR10	Q9NZ32	1	member	1:Q9NZ32:reviewed_human	0.000051
52	P61163;R4GMT0	ACTR1A	P61163	1	member	1:P61163:reviewed_human	0.004517
53	P42025	ACTR1B	P42025	1	member	1:P42025:reviewed_human	0.000447
54	P61160;P61160-2;F5H6T1	ACTR2	P61160	1	member	1:P61160:reviewed_human	0.001047
55	P61158;B4DXW1;Q9P1U1;F8WDR7;Q9P1U1-2;Q9P1U1-3;Q9C0K3;A0A0A0MTI9;H7C4J1;C9IZN3;Q9C0K3-2	ACTR3	P61158	1	member	1:P61158:reviewed_human	0.000239
56	P07311;G3V2U7;G3V3F8;G3V597;P07311-2	ACYP1	P07311	1	member	1:P07311:reviewed_human	0.002602
57	P00813;F5GXW0;F5GYD4;F5GWI4	ADA	P00813	1	member	1:P00813:reviewed_human	0.000403
58	Q13443;F8WC54;A0AVL1;Q13443-2	ADAM9	Q13443	1	member	1:Q13443:reviewed_human	0.000000
59	P35611;E7EV99	ADD1	P35611	1	member	1:P35611:reviewed_human	0.000000
60	P35611-3;E7ENY0;P35611-5;H0Y9H2;A0A0A0MSR2;D6RF25;D6RAH3;D6RJE2;H0YG19;H0YFD8	ADD1	P35611	1	member_duplicate_entry	1:P35611:reviewed_human	0.054528
61	P35611-4	ADD1	P35611	1	member_duplicate_entry	1:P35611:reviewed_human	0.000000
62	P35611-6	ADD1	P35611	1	member_duplicate_entry	1:P35611:reviewed_human	0.000063
63	P35612;P35612-4;P35612-3;C9JTM0;C9J080;C9J299;P35612-7	ADD2	P35612	1	member	1:P35612:reviewed_human	0.099365
64	P35612-2;P35612-8;P35612-9	ADD2	P35612	1	member_duplicate_entry	1:P35612:reviewed_human	0.000070
65	P35612-5;P35612-6	ADD2	P35612	1	member_duplicate_entry	1:P35612:reviewed_human	0.000000
66	Q9UEY8	ADD3	Q9UEY8	1	member	1:Q9UEY8:reviewed_human	0.076242
67	Q9UEY8-2;A0A087WX08	ADD3	Q9UEY8	1	member_duplicate_entry	1:Q9UEY8:reviewed_human	0.000000
68	P11766;H0YAG8;D6RAY0;D6R9G2;D6RFE4	ADH5	P11766	1	member	1:P11766:reviewed_human	0.001276
69	P55263-4;P55263-2;P55263;P55263-3	ADK	P55263	1	member	1:P55263:reviewed_human	0.004758
70	Q9BRR6;Q9BRR6-2;Q9BRR6-4;H3BRS6;Q9BRR6-5;H3BU35;H3BTH4;H3BN66;Q9BRR6-6	ADPGK	Q9BRR6	1	member	1:Q9BRR6:reviewed_human	0.000286
71	Q9BRR6-3	ADPGK	Q9BRR6	1	member_duplicate_entry	1:Q9BRR6:reviewed_human	0.000000
72	Q9NX46	ADPRHL2	Q9NX46	1	member	1:Q9NX46:reviewed_human	0.001827
73	Q16186;A0A087WX59;A0A087WUX6	ADRM1	Q16186	1	member	1:Q16186:reviewed_human	0.001461
74	A0A096LPA2	ADSL	P30566	gene	member_via_gene	1:A0A096LPA2:unreviewed/9606; gene:ADSL:P30566	0.000017
75	P30566;A0A0A6YY92;P30566-2;A0A096LNY6;A0A096LNY5;A0A096LNY4;B4DEP1;A0A096LP72;A0A096LP92;A0A096LNT4;A0A096LP76;V9GY96;A0A096LNT0	ADSL	P30566	1	member_duplicate_entry	1:P30566:reviewed_human	0.048995
76	P52594;P52594-2;P52594-3;P52594-4;B8ZZY2;C9J2I0	AGFG1	P52594	1	member	1:P52594:reviewed_human	0.000153
77	O95081;A0A0C4DG34;O95081-2	AGFG2	O95081	1	member	1:O95081:reviewed_human	0.000000
78	Q9UKV8;Q9UKV8-2;E5RJY2	AGO2	Q9UKV8	1	member	1:Q9UKV8:reviewed_human	0.013170
79	Q9H9G7;Q9H9G7-2;Q5TA56	AGO3	Q9H9G7	1	member	1:Q9H9G7:reviewed_human	0.000055
80	Q99943	AGPAT1	Q99943	1	member	1:Q99943:reviewed_human	0.001166
81	Q9NRZ7;Q9NRZ7-2;Q9NRZ7-3;C9JL26;C9J184	AGPAT3	Q9NRZ7	1	member	1:Q9NRZ7:reviewed_human	0.000135
82	Q9NRZ5;Q9NRZ5-2;H0Y5R3;Q6AI25;G3XAF1;Q5TEE8	AGPAT4	Q9NRZ5	1	member	1:Q9NRZ5:reviewed_human	0.000000
83	Q6RW13;Q6RW13-2;D6RB40;D6RBK6;X6R9H3;Q6RW13-4;Q6RW13-3;Q6RW13-5	AGTRAP	Q6RW13	1	member	1:Q6RW13:reviewed_human	0.000000
84	P23526;P23526-2	AHCY	P23526	1	member	1:P23526:reviewed_human	0.080374
85	O95433;H0YJG7;O95433-2;G3V3W9;G3V438;H0YJ63;H0YJU2	AHSA1	O95433	1	member	1:O95433:reviewed_human	0.000502
86	P02765;C9JV77	AHSG	P02765	1	member	1:P02765:reviewed_human	0.000000
87	Q9NZD4;H3BSK6	AHSP	Q9NZD4	1	member	1:Q9NZD4:reviewed_human	0.108869
88	Q96BJ3;Q96BJ3-3;Q96BJ3-2	AIDA	Q96BJ3	1	member	1:Q96BJ3:reviewed_human	0.000311
89	Q13155;A8MU58;F8W950	AIMP2	Q13155	1	member	1:Q13155:reviewed_human	0.000015
90	P00568;Q5T9B7;H0Y4J6;H0YID2;Q9Y6K8;Q9Y6K8-2;Q9Y6K8-3	AK1	P00568	1	member	1:P00568:reviewed_human	0.166160
91	Q9P0M2;F5GXD1;O43687;J3KN37;O43687-2	AKAP7	Q9P0M2	1	member	1:Q9P0M2:reviewed_human	0.000000
92	P14550;V9GYG2;V9GYP9;Q5T621	AKR1A1	P14550	1	member	1:P14550:reviewed_human	0.006403
93	P15121;E9PCX2;E9PEF9	AKR1B1	P15121	1	member	1:P15121:reviewed_human	0.000302
94	P42330;S4R3Z2;A0A0A0MSS8;Q04828;S4R3D5;A0A0A0MT30;P52895;A6NHU4;H0Y804;B4DK69;A0A0A0MSD5;P42330-2	AKR1C3;AKR1C1	P42330	1	member	1:P42330:reviewed_human	0.000501
95	O43488;H3BLU7;H7C5H7;Q8NHP1;O95154;H7C4Q7	AKR7A2	O43488	1	member	1:O43488:reviewed_human	0.010276
96	Q96B36;Q96B36-3;H9KV91;M0R2V8;Q96B36-2	AKT1S1	Q96B36	1	member	1:Q96B36:reviewed_human	0.000019
97	B7ZBK6;B7ZBK7	ALAD	P13716	gene	member_via_gene	1:B7ZBK6:unreviewed/9606; 2:B7ZBK7:unreviewed/9606; gene:ALAD:P13716	0.000000
98	P13716	ALAD	P13716	1	member_duplicate_entry	1:P13716:reviewed_human	0.270522
99	P13716-2	ALAD	P13716	1	member_duplicate_entry	1:P13716:reviewed_human	0.000000
100	P02768;CON__P02768-1;A0A0C4DGB6;B7WNR0;H0YA55;D6RHD5;C9JKR2;P02768-3;P02768-2;A0A087WWT3;H7C013	ALB	P02768	1	named_contaminant	1:P02768:reviewed_human	0.015586
101	Q8IZ83;Q8IZ83-3;F5H4B6;Q8IZ83-2;M0QY06	ALDH16A1	Q8IZ83	1	member	1:Q8IZ83:reviewed_human	0.047879
102	P00352;Q5SYQ9;Q5SYQ8;P05091;P47895;O94788;P30837;F8VP50;H0Y2X5;H0YMG7;O94788-4;P05091-2;O94788-2;O94788-3	ALDH1A1	P00352	1	member	1:P00352:reviewed_human	0.139745
103	Q5SYQ7	ALDH1A1	P00352	gene	member_duplicate_entry	1:Q5SYQ7:unreviewed/9606; gene:ALDH1A1:P00352	0.000000
104	Q3SY69;Q3SY69-3;Q3SY69-2	ALDH1L2	Q3SY69	1	member	1:Q3SY69:reviewed_human	0.000000
105	P43353;P43353-2;A0A087X2D4;Q9BUJ8;A0A087WUF8;A0A087X192;P48448;A0A087WTE0;A0A087WU54;P30838;P51648;P51648-2;J3QS00;E9PJV0;I3L1M4;C9JKT2;REV__A0A087WTE9;C9JMC5;I3L3I9;A8MYB8;J3QRD1;E9PNN6	ALDH3B1	P43353	1	member	1:P43353:reviewed_human	0.000189
106	P49189;P49189-2	ALDH9A1	P49189	1	member	1:P49189:reviewed_human	0.012115
107	P04075;J3KPS3;P04075-2;H3BQN4;H3BPS8;H3BUH7;H3BU78;H3BR04;H3BMQ8;H3BR68	ALDOA	P04075	1	member	1:P04075:reviewed_human	0.294026
108	P05062;A0A087WXX2	ALDOB	P05062	1	member	1:P05062:reviewed_human	0.000000
109	P09972;A8MVZ9;J3KSV6;J3QKP5;C9J8F3;K7EKH5;J3QKK1	ALDOC	P09972	1	member	1:P09972:reviewed_human	0.012036
110	Q92685;H7C0X4;F8WF93;H7BZZ2;F8WE30;C9J7S5;Q92685-2	ALG3	Q92685	1	member	1:Q92685:reviewed_human	0.000015
111	Q9Y673;Q9Y673-2	ALG5	Q9Y673	1	member	1:Q9Y673:reviewed_human	0.000108
112	Q9H6U8;H0YCW6;A0A087WZ62;Q9H6U8-2;Q9H6U8-4;Q9H6U8-3	ALG9	Q9H6U8	1	member	1:Q9H6U8:reviewed_human	0.000014
113	Q86V81;E9PB61	ALYREF	Q86V81	1	member	1:Q86V81:reviewed_human	0.000015
114	P02760;S4R471;S4R3Y4	AMBP	P02760	1	member	1:P02760:reviewed_human	0.000062
115	Q01433;Q01433-2;H0Y360;Q01433-3;Q01433-5;Q01433-4;H0YF16	AMPD2	Q01433	1	member	1:Q01433:reviewed_human	0.000084
116	Q01432-5;Q01432;Q01432-4;Q01432-6;E9PKC5;Q01432-3;E9PLK6;E9PIR5;Q01432-2;E9PPG2;P23109;H0YDC3;P23109-2;H0YDY8	AMPD3	Q01432	1	member	1:Q01432:reviewed_human	0.004902
117	Q9H1A4;H0Y564	ANAPC1	Q9H1A4	1	member	1:Q9H1A4:reviewed_human	0.000000
118	Q9UJX5;Q9UJX5-2;Q9UJX5-3	ANAPC4	Q9UJX5	1	member	1:Q9UJX5:reviewed_human	0.000115
119	Q9UJX4;F5H0F9;F5H3S5	ANAPC5	Q9UJX4	1	member	1:Q9UJX4:reviewed_human	0.000000
120	P16157;P16157-2;H0YAY8;P16157-23;A0A087X0B4;C9JN86;D6RHY3;Q96HA7;A0A087X1F6;H0Y931;P16157-19;Q96HA7-2	ANK1	P16157	1	member	1:P16157:reviewed_human	0.001017
121	P16157-10	ANK1	P16157	1	member_duplicate_entry	1:P16157:reviewed_human	0.000000
122	P16157-12;P16157-14;P16157-16	ANK1	P16157	1	member_duplicate_entry	1:P16157:reviewed_human	1.309048
123	P16157-13;P16157-15;P16157-18;P16157-20	ANK1	P16157	1	member_duplicate_entry	1:P16157:reviewed_human	0.000032
124	P16157-21	ANK1	P16157	1	member_duplicate_entry	1:P16157:reviewed_human	0.000004
125	P16157-3;P16157-17	ANK1	P16157	1	member_duplicate_entry	1:P16157:reviewed_human	0.000013
126	P16157-5;Q6PK32	ANK1	P16157	1	member_duplicate_entry	1:P16157:reviewed_human	0.001788
127	P16157-8	ANK1	P16157	1	member_duplicate_entry	1:P16157:reviewed_human	0.000046
128	D6RHC5	ANK2	Q01484	gene	member_via_gene	1:D6RHC5:?/?; gene:ANK2:Q01484	0.000000
129	Q01484;I6L894;Q01484-2;B7Z651;D6RHE1;E9PHW9;Q01484-5;E9PCH6	ANK2	Q01484	1	member_duplicate_entry	1:Q01484:reviewed_human	0.000286
130	Q12955;Q12955-4;Q12955-5;Q12955-7;A0A087WTF3;A0A087WUY3;A0A087WZ65;Q12955-6;H0YA66;A0A087WTE8;A0A087WVC2;H0Y3A4	ANK3	Q12955	1	member	1:Q12955:reviewed_human	0.000909
131	I3L1Z9	ANKFY1	Q9P2R3	gene	member_via_gene	1:I3L1Z9:unreviewed/9606; gene:ANKFY1:Q9P2R3	0.000000
132	Q9P2R3;Q9P2R3-4;Q9P2R3-2;I3L3P8;K7EPT2	ANKFY1	Q9P2R3	1	member_duplicate_entry	1:Q9P2R3:reviewed_human	0.006519
133	Q9HCJ1;Q9HCJ1-2	ANKH	Q9HCJ1	1	member	1:Q9HCJ1:reviewed_human	0.000150
134	A0A0A0MQZ8	ANKHD1	Q8IWZ3	gene	member_via_gene	1:A0A0A0MQZ8:?/?; gene:ANKHD1:Q8IWZ3	0.000000
135	Q8IZ07;S4R3D2;H0YIN8	ANKRD13A	Q8IZ07	1	member	1:Q8IZ07:reviewed_human	0.000064
136	Q8NF67	ANKRD20A12P	Q8NF67	1	member	1:Q8NF67:reviewed_human	0.000138
137	O15084;O15084-1;O15084-4;O15084-2;B4DIW9;Q8N8A2;Q8N8A2-5;Q8N8A2-3;Q8N8A2-4;Q8N8A2-2;H7C4A0;H7C209;C9JY51	ANKRD28	O15084	1	member	1:O15084:reviewed_human	0.003454
138	A6NCL7	ANKRD33B	A6NCL7	1	member	1:A6NCL7:reviewed_human	0.000000
139	E9PP91;F8W6I9;E9PIL2	ANKRD42	Q8N9B4	gene	member_via_gene	1:E9PP91:unreviewed/9606; 2:F8W6I9:unreviewed/9606; 3:E9PIL2:unreviewed/9606; gene:ANKRD42:Q8N9B4	0.000000
140	Q6NXT1;D3YTC9;F8WB76;B5MCX7;C9JU48;C9JX82;H7C3L3;Q6NXT1-2	ANKRD54	Q6NXT1	1	member	1:Q6NXT1:reviewed_human	0.000081
141	Q9NW15;Q9NW15-2;Q9NW15-4;Q9NW15-3;C9IZD0;C9JA49;C9IYD3;C9JQC9;C9JPY2;H7C3N6;C9J670;Q9NW15-5;C9JJS5;C9JH90	ANO10	Q9NW15	1	member	1:Q9NW15:reviewed_human	0.000050
142	Q4KMQ2;Q4KMQ2-3;Q4KMQ2-4;Q4KMQ2-2	ANO6	Q4KMQ2	1	member	1:Q4KMQ2:reviewed_human	0.000088
143	P39687;H0YN26;H7BZ09;O43423;O95626	ANP32A	P39687	1	member	1:P39687:reviewed_human	0.002760
144	Q92688;Q92688-2	ANP32B	Q92688	1	member	1:Q92688:reviewed_human	0.000297
145	P04083	ANXA1	P04083	1	member	1:P04083:reviewed_human	0.000000
146	P07355;H0YKS4;H0YMD0;H0YMU9;H0YN42;H0YMM1;P07355-2;A6NMY6;H0YKZ7;H0YLV6;H0YMT9;H0YKX9;H0YKL9;H0YMW4;H0YM50;H0YNP5;H0YKV8;H0YMD9;H0YNB8;H0YKN4;H0YN52;H0YNA0;H0YN28;H0YL33;H0YLE2	ANXA2;ANXA2P2	P07355	1	member	1:P07355:reviewed_human	0.009419
147	P09525;Q6P452;P09525-2	ANXA4	P09525	1	member	1:P09525:reviewed_human	0.001015
148	P08758;E9PHT9;D6RBE9;D6RCN3;D6RBL5	ANXA5	P08758	1	member	1:P08758:reviewed_human	0.002361
149	P20073;P20073-2	ANXA7	P20073	1	member	1:P20073:reviewed_human	0.026062
150	Q10567;Q10567-2;C9J1E7;H7C034	AP1B1	Q10567	1	member	1:Q10567:reviewed_human	0.001641
151	Q10567-3;Q10567-4	AP1B1	Q10567	1	member_duplicate_entry	1:Q10567:reviewed_human	0.000144
152	O43747;O43747-2;H3BNR4;H3BN75;H3BNN2;H3BS13;H3BV30;H3BRM7;H3BN71;B4DGE1;H3BR36;H3BUN9;B3KNW1	AP1G1	O43747	1	member	1:O43747:reviewed_human	0.000060
153	Q9BXS5;Q9BXS5-2;K7EJL1;E7ENJ6;K7EPJ8;K7EQX3;Q9Y6Q5;Q9Y6Q5-2;K7ER75;A0A087WZX7;K7ENA7;K7EQ90;K7EPR4;K7EJJ1;K7EMG5;K7EK69;K7ERH5;K7EL08	AP1M1	Q9BXS5	1	member	1:Q9BXS5:reviewed_human	0.001327
154	P61966;H7C1E4;P61966-2	AP1S1	P61966	1	member	1:P61966:reviewed_human	0.000000
155	O95782-2;O95782;M0R2D9	AP2A1	O95782	1	member	1:O95782:reviewed_human	0.011072
156	E9PQP4	AP2A2	O94973	gene	member_via_gene	1:E9PQP4:unreviewed/9606; gene:AP2A2:O94973	0.000000
157	O94973;A0A0G2JS82;E9PR62;A0A0G2JRF9;A0A0G2JQA4;A0A0G2JRS3;E9PNC4	AP2A2	O94973	1	member_duplicate_entry	1:O94973:reviewed_human	0.001404
158	O94973-2;O94973-3;A0A0G2JQM1;A0A0G2JQT9;H0YEG0;A0A0G2JS17;H0YDE9;E9PPY8;E9PPZ3;E9PS94	AP2A2	O94973	1	member_duplicate_entry	1:O94973:reviewed_human	0.000000
159	P63010;P63010-2;A0A087X253;A0A087WU93;A0A087WZQ6;A0A087WYD1;K7ERB2;K7EJ01;K7EN71;K7EJX1;A0A087WXS3;K7EKZ5;K7EMN7	AP2B1	P63010	1	member	1:P63010:reviewed_human	0.009395
160	P63010-3	AP2B1	P63010	1	member_duplicate_entry	1:P63010:reviewed_human	0.000000
161	C9JGT8	AP2M1	Q96CW1	gene	member_via_gene	1:C9JGT8:unreviewed/9606; gene:AP2M1:Q96CW1	0.000007
162	Q96CW1;A0A087WY71;E9PFW3;C9JJ47;C9JTK4;C9JJD3;C9JPV8;H7C4C3	AP2M1	Q96CW1	1	member_duplicate_entry	1:Q96CW1:reviewed_human	0.000000
163	Q96CW1-2	AP2M1	Q96CW1	1	member_duplicate_entry	1:Q96CW1:reviewed_human	0.005750
164	P53680;M0R0N4;M0QYZ2;M0QZ21;X6R390;P53680-2;M0R1S0	AP2S1	P53680	1	member	1:P53680:reviewed_human	0.000797
165	O00203;O00203-3;Q13367;Q13367-4;H0YBD0	AP3B1	O00203	1	member	1:O00203:reviewed_human	0.000000
166	F5GWU4	AP3B2	Q13367	gene	member_via_gene	1:F5GWU4:unreviewed/9606; gene:AP3B2:Q13367	0.000000
167	P13798;C9JIF9;H7C393;H7C1U0;C9JLK2;F8WEH5;H0YFE5	APEH	P13798	1	member	1:P13798:reviewed_human	0.167863
168	Q96BI3;Q96BI3-2;Q5TB21;Q96BI3-3	APH1A	Q96BI3	1	member	1:Q96BI3:reviewed_human	0.000005
169	Q96GX9;S4R3D6;Q96GX9-3	APIP	Q96GX9	1	member	1:Q96GX9:reviewed_human	0.000000
170	Q9HDC9;H0Y512;Q9HDC9-2	APMAP	Q9HDC9	1	member	1:Q9HDC9:reviewed_human	0.008866
171	P02647;F8W696;CON__P15497	APOA1	P02647	1	member	1:P02647:reviewed_human	0.000396
172	Q8NCW5;Q8NCW5-2;Q5T3I4;Q5T3I3	APOA1BP	Q8NCW5	1	member	1:Q8NCW5:reviewed_human	0.000835
173	P04114;A0A087WTM7;A8MUN2	APOB	P04114	1	member	1:P04114:reviewed_human	0.003586
174	Q9UH17;P31941;B0QYD3;P31941-2;Q9UH17-3	APOBEC3B;APOBEC3A	Q9UH17	1	member	1:Q9UH17:reviewed_human	0.000261
175	P02649;H0Y7L5;E9PEV4;E7ERP7	APOE	P02649	1	member	1:P02649:reviewed_human	0.000000
176	P02749	APOH	P02749	1	member	1:P02749:reviewed_human	0.000110
177	O95236;O95236-2;O95236-3	APOL3	O95236	1	member	1:O95236:reviewed_human	0.000208
178	P07741;H3BQZ9;P07741-2;H3BQF1;H3BQB1;H3BSW3	APRT	P07741	1	member	1:P07741:reviewed_human	0.022148
179	P29972;K7N7A8;P29972-4;P29972-2;P29972-3	AQP1	P29972	1	member	1:P29972:reviewed_human	0.005397
180	Q92482;Q92482-2	AQP3	Q92482	1	member	1:Q92482:reviewed_human	0.000250
181	P10398;Q96II5;P15056;H7C560;P10398-2	ARAF	P10398	1	member	1:P10398:reviewed_human	0.000000
182	P48444;B0YIW6;P48444-2;Q6P1Q5;E9PK34	ARCN1	P48444	1	member	1:P48444:reviewed_human	0.000286
183	P84077;P61204;F5H423;P61204-2;F5H0C7;P18085;C9JPM4;H0YGG7;F5H1V1;F5H6T5;C9JAK5;F8WDB3	ARF1;ARF3	P84077	1	member	1:P84077:reviewed_human	0.030165
184	P84085;C9J1Z8	ARF5	P84085	1	member	1:P84085:reviewed_human	0.000387
185	P62330	ARF6	P62330	1	member	1:P62330:reviewed_human	0.000070
186	Q9Y6D6;Q9Y6D5;E5RIF2;E5RJB2;E5RHL7;Q99418;Q15438;Q9UIA0;O43739;K7EKA2;E5RJN9;K7ERV8;M0R2J0;F8W8E2;K7ENQ8;G5E9B7;A0A0D9SFG6;Q15438-3;Q15438-2;Q99418-2;O43739-2	ARFGEF1;ARFGEF2	Q9Y6D6	1	member	1:Q9Y6D6:reviewed_human	0.000000
187	P05089;P05089-2;P05089-3	ARG1	P05089	1	member	1:P05089:reviewed_human	0.010847
188	Q07960;H0YE29;E9PNR6	ARHGAP1	Q07960	1	member	1:Q07960:reviewed_human	0.003354
189	Q68EM7;Q68EM7-6;Q68EM7-5;Q68EM7-2;Q68EM7-4;C9IZD3;I3L4P6;I3L4P0;I3L1S9;Q68EM7-3;Q68EM7-7	ARHGAP17	Q68EM7	1	member	1:Q68EM7:reviewed_human	0.000019
190	Q9P227;A0A087WXU2;Q9P227-2	ARHGAP23	Q9P227	1	member	1:Q9P227:reviewed_human	0.000000
191	P98171;E9PCM6;E7EQN5;P98171-2;H7C2Z8;A0A0B4J1X7;C9JLA8;C9J5M2;F8WAR0;S4R352;S4R314	ARHGAP4	P98171	1	member	1:P98171:reviewed_human	0.000000
192	P52565;J3QQX2;J3KTF8;J3KRE2;P52565-2;J3KRY1;J3KS60	ARHGDIA	P52565	1	member	1:P52565:reviewed_human	0.013082
193	P52566;H0YGX7;F5H3P3;F5H2R5;F5H6Q0	ARHGDIB	P52566	1	member	1:P52566:reviewed_human	0.008637
194	Q5VV41	ARHGEF16	Q5VV41	1	member	1:Q5VV41:reviewed_human	0.000000
195	A5YM69	ARHGEF35	A5YM69	1	member	1:A5YM69:reviewed_human	0.000000
196	A1IGU5	ARHGEF37	A1IGU5	1	member	1:A1IGU5:reviewed_human	0.000094
197	Q14155-1;B1ALK7;Q14155-5;Q14155;E9PDQ5;Q14155-6;Q14155-2;Q14155-3;Q15052;E7EUY6;Q15052-2	ARHGEF7	Q14155	1	member	1:Q14155:reviewed_human	0.000001
198	Q9Y4X5;H3BSK4;H3BNB9	ARIH1	Q9Y4X5	1	member	1:Q9Y4X5:reviewed_human	0.014798
199	O95376;C9JZ71;C9JCL4;F8WCS4;C9JBC5	ARIH2	O95376	1	member	1:O95376:reviewed_human	0.000364
200	A0A087WUW9;Q9NXU5;A0A0B4J222;R4GN67	ARL15	Q9NXU5	2	member_via_later_token	1:A0A087WUW9:?/?; 2:Q9NXU5:reviewed_human	0.013028
201	H3BN98;Q15041;H3BPJ2;Q15041-3;H3BTX6;H3BS91;Q15041-2	ARL6IP1	Q15041	2	member_via_later_token	1:H3BN98:unreviewed/9606; 2:Q15041:reviewed_human	0.000082
202	O75915;F8WF90;C9JQU6;F8WF33	ARL6IP5	O75915	1	member	1:O75915:reviewed_human	0.003986
203	Q96BM9;Q9NVJ2;A0A087X2J2;Q9NVJ2-2	ARL8A;ARL8B	Q96BM9	1	member	1:Q96BM9:reviewed_human	0.000000
204	Q8IUR7;Q8IUR7-7;Q8IUR7-2;B7Z637;Q8IUR7-8;Q8IUR7-3;Q8IUR7-6;G5E9V6;G5E9V7;C9JBY2;C9J2I1;C9JAA7;H7C4J4;C9J8P8;H7C5B7;C9J625;H7C5H2	ARMC8	Q8IUR7	1	member	1:Q8IUR7:reviewed_human	0.008216
205	F8W8Y7;Q5H9R4-2;Q5H9R4	ARMCX4	Q5H9R4	2	member_via_later_token	1:F8W8Y7:?/?; 2:Q5H9R4:reviewed_human	0.000000
206	Q9H993;F5GZY1	ARMT1	Q9H993	1	member	1:Q9H993:reviewed_human	0.000046
207	Q92747;E9PF58;Q92747-2;F8WFD3	ARPC1A	Q92747	1	member	1:Q92747:reviewed_human	0.000414
208	O15143	ARPC1B	O15143	1	member	1:O15143:reviewed_human	0.000000
209	O15144;H7C3F9;C9JTV5;G5E9J0;G5E9S7	ARPC2	O15144	1	member	1:O15144:reviewed_human	0.000142
210	O15145;F8VR50;C9JZD1	ARPC3	O15145	1	member	1:O15145:reviewed_human	0.000589
211	P59998;F8WCF6;P59998-3;H7C0A3;F8WDD7;A0A0A6YYG9;P59998-2;R4GN08;P59998-4;F8WE39;F8WDW3	ARPC4;ARPC4-TTLL3	P59998	1	member	1:P59998:reviewed_human	0.000250
212	O15511;B1ALC0;O15511-2	ARPC5	O15511	1	member	1:O15511:reviewed_human	0.000207
213	P49407;P49407-2;E9PM35;H0YET9	ARRB1	P49407	1	member	1:P49407:reviewed_human	0.000139
214	P32121;P32121-3;P32121-4;P32121-5;P32121-2;Q68DZ5;K7ENA6;K7EL17;I3L412;I3L0V6	ARRB2;DKFZp686L0365	P32121	1	member	1:P32121:reviewed_human	0.000000
215	Q8NCT1	ARRDC4	Q8NCT1	1	member	1:Q8NCT1:reviewed_human	0.000007
216	Q93070;H7C2G2;O75899;Q3KZ30	ART4	Q93070	1	member	1:Q93070:reviewed_human	0.000125
217	Q9ULH1;A0A0A0MRE5;Q9ULH1-2;H0YBF7;H0YBM4;O43150;O43150-2;E5RHD7;E5RFD9;Q8TDY4;Q8TDY4-3	ASAP1	Q9ULH1	1	member	1:Q9ULH1:reviewed_human	0.003180
218	P04424;P04424-2;P04424-3;F8W943;H7C0S8	ASL	P04424	1	member	1:P04424:reviewed_human	0.003921
219	O95671;O95671-2;O95671-3	ASMTL	O95671	1	member	1:O95671:reviewed_human	0.000004
220	O43681;A0A087WXS7;K7ERW9	ASNA1	O43681	1	member	1:O43681:reviewed_human	0.011016
221	A6ND91	ASPDH	A6ND91	1	member	1:A6ND91:reviewed_human	0.000211
222	Q9BZE9;Q9BZE9-2;Q9BZE9-3;Q9BZE9-4;J3QL04;J3QR12;J3KRY8;J3QRW3;J3KRG1;J3QR50;J3KRF7;C9JAL9	ASPSCR1	Q9BZE9	1	member	1:Q9BZE9:reviewed_human	0.001683
223	C9J1G9	ATAD2B	Q9ULI0	gene	member_via_gene	1:C9J1G9:unreviewed/9606; gene:ATAD2B:Q9ULI0	0.000000
224	B4E107;F5GXE4;O95260-2;O95260;B4DK25;H0Y5C2	ATE1	O95260	3	member_via_later_token	1:B4E107:unreviewed/9606; 2:F5GXE4:unreviewed/9606; 3:O95260:reviewed_human	0.000020
225	Q2TAZ0;Q2TAZ0-3;H7C3T2;Q2TAZ0-4;Q96BY7	ATG2A	Q2TAZ0	1	member	1:Q2TAZ0:reviewed_human	0.000699
226	Q9NT62;Q9NT62-2;F8WDI0	ATG3	Q9NT62	1	member	1:Q9NT62:reviewed_human	0.002261
227	Q8WYN0;G5E979;A0A0A0MT61;H7BYM2;Q8WYN0-3;Q8WYN0-5;Q8WYN0-2	ATG4A	Q8WYN0	1	member	1:Q8WYN0:reviewed_human	0.001606
228	Q9Y4P1;H7C2A6;C9JIK8;Q9Y4P1-3;Q9Y4P1-4;Q9Y4P1-6;Q9Y4P1-2	ATG4B	Q9Y4P1	1	member	1:Q9Y4P1:reviewed_human	0.000000
229	O95352;O95352-2;O95352-3;C9JFF4;C9J415;H7C2R3;H7BZ92;H7C059;C9JE55;H7C2J8;C9JNU2;C9JKA3;C9JGL2;F8WDY9;H7C369	ATG7	O95352	1	member	1:O95352:reviewed_human	0.005392
230	Q7Z3C6;Q7Z3C6-2;H7C1G6;H7C152;Q7Z3C6-3	ATG9A	Q7Z3C6	1	member	1:Q7Z3C6:reviewed_human	0.000289
231	P31939;P31939-2;H7C1S2;C9JLK0;F8WEF0	ATIC	P31939	1	member	1:P31939:reviewed_human	0.059936
232	Q8NHH9;Q8NHH9-5;Q8NHH9-4;Q8NHH9-2;Q8NHH9-3;B5MCN0;C9JQQ5;H7C3A2;C9JC25	ATL2	Q8NHH9	1	member	1:Q8NHH9:reviewed_human	0.000009
233	Q6DD88;F5H6I7;F5GWF8;G3V334	ATL3	Q6DD88	1	member	1:Q6DD88:reviewed_human	0.001221
234	Q9P241;Q9P241-2	ATP10D	Q9P241	1	member	1:Q9P241:reviewed_human	0.000000
235	P98196;E9PEJ6;H0Y547;H0Y8F0;A0A087WVE8;H0Y624;A2A3G9	ATP11A	P98196	1	member	1:P98196:reviewed_human	0.000522
236	Q9Y2G3;H7C4W6;A0A0C4DG94;H0Y854;H0Y8C7;H7C4E6;H7C575	ATP11B	Q9Y2G3	1	member	1:Q9Y2G3:reviewed_human	0.000137
237	Q8NB49-3;Q8NB49;Q8NB49-2;Q8NB49-4;A0A067XG54;H7C0E8	ATP11C	Q8NB49	1	member	1:Q8NB49:reviewed_human	0.002636
238	P54707-2;P54707;REV__Q15772-1;REV__Q15772	ATP12A	P54707	1	member	1:P54707:reviewed_human	0.006676
239	P05023;P05023-4;P05023-3;P05023-2;P13637;M0R116;A0A0A0MT26;P13637-2;P13637-3;P50993;B1AKY9;H0Y7C1;Q5TC01;Q5TC02;Q5TC05;E9PRA5;P20648;M0QXF2	ATP1A1	P05023	1	member	1:P05023:reviewed_human	0.005994
240	Q13733	ATP1A4	Q13733	1	member	1:Q13733:reviewed_human	0.000019
241	P05026;P05026-2;V9GYR2	ATP1B1	P05026	1	member	1:P05026:reviewed_human	0.002361
242	P14415;I3L3J8;I3L1V9	ATP1B2	P14415	1	member	1:P14415:reviewed_human	0.000034
243	P54709;C9JA36;P54709-2;C9JXZ1;H7C547;F8WBY4;H7C4L9;C9J6S2	ATP1B3	P54709	1	member	1:P54709:reviewed_human	0.000027
244	O14983;O14983-2;O14983-3;H3BUT9	ATP2A1	O14983	1	member	1:O14983:reviewed_human	0.001367
245	P16615;P16615-5;P16615-2;P16615-3;P16615-4;H7C5W9;A0A0C4DH86;J3QSY6;H3BVB2	ATP2A2	P16615	1	member	1:P16615:reviewed_human	0.000716
246	Q93084;Q93084-2;Q93084-4;Q93084-3;Q93084-7;Q93084-6;Q93084-5	ATP2A3	Q93084	1	member	1:Q93084:reviewed_human	0.000000
247	P20020;P20020-6;P20020-3;P20020-4;P20020-5;P20020-2;E7ERY9;H0YHH6;F8W1V5	ATP2B1	P20020	1	member	1:P20020:reviewed_human	0.006028
248	Q16720;Q16720-4;Q16720-2;Q16720-8;Q16720-7;Q16720-6;Q16720-3;Q16720-5	ATP2B3	Q16720	1	member	1:Q16720:reviewed_human	0.000001
249	H7BY13	ATP2B4	P23634	gene	member_via_gene	1:H7BY13:unreviewed/9606; gene:ATP2B4:P23634	0.000000
250	P23634;P23634-8;P23634-6;P23634-7	ATP2B4	P23634	1	member_duplicate_entry	1:P23634:reviewed_human	0.029298
251	P23634-2;P23634-4;P23634-5;P23634-3;H0YDG5;H7BZS8	ATP2B4	P23634	1	member_duplicate_entry	1:P23634:reviewed_human	0.000000
252	P25705;P25705-2;P25705-3;K7EK77;K7ENJ4;K7ERX7;K7EJP1;K7EQH4;K7EKV9;K7EM08;K7ESA0;A0A0A0MTS3	ATP5A1	P25705	1	member	1:P25705:reviewed_human	0.000005
253	P06576;H0YH81;F8W079;F8W0P7;H0YI37	ATP5B	P06576	1	member	1:P06576:reviewed_human	0.000243
254	P24539;Q5QNZ2	ATP5F1	P24539	1	member	1:P24539:reviewed_human	0.001976
255	O75964;E9PN17	ATP5L	O75964	1	member	1:O75964:reviewed_human	0.000003
256	P48047;H7C068	ATP5O	P48047	1	member	1:P48047:reviewed_human	0.000000
257	Q15904;A0A0C4DGX8;F2Z3L8;A6QRJ1;A6NLC6	ATP6AP1	Q15904	1	member	1:Q15904:reviewed_human	0.000178
258	Q93050-3;Q93050;Q93050-1;B7Z641;B7Z2A9;K7EPG4;K7EM24;F5H1T6;K7ELZ6;K7EN36;K7EQW2;K7ERA0;K7ERA6;Q9Y487	ATP6V0A1	Q93050	1	member	1:Q93050:reviewed_human	0.001155
259	H3BNI4	ATP6V0C	P27449	gene	member_via_gene	1:H3BNI4:unreviewed/9606; gene:ATP6V0C:P27449	0.000000
260	P27449	ATP6V0C	P27449	1	member_duplicate_entry	1:P27449:reviewed_human	0.000117
261	P61421;F5GYQ1;R4GN72;J3QL14;H3BQB4;H3BSG7;H3BQJ1;H3BUQ0;H3BTB5;Q8N8Y2	ATP6V0D1	P61421	1	member	1:P61421:reviewed_human	0.000251
262	P38606;P38606-2;C9JVW8;C9JA17;F8WDJ3	ATP6V1A	P38606	1	member	1:P38606:reviewed_human	0.022393
263	P21281;H0YC04;P15313;C9JL73;E5RGH6;C9J5E3;C9JNS9;H0YAT8;H0YC45;C9JZ02	ATP6V1B2	P21281	1	member	1:P21281:reviewed_human	0.006194
264	Q9Y5K8;G3V2S6;H0YJH8;G3V2V6;G3V559;H0YJS0;G3V3T8;G3V5S7;G3V341;H0YJ55	ATP6V1D	Q9Y5K8	1	member	1:Q9Y5K8:reviewed_human	0.000987
265	P36543;P36543-2;P36543-3;C9J8H1;Q96A05	ATP6V1E1	P36543	1	member	1:P36543:reviewed_human	0.001387
266	Q16864;Q16864-2	ATP6V1F	Q16864	1	member	1:Q16864:reviewed_human	0.001153
267	O75348;O95670;F2Z307;O95670-2	ATP6V1G1	O75348	1	member	1:O75348:reviewed_human	0.001852
268	Q9UI12;Q9UI12-2;G3V126;E5RG49;E5RHH0;E5RJG1;A0A0D9SG68;H0YB41;E5RK31	ATP6V1H	Q9UI12	1	member	1:Q9UI12:reviewed_human	0.006826
269	Q04656;Q04656-5;Q04656-2;Q04656-3;Q04656-4	ATP7A	Q04656	1	member	1:Q04656:reviewed_human	0.001681
270	P35670;E7ET55;F5H748;P35670-4;P35670-3;P35670-2;F5H562	ATP7B	P35670	1	member	1:P35670:reviewed_human	0.000096
271	H0YLC1	ATP8B4	Q8TF62	gene	member_via_gene	1:H0YLC1:unreviewed/9606; gene:ATP8B4:Q8TF62	0.000000
272	Q13535;Q13535-2;Q13535-3	ATR	Q13535	1	member	1:Q13535:reviewed_human	0.000425
273	P46100;A0A087WWG0;A0A096LNW1;A0A096LNL9;P46100-6;P46100-4	ATRX	P46100	1	member	1:P46100:reviewed_human	0.010760
274	P54252;P54252-2;A0A087WXY4;D3VVH9;A0A087X1A8;G3V3R7;F5H211;P54252-4;G3V526;E9PJN5;G3V328;G3V4U9;C9JQV6;A0A0A0MS38;P54252-3;S4R399;G3V2G1;G3V3T6;G3V4F5;G3V2G2;G3V4F4;G3V5H3;P54252-5;G3V3A6;D3VVP3;G3V3T0;D6R9I5;G3V4B1;G3V390;G3V3S5	ATXN3	P54252	1	member	1:P54252:reviewed_human	0.000511
275	Q9Y679;Q9Y679-2;Q9Y679-3	AUP1	Q9Y679	1	member	1:Q9Y679:reviewed_human	0.000143
276	Q9NQS1	AVEN	Q9NQS1	1	member	1:Q9NQS1:reviewed_human	0.000026
277	P61769;H0YL18;H0YLF3;F5H6I0	B2M	P61769	1	member	1:P61769:reviewed_human	0.000035
278	O94766;E9PNA1;G3V150;O94766-2	B3GAT3	O94766	1	member	1:O94766:reviewed_human	0.000000
279	O43505	B4GAT1	O43505	1	member	1:O43505:reviewed_human	0.000000
280	Q9NWV8;J3KQS6;M0R0I0;Q9NWV8-3;M0QXG9;M0R2K3;M0R193;M0R2I2;Q9NWV8-2;M0R3F4;M0R2A4;M0QY17;M0QYV1	BABAM1	Q9NWV8	1	member	1:Q9NWV8:reviewed_human	0.000223
281	Q99933;J3QTA2;Q99933-4;Q99933-3;Q99933-2;C9JYK5;F1LLU6	BAG1	Q99933	1	member	1:Q99933:reviewed_human	0.000713
282	O95816;O95816-2	BAG2	O95816	1	member	1:O95816:reviewed_human	0.000461
283	Q9UL15;Q9UL15-2;G3V274	BAG5	Q9UL15	1	member	1:Q9UL15:reviewed_human	0.000334
284	P46379;A0A024RCR6;A0A0G2JK23;P46379-2;P46379-3;A0A0G2JL47;P46379-5;P46379-4;F6S6P2;X6REW1;A0A0G2JJM1;H0Y710;F6VEM6;F6X9W3;F6U341;F6UR09;A0A0G2JJR8;F6WML8;H0Y4L1;F6U1F2;F6XTU0;F6TC96;H0Y7K4;H0Y759;A0A0G2JJ92	BAG6;BAT3	P46379	1	member	1:P46379:reviewed_human	0.003164
285	O75531;E9PJJ8	BANF1	O75531	1	member	1:O75531:reviewed_human	0.000116
286	P80723;P80723-2	BASP1	P80723	1	member	1:P80723:reviewed_human	0.000000
287	Q07812;K4JQN1;Q07812-5;Q07812-7;Q07812-8;Q07812-2	BAX	Q07812	1	member	1:Q07812:reviewed_human	0.000098
288	K7ERB7	BCAM	P50895	gene	member_via_gene	1:K7ERB7:unreviewed/9606; gene:BCAM:P50895	0.000000
289	P50895;A0A087WXM8;K7ENU8	BCAM	P50895	1	member_duplicate_entry	1:P50895:reviewed_human	0.018934
290	Q9UHQ4;Q9UHQ4-2;C9JTE9;H7C5E2;C9JGJ9;F8WB99;C9IYK6;B7Z2L0;H0Y7N8;C9JP06;F8WDG1	BCAP29	Q9UHQ4	1	member	1:Q9UHQ4:reviewed_human	0.000002
291	Q07817;Q5QP56;Q9H1R6;Q5TE64;Q07817-2;Q07817-3;Q5QP59	BCL2L1	Q07817	1	member	1:Q07817:reviewed_human	0.000065
292	O15155;H7C1N3;C9JTT8;Q68DU7;O15155-2	BET1;DKFZp781C0425	O15155	1	member	1:O15155:reviewed_human	0.000000
293	P55957;P55957-2;P55957-4;B2ZP78;P55957-3	BID	P55957	1	member	1:P55957:reviewed_human	0.010504
294	R4GMW8;P28715;Q86UB2;A0A087WUH0;Q86UB2-2	BIVM-ERCC5;ERCC5;BIVM	P28715	2	member_via_later_token	1:R4GMW8:unreviewed/9606; 2:P28715:reviewed_human	0.000000
295	Q13867;K7ESE8;K7ES02;J3KSD8;J3KS79;K7ENH5;K7EMJ3	BLMH	Q13867	1	member	1:Q13867:reviewed_human	0.036138
296	P53004;C9J1E1	BLVRA	P53004	1	member	1:P53004:reviewed_human	0.089161
297	P30043;M0R192;M0QZL1	BLVRB	P30043	1	member	1:P30043:reviewed_human	1.462227
298	Q9NSY1;Q9NSY1-2;Q9NSY1-3;K4DI97;H0Y9P1;Q5H9B9	BMP2K	Q9NSY1	1	member	1:Q9NSY1:reviewed_human	0.001112
299	Q12981;Q12981-1;Q12981-2;Q12981-3;H0YBK7	BNIP1	Q12981	1	member	1:Q12981:reviewed_human	0.000948
300	Q9H3K6;Q9H3K6-2;H3BV85;H3BTW0;A0A0B4J295;H3BVE0;H3BPT9	BOLA2	Q9H3K6	1	member	1:Q9H3K6:reviewed_human	0.017974
301	P07738;C9JH23	BPGM	P07738	1	member	1:P07738:reviewed_human	0.463135
302	O95861;O95861-4;O95861-2;A6NF51;O95861-3;F8VZG4;F8W1J0;F8VRY7;F8VVW8	BPNT1	O95861	1	member	1:O95861:reviewed_human	0.001381
303	P46736-2;P46736-3;P46736;A0A087WZR3;H9KVA9;A0A0D9SF50;P46736-5;X6RJS7;P46736-4;A0A0A0MS96;H7C413	BRCC3	P46736	1	member	1:P46736:reviewed_human	0.004948
304	Q9NXR7;Q9NXR7-4;Q9NXR7-3;Q9NXR7-1;F8W733;C9J2G0;A0A075B7D2	BRE	Q9NXR7	1	member	1:Q9NXR7:reviewed_human	0.000393
305	Q5VW32;Q5VW32-2;F5GXQ0;Q5VW33	BROX	Q5VW32	1	member	1:Q5VW32:reviewed_human	0.004920
306	P55201;C9JDK5;C9JHC0;P55201-4;P55201-3;P55201-2	BRPF1	P55201	1	member	1:P55201:reviewed_human	0.000000
307	Q8TDC3;Q8TDC3-2;K7EM68;J3KNK0	BRSK1	Q8TDC3	1	member	1:Q8TDC3:reviewed_human	0.001571
308	Q9NW68;Q9NW68-2;Q9NW68-7;Q9NW68-3;E9PS77;E9PQA7;Q9NW68-9;Q9NW68-4;Q9NW68-8;Q9NW68-5	BSDC1	Q9NW68	1	member	1:Q9NW68:reviewed_human	0.000039
309	P35613;P35613-2;A0A087X2B5;I3L192	BSG	P35613	1	member	1:P35613:reviewed_human	0.004241
310	P35613-3;R4GMX5;R4GN83	BSG	P35613	1	member_duplicate_entry	1:P35613:reviewed_human	0.000000
311	P35613-4;A0A087WUV8	BSG	P35613	1	member_duplicate_entry	1:P35613:reviewed_human	0.000000
312	Q32M84;Q32M84-2	BTBD16	Q32M84	1	member	1:Q32M84:reviewed_human	0.000000
313	P43251;P43251-4;P43251-3;P43251-2;C9JSN9	BTD	P43251	1	member	1:P43251:reviewed_human	0.000000
314	Q96K17;E9PL10;Q96K17-2	BTF3L4	Q96K17	1	member	1:Q96K17:reviewed_human	0.000211
315	Q7KYR7;Q7KYR7-5;Q7KYR7-1;Q7KYR7-6;Q7KYR7-4;Q7KYR7-3;Q8WVV5;C9JNC3;C9JAJ6;H7BYC3;C9IY66;Q8WVV5-3;Q8WVV5-2	BTN2A1	Q7KYR7	1	member	1:Q7KYR7:reviewed_human	0.000050
316	Q8IVU9	C10orf107	Q8IVU9	1	member	1:Q8IVU9:reviewed_human	0.000000
317	Q96F05;E9PI63;E9PRU5	C11orf24	Q96F05	1	member	1:Q96F05:reviewed_human	0.000000
318	Q9H0W9;E9PLB3;E9PIP1;E9PPB5;A0A087WT99;Q9H0W9-3;E9PR95;E9PSC3;E9PLC5;E9PQS1;Q9H0W9-2	C11orf54	Q9H0W9	1	member	1:Q9H0W9:reviewed_human	0.000063
319	Q53FT3;E9PJB2;E9PPG8	C11orf73	Q53FT3	1	member	1:Q53FT3:reviewed_human	0.000000
320	Q9UKR5	C14orf1	Q9UKR5	1	member	1:Q9UKR5:reviewed_human	0.000008
321	Q8WUR7;H3BQZ5	C15orf40	Q8WUR7	1	member	1:Q8WUR7:reviewed_human	0.000000
322	Q96MC5;H3BTT5;H3BP34;H3BUY6	C16orf45	Q96MC5	1	member	1:Q96MC5:reviewed_human	0.000000
323	Q7Z3J2;H3BTI5;H3BVG8;C9J7I2;F5H7K1;E7EWW0;Q7Z3J2-2	C16orf62	Q7Z3J2	1	member	1:Q7Z3J2:reviewed_human	0.000000
324	A6NNT2	C16orf96	A6NNT2	1	member	1:A6NNT2:reviewed_human	0.000000
325	Q9BSJ5;J3KTJ7;I3L072;Q9BSJ5-2;Q9BSJ5-3	C17orf80	Q9BSJ5	1	member	1:Q9BSJ5:reviewed_human	0.000000
326	Q9UFG5;E7EP72;K7EK56;Q9UFG5-2;K7ER12;K7EQW1;A0A087WUU5;K7ELZ1	C19orf25	Q9UFG5	1	member	1:Q9UFG5:reviewed_human	0.000820
327	Q9NWV4	C1orf123	Q9NWV4	1	member	1:Q9NWV4:reviewed_human	0.003340
328	Q9H425;Q9H425-3;Q9H425-2;E5RFY9;E5RI90	C1orf198	Q9H425	1	member	1:Q9H425:reviewed_human	0.000516
329	Q07021	C1QBP	Q07021	1	member	1:Q07021:reviewed_human	0.000000
330	Q9GZN8;Q9GZN8-2;H7BYU9	C20orf27	Q9GZN8	1	member	1:Q9GZN8:reviewed_human	0.002193
331	Q9Y426;Q9Y426-3;Q9Y426-2	C2CD2	Q9Y426	1	member	1:Q9Y426:reviewed_human	0.000025
332	O14523;O14523-2;E9PK05	C2CD2L	O14523	1	member	1:O14523:reviewed_human	0.003263
333	Q4AC94;F5H0U2;Q4AC94-2;Q4AC94-4;Q4AC94-1;Q4AC94-3	C2CD3	Q4AC94	1	member	1:Q4AC94:reviewed_human	0.002692
334	Q86YS7;Q86YS7-2;Q86YS7-3;Q86YS7-4;Q86YS7-5;H0YGU7;H0YFC4;H0YFE9	C2CD5	Q86YS7	1	member	1:Q86YS7:reviewed_human	0.000155
335	Q9BSF0;H7BZ15;C9JS57	C2orf88	Q9BSF0	1	member	1:Q9BSF0:reviewed_human	0.000107
336	P01024;M0R0Q9;CON__Q2UVX4;M0QXZ3	C3	P01024	1	member	1:P01024:reviewed_human	0.004265
337	A0A0G2JPR0;P0C0L4;P0C0L4-2;CON__P01030;CON__ENSEMBL:ENSBTAP00000007350	C4A	P0C0L4	2	member_via_later_token	1:A0A0G2JPR0:unreviewed/9606; 2:P0C0L4:reviewed_human	0.000137
338	P0C0L5;F5GXS0;A0A0G2JL54	C4B	P0C0L5	1	member	1:P0C0L5:reviewed_human	0.000000
339	P01031	C5	P01031	1	member	1:P01031:reviewed_human	0.000000
340	Q5T699	C6orf183			no_reviewed_human_entry	1:Q5T699:?/?; gene:C6orf183:unmapped	0.000000
341	Q96K31;Q96EF9	C8orf76;ZHX1-C8orf76	Q96K31	1	member	1:Q96K31:reviewed_human	0.000000
342	Q5VYM1;Q5VYM1-3;Q5VYM1-2	C9orf131	Q5VYM1	1	member	1:Q5VYM1:reviewed_human	0.000000
343	Q9BUH6	C9orf142	Q9BUH6	1	member	1:Q9BUH6:reviewed_human	0.000577
344	Q8IXQ3	C9orf40	Q8IXQ3	1	member	1:Q8IXQ3:reviewed_human	0.004948
345	A0A087WX76;Q5SZB4	C9orf50	Q5SZB4	2	member_via_later_token	1:A0A087WX76:unreviewed/9606; 2:Q5SZB4:reviewed_human	0.000000
346	Q5T6V5	C9orf64	Q5T6V5	1	member	1:Q5T6V5:reviewed_human	0.000777
347	E5RFE7	CA1	P00915	gene	member_via_gene	1:E5RFE7:unreviewed/9606; gene:CA1:P00915	0.002178
348	E5RG43	CA1	P00915	gene	member_duplicate_entry	1:E5RG43:unreviewed/9606; gene:CA1:P00915	0.000023
349	E5RIF9;E5RFL2;E5RGU8;E5RII2;E5RHS7	CA1	P00915	gene	member_duplicate_entry	1:E5RIF9:unreviewed/9606; 2:E5RFL2:unreviewed/9606; 3:E5RGU8:unreviewed/9606; 4:E5RII2:unreviewed/9606; 5:E5RHS7:unreviewed/9606; gene:CA1:P00915	0.003170
350	P00915;E5RHP7;E5RH81;H0YBE2;E5RG81;E5RJI8;E5RJF6	CA1	P00915	1	member_duplicate_entry	1:P00915:reviewed_human	5.200145
351	P00918;E5RID5;E5RK37	CA2	P00918	1	member	1:P00918:reviewed_human	1.711194
352	P07451;E5RHI4	CA3	P07451	1	member	1:P07451:reviewed_human	0.046751
353	Q9Y376;A0A087X0K1;Q9H9S4;B7ZBJ4;Q5TAW7;B7ZBJ7;B7ZBJ6;B7ZBJ5	CAB39	Q9Y376	1	member	1:Q9Y376:reviewed_human	0.001852
354	O95180;Q9P0X4;H3BPX6;H3BMW6;H3BUA8;H3BNT0;Q9P0X4-3;Q9P0X4-2;Q9P0X4-4;O95180-2	CACNA1H;CACNA1I	O95180	1	member	1:O95180:reviewed_human	0.000000
355	P27708;F8VPD4;H7BZB3;H7C2E4;H7C3Z5;P31327-2	CAD	P27708	1	member	1:P27708:reviewed_human	0.018339
356	Q9P1Z2;Q9P1Z2-2;Q9P1Z2-3;Q9P1Z2-4;F8VWP8;F8VPN1;F8VUB3;F8VZI3;F8W0X2;F8VRQ9;F8VXS2;F8VQE3	CALCOCO1	Q9P1Z2	1	member	1:Q9P1Z2:reviewed_human	0.000144
357	P62158;H0Y7A7;E7ETZ0;E7EMB3;Q96HY3;M0QZ52;G3V361;F8WBR5;G3V479;G3V226;P27482;C9J7T9;P02585	CALM1;CALM2;CALM3	P27482	11	member_via_later_token	1:P62158:?/?; 2:H0Y7A7:?/?; 3:E7ETZ0:?/?; 4:E7EMB3:unreviewed/9606; 5:Q96HY3:unreviewed/9606; 6:M0QZ52:unreviewed/9606; 7:G3V361:unreviewed/9606; 8:F8WBR5:unreviewed/9606; 9:G3V479:unreviewed/9606; 10:G3V226:unreviewed/9606; 11:P27482:reviewed_human	0.039627
358	Q9NZT1	CALML5	Q9NZT1	1	member	1:Q9NZT1:reviewed_human	0.000066
359	P27797;K7EJB9;K7EL50	CALR	P27797	1	member	1:P27797:reviewed_human	0.010600
360	O43852;O43852-3;O43852-4;O43852-6;O43852-2;O43852-15;O43852-10;H0Y875;O43852-9;O43852-8;O43852-5;O43852-13;O43852-14;O43852-11;O43852-12;O43852-7	CALU	O43852	1	member	1:O43852:reviewed_human	0.000029
361	F5H6I6	CAND1	Q86VP6	gene	member_via_gene	1:F5H6I6:unreviewed/9606; gene:CAND1:Q86VP6	0.000012
362	Q86VP6;Q86VP6-2;A0A0C4DGH5;H0YH27;Q86VP6-3;O75155;O75155-2;F8WBB8;C9JH00	CAND1	Q86VP6	1	member_duplicate_entry	1:Q86VP6:reviewed_human	0.108269
363	P27824;P27824-2;P27824-3;D6RGY2;H0Y9Q7;D6RDP7;D6RFL1;D6RB85;D6RAU8;H0Y9H1;D6RAQ8;D6RHJ3;D6RD16;O14967;D6RG29	CANX	P27824	1	member	1:P27824:reviewed_human	0.002908
364	Q01518;Q5T0R1;Q5T0R4;Q5T0R3;Q5T0R2;Q5T0R5;Q5T0R7;Q5T0R6;Q5T0S3;Q5T0R8;P40123;E9PDI2;F8WDB9;B7Z385;A0A087X0J3;A0A087WZ15;P40123-3;P40123-2	CAP1	Q01518	1	member	1:Q01518:reviewed_human	0.011856
365	Q01518-2;Q5T0R9	CAP1	Q01518	1	member_duplicate_entry	1:Q01518:reviewed_human	0.000000
366	P07384;E9PRM1;E9PL37;E9PQB3;E9PJJ3;E9PLC9;E9PMC6;E9PJA6;E9PSA6;E9PLX0;E9PIA9;P20807;Q9UMQ6;O14815;A6NHC0;C9JWY7;H0YEJ4;B1B154;B1B153;E7ESS6;F8W8F5;O14815-2;P20807-2;P20807-3	CAPN1	P07384	1	member	1:P07384:reviewed_human	0.090537
367	P17655;P17655-2	CAPN2	P17655	1	member	1:P17655:reviewed_human	0.000057
368	O15484;E7EV01;A0A087X0C8;E9PS73;K7EP62	CAPN5	O15484	1	member	1:O15484:reviewed_human	0.007059
369	P04632;A0A0C4DGQ5;K7ELJ7;A0A075B7C0;K7EIV0;U3KQE2;K7EKD8;K7EM73;U3KPR7;K7EMQ1;Q96L46;K7ES78;S4R3F9	CAPNS1	P04632	1	member	1:P04632:reviewed_human	0.067395
370	P52907	CAPZA1	P52907	1	member	1:P52907:reviewed_human	0.010031
371	P47755;F8W9N7;A0A0D9SET8;C9JUG7;P47755-2;F8WED3	CAPZA2	P47755	1	member	1:P47755:reviewed_human	0.001585
372	P47756-2;B1AK87;B1AK88;P47756;B1AK85	CAPZB	P47756	1	member	1:P47756:reviewed_human	0.009917
373	Q9Y2V2;H3BSW7;H3BUY4;H3BPY5;H3BNU9;H3BTK3;I3L3X8	CARHSP1	Q9Y2V2	1	member	1:Q9Y2V2:reviewed_human	0.027098
374	Q8IW45;Q8IW45-2;Q8IW45-4;Q8IW45-3	CARKD	Q8IW45	1	member	1:Q8IW45:reviewed_human	0.000073
375	Q86X55;Q86X55-1;Q86X55-2;K7EQA8;K7EPK1;K7EIQ8;K7ERM3;K7EK20;K7EQB9	CARM1	Q86X55	1	member	1:Q86X55:reviewed_human	0.006245
376	P49589;P49589-3;P49589-2;B4DKY1;E9PRS8;C9JLN0;E9PLP0	CARS	P49589	1	member	1:P49589:reviewed_human	0.000640
377	P31944	CASP14	P31944	1	member	1:P31944:reviewed_human	0.000359
378	P42574;C9JXR7;A0A087WU32;A8MVM1	CASP3	P42574	1	member	1:P42574:reviewed_human	0.000235
379	P55212;D6RBM3;D6RHU3	CASP6	P55212	1	member	1:P55212:reviewed_human	0.000026
380	D6RC54	CAST			no_reviewed_human_entry	1:D6RC54:unreviewed/9606; gene:CAST:ambiguous:O15446;P20810	0.001984
381	E7EQ12;D6RAA8	CAST			no_reviewed_human_entry	1:E7EQ12:unreviewed/9606; 2:D6RAA8:unreviewed/9606; gene:CAST:ambiguous:O15446;P20810	0.009235
382	E7EVY3;H0Y9H6;A0A0A0MR45;H0YD33	CAST			no_reviewed_human_entry	1:E7EVY3:unreviewed/9606; 2:H0Y9H6:unreviewed/9606; 3:A0A0A0MR45:?/?; 4:H0YD33:unreviewed/9606; gene:CAST:ambiguous:O15446;P20810	0.000678
383	P20810;B7Z574;A0A0C4DGB5;P20810-8;P20810-10;P20810-6;P20810-4;P20810-9;P20810-7;E7ES10;E9PDE4;H0Y7F0;E7EQA0;A0A0C4DGD1;H0YA91;E9PSG1;H0Y944;E7EQK6;D6RBR1;D6RBZ8;E7EN75	CAST	P20810	1	member	1:P20810:reviewed_human	0.087601
384	P20810-5;E9PCH5;P20810-2;P20810-3;F8W7E0	CAST	P20810	1	member_duplicate_entry	1:P20810:reviewed_human	0.000000
385	P04040	CAT	P04040	1	member	1:P04040:reviewed_human	1.971318
386	P16152;E9PQ63;A8MTM1;P16152-2	CBR1	P16152	1	member	1:P16152:reviewed_human	0.036658
387	O75828	CBR3	O75828	1	member	1:O75828:reviewed_human	0.001183
388	Q6P1N0;Q6P1N0-2;K7EMP1;K7EJY5	CC2D1A	Q6P1N0	1	member	1:Q6P1N0:reviewed_human	0.002073
389	Q9P2K1;D6R9V3;Q9P2K1-2	CC2D2A	Q9P2K1	1	member	1:Q9P2K1:reviewed_human	0.000000
390	Q96CT7;M0R2F5	CCDC124	Q96CT7	1	member	1:Q96CT7:reviewed_human	0.000015
391	Q9H6E4;B0QY51	CCDC134	Q9H6E4	1	member	1:Q9H6E4:reviewed_human	0.000000
392	Q5BJE1;F8W7A7;Q5BJE1-3;Q5BJE1-2;Q5BJE1-4;J3KSU3	CCDC178	Q5BJE1	1	member	1:Q5BJE1:reviewed_human	0.000056
393	Q96A33;Q96A33-2;A0A087WYW6	CCDC47	Q96A33	1	member	1:Q96A33:reviewed_human	0.000004
394	Q16204	CCDC6	Q16204	1	member	1:Q16204:reviewed_human	0.000223
395	Q9Y3X0;M0QYB4;M0R2W0;M0QZR0	CCDC9	Q9Y3X0	1	member	1:Q9Y3X0:reviewed_human	0.000057
396	O95273;O95273-2;H3BR23;H3BQA6;O95273-3;H3BUF4;O95273-4;REV__Q8N4P3	CCNDBP1	O95273	1	member	1:O95273:reviewed_human	0.003202
397	Q8ND76;Q8ND76-3;Q8ND76-2;R4GN48;R4GNF3;Q8N7R7;H7BZD2;Q8N7R7-3;Q8N7R7-2	CCNY	Q8ND76	1	member	1:Q8ND76:reviewed_human	0.000205
398	O00421;O00421-2;C9JP23	CCRL2	O00421	1	member	1:O00421:reviewed_human	0.000037
399	O14618;J3KNF4;E9PP76;E9PK03	CCS	O14618	1	member	1:O14618:reviewed_human	0.021356
400	P78371;P78371-2;F5GWF6;F8VQ14;REV__Q96HN1;REV__Q96PX9	CCT2	P78371	1	member	1:P78371:reviewed_human	0.104623
401	P49368;P49368-2;B4DUR8;Q5SZX6;E9PRC8;E9PQ35;E9PM09;Q5SZW8;Q5SZX9	CCT3	P49368	1	member	1:P49368:reviewed_human	0.082528
402	P50991;P50991-2	CCT4	P50991	1	member	1:P50991:reviewed_human	0.051127
403	P48643;E7ENZ3;B7ZAR1;E9PCA1;P48643-2;D6RIZ7;H0Y914	CCT5	P48643	1	member	1:P48643:reviewed_human	0.072121
404	P40227;P40227-2;J3KRI6	CCT6A	P40227	1	member	1:P40227:reviewed_human	0.057680
405	Q92526;Q92526-3;Q92526-2	CCT6B	Q92526	1	member	1:Q92526:reviewed_human	0.000087
406	Q99832;Q99832-3;Q99832-4;Q99832-2;F8WAM2;F8WBP8;A0A0D9SG95	CCT7	Q99832	1	member	1:Q99832:reviewed_human	0.062003
407	P50990;P50990-2;P50990-3;H7C4C8;H7C2U0	CCT8	P50990	1	member	1:P50990:reviewed_human	0.068929
408	P48509;E9PMR4;E9PRJ3;E9PJC8;E9PLZ6;K4DIB7	CD151	P48509	1	member	1:P48509:reviewed_human	0.000000
409	Q9Y5K6	CD2AP	Q9Y5K6	1	member	1:Q9Y5K6:reviewed_human	0.001495
410	P16671;E9PLT1;E7EU05;P16671-4;P16671-2;P16671-3;E7EX47	CD36	P16671	1	member	1:P16671:reviewed_human	0.000052
411	P28907;H0Y950;P28907-2	CD38	P28907	1	member	1:P28907:reviewed_human	0.000685
412	H0Y2P0	CD44	P16070	gene	member_via_gene	1:H0Y2P0:unreviewed/9606; gene:CD44:P16070	0.000004
413	P16070;P16070-18;P16070-12;P16070-14;P16070-13;P16070-11;P16070-10;P16070-16;P16070-8;P16070-17;P16070-6;P16070-4;P16070-3;P16070-7;P16070-5;H0YD13;H0YE40;H0YDW7;H0YCV9;H0Y5E4;P16070-15;P16070-9;E9PKC6;H0YDX6;H0YD17;Q86UZ1;P16070-19;H0YD90;J3KN83;H0YEV3;H0YEU1;H0YF08	CD44	P16070	1	member_duplicate_entry	1:P16070:reviewed_human	0.003548
414	H0YC40	CD47	Q08722	gene	member_via_gene	1:H0YC40:unreviewed/9606; gene:CD47:Q08722	0.000023
415	Q08722;H7BYS8	CD47	Q08722	1	member_duplicate_entry	1:Q08722:reviewed_human	0.008110
416	Q08722-3;Q08722-4;Q08722-2	CD47	Q08722	1	member_duplicate_entry	1:Q08722:reviewed_human	0.000000
417	P08174;P08174-2;H3BLV0;B1AP13;H7BY55;P08174-4;P08174-3;P08174-5;P08174-6;P08174-7;B1AP15	CD55	P08174	1	member	1:P08174:reviewed_human	0.000220
418	P19256-3;P19256;B1AMW1;P19256-2;H0YDI1	CD58	P19256	1	member	1:P19256:reviewed_human	0.000530
419	P13987;E9PNW4;E9PR17;H0YET2	CD59	P13987	1	member	1:P13987:reviewed_human	0.004880
420	P27701;P27701-2;E9PJC7;E9PP61;E9PJB7;E9PJK9;E9PJ45;E9PM43	CD82	P27701	1	member	1:P27701:reviewed_human	0.000000
421	P10966;P10966-4;E9PD41;P10966-7;P10966-9;P10966-8;P10966-3;P10966-2;P10966-6	CD8B	P10966	1	member	1:P10966:reviewed_human	0.000000
422	A0A096LP69	CD99	P14209	gene	member_via_gene	1:A0A096LP69:unreviewed/9606; gene:CD99:P14209	0.000013
423	H7C2F2	CD99	P14209	gene	member_duplicate_entry	1:H7C2F2:?/?; gene:CD99:P14209	0.000000
424	P14209;P14209-3;A8MQT7;P14209-2	CD99	P14209	1	member_duplicate_entry	1:P14209:reviewed_human	0.000325
425	Q9UJX2;D6RCF8;H0Y936;Q9UJX2-2;Q9UJX2-3	CDC23	Q9UJX2	1	member	1:Q9UJX2:reviewed_human	0.000017
426	Q16543;K7EQA9;K7EKQ2;K7EIU0;K7EL68	CDC37	Q16543	1	member	1:Q16543:reviewed_human	0.003512
427	P60953;Q5JYX0	CDC42	P60953	1	member	1:P60953:reviewed_human	0.007269
428	Q9Y5S2	CDC42BPB	Q9Y5S2	1	member	1:Q9Y5S2:reviewed_human	0.000957
429	Q9NRR8	CDC42SE1	Q9NRR8	1	member	1:Q9NRR8:reviewed_human	0.000000
430	Q9NRR3;D6REL0	CDC42SE2	Q9NRR3	1	member	1:Q9NRR3:reviewed_human	0.000000
431	Q99741	CDC6	Q99741	1	member	1:Q99741:reviewed_human	0.000000
432	Q99618;F5GX58;F8WDL1;J3KMY0	CDCA3	Q99618	1	member	1:Q99618:reviewed_human	0.000000
433	Q6ZTQ4;E7EQG5	CDHR3	Q6ZTQ4	1	member	1:Q6ZTQ4:reviewed_human	0.000000
434	O14735;B3KY94;O14735-3;H3BUR9;O14735-2	CDIPT	O14735	1	member	1:O14735:reviewed_human	0.000020
435	P24941;G3V5T9;P24941-2;E7ESI2;Q00526;K7EJ83;P06493;G3V317;K7ELV5;E5RIU6;A0A087WZZ9;A0A024QZP7;P06493-2;P50750;Q00536;Q00537;Q00534;O94921;Q07002;P50750-2;Q96Q40;Q07002-3;Q00537-2;Q00536-2;F8VXD2;F8VYH9;F8VZZ0;F8VTV8;F8VWX7;F8VZ51;H0YAZ9;E7EUK8;E5RGN0;A0A087WZU2;F5H6Z0;Q96Q40-2;Q96Q40-4;Q96Q40-3;O94921-3;Q96Q40-5;O94921-2;Q07002-2;Q00536-3	CDK2	P24941	1	member	1:P24941:reviewed_human	0.003041
436	Q00535;Q00535-2	CDK5	Q00535	1	member	1:Q00535:reviewed_human	0.000075
437	Q16878	CDO1	Q16878	1	member	1:Q16878:reviewed_human	0.005414
438	O95674	CDS2	O95674	1	member	1:O95674:reviewed_human	0.000000
439	Q9UKY7;Q9UKY7-2;H0Y8K3;D6R973;D6RAV0;D6RFH2;D6RDN0;D6R9V8;Q9UKY7-3	CDV3	Q9UKY7	1	member	1:Q9UKY7:reviewed_human	0.000963
440	Q02224;A0A087X0P0;Q02224-3;Q02224-2;D6RBW0	CENPE	Q02224	1	member	1:Q02224:reviewed_human	0.000347
441	Q96BT3;H3BTR4;Q96BT3-2;H3BQ71;H3BMP6;H3BQS6;H3BN05;H3BTS2;H3BQJ0;I3L4F8;H3BUW2;Q96BT3-3	CENPT	Q96BT3	1	member	1:Q96BT3:reviewed_human	0.000000
442	Q9BV73;Q9BV73-2;A6PVI9;E9PHT2;E7ETF9;H7C0P0	CEP250	Q9BV73	1	member	1:Q9BV73:reviewed_human	0.000000
443	G3V1A4;E9PK25;E9PQB7;E9PLJ3;Q9Y281;Q9Y281-3	CFL1	Q9Y281	5	member_via_later_token	1:G3V1A4:unreviewed/9606; 2:E9PK25:unreviewed/9606; 3:E9PQB7:unreviewed/9606; 4:E9PLJ3:unreviewed/9606; 5:Q9Y281:reviewed_human	0.000000
444	P23528;E9PP50;E9PS23	CFL1	P23528	1	member	1:P23528:reviewed_human	0.058901
445	Q8WUX2	CHAC2	Q8WUX2	1	member	1:Q8WUX2:reviewed_human	0.000191
446	Q9UKJ5;H0Y8H1;D6RDW7;Q5VXU3;B7Z4S5;Q5VXU3-2	CHIC2	Q9UKJ5	1	member	1:Q9UKJ5:reviewed_human	0.002885
447	Q9BWS9;Q9BWS9-3;Q9BWS9-2;E9PPA0;H0YC89;E9PI70;E9PIP0;E9PRL3;E9PPH0;E9PKF1;H0YCC4;H0YDL6;H0YEA3	CHID1	Q9BWS9	1	member	1:Q9BWS9:reviewed_human	0.001293
448	Q7LBR1	CHMP1B	Q7LBR1	1	member	1:Q7LBR1:reviewed_human	0.001346
449	O43633;M0R1L7;M0R1T5;M0QXX8	CHMP2A	O43633	1	member	1:O43633:reviewed_human	0.001597
450	Q9BY43;Q9BY43-2;E9PSI1;E9PQ80;E9PQI5;H0YIN6;H0YI89	CHMP4A	Q9BY43	1	member	1:Q9BY43:reviewed_human	0.004226
451	Q9H444	CHMP4B	Q9H444	1	member	1:Q9H444:reviewed_human	0.000389
452	Q9NZZ3;Q9NZZ3-2	CHMP5	Q9NZZ3	1	member	1:Q9NZZ3:reviewed_human	0.000744
453	Q96FZ7;I3L4A1;I3L3E4;I3L4G8	CHMP6	Q96FZ7	1	member	1:Q96FZ7:reviewed_human	0.001000
454	Q9UHD1;Q9UHD1-2;E9PPQ5;E9PIZ4;E9PSD5;E9PHZ2	CHORDC1	Q9UHD1	1	member	1:Q9UHD1:reviewed_human	0.000907
455	O76071	CIAO1	O76071	1	member	1:O76071:reviewed_human	0.000595
456	Q6FI81;H3BV90;H3BT65;H3BUG4;H3BPG7;Q6FI81-3;H3BQ23	CIAPIN1	Q6FI81	1	member	1:Q6FI81:reviewed_human	0.001524
457	Q99828;Q99828-2	CIB1	Q99828	1	member	1:Q99828:reviewed_human	0.006649
458	Q8N5K1;D6RCF4;I3L1N9	CISD2	Q8N5K1	1	member	1:Q8N5K1:reviewed_human	0.000593
459	Q07065	CKAP4	Q07065	1	member	1:Q07065:reviewed_human	0.000000
460	Q14008;Q14008-3;Q14008-2;E9PQH5;H0YCF6;H0YEK7	CKAP5	Q14008	1	member	1:Q14008:reviewed_human	0.000951
461	O75122;E3W994;J3KR49;E7ERI8;E7EW49;O75122-3;B3KR06;E7ENG2;O75122-2	CLASP2	O75122	1	member	1:O75122:reviewed_human	0.000000
462	P51790;A0A087WU31;A0A0A0MTB7;P51790-4;P51790-5;P51790-2;E9PE15;P51793;P51795;P51795-2;G3XAG5;P51793-2;H0Y8Z8;D6RIX3;D6RDZ6	CLCN3	P51790	1	member	1:P51790:reviewed_human	0.016023
463	Q9NY35;D6RIU2;D6RDP6;H0Y8T9;D6RHU6;D6RDY1;D6RA76;D6RC11;D6R9S8;D6RCE6;D6RFX6;D6RDI6;D6RCR8;Q9NY35-2;D6R9K1;D6RD48;D6RB31;D6RAZ7;D6RCP3;Q9NY35-3	CLDND1	Q9NY35	1	member	1:Q9NY35:reviewed_human	0.000000
464	Q2KHT3;Q2KHT3-2	CLEC16A	Q2KHT3	1	member	1:Q2KHT3:reviewed_human	0.000000
465	O00299;Q9NZA1;Q96NY7;Q9NZA1-3;Q9NZA1-2;Q96NY7-2	CLIC1	O00299	1	member	1:O00299:reviewed_human	0.015955
466	O15247	CLIC2	O15247	1	member	1:O15247:reviewed_human	0.000075
467	Q9Y696	CLIC4	Q9Y696	1	member	1:Q9Y696:reviewed_human	0.000163
468	Q14677-3;Q14677;Q14677-2;H0YD52	CLINT1	Q14677	1	member	1:Q14677:reviewed_human	0.000128
469	P30622;F5H6A0;F5H0N7;P30622-1;P30622-2;J3KP58	CLIP1	P30622	1	member	1:P30622:reviewed_human	0.000134
470	H3BQ48;O95086;Q2TA70;B4DFF3	CLN3	Q13286	gene	member_via_gene	1:H3BQ48:unreviewed/9606; 2:O95086:unreviewed/9606; 3:Q2TA70:unreviewed/9606; 4:B4DFF3:unreviewed/9606; gene:CLN3:Q13286	0.020702
471	Q9NWW5;H3BUV4;H3BRN7;H3BNF1;H3BTY4;H3BUT1;Q9NWW5-2	CLN6	Q9NWW5	1	member	1:Q9NWW5:reviewed_human	0.000291
472	P54105;J3KN38;E9PMI6;E9PJF4;E9PQ83;U3KPU0	CLNS1A	P54105	1	member	1:P54105:reviewed_human	0.003951
473	O96005;O96005-4;O96005-3;K7EQQ1;K7EJ16;K7ERL5	CLPTM1	O96005	1	member	1:O96005:reviewed_human	0.000000
474	P09496-2;P09496;P09496-4;P09496-3;P09496-5;C9J8P9;F8WF69	CLTA	P09496	1	member	1:P09496:reviewed_human	0.005223
475	P09497-2;P09497;H0Y9Q6;D6RJD1	CLTB	P09497	1	member	1:P09497:reviewed_human	0.001642
476	K7EJJ5;J3KRF5	CLTC	Q00610	gene	member_via_gene	1:K7EJJ5:unreviewed/9606; 2:J3KRF5:unreviewed/9606; gene:CLTC:Q00610	0.000000
477	Q00610;Q00610-2;A0A087WVQ6;J3KS13;J3KSQ2;J3QL20;A0A087WV74;A0A087WXH4;F5H5N6;J3KTN1;H0Y529	CLTC	Q00610	1	member_duplicate_entry	1:Q00610:reviewed_human	0.048416
478	P53675;P53675-2;A0A087WX41	CLTCL1	P53675	1	member	1:P53675:reviewed_human	0.000283
479	P10909;P10909-4;P10909-5;P10909-2;P10909-3;H0YC35;H0YAS8;H0YLK8;E7ERK6;E7ETB4;E5RG36;E5RGB0;E5RH61;E5RJZ5	CLU	P10909	1	member	1:P10909:reviewed_human	0.000749
480	Q96AJ1;I3L487;I3L3S9;J3KNW5	CLUAP1	Q96AJ1	1	member	1:Q96AJ1:reviewed_human	0.000000
481	Q96DG6	CMBL	Q96DG6	1	member	1:Q96DG6:reviewed_human	0.007670
482	P30085;Q5T0D2;P30085-2	CMPK1	P30085	1	member	1:P30085:reviewed_human	0.007349
483	Q96KP4;Q96KP4-2;J3QKT2;J3QR27;J3QLU1;J3QKQ0;J3QRD0;J3QL02;J3KSV5;A0A087WYZ1;J3QQN6;J3QRA8;J3KSS4;J3KRD5;A0A087WVS2;J3QRP4;J3QRH4	CNDP2	Q96KP4	1	member	1:Q96KP4:reviewed_human	0.002556
484	G3V5P8;G3V3B2;G3V4K0;O95406	CNIH1	O95406	4	member_via_later_token	1:G3V5P8:unreviewed/9606; 2:G3V3B2:unreviewed/9606; 3:G3V4K0:unreviewed/9606; 4:O95406:reviewed_human	0.000000
485	A6NLH6;Q9P003;A6NJ96;Q9P003-2	CNIH4	Q9P003	2	member_via_later_token	1:A6NLH6:unreviewed/9606; 2:Q9P003:reviewed_human	0.000037
486	Q9H8M5;Q9H8M5-3;Q9H8M5-2	CNNM2	Q9H8M5	1	member	1:Q9H8M5:reviewed_human	0.000000
487	C9K0L8;K7ERZ0;K7EN66	CNP	P09543	gene	member_via_gene	1:C9K0L8:unreviewed/9606; 2:K7ERZ0:unreviewed/9606; 3:K7EN66:unreviewed/9606; gene:CNP:P09543	0.000077
488	P09543-2;P09543;K7ERC4	CNP	P09543	1	member_duplicate_entry	1:P09543:reviewed_human	0.009233
489	F8W031;Q9Y2B0;F8VXJ7;F8W1K5;F8VP03;H0YIH9;H0YI18;F8W1U5;Q9Y2B0-2;O75390;F8W0J2;F8VWQ5;F8VU34;F8VR34;F8VTT8;F8W4S1;B4DJV2	CNPY2	Q9Y2B0	2	member_via_later_token	1:F8W031:unreviewed/9606; 2:Q9Y2B0:reviewed_human	0.000202
490	Q9BT09;A0A0C4DFY8	CNPY3	Q9BT09	1	member	1:Q9BT09:reviewed_human	0.001217
491	Q8N129	CNPY4	Q8N129	1	member	1:Q8N129:reviewed_human	0.000005
492	Q96F85;B8ZZB8;Q96F85-2	CNRIP1	Q96F85	1	member	1:Q96F85:reviewed_human	0.012974
493	B7Z1Y6	CNTNAP2	Q9UHC6	gene	member_via_gene	1:B7Z1Y6:unreviewed/9606; gene:CNTNAP2:Q9UHC6	0.000000
494	Q7Z7A1;Q5JVD1;Q7Z7A1-2;Q7Z7A1-5	CNTRL	Q7Z7A1	1	member	1:Q7Z7A1:reviewed_human	0.000000
495	Q13057;Q13057-2;K7EN91;K7EP09;K7EQ60;K7ESK6;K7ES73;K7EPT0	COASY	Q13057	1	member	1:Q13057:reviewed_human	0.005309
496	Q8NBJ5;M0QX72;M0QYH0	COLGALT1	Q8NBJ5	1	member	1:Q8NBJ5:reviewed_human	0.000063
497	P21964;P21964-2;E7EMS6;E7EUU8;F8WBW9;H7BZ45	COMT	P21964	1	member	1:P21964:reviewed_human	0.000399
498	P53621;P53621-2	COPA	P53621	1	member	1:P53621:reviewed_human	0.000046
499	P53618;E9PP73;E9PP63;E9PKQ1	COPB1	P53618	1	member	1:P53618:reviewed_human	0.000077
500	P35606;P35606-2;D6R997;D6RBZ7;D6RCL6;D6RBG7;D6RBT6;H0YAC7	COPB2	P35606	1	member	1:P35606:reviewed_human	0.002617
501	Q9Y678;H0Y8X7	COPG1	Q9Y678	1	member	1:Q9Y678:reviewed_human	0.000269
502	Q9UBF2;Q9UBF2-2	COPG2	Q9UBF2	1	member	1:Q9UBF2:reviewed_human	0.000008
503	P61201;B4DIH5;H0YKU5;H0YM03	COPS2	P61201	1	member	1:P61201:reviewed_human	0.010485
504	P61201-2;H0YMC2	COPS2	P61201	1	member_duplicate_entry	1:P61201:reviewed_human	0.000000
505	Q9UNS2;Q9UNS2-2;H7C3P9;C9JLV5;K7ELN6;J3QKR0;K7ES36;J3KTQ1;J3QL22;J3QS85	COPS3	Q9UNS2	1	member	1:Q9UNS2:reviewed_human	0.026375
506	Q9BT78;D6RFN0;D6RAX7;Q9BT78-2;D6RD63;D6REK7	COPS4	Q9BT78	1	member	1:Q9BT78:reviewed_human	0.016767
507	Q92905;E5RHH5;E5RHF2;E5RFS1;E5RG35;E5RK55	COPS5	Q92905	1	member	1:Q92905:reviewed_human	0.010852
508	Q7L5N1;E7EM64;H7C3T0	COPS6	Q7L5N1	1	member	1:Q7L5N1:reviewed_human	0.010757
509	Q9UBW8;F5GYF7;F5H248;F5H7C6;F5H4U8;F5H4Z0;F5H3M6;G3XAP1;F5GXT7	COPS7A	Q9UBW8	1	member	1:Q9UBW8:reviewed_human	0.002606
510	Q9H9Q2;A0A087X1P5;J3KQ34;Q9H9Q2-3;J3KQ41;Q9H9Q2-2;J3QT95;J3QT73;J3KQV6;J3QT67;J3QT66;J3QT69;J3QT50;J3QT43	COPS7B	Q9H9Q2	1	member	1:Q9H9Q2:reviewed_human	0.002766
511	Q99627;E9PGT6;Q99627-2;H7C3S9;F8WEF2	COPS8	Q99627	1	member	1:Q99627:reviewed_human	0.004510
512	P61923;F8W651;F8VVA7;F8VXB1;F8VUC5;F8W156;F8VYZ4;P61923-5;P61923-4;F8VYK5;F8VXR1;P61923-2;P61923-3	COPZ1	P61923	1	member	1:P61923:reviewed_human	0.000000
513	Q9ULV4;Q9ULV4-2;Q9ULV4-3;F8W1H8;F8VUX3;F8VSA4;F8VRE9;F8VTT6;F8VVB7;B4E3S0;H0YHL7	CORO1C	Q9ULV4	1	member	1:Q9ULV4:reviewed_human	0.000000
514	Q6QEF8;J3QLV6;J3KSS5;Q6QEF8-4;Q6QEF8-3;Q6QEF8-2;Q6QEF8-5	CORO6	Q6QEF8	1	member	1:Q6QEF8:reviewed_human	0.000000
515	P57737;A0A0A6YYL4;P57737-4;P57737-3;P57737-2;I3L167;E7EP81;I3L212;I3L442;I3L1M1;I3L0X8;I3NI06;I3L1G9;I3L359;I3L351;I3L2Y6;I3L426	CORO7;CORO7-PAM16	P57737	1	member	1:P57737:reviewed_human	0.003766
516	P20674;H3BRM5;H3BV69;H3BNX8	COX5A	P20674	1	member	1:P20674:reviewed_human	0.000055
517	P10606	COX5B	P10606	1	member	1:P10606:reviewed_human	0.000000
518	P14406;D6R9C3;D6RIE3;H0UI06	COX7A2	P14406	1	member	1:P14406:reviewed_human	0.000000
519	Q99829;F2Z2V0;B0QZ18;A6PVH9;E7ENH5;Q5JX56;Q5JX58;H0Y524;Q5JX59;Q5JX60;Q5JX44;Q5JX45;Q5JX55;Q5JX61;Q5JX52;Q5JX54;Q5JX57;E7EV27	CPNE1	Q99829	1	member	1:Q99829:reviewed_human	0.001609
520	O75131;Q86YQ8;Q9UBL6;Q96FN4;Q8IYJ1;Q96A23;Q9HCH3;A0A087WYQ3;E7ENV7;Q86YQ8-2;Q9HCH3-2;Q96FN4-2;O95741;Q9UBL6-2;Q96A23-2;O95741-2	CPNE3	O75131	1	member	1:O75131:reviewed_human	0.000524
521	P36551;H0YA22	CPOX	P36551	1	member	1:P36551:reviewed_human	0.000000
522	Q9BRF8;Q9BRF8-2;Q9BRF8-3	CPPED1	Q9BRF8	1	member	1:Q9BRF8:reviewed_human	0.006393
523	P31327;P31327-3;Q5R211	CPS1	P31327	1	member	1:P31327:reviewed_human	0.000010
524	P50416;P50416-2;H3BMD2;H3BP22;H3BUV7;H3BUJ0;Q92523;Q92523-4;Q92523-3	CPT1A	P50416	1	member	1:P50416:reviewed_human	0.005532
525	P17927;Q5SR44;E9PDY4;H0YE06;E9PQN4;Q2VPA4;A0A0C4DGF5;Q2VPA4-3;Q2VPA4-2	CR1	P17927	1	member	1:P17927:reviewed_human	0.001643
526	P43155;H0Y4Z7;P43155-3;P43155-2	CRAT	P43155	1	member	1:P43155:reviewed_human	0.000000
527	O75629	CREG1	O75629	1	member	1:O75629:reviewed_human	0.000030
528	P46108;P46108-2;I3L297	CRK	P46108	1	member	1:P46108:reviewed_human	0.000827
529	P46109	CRKL	P46109	1	member	1:P46109:reviewed_human	0.001050
530	Q8IUI8;J3KST8	CRLF3	Q8IUI8	1	member	1:Q8IUI8:reviewed_human	0.011355
531	Q8IUI8-2;J3QLS9	CRLF3	Q8IUI8	1	member_duplicate_entry	1:Q8IUI8:reviewed_human	0.000711
532	O95727	CRTAM	O95727	1	member	1:O95727:reviewed_human	0.000000
533	M0QX46	CRTC1	Q6UUV9	gene	member_via_gene	1:M0QX46:unreviewed/9606; gene:CRTC1:Q6UUV9	0.000000
534	Q68DQ2	CRYBG3	Q68DQ2	1	member	1:Q68DQ2:reviewed_human	0.000003
535	O95825;C9JAL0;F8WF64;C9JZK8;A6NND8;A6NHJ8;A6NMA8;O95825-2;H7C3S0;C9JQD0;A0A0C4DG14;C9K0F7;H7C3I5	CRYZL1	O95825	1	member	1:O95825:reviewed_human	0.000055
536	P55060;P55060-3;P55060-4;P55060-2	CSE1L	P55060	1	member	1:P55060:reviewed_human	0.008714
537	P48729;P48729-2;H0Y9X2;U3KQK7;U3KPX3;E5RG27;D6RGE5;U3KQ83	CSNK1A1	P48729	1	member	1:P48729:reviewed_human	0.006442
538	P48729-3;D6REM4;E7ETM0	CSNK1A1	P48729	1	member_duplicate_entry	1:P48729:reviewed_human	0.000000
539	Q8N752;P49674;P48730;P48730-2;H0Y2N6;B4DLF1;J3QQI9;B0QY36;H0Y645;B0QY35;B0QY34;H7BYT1	CSNK1A1L	Q8N752	1	member	1:Q8N752:reviewed_human	0.000000
540	Q9HCP0;U3KQB3;Q9HCP0-2;U3KQA5;U3KQN9	CSNK1G1	Q9HCP0	1	member	1:Q9HCP0:reviewed_human	0.000001
541	K7EJC0	CSNK1G2	P78368	gene	member_via_gene	1:K7EJC0:unreviewed/9606; gene:CSNK1G2:P78368	0.000000
542	P78368;K7ESB6;A0A087WWF5;A0A087WXD7;K7EP38	CSNK1G2	P78368	1	member_duplicate_entry	1:P78368:reviewed_human	0.000186
543	Q9Y6M4;Q9Y6M4-3;Q9Y6M4-2;Q9Y6M4-5	CSNK1G3	Q9Y6M4	1	member	1:Q9Y6M4:reviewed_human	0.000009
544	Q9Y6M4-4;Q9Y6M4-6;A0A087WZK4;H0YBN6;A0A087WW97	CSNK1G3	Q9Y6M4	1	member_duplicate_entry	1:Q9Y6M4:reviewed_human	0.000286
545	P68400;E7EU96;Q5U5J2;Q8NEV1;P68400-2;A0A087WY74;V9GYA2;V9GY80;V9GYW6;REV__E7EP72	CSNK2A1;CSNK2A3	P68400	1	member	1:P68400:reviewed_human	0.000489
546	P19784;H3BSA1;H3BV19;H3BNI9	CSNK2A2	P19784	1	member	1:P19784:reviewed_human	0.000048
547	P67870;Q5SRQ6;Q5SRQ3;N0E472;A0A0G2JM12;N0E644;A0A0G2JM58	CSNK2B;CSNK2B-LY6G5B-1181;CSNK2B-LY6G5B--991	P67870	1	member	1:P67870:reviewed_human	0.000751
548	P01040;C9J0E4	CSTA	P01040	1	member	1:P01040:reviewed_human	0.000716
549	P04080	CSTB	P04080	1	member	1:P04080:reviewed_human	0.018815
550	O95476;I3L1D9;I3L4B2;I3L0X6;I3L3K5;I3L4W0;I3L2R5	CTDNEP1	O95476	1	member	1:O95476:reviewed_human	0.000000
551	Q9GZU7-2;Q9GZU7;H7C270;H7C1Z7;Q9GZU7-3;O15194;H7C2S4;O15194-2;H7C3E0;O14595;H7C353;F8W184;H0YI29;H0YI12;A0A087WWW2	CTDSP1	Q9GZU7	1	member	1:Q9GZU7:reviewed_human	0.000011
552	P17812;P17812-2	CTPS1	P17812	1	member	1:P17812:reviewed_human	0.001931
553	Q9NRF8;H0Y5S6	CTPS2	Q9NRF8	1	member	1:Q9NRF8:reviewed_human	0.006300
554	P07858;E9PQM1;R4GMQ5;E9PR54;E9PJ67;E9PCB3;E9PKQ7;E9PNL5;E9PHZ5;E9PLY3;E9PSG5;E9PS78	CTSB	P07858	1	member	1:P07858:reviewed_human	0.001519
555	P14091-1;P14091;P14091-2	CTSE	P14091	1	member	1:P14091:reviewed_human	0.000606
556	Q14247;Q14247-3;Q14247-2;H0YEV2;H0YCD9	CTTN	Q14247	1	member	1:Q14247:reviewed_human	0.000558
557	Q13616;A0A0C4DGX4	CUL1	Q13616	1	member	1:Q13616:reviewed_human	0.025307
558	Q13617;A0A0A0MTN0;Q13617-2;Q5T2B5;Q5T2B7	CUL2	Q13617	1	member	1:Q13617:reviewed_human	0.007223
559	Q13618;Q13618-2;Q13618-3;A0A087WTG3;H7C1L6;H7C399;A0A087X1R9	CUL3	Q13618	1	member	1:Q13618:reviewed_human	0.023665
560	Q13619;A0A0A0MR50;Q13619-2;Q13620-1;Q13620;K4DI93;Q13620-3;A0A087WWN2;A6NE76	CUL4A	Q13619	1	member	1:Q13619:reviewed_human	0.003816
561	Q93034;H0YCA0;E9PP19	CUL5	Q93034	1	member	1:Q93034:reviewed_human	0.003153
562	Q8IWT3;E9PEZ1;Q8IWT3-3	CUL9	Q8IWT3	1	member	1:Q8IWT3:reviewed_human	0.000000
563	O60888;O60888-3;O60888-2;C9IZG4;C9IZQ5;H0YDR4	CUTA	O60888	1	member	1:O60888:reviewed_human	0.002766
564	Q2TBE0;Q2TBE0-3;Q2TBE0-2	CWF19L2	Q2TBE0	1	member	1:Q2TBE0:reviewed_human	0.000000
565	P78310;P78310-2;P78310-6;P78310-7;P78310-5;P78310-4;P78310-3	CXADR	P78310	1	member	1:P78310:reviewed_human	0.000238
566	O14569;U3KQU4	CYB561D2	O14569	1	member	1:O14569:reviewed_human	0.000226
567	P00167-2;P00167;P00167-3;J3KNC7	CYB5A	P00167	1	member	1:P00167:reviewed_human	0.009864
568	J3KNF8;H3BUX2;O43169;D6RFH4	CYB5B	O43169	3	member_via_later_token	1:J3KNF8:?/?; 2:H3BUX2:unreviewed/9606; 3:O43169:reviewed_human	0.000617
569	P00387-2;P00387;P00387-3;B1AHF3	CYB5R3	P00387	1	member	1:P00387:reviewed_human	0.012311
570	Q53TN4;Q53TN4-3;Q53TN4-2	CYBRD1	Q53TN4	1	member	1:Q53TN4:reviewed_human	0.001064
571	Q7L576;Q7L576-2;A0A0G2JR96;A0A0G2JQT1;Q7L576-3;E7EW33;H7C229;E7EVJ5;Q96F07-2;Q96F07;A0A0G2JRP0;A0A087WZ89;A0A087WZL7;H0YL50;A0A0G2JQH3;A0A087WVZ5;A0A087X0D6	CYFIP1	Q7L576	1	member	1:Q7L576:reviewed_human	0.001419
572	P04798;A4F3V8;E7EMT5;Q5J9B1;P04798-3	CYP1A1	P04798	1	member	1:P04798:reviewed_human	0.000000
573	Q6UW02;E9PHG5;Q6UW02-2;F8WBE2;C9J8K7;Q8WZ13	CYP20A1	Q6UW02	1	member	1:Q6UW02:reviewed_human	0.000000
574	Q9H1C7	CYSTM1	Q9H1C7	1	member	1:Q9H1C7:reviewed_human	0.000003
575	Q9Y4D1-2;Q9Y4D1;Q9Y4D1-3;Q86T65;Q86T65-4;G3V275	DAAM1	Q9Y4D1	1	member	1:Q9Y4D1:reviewed_human	0.022067
576	P61803;F5GXX5;F5H895;A0A0B4J239	DAD1	P61803	1	member	1:P61803:reviewed_human	0.000070
577	Q9Y4D2	DAGLA	Q9Y4D2	1	member	1:Q9Y4D2:reviewed_human	0.000000
578	Q8NCG7;Q8NCG7-4;E7ET49;Q8NCG7-2;C9JA85;F8WBN0;Q8NCG7-3	DAGLB	Q8NCG7	1	member	1:Q8NCG7:reviewed_human	0.000000
579	Q3LXA3;A0A087WUL0;H0YCY6;Q3LXA3-2;I3L252;E9PJG8;E9PQR1	DAK;TKFC	Q3LXA3	1	member	1:Q3LXA3:reviewed_human	0.017736
580	P14868;P14868-2;C9J7S3;C9JLC1;C9JQM9;H7C278;H7BZ35	DARS	P14868	1	member	1:P14868:reviewed_human	0.014604
581	Q96EP5;K7EQ02;K7EQ55;K7EK33;Q96EP5-2	DAZAP1	Q96EP5	1	member	1:Q96EP5:reviewed_human	0.000097
582	P07108;P07108-5;B8ZWD1;A0A0A0MTI5;P07108-3;P07108-2;P07108-6;P07108-4	DBI	P07108	1	member	1:P07108:reviewed_human	0.001280
583	Q9UJU6;H0Y5J4;Q9UJU6-5;F8WBG8;F8WC20;F8WBB2;F8WFE1;F2Z2V3;F8WB73;F8WCK3;F2Z3E3;H7C111	DBNL	Q9UJU6	1	member	1:Q9UJU6:reviewed_human	0.002229
584	Q9UJU6-2;Q9UJU6-3;B4DDD6;Q9UJU6-6;Q9UJU6-4	DBNL	Q9UJU6	1	member_duplicate_entry	1:Q9UJU6:reviewed_human	0.000002
585	Q8TEB1;Q8TEB1-2;Q8TEB1-3;H0YL98;H0YN92;H0YKR8;H0YM86;H0YNS2;H0YLH4;H0YMN6;H0YL64;H0YL77;H0YN21;H0YM56;H0YMZ4;H0YLQ1;H0YLF1;H0YLX7;H0YN03;H0YNK2;H0YNT0;H0YN15;H0YMF7;H0YL29;H0YLB2	DCAF11	Q8TEB1	1	member	1:Q8TEB1:reviewed_human	0.001230
586	Q58WW2-2	DCAF6	Q58WW2	1	member	1:Q58WW2:reviewed_human	0.000076
587	Q58WW2-3;Q58WW2;Q58WW2-4;F2Z305	DCAF6	Q58WW2	1	member_duplicate_entry	1:Q58WW2:reviewed_human	0.002754
588	Q5TAQ9;G3V3G9;Q5TAQ8;V9GY54;Q5TAQ9-2	DCAF8	Q5TAQ9	1	member	1:Q5TAQ9:reviewed_human	0.000077
589	P81605;P81605-2	DCD	P81605	1	member	1:P81605:reviewed_human	0.001628
590	Q14203-3;E7EX90;Q14203-4;Q14203;Q14203-6;Q14203-5;Q14203-2;Q6AWB1;E7EWF7;C9JJD0;C9JKG6;E9PCY0;C9JJN7;C9JZA4;C9JTE5;C9J1B7;C9JUI8	DCTN1;DKFZp686E0752	Q14203	1	member	1:Q14203:reviewed_human	0.006306
591	Q13561;Q13561-3;Q13561-2;F8W1I6;H0YI98;F8VW18;F8VX93;F8VRV7;H0YHL1;F8W0U6	DCTN2	Q13561	1	member	1:Q13561:reviewed_human	0.006011
592	O75935;O75935-3;X6RCK5;X6RLR1;X6RA56;O75935-2;A0A0A0MRV8	DCTN3	O75935	1	member	1:O75935:reviewed_human	0.001014
593	Q9UJW0;Q9UJW0-3;Q9UJW0-2;H9KVE0;E5RGG1;E5RK21;E5RI97	DCTN4	Q9UJW0	1	member	1:Q9UJW0:reviewed_human	0.000088
594	Q9BTE1;H3BR94;Q9BTE1-2;H3BUD2;H3BS05;Q9BTE1-3;I3L0U8	DCTN5	Q9BTE1	1	member	1:Q9BTE1:reviewed_human	0.000023
595	O00399;E5RK00;E5RIK5;E5RGW9;E5RFU3	DCTN6	O00399	1	member	1:O00399:reviewed_human	0.000205
596	Q96GG9;C9JVE2;C9J8R4;C9JUW4;C9JRU6;C9J0B2;F8WC32;Q6PH85;A0A0C4DFQ9	DCUN1D1	Q96GG9	1	member	1:Q96GG9:reviewed_human	0.009725
597	Q7Z4W1;J3KS22;J3QS36;J3KRZ4;J3QL34;J3KSZ5;J3QS45;J3QRQ2	DCXR	Q7Z4W1	1	member	1:Q7Z4W1:reviewed_human	0.010988
598	O95865;H0Y7N1;Q5SSV3;Q5SRR8	DDAH2	O95865	1	member	1:O95865:reviewed_human	0.000194
599	F5H0Y5	DDB1	Q16531	gene	member_via_gene	1:F5H0Y5:?/?; gene:DDB1:Q16531	0.000143
600	Q16531;F5GY55;Q16531-2;F5H581;F5H2L3;F5H6C5;F5GZY8;F5GZ34;F5H775;F5H238;F5GWI0;F5H4N9;F8WF81;F5H198;F5GYG8;F5H7A0	DDB1	Q16531	1	member_duplicate_entry	1:Q16531:reviewed_human	0.023944
601	Q5TDH0;Q5TDH0-3;Q5TDH0-2;H0YII4;H0YI90;Q8WTU0	DDI2	Q5TDH0	1	member	1:Q5TDH0:reviewed_human	0.102600
602	P39656;A0A0C4DGS1;P39656-3;P39656-2;U3KQ84	DDOST	P39656	1	member	1:P39656:reviewed_human	0.000105
603	Q96HY6;A0A0A0MRX2;Q96HY6-2	DDRGK1	Q96HY6	1	member	1:Q96HY6:reviewed_human	0.000000
604	P30046;J3KQ18;A6NHG4;B5MC82;P30046-2;H7C342	DDT;DDTL	P30046	1	member	1:P30046:reviewed_human	0.068755
605	Q92841;Q92841-3;H3BLZ8;Q92841-1;Q92841-2;P17844;J3KTA4;P17844-2;J3KRZ1;J3QSF1;J3QRQ7	DDX17	Q92841	1	member	1:Q92841:reviewed_human	0.000418
606	A0A0D9SEM9	DDX39A	O00148	gene	member_via_gene	1:A0A0D9SEM9:unreviewed/9606; gene:DDX39A:O00148	0.001425
607	O00148	DDX39A	O00148	1	member_duplicate_entry	1:O00148:reviewed_human	0.000004
608	Q13838;H0YCC6;H0Y400;F6UJC5;A0A0G2JJZ9;Q5STU3;Q13838-2	DDX39B	Q13838	1	member	1:Q13838:reviewed_human	0.000017
609	O00571;A0A0D9SFB3;A0A0D9SG12;A0A0D9SF53;O00571-2;A0A087WVZ1	DDX3X	O00571	1	member	1:O00571:reviewed_human	0.000088
610	O15523;O15523-2;C9J081;O15523-3;C9J8G5	DDX3Y	O15523	1	member	1:O15523:reviewed_human	0.000010
611	Q16698;Q16698-2;H0YAW3;E5RJD2;E5RJG7;E5RFV2	DECR1	Q16698	1	member	1:Q16698:reviewed_human	0.000000
612	P59666;P59665	DEFA3;DEFA1	P59666	1	member	1:P59666:reviewed_human	0.000000
613	Q8TEH3;Q8TEH3-6;A0A0A0MS49;Q8TEH3-7;Q8TEH3-2;A0A0A0MS48;Q8TEH3-4;Q8TEH3-3;Q8TEH3-5	DENND1A	Q8TEH3	1	member	1:Q8TEH3:reviewed_human	0.000000
614	O75064;E9PAK5	DENND4B	O75064	1	member	1:O75064:reviewed_human	0.000009
615	O43583;F8VVL1	DENR	O43583	1	member	1:O43583:reviewed_human	0.002257
616	Q3ZCN8;E9PGM3	DEPDC4	Q8N2C3	gene	member_via_gene	1:Q3ZCN8:unreviewed/9606; 2:E9PGM3:unreviewed/9606; gene:DEPDC4:Q8N2C3	0.000000
617	Q9Y315;E9PPM8;G3V158;E9PML7;E9PMH9;E9PPK3;E9PJ44;E9PJB9	DERA	Q9Y315	1	member	1:Q9Y315:reviewed_human	0.010351
618	Q9BUN8;B4E1G1;Q9BUN8-2;E5RGY0	DERL1	Q9BUN8	1	member	1:Q9BUN8:reviewed_human	0.000011
619	O75907;A0A0A0MR74	DGAT1	O75907	1	member	1:O75907:reviewed_human	0.000000
620	P23743;G3V4E1;H0YJH4;P23743-3;F8VWX8;G3V4I3;F8VNZ9;G3V312;G3V327;C9JM35;F8W1M3;F8W1H7;P23743-2	DGKA	P23743	1	member	1:P23743:reviewed_human	0.001283
621	H0YBU7	DHDH	Q9UQ10	gene	member_via_gene	1:H0YBU7:unreviewed/9606; gene:DHDH:Q9UQ10	0.000000
622	Q6UWP2;Q6UWP2-2;A0A087X0R1;A0A087WZN3;A0A087WYV4	DHRS11	Q6UWP2	1	member	1:Q6UWP2:reviewed_human	0.008155
623	Q9Y394;A0A087X0Z7;H0YJ66;Q9Y394-2;H0YJE4;H0YJR8	DHRS7	Q9Y394	1	member	1:Q9Y394:reviewed_human	0.000032
624	Q6IAN0;A0A0C4DGQ8;J3KRS1;J3QLJ8;J3QKT1;J3QLK1	DHRS7B	Q6IAN0	1	member	1:Q6IAN0:reviewed_human	0.000854
625	O43143	DHX15	O43143	1	member	1:O43143:reviewed_human	0.000000
626	Q7Z478;A0A087WYN9	DHX29	Q7Z478	1	member	1:Q7Z478:reviewed_human	0.000322
627	Q92620;H3BV01;H3BQT9;J3KRT1	DHX38	Q92620	1	member	1:Q92620:reviewed_human	0.000003
628	Q08211;Q08211-2;REV__H0YA90;REV__Q7Z6J0-3	DHX9	Q08211	1	member	1:Q08211:reviewed_human	0.002469
629	O60610;O60610-2;A0A0G2JH68;O60610-3;H9KV28;B4E2I7;E5RJ79;H7C2W8;Q8IUG5;Q9NSV4;O60879;A6NML8;K4DI95;C9J6U3;A0A075B6F5;F5GXR6;Q9NSV4-1;O60879-2;O60879-3;Q9NSV4-7;Q9NSV4-6;Q9NSV4-5;Q9NSV4-4;Q8IUG5-2	DIAPH1	O60610	1	member	1:O60610:reviewed_human	0.007707
630	Q14689;Q14689-6;Q14689-5;Q14689-3;Q14689-2;Q14689-4;Q9Y2E4-2	DIP2A	Q14689	1	member	1:Q14689:reviewed_human	0.000007
631	Q9P265;H0YIU5;H0Y5A8	DIP2B	Q9P265	1	member	1:Q9P265:reviewed_human	0.010341
632	Q8IYB7;H7C440;Q8IYB7-3;Q8IYB7-2;C9JGP4;H7C036;Q8IYB7-4;Q8IYB7-5	DIS3L2	Q8IYB7	1	member	1:Q8IYB7:reviewed_human	0.000000
633	Q12959-2;Q12959;A0A0C4DFT3;Q12959-6;Q12959-4;Q12959-7;Q12959-5;Q12959-3;Q12959-8;Q12959-9;E7EQD7;B4E2H8;A8MUT6;Q15700;Q15700-4;Q15700-3;C9JCP6;H7C166;B7Z264;E9PIW2;B7Z2T4;E9PN83;Q15700-2;F2Z2L0;C9IYP1;C9JUA9;C9JN61;H7C325;B5MCC5;Q15700-5;P78352;F8W750;P78352-3;P78352-2;C9J110;K7EQM6;A8MUT9;C9JWP9;C9JYG3;O14909;Q6ZSU2	DLG1	Q12959	1	member	1:Q12959:reviewed_human	0.001336
634	Q92796;Q92796-2;Q5JUW8;Q92796-3	DLG3	Q92796	1	member	1:Q92796:reviewed_human	0.000000
635	Q9Y2H0;Q9Y2H0-1	DLGAP4	Q9Y2H0	1	member	1:Q9Y2H0:reviewed_human	0.000000
636	P36957;P36957-2;Q86SW4	DLST	P36957	1	member	1:P36957:reviewed_human	0.000000
637	E5RJ61	DMTN	Q08495	gene	member_via_gene	1:E5RJ61:unreviewed/9606; gene:DMTN:Q08495	0.000000
638	Q08495	DMTN	Q08495	1	member_duplicate_entry	1:Q08495:reviewed_human	0.000104
639	Q08495-2;Q08495-3;E5RFK4;E5RGQ0;E5RJC0;E5RGQ7;A0A087WUC0;A0A087WT94	DMTN	Q08495	1	member_duplicate_entry	1:Q08495:reviewed_human	0.070117
640	Q08495-4;E5RFK6	DMTN	Q08495	1	member_duplicate_entry	1:Q08495:reviewed_human	0.000000
641	Q9NVR5;Q9NVR5-2	DNAAF2	Q9NVR5	1	member	1:Q9NVR5:reviewed_human	0.000000
642	Q96DT5;A0A0C4DFR0;A0A087WYC6	DNAH11	Q96DT5	1	member	1:Q96DT5:reviewed_human	0.000000
643	H0YBI3	DNAH14	Q0VDD8	gene	member_via_gene	1:H0YBI3:unreviewed/9606; gene:DNAH14:Q0VDD8	0.000000
644	Q9NYC9;E7EP17;Q9NYC9-2	DNAH9	Q9NYC9	1	member	1:Q9NYC9:reviewed_human	0.000000
645	O60884;A0A087WT48	DNAJA2	O60884	1	member	1:O60884:reviewed_human	0.000508
646	Q8WW22-2;Q8WW22;Q8WW22-3;F5H170;C9JDE6;F8WF76;F5H300;F5GWV1;P31689;P31689-2	DNAJA4	Q8WW22	1	member	1:Q8WW22:reviewed_human	0.001297
647	P25685;P25685-2;M0R080;M0QYT3;M0QXK0;M0R1D6;M0QZD0;M0R128	DNAJB1	P25685	1	member	1:P25685:reviewed_human	0.003442
648	Q9UBS4;H7C2Y5	DNAJB11	Q9UBS4	1	member	1:Q9UBS4:reviewed_human	0.000502
649	P25686;P25686-2;C9JRD2;C9JXB9;C9JX00;C9J1G2;E7ETU0;Q8NHS0	DNAJB2	P25686	1	member	1:P25686:reviewed_human	0.011701
650	Q9UDY4;C9JUL4	DNAJB4	Q9UDY4	1	member	1:Q9UDY4:reviewed_human	0.000669
651	O75190-3;O75190;O75190-4;O75190-2;E9PH18;C9J2C4;C9JDX6;F8WCZ4;C9J2P2	DNAJB6	O75190	1	member	1:O75190:reviewed_human	0.000000
652	O75165;H0Y8Q2;H0YA63	DNAJC13	O75165	1	member	1:O75165:reviewed_human	0.002246
653	Q9Y2G8;Q5TDG9;Q5TDH4;Q9Y2G8-2	DNAJC16	Q9Y2G8	1	member	1:Q9Y2G8:reviewed_human	0.000000
654	Q9H3Z4	DNAJC5	Q9H3Z4	1	member	1:Q9H3Z4:reviewed_human	0.000282
655	Q9H3Z4-2	DNAJC5	Q9H3Z4	1	member_duplicate_entry	1:Q9H3Z4:reviewed_human	0.000000
656	Q8WXX5	DNAJC9	Q8WXX5	1	member	1:Q8WXX5:reviewed_human	0.000410
657	P49184;A6QRJ0;Q5HY40;E7ESG1;E7EUJ0	DNASE1L1	P49184	1	member	1:P49184:reviewed_human	0.000152
658	A0A0D9SFB1;Q05193-5;Q05193-2	DNM1	Q05193	2	member_via_later_token	1:A0A0D9SFB1:unreviewed/9606; 2:Q05193:reviewed_human	0.000000
659	K7EPK9	DNM2	P50570	gene	member_via_gene	1:K7EPK9:unreviewed/9606; gene:DNM2:P50570	0.000082
660	P50570;P50570-5	DNM2	P50570	1	member_duplicate_entry	1:P50570:reviewed_human	0.000463
661	P50570-3;K7EMQ3	DNM2	P50570	1	member_duplicate_entry	1:P50570:reviewed_human	0.000000
662	P50570-4;E5RIK2	DNM2	P50570	1	member_duplicate_entry	1:P50570:reviewed_human	0.035126
663	Q9UQ16;Q9UQ16-3;Q9UQ16-4;E5RHK8;Q9UQ16-2;Q9UQ16-5	DNM3	Q9UQ16	1	member	1:Q9UQ16:reviewed_human	0.000000
664	E7ETB3;Q9ULA0;E7EMB6;C9JBE1;F8WAN0;B9ZVU2;E7EPX3;C9J1E2;E5RJ35;C9JRG3	DNPEP	Q9ULA0	2	member_via_later_token	1:E7ETB3:unreviewed/9606; 2:Q9ULA0:reviewed_human	0.006009
665	O43598;H0Y8X4;O43598-2	DNPH1	O43598	1	member	1:O43598:reviewed_human	0.018107
666	Q5JSL3;A6NIW2	DOCK11	Q5JSL3	1	member	1:Q5JSL3:reviewed_human	0.000159
667	Q8IZD9	DOCK3	Q8IZD9	1	member	1:Q8IZD9:reviewed_human	0.000000
668	A0A0A6YYB0;Q86YN1-2;Q86YN1	DOLPP1	Q86YN1	2	member_via_later_token	1:A0A0A6YYB0:?/?; 2:Q86YN1:reviewed_human	0.000033
669	Q9H3H5;Q9H3H5-3;Q9H3H5-2	DPAGT1	Q9H3H5	1	member	1:Q9H3H5:reviewed_human	0.000001
670	Q9BVM2;Q5JQQ4;Q5JQQ2	DPCD	Q9BVM2	1	member	1:Q9BVM2:reviewed_human	0.006879
671	O60762;Q5QPK2;H0Y368;Q5QPJ9	DPM1	O60762	1	member	1:O60762:reviewed_human	0.000087
672	Q9P2X0;Q9P2X0-2	DPM3	Q9P2X0	1	member	1:Q9P2X0:reviewed_human	0.000816
673	Q9NY33;G3V1D3;G3V180;Q9NY33-4;Q9NY33-2;E9PQ14;E9PPK9;E9PKK8;E9PNX5;E9PQF2	DPP3	Q9NY33	1	member	1:Q9NY33:reviewed_human	0.034562
674	Q86TI2;Q86TI2-2;Q86TI2-4;M0R2A8;M0R3C4;M0R2G6;M0QXG6;M0R0I1;M0QXI5	DPP9	Q86TI2	1	member	1:Q86TI2:reviewed_human	0.001012
675	Q16555;Q16555-2;Q14194;Q14194-2;E9PD68;Q14195;E5RFU4;H0YBT4;Q14195-2	DPYSL2	Q16555	1	member	1:Q16555:reviewed_human	0.000120
676	Q08554;Q08554-2	DSC1	Q08554	1	member	1:Q08554:reviewed_human	0.000214
677	Q02413;Q02413-2;Q86SJ6;Q86SJ6-2	DSG1	Q02413	1	member	1:Q02413:reviewed_human	0.000832
678	P15924;P15924-3;P15924-2	DSP	P15924	1	member	1:P15924:reviewed_human	0.040535
679	Q8TEA8;A0A087WZV9	DTD1	Q8TEA8	1	member	1:Q8TEA8:reviewed_human	0.000187
680	Q96FN9	DTD2	Q96FN9	1	member	1:Q96FN9:reviewed_human	0.000031
681	P23919;P23919-2;H7C312;H7BZ20;G5E9E9	DTYMK	P23919	1	member	1:P23919:reviewed_human	0.000527
682	O95147	DUSP14	O95147	1	member	1:O95147:reviewed_human	0.000000
683	Q96FJ2;P63167	DYNLL2	Q96FJ2	1	member	1:Q96FJ2:reviewed_human	0.004847
684	Q14209	E2F2	Q14209	1	member	1:Q14209:reviewed_human	0.000000
685	O00559;E9PN10;O00559-2;E9PND3;E9PJ40;E9PJ38	EBAG9	O00559	1	member	1:O00559:reviewed_human	0.000039
686	Q15125;C9J719;C9JJ78	EBP	Q15125	1	member	1:Q15125:reviewed_human	0.005668
687	Q13011;M0QZW4;M0R248	ECH1	Q13011	1	member	1:Q13011:reviewed_human	0.000000
688	Q9NTX5;Q9NTX5-3;Q9NTX5-6;Q9NTX5-2;H0Y5L2;Q9NTX5-5;H0Y525;J3KP84;E9PPG7;E9PRU6;F2Z2D6;E9PJS8;E9PLY6;Q9NTX5-4;H0YCS9	ECHDC1	Q9NTX5	1	member	1:Q9NTX5:reviewed_human	0.000091
689	Q5VYK3;J3KN16;R4GMY1;F6XAQ5;R4GMY3	ECM29;KIAA0368	Q5VYK3	1	member	1:Q5VYK3:reviewed_human	0.013517
690	Q6P2E9;Q6P2E9-2;I3L2F4	EDC4	Q6P2E9	1	member	1:Q6P2E9:reviewed_human	0.000133
691	Q15075	EEA1	Q15075	1	member	1:Q15075:reviewed_human	0.000004
692	P68104;Q5VTE0;A0A087WVQ9;P68104-2;A0A087WV01;Q05639;Q5JR01;A6PW80	EEF1A1;EEF1A1P5	P68104	1	member	1:P68104:reviewed_human	0.011046
693	P24534;C9JZW3;F8WF65;F2Z2G2	EEF1B2	P24534	1	member	1:P24534:reviewed_human	0.000019
694	P29692;P29692-2;E9PRY8;P29692-3;E9PK01;E9PQZ1;P29692-4;E9PI39;A0A087X1X7;E9PQ49;E9PPR1;E9PL12;E9PL71;E9PMW7;E9PN91;E9PIZ1;H0YE72;H0YCK7;H0YE58;E9PK06;E9PKK3;E9PK72;E9PJD0;E9PNW6;E9PQC9;Q658K8	EEF1D	P29692	1	member	1:P29692:reviewed_human	0.000330
695	P26641;P26641-2	EEF1G	P26641	1	member	1:P26641:reviewed_human	0.001241
696	P13639;Q15029;M0R0I6;K7EJ74;K7EP67;Q15029-2;Q15029-3	EEF2	P13639	1	member	1:P13639:reviewed_human	0.007668
697	P57772;P57772-2;C9J8T0	EEFSEC	P57772	1	member	1:P57772:reviewed_human	0.000009
698	Q7L9B9	EEPD1	Q7L9B9	1	member	1:Q7L9B9:reviewed_human	0.000000
699	O95967;H0YCR9;H0YEU0;E9PI47	EFEMP2	O95967	1	member	1:O95967:reviewed_human	0.000000
700	P98172;P52799	EFNB1	P98172	1	member	1:P98172:reviewed_human	0.000188
701	Q14156;Q14156-3;Q14156-2;E5RJS1;Q9Y2G0;H7BXG9;E7ESK9;Q9Y2G0-3	EFR3A	Q14156	1	member	1:Q14156:reviewed_human	0.000073
702	Q8NDI1;Q8NDI1-3;Q8NDI1-2	EHBP1	Q8NDI1	1	member	1:Q8NDI1:reviewed_human	0.000000
703	Q8N3D4;E9PIH6;H0YDZ9;E9PSB0	EHBP1L1	Q8N3D4	1	member	1:Q8N3D4:reviewed_human	0.001506
704	Q9H4M9;A0A024R571;C9JC03;C9J2Z4;Q9NZN3;C9JIJ3;C9IZH1;A0A0C4DH83;C9JDQ8;Q9NZN3-2	EHD1	Q9H4M9	1	member	1:Q9H4M9:reviewed_human	0.003373
705	Q9H223;A0A087WUA5	EHD4	Q9H223	1	member	1:Q9H223:reviewed_human	0.000000
706	Q08426;Q08426-2	EHHADH	Q08426	1	member	1:Q08426:reviewed_human	0.000052
707	P47813;O14602;X6RAC9;A6NJH9	EIF1AX;EIF1AY	P47813	1	member	1:P47813:reviewed_human	0.001626
708	Q14232;F5H0D0;Q14232-2;H0YGG4	EIF2B1	Q14232	1	member	1:Q14232:reviewed_human	0.000237
709	P49770;H0YJJ8;G3V5E5;H0YK01	EIF2B2	P49770	1	member	1:P49770:reviewed_human	0.002952
710	Q9NR50;Q9NR50-3;Q9NR50-2;H0Y580;A0A0D9SEN0	EIF2B3	Q9NR50	1	member	1:Q9NR50:reviewed_human	0.000240
711	Q9UI10;A0A087WTA5;Q9UI10-3;Q9UI10-2;E7ERK9;H7C2L8;A0A087WW69;F8W8L6	EIF2B4	Q9UI10	1	member	1:Q9UI10:reviewed_human	0.000197
712	Q13144;E9PC74;C9JRD9;H7C2X0	EIF2B5	Q13144	1	member	1:Q13144:reviewed_human	0.001363
713	P41214;P41214-2;Q5SY38;A0A087X1L6;A0A087WVB6	EIF2D	P41214	1	member	1:P41214:reviewed_human	0.000000
714	P05198;G3V4T5;H0YJS4	EIF2S1	P05198	1	member	1:P05198:reviewed_human	0.001893
715	P20042	EIF2S2	P20042	1	member	1:P20042:reviewed_human	0.001733
716	P41091;Q2VIR3;F8W810;Q2VIR3-2;H7BZU1	EIF2S3;EIF2S3L	P41091	1	member	1:P41091:reviewed_human	0.001835
717	Q14152;Q14152-2	EIF3A	Q14152	1	member	1:Q14152:reviewed_human	0.000020
718	P55884;P55884-2;C9JZG1;C9JQN7	EIF3B	P55884	1	member	1:P55884:reviewed_human	0.000170
719	Q99613;B5ME19;Q99613-2;H3BPE4	EIF3C;EIF3CL	Q99613	1	member	1:Q99613:reviewed_human	0.000000
720	O15371;O15371-2;O15371-3	EIF3D	O15371	1	member	1:O15371:reviewed_human	0.000098
721	P60228;E5RGA2;E5RHS5;E5RIP5;E5RJ25;E5RII3;E5RIT4;H0YAW4;H0YBR5	EIF3E	P60228	1	member	1:P60228:reviewed_human	0.004818
722	O00303;H0YDT6;E9PQV8;A0A0D9SEZ9	EIF3F	O00303	1	member	1:O00303:reviewed_human	0.000701
723	O75821;K7EL20;K7ER90;K7ENA8;K7EP16	EIF3G	O75821	1	member	1:O75821:reviewed_human	0.000000
724	O75822;O75822-3;O75822-2;H0YGJ7;H0YLP3	EIF3J	O75822	1	member	1:O75822:reviewed_human	0.001973
725	Q9Y262;B0QY90;B0QY89;Q9Y262-2;H0Y7E6;C9JHP4;C9K0Q7	EIF3L	Q9Y262	1	member	1:Q9Y262:reviewed_human	0.000000
726	Q7L2H7;H0YCQ8;Q7L2H7-2;E7ESM3;J3KNJ2;E9PN86	EIF3M	Q7L2H7	1	member	1:Q7L2H7:reviewed_human	0.000025
727	P60842;J3KT12;P60842-2;J3KTB5;J3QS69;J3QL43;J3KSZ0;J3QR64;J3QLN6;J3KS25;J3KTN0;J3QKZ9;J3QL52;J3KS93	EIF4A1	P60842	1	member	1:P60842:reviewed_human	0.024782
728	Q14240;Q14240-2;E7EQG2;J3KSN7;E7EMV8;J3KT04	EIF4A2	Q14240	1	member	1:Q14240:reviewed_human	0.004347
729	P38919;I3L3H2;J3QQP0;E9PBH4;F8WE11	EIF4A3	P38919	1	member	1:P38919:reviewed_human	0.000223
730	P23588;E7EX17;P23588-2;F8VX11;F8VP89;F8VSC7;F8W0K0;F8VYE9;F8VRU1	EIF4B	P23588	1	member	1:P23588:reviewed_human	0.007667
731	P06730;P06730-2;D6RBW1;P06730-3;H0Y8J7;D6RFJ3	EIF4E	P06730	1	member	1:P06730:reviewed_human	0.002171
732	Q13541	EIF4EBP1	Q13541	1	member	1:Q13541:reviewed_human	0.000425
733	Q04637-8;E7EX73;E9PGM1;E7EUU4;Q04637-7;Q04637;Q04637-3;Q04637-6;Q04637-5;Q04637-4;Q04637-9;A0A0A0MR52;C9JF13;C9J6B6;C9K073;C9J2Z7;H7C0V6;H7C044;O43432-4;C9JSU8;C9JWW9;C9J556	EIF4G1	Q04637	1	member	1:Q04637:reviewed_human	0.006231
734	P55010;H0YLZ1;H0YN40;H0YMJ8;H0YM54;H0YK11;H0YK29	EIF5	P55010	1	member	1:P55010:reviewed_human	0.002615
735	P63241;P63241-2;I3L397;I3L504;Q6IS14;Q9GZV4;F8WCJ1;C9J7B5;C9J4W5	EIF5A;EIF5AL1	P63241	1	member	1:P63241:reviewed_human	0.049463
736	P56537;P56537-2;B7ZBH1	EIF6	P56537	1	member	1:P56537:reviewed_human	0.005218
737	P08246	ELANE	P08246	1	member	1:P08246:reviewed_human	0.000000
738	Q8IZ81;D6RBS5;D6RHX2;V9GY58	ELMOD2	Q8IZ81	1	member	1:Q8IZ81:reviewed_human	0.000596
739	Q8N766;Q8N766-4;Q8N766-3;Q8N766-2;H7C4E3	EMC1	Q8N766	1	member	1:Q8N766:reviewed_human	0.002224
740	Q9P0I2;Q9P0I2-2;S4R3U9;C9JLM9	EMC3	Q9P0I2	1	member	1:Q9P0I2:reviewed_human	0.000000
741	Q9BV81	EMC6	Q9BV81	1	member	1:Q9BV81:reviewed_human	0.000000
742	P50402;Q5HY57;F8WEQ1	EMD	P50402	1	member	1:P50402:reviewed_human	0.002801
743	O95834;O95834-3;K7EIK7;O95834-2;K7EII6;A0A0C4DGQ7;C9JRL6;K7ELB2;K7ERR2;K7EIM1;K7EQR0;K7ERY9;K7EKG3;K7EKU5	EML2	O95834	1	member	1:O95834:reviewed_human	0.000152
744	P54852;M0QZ66;M0R122;M0QXN1	EMP3	P54852	1	member	1:P54852:reviewed_human	0.000075
745	O94919	ENDOD1	O94919	1	member	1:O94919:reviewed_human	0.003229
746	P17813;P17813-2;F5GX88	ENG	P17813	1	member	1:P17813:reviewed_human	0.000025
747	P06733;P06733-2;K7EM90;K7ERS8	ENO1	P06733	1	member	1:P06733:reviewed_human	0.114421
748	P09104;P09104-2;F5H0C8;F5H1C3;P13929;P13929-3;P13929-2;U3KQP4;E5RGZ4;U3KQQ1;E5RI09;E5RG95;K7EPM1;K7EKN2;K7EP84;E5RJH5	ENO2	P09104	1	member	1:P09104:reviewed_human	0.004181
749	Q9UHY7;D6RA00;A0A087WTH0;Q9UHY7-2;A0A0C4DGY8	ENOPH1	Q9UHY7	1	member	1:Q9UHY7:reviewed_human	0.000482
750	Q7L5Y1;Q7L5Y1-4;Q7L5Y1-5;J3QL99;J3QSB6;R4GNF8;Q7L5Y1-2	ENOSF1	Q7L5Y1	1	member	1:Q7L5Y1:reviewed_human	0.000634
751	Q96N21;I3L3R3	ENTHD2	Q96N21	1	member	1:Q96N21:reviewed_human	0.000031
752	P11171;Q9H4G0;Q9H4G0-2;A0A0D9SG07;A0A0C4DH22;Q9H4G0-4;Q9H4G0-3;Q4VXN1;Q4VXN0;Q4VXN5	EPB41	P11171	1	member	1:P11171:reviewed_human	0.000000
753	P11171-2	EPB41	P11171	1	member_duplicate_entry	1:P11171:reviewed_human	0.275282
754	P11171-3	EPB41	P11171	1	member_duplicate_entry	1:P11171:reviewed_human	0.000000
755	P11171-4	EPB41	P11171	1	member_duplicate_entry	1:P11171:reviewed_human	0.000285
756	P11171-5	EPB41	P11171	1	member_duplicate_entry	1:P11171:reviewed_human	0.000000
757	Q4VB86	EPB41	P11171	gene	member_duplicate_entry	1:Q4VB86:unreviewed/9606; gene:EPB41:P11171	0.000022
758	E9PN54	EPB41L2	O43491	gene	member_via_gene	1:E9PN54:unreviewed/9606; gene:EPB41L2:O43491	0.000000
759	O43491-4;E9PHY5;O43491-3;E9PK52;E9PII3;O43491-2;I6L9B1;Q6R5J7;E9PQD2;E9PQN0;E9PRG1;E9PIG0;E9PJP4;J3QS55	EPB41L2	O43491	1	member_duplicate_entry	1:O43491:reviewed_human	0.000410
760	Q9Y2J2;Q9Y2J2-2;A0A0A0MRA8;B2RB02;Q9Y2J2-3;J3QS83;J3KT37	EPB41L3	Q9Y2J2	1	member	1:Q9Y2J2:reviewed_human	0.000000
761	Q9Y2J2-4	EPB41L3	Q9Y2J2	1	member_duplicate_entry	1:Q9Y2J2:reviewed_human	0.000000
762	P16452-2;P16452;P16452-3;F5H563;H3BTE6;H3BUR1;H3BPV8;P00488;H0Y4W5	EPB42	P16452	1	member	1:P16452:reviewed_human	0.437599
763	P54760;Q96L35;P54760-2;P54760-4;P54760-3;P54753;P54762;P54762-5;P29317;P29323;Q15375;P54764;Q9UF33;Q9UF33-2;P29323-2;J3KR66;B1AKC9;E9PG71;A0A0B4J1T8;Q9UF33-3;P54764-2;P29323-3;Q15375-2;Q15375-4	EPHB4	P54760	1	member	1:P54760:reviewed_human	0.000043
764	P07099;B1AQP9;B1AQP8	EPHX1	P07099	1	member	1:P07099:reviewed_human	0.000294
765	Q9Y6I3;Q9Y6I3-3;Q9Y6I3-1;O95208;O95208-2;D6R907;D6RBI9;K7EMP4;J3KSA6;J3KSC7;J3QLN2;F6PQP6;E9PBC1;I3L2B2;O95208-3	EPN1	Q9Y6I3	1	member	1:Q9Y6I3:reviewed_human	0.006608
766	Q9H201;D6RBR6;D6RFG3;D6REL6;I6L9I8;Q9H201-2	EPN3	Q9H201	1	member	1:Q9H201:reviewed_human	0.000000
767	P07814	EPRS	P07814	1	member	1:P07814:reviewed_human	0.000022
768	P42566;B1AUU8;P42566-2;S4R3U1	EPS15	P42566	1	member	1:P42566:reviewed_human	0.008906
769	Q9UBC2-2;Q9UBC2;M0R165;Q9UBC2-3;Q9UBC2-4;M0R2S2;M0R1V5;K7EJR2;M0R330;M0QX30;M0R3I1;M0QY01	EPS15L1	Q9UBC2	1	member	1:Q9UBC2:reviewed_human	0.004271
770	C9JAG1;A0A087WW58;Q9C0D9	EPT1	Q9C0D9	3	member_via_later_token	1:C9JAG1:unreviewed/9606; 2:A0A087WW58:?/?; 3:Q9C0D9:reviewed_human	0.000000
771	Q9NZ08;Q9NZ08-2;H0Y9X5;D6RAL9	ERAP1	Q9NZ08	1	member	1:Q9NZ08:reviewed_human	0.001485
772	Q6P179;D6RGW0;Q6P179-3	ERAP2	Q6P179	1	member	1:Q6P179:reviewed_human	0.000000
773	Q96RT1;Q96RT1-8;Q96RT1-7;Q96RT1-6;Q96RT1-4;Q96RT1-5;Q96RT1-3;Q96RT1-9;Q96RT1-2;B4DIP2	ERBB2IP	Q96RT1	1	member	1:Q96RT1:reviewed_human	0.006155
774	Q969X5;Q969X5-2;F2Z3Q5;F2Z2U2;Q969X5-3	ERGIC1	Q969X5	1	member	1:Q969X5:reviewed_human	0.000035
775	Q96RQ1;A0A087WU02;H0YI50;H0YI58;F8VPA6;F8W0R1;F8VUZ2;H0YHJ8;F8VR88;F8VRW9	ERGIC2	Q96RQ1	1	member	1:Q96RQ1:reviewed_human	0.126370
776	Q9Y282;H0Y621;H0Y5K5;Q9Y282-3;Q9Y282-2;A6PVJ2;A0A0C4DH46;H0Y802;H0Y6Z0	ERGIC3	Q9Y282	1	member	1:Q9Y282:reviewed_human	0.000090
777	O43414;F6UGJ8;F6QUN3;H0Y4B0;O43414-3;O43414-2	ERI3	O43414	1	member	1:O43414:reviewed_human	0.000000
778	O75477;B0QZ43	ERLIN1	O75477	1	member	1:O75477:reviewed_human	0.000000
779	O94905;E5RHW4;E5RJ09;O94905-2;O94905-3	ERLIN2	O94905	1	member	1:O94905:reviewed_human	0.000528
780	Q96PL5;X6R4N5	ERMAP	Q96PL5	1	member	1:Q96PL5:reviewed_human	0.004617
781	Q7Z2K6;E7ER77;A0A0C4DGF0;Q7Z2K6-2	ERMP1	Q7Z2K6	1	member	1:Q7Z2K6:reviewed_human	0.004494
782	P30040;F8VY02;F8W1G0;P30040-2	ERP29	P30040	1	member	1:P30040:reviewed_human	0.000999
783	Q9BS26	ERP44	Q9BS26	1	member	1:Q9BS26:reviewed_human	0.000999
784	P10768;X6RA14;H7BZT7;U3KQT1	ESD	P10768	1	member	1:P10768:reviewed_human	0.057217
785	Q9BSJ8;Q9BSJ8-2;F8VZB1	ESYT1	Q9BSJ8	1	member	1:Q9BSJ8:reviewed_human	0.000406
786	H7BXI1;A0FGR8-6;A0FGR8-2;A0FGR8;A0A087WXU3;A0FGR8-4;A0FGR8-5	ESYT2	A0FGR8	2	member_via_later_token	1:H7BXI1:unreviewed/9606; 2:A0FGR8:reviewed_human	0.000710
787	P62495;B7Z7P8;P62495-2;I3L492;D6RJE8;D6RCB3	ETF1	P62495	1	member	1:P62495:reviewed_human	0.000196
788	P13804;H0YL83;H0YK49;H0YNX6;H0YLU7;P13804-2	ETFA	P13804	1	member	1:P13804:reviewed_human	0.000012
789	Q92817;K7EKI0	EVPL	Q92817	1	member	1:Q92817:reviewed_human	0.000015
790	Q96KP1	EXOC2	Q96KP1	1	member	1:Q96KP1:reviewed_human	0.000000
791	O60645;D6RBR9;D6RB59;O60645-2;O60645-3	EXOC3	O60645	1	member	1:O60645:reviewed_human	0.000068
792	Q96A65;Q96A65-2	EXOC4	Q96A65	1	member	1:Q96A65:reviewed_human	0.000000
793	Q8NEV8;Q8NEV8-2	EXPH5	Q8NEV8	1	member	1:Q8NEV8:reviewed_human	0.000992
794	Q92800;A0A0A0MSY9;Q92800-5;Q92800-4;Q92800-3;Q92800-2	EZH1	Q92800	1	member	1:Q92800:reviewed_human	0.000000
795	P15311;E7EQR4	EZR	P15311	1	member	1:P15311:reviewed_human	0.003953
796	Q9Y624;A0A087WY82;Q9Y624-2	F11R	Q9Y624	1	member	1:Q9Y624:reviewed_human	0.000107
797	P23610	F8A1	P23610	1	member	1:P23610:reviewed_human	0.000000
798	Q01469;I6L8B7;A8MUU1	FABP5	Q01469	1	member	1:Q01469:reviewed_human	0.002559
799	Q13158	FADD	Q13158	1	member	1:Q13158:reviewed_human	0.000132
800	Q9UNN5;Q9UNN5-2;B1ANM7;B3KT28;REV__Q8WVM0	FAF1	Q9UNN5	1	member	1:Q9UNN5:reviewed_human	0.002537
801	Q96CS3;D6RBG6	FAF2	Q96CS3	1	member	1:Q96CS3:reviewed_human	0.000051
802	P16930;P16930-2;H0YLC7	FAH	P16930	1	member	1:P16930:reviewed_human	0.015865
803	Q96GK7;Q6P2I3;C9JGM0	FAHD2A;FAHD2B	Q96GK7	1	member	1:Q96GK7:reviewed_human	0.000070
804	Q9NRY5;E7ESJ7;I6L9D5;E5RGF9;E5RFK2;E5RHI8;E5RHP2;E5RK42;E5RH43;E5RIK7	FAM114A2	Q9NRY5	1	member	1:Q9NRY5:reviewed_human	0.004587
805	Q96EK7;A0A0D9SEJ5;F5GY05;Q96EK7-2	FAM120B	Q96EK7	1	member	1:Q96EK7:reviewed_human	0.000000
806	Q96TA1;Q96TA1-2	FAM129B	Q96TA1	1	member	1:Q96TA1:reviewed_human	0.000077
807	Q8NC44;H7C3D5;F8WE68;C9JIF3;F8WAL5	FAM134A	Q8NC44	1	member	1:Q8NC44:reviewed_human	0.000000
808	Q86VR2;K7ENZ6;K7EMF4;K7ELM8;K7EJ34;K7ENF4;K7EQI9;K7EPD0;K7EJ42;Q86VR2-2	FAM134C	Q86VR2	1	member	1:Q86VR2:reviewed_human	0.000080
809	Q15018	FAM175B	Q15018	1	member	1:Q15018:reviewed_human	0.000401
810	Q8NB25;H0YBC0;A0A0C4DGZ2;H0YBA5;A0A087X2A7;Q8NB25-3	FAM184A	Q8NB25	1	member	1:Q8NB25:reviewed_human	0.000000
811	Q9H8M7;X6R9S5;Q9H8M7-2;X6RC30;X6RC97	FAM188A	Q9H8M7	1	member	1:Q9H8M7:reviewed_human	0.000297
812	Q5JX71	FAM209A	Q5JX71	1	member	1:Q5JX71:reviewed_human	0.000370
813	O75063;X6RH03	FAM20B	O75063	1	member	1:O75063:reviewed_human	0.000000
814	Q8TBF2;Q8TBF2-5;J3QKK8;A0A0A0MRV4;J3KRV9;J3KPF6;J3KPF5;A0A0A0MT35;Q8TBF2-4;Q8TBF2-2;Q8TBF2-7;Q8TBF2-3;Q8TBF2-6;Q8TBF2-8	FAM213B	Q8TBF2	1	member	1:Q8TBF2:reviewed_human	0.000309
815	Q32MH5;H3BVB3;H0Y3Q9;Q32MH5-3	FAM214A	Q32MH5	1	member	1:Q32MH5:reviewed_human	0.000000
816	Q9NUQ9;E5RI16;Q9NUQ9-2;A0A087X178;E5RJE1;E5RIR8;E5RJL8;E5RGI7;Q9H0Q0;E5RK61;E5RFS4;E5RHU5;E5RK81;E5RH75	FAM49B	Q9NUQ9	1	member	1:Q9NUQ9:reviewed_human	0.001531
817	Q9H5X1;H0YKV4;Q9H5X1-2	FAM96A	Q9H5X1	1	member	1:Q9H5X1:reviewed_human	0.000669
818	K7ER00;K7EPH2;K7ERS0	FARSA	Q9Y285	gene	member_via_gene	1:K7ER00:unreviewed/9606; 2:K7EPH2:unreviewed/9606; 3:K7ERS0:unreviewed/9606; gene:FARSA:Q9Y285	0.000000
819	Q9Y285;Q9Y285-2;K7ER16;K7EK06	FARSA	Q9Y285	1	member_duplicate_entry	1:Q9Y285:reviewed_human	0.000714
820	Q9NSD9;Q9NSD9-2	FARSB	Q9NSD9	1	member	1:Q9NSD9:reviewed_human	0.004329
821	P25445;P25445-6;A0A087X1Z7;A0A0D9SEP1;H7C5Z8	FAS	P25445	1	member	1:P25445:reviewed_human	0.000026
822	P49327	FASN	P49327	1	member	1:P49327:reviewed_human	0.065797
823	Q53R41;Q53R41-2	FASTKD1	Q53R41	1	member	1:Q53R41:reviewed_human	0.000000
824	Q8TDW7;E9PQ73;Q8TDW7-3	FAT3	Q8TDW7	1	member	1:Q8TDW7:reviewed_human	0.000003
825	P62861;E9PR30	FAU	P62861	1	member	1:P62861:reviewed_human	0.000034
826	Q96IG2;J3KTA1;Q96IG2-2;J3QKL3;Q9UKC9;Q9UKC9-2	FBXL20	Q96IG2	1	member	1:Q96IG2:reviewed_human	0.000032
827	Q9Y3I1-2;Q9Y3I1;Q9Y3I1-3;A2A282	FBXO7	Q9Y3I1	1	member	1:Q9Y3I1:reviewed_human	0.035261
828	Q8N3Y1;Q8N3Y1-2	FBXW8	Q8N3Y1	1	member	1:Q8N3Y1:reviewed_human	0.000000
829	P55899;M0R0A9;M0R0K7;M0R0H0;M0R220;M0QYN1;M0QYN9	FCGRT	P55899	1	member	1:P55899:reviewed_human	0.000015
830	Q0JRZ9;Q0JRZ9-2;H7BXJ4;Q0JRZ9-3;H0YAE2	FCHO2	Q0JRZ9	1	member	1:Q0JRZ9:reviewed_human	0.000139
831	P14324;P14324-2;A0A087X090;A0A087WVN4;A0A087X1D8;A0A087WTP2	FDPS	P14324	1	member	1:P14324:reviewed_human	0.005445
832	P22830;P22830-2;K7ELX4;K7EJX5;K7EPN2;K7EKP7;K7EJM8	FECH	P22830	1	member	1:P22830:reviewed_human	0.000000
833	P16591;P16591-2	FER	P16591	1	member	1:P16591:reviewed_human	0.000000
834	A9Z1Z3-3;A9Z1Z3	FER1L4			no_reviewed_human_entry	1:A9Z1Z3:?/?; 2:A9Z1Z3:?/?; gene:FER1L4:unmapped	0.000103
835	Q86UX7;Q86UX7-2;F5H1C6;F5H3I6;H0YFT5	FERMT3	Q86UX7	1	member	1:Q86UX7:reviewed_human	0.010410
836	P02671;P02671-2;A0A087WUA0	FGA	P02671	1	member	1:P02671:reviewed_human	0.000038
837	P02675;D6REL8	FGB	P02675	1	member	1:P02675:reviewed_human	0.000111
838	Q6ZV73;F8VY01;Q6ZV73-2	FGD6	Q6ZV73	1	member	1:Q6ZV73:reviewed_human	0.000000
839	P02679;C9JEU5;C9JC84;P02679-2;C9JPQ9;C9JU00	FGG	P02679	1	member	1:P02679:reviewed_human	0.000000
840	P07954-2;P07954	FH	P07954	1	member	1:P07954:reviewed_human	0.011842
841	Q9Y613;J3KTH7;H3BVE7	FHOD1	Q9Y613	1	member	1:Q9Y613:reviewed_human	0.000047
842	O43427;O43427-2;E9PSD3;H0YCE7;E9PJW6	FIBP	O43427	1	member	1:O43427:reviewed_human	0.000000
843	Q92562;Q5JRV4;Q5TCS4;Q5TCS5	FIG4	Q92562	1	member	1:Q92562:reviewed_human	0.000000
844	Q9Y3D6	FIS1	Q9Y3D6	1	member	1:Q9Y3D6:reviewed_human	0.000190
845	Q5T1M5;A0A0A0MT60;Q5T1M5-2;X6RKW4;Q5T1M5-3	FKBP15	Q5T1M5	1	member	1:Q5T1M5:reviewed_human	0.000000
846	P62942;Q1JUQ5;Q5W0X3;A0A087WZM5;Q5VVH2;Q1JUQ3;A0A087WTS4;A0A087WV48	FKBP1A;FKBP12-Exip2	P62942	1	member	1:P62942:reviewed_human	0.010360
847	P26885;F5H0N4	FKBP2	P26885	1	member	1:P26885:reviewed_human	0.002104
848	Q00688;G3V5F2	FKBP3	Q00688	1	member	1:Q00688:reviewed_human	0.000541
849	Q02790;F5H1U3;F5H120;H0YFG2	FKBP4	Q02790	1	member	1:Q02790:reviewed_human	0.001232
850	P20930;CON__P20930	FLG	P20930	1	member	1:P20930:reviewed_human	0.000099
851	Q5D862;CON__Q5D862	FLG2	Q5D862	1	member	1:Q5D862:reviewed_human	0.000656
852	K7EP37;K7EP27	FLII	Q13045	gene	member_via_gene	1:K7EP37:unreviewed/9606; 2:K7EP27:unreviewed/9606; gene:FLII:Q13045	0.000000
853	P21333;P21333-2;Q5HY54;Q60FE5;A0A087WWY3;F8WE98;H0Y5C6;Q14315;H0Y5F3;Q14315-2;O75369;O75369-8;O75369-6;O75369-3;O75369-2;O75369-9;E7EN95;O75369-5;O75369-4;O75369-7	FLNA	P21333	1	member	1:P21333:reviewed_human	0.002255
854	O75955;O75955-2;A2AB09;A2AB10;A2AB12;A0A0G2JJQ6;A2AB13;A2AB11;A2ABJ5	FLOT1	O75955	1	member	1:O75955:reviewed_human	0.058883
855	J3QLD9;K7EKW9;K7EJ47;J3QKZ4	FLOT2	Q14254	gene	member_via_gene	1:J3QLD9:unreviewed/9606; 2:K7EKW9:unreviewed/9606; 3:K7EJ47:unreviewed/9606; 4:J3QKZ4:unreviewed/9606; gene:FLOT2:Q14254	0.000000
856	Q14254;E7EMK3	FLOT2	Q14254	1	member_duplicate_entry	1:Q14254:reviewed_human	0.105905
857	Q9NZU1	FLRT1	Q9NZU1	1	member	1:Q9NZU1:reviewed_human	0.001575
858	Q9H479	FN3K	Q9H479	1	member	1:Q9H479:reviewed_human	0.020543
859	Q9HA64;I3L139;I3L2G3;I3L378;I3L3W5;I3L2K8;I3L407	FN3KRP	Q9HA64	1	member	1:Q9HA64:reviewed_human	0.017842
860	Q5VW36;S4R400;S4R450;S4R3N8	FOCAD	Q5VW36	1	member	1:Q5VW36:reviewed_human	0.006640
861	Q9P2Q2;F8WAN4	FRMD4A	Q9P2Q2	1	member	1:Q9P2Q2:reviewed_human	0.000000
862	H0YKW6	FRMD5	Q7Z6J6	gene	member_via_gene	1:H0YKW6:unreviewed/9606; gene:FRMD5:Q7Z6J6	0.000000
863	O94915;D6RJI4;F2Z2S2;O94915-2	FRYL	O94915	1	member	1:O94915:reviewed_human	0.000000
864	Q5H9T9	FSCB	Q5H9T9	1	member	1:Q5H9T9:reviewed_human	0.003297
865	Q16658;C9JFC0;A0A0A0MSB2;C9JPH9	FSCN1	Q16658	1	member	1:Q16658:reviewed_human	0.013154
866	P02794;G3V192;G3V1D1;E9PRK8;E9PKY7;E9PPQ4;E9PQR3;E9PKM5;E9PK45;Q8N4E7	FTH1	P02794	1	member	1:P02794:reviewed_human	0.004175
867	P02792;A0A087X1B9	FTL	P02792	1	member	1:P02792:reviewed_human	0.000990
868	Q8N0W3;Q8N0W3-2;J3KSP6;J3KTP6;I3L171;I3L1X0;I3L3J1;I3L106	FUK	Q8N0W3	1	member	1:Q8N0W3:reviewed_human	0.001215
869	Q10981;E7EW73;Q10981-2	FUT2	Q10981	1	member	1:Q10981:reviewed_human	0.000000
870	P06241;P06241-2;P06241-3;P06239;E5RK23;E5RFM4;E5RHF7;E5RGM6;E5RI25;E5RFM0;E5RGT0;E5RH71;E5RIX5;E5RFS5;Q573B4;P06239-3	FYN	P06241	1	member	1:P06241:reviewed_human	0.000000
871	Q13283;E5RH00;E5RI46;E5RIF8;E5RH42;E5RIZ6;E5RJU8;Q13283-2	G3BP1	Q13283	1	member	1:Q13283:reviewed_human	0.001996
872	Q9UN86;Q9UN86-2	G3BP2	Q9UN86	1	member	1:Q9UN86:reviewed_human	0.000000
873	P11413;P11413-2;P11413-3;E7EUI8;E9PD92;E7EM57	G6PD	P11413	1	member	1:P11413:reviewed_human	0.018927
874	O95166	GABARAP	O95166	1	member	1:O95166:reviewed_human	0.000000
875	Q9H0R8;F5GZY7;Q9H0R8-2;H6UMI1;F5GX12;F5H007;G3V1T7	GABARAPL1;GABARAP	Q9H0R8	1	member	1:Q9H0R8:reviewed_human	0.000083
876	P60520;H3BSM5;H3BQ50;H3BU36	GABARAPL2	P60520	1	member	1:P60520:reviewed_human	0.001614
877	O14976;O14976-2;A0A087X1U9;D6RAW3;H0Y8H5;D6RF16;D6RC24;D6RAQ7;D6RE78	GAK	O14976	1	member	1:O14976:reviewed_human	0.000362
878	Q14376;Q5QPP3;Q5QPP4;Q14376-2;Q5QPP9;Q5QPP1;A0A0E3D6K8	GALE	Q14376	1	member	1:Q14376:reviewed_human	0.000441
879	P51570;K7ERJ9;P51570-2	GALK1	P51570	1	member	1:P51570:reviewed_human	0.000101
880	Q10471;Q10471-2	GALNT2	Q10471	1	member	1:Q10471:reviewed_human	0.001381
881	Q8N4A0;F8VUJ3;Q8N4A0-2;Q8IXK2	GALNT4;POC1B-GALNT4	Q8N4A0	1	member	1:Q8N4A0:reviewed_human	0.000024
882	Q8NCL4;S4R3M3;S4R3A9;S4R3S5;S4R345	GALNT6	Q8NCL4	1	member	1:Q8NCL4:reviewed_human	0.000002
883	P07902;P07902-2;H0YJL3;G3V3U5;G3V223;F2Z2X9;G3V4G9	GALT	P07902	1	member	1:P07902:reviewed_human	0.000028
884	Q14697;F5H6X6	GANAB	Q14697	1	member	1:Q14697:reviewed_human	0.009078
885	Q14697-2;E9PKU7;E9PNH1;Q14697-3	GANAB	Q14697	1	member_duplicate_entry	1:Q14697:reviewed_human	0.000000
886	P04406	GAPDH	P04406	1	member	1:P04406:reviewed_human	0.476834
887	P04406-2;E7EUT5	GAPDH	P04406	1	member_duplicate_entry	1:P04406:reviewed_human	0.000000
888	O14556	GAPDHS	O14556	1	member	1:O14556:reviewed_human	0.000000
889	Q14C86-2;Q14C86;Q14C86-6;Q14C86-4;Q14C86-5;H0Y7I9	GAPVD1	Q14C86	1	member	1:Q14C86:reviewed_human	0.015742
890	Q14C86-3;F8W9S7;C9IZ08;B4DGD8;H0Y4E7;B0QZ65;A0A0A0MQV8;C9IZX9	GAPVD1	Q14C86	1	member_duplicate_entry	1:Q14C86:reviewed_human	0.000000
891	P22102;P22102-2;F8WD69	GART	P22102	1	member	1:P22102:reviewed_human	0.000589
892	Q8NHY3;A0A0C4DGV2;A0A075B7B7;Q8NHY3-2	GAS2L2	Q8NHY3	1	member	1:Q8NHY3:reviewed_human	0.000000
893	Q04446;E9PGM4	GBE1	Q04446	1	member	1:Q04446:reviewed_human	0.001955
894	Q92538;Q92538-3;Q92538-2	GBF1	Q92538	1	member	1:Q92538:reviewed_human	0.009169
895	P02774;D6RBJ7;D6RF35;P02774-2;P02774-3	GC	P02774	1	member	1:P02774:reviewed_human	0.000000
896	P48506;E1CEI4;A0A0C4DGB2;D6R959;H0Y9I7;D6REX4;H0YAB6;D6RGF8;O43432-2	GCLC	P48506	1	member	1:P48506:reviewed_human	0.083238
897	P48507;P48507-2	GCLM	P48507	1	member	1:P48507:reviewed_human	0.025992
898	Q9NZC3;H3BRL5;H3BNA5;H3BU22	GDE1	Q9NZC3	1	member	1:Q9NZC3:reviewed_human	0.000034
899	P31150;G5E9U5	GDI1	P31150	1	member	1:P31150:reviewed_human	0.001805
900	P50395;P50395-2;Q5SX87;Q5SX86;V9GYF8;Q5SX90;Q5SX91;V9GYJ7;F8WE59	GDI2	P50395	1	member	1:P50395:reviewed_human	0.118411
901	Q8N9F7;J3QRR6;Q8N9F7-2;Q8N9F7-3	GDPD1	Q8N9F7	1	member	1:Q8N9F7:reviewed_human	0.000000
902	Q8TEQ6	GEMIN5	Q8TEQ6	1	member	1:Q8TEQ6:reviewed_human	0.000000
903	Q7L5D6;Q7L5D6-2;C9JPA8;C9JHN8;C9JY46	GET4	Q7L5D6	1	member	1:Q7L5D6:reviewed_human	0.000084
904	Q9BVM4	GGACT	Q9BVM4	1	member	1:Q9BVM4:reviewed_human	0.010602
905	O75223;M0QZK8;O75223-3;B8ZZK2;H7BZK5;O75223-2;O75223-4;A0A0B4J1Y4	GGCT	O75223	1	member	1:O75223:reviewed_human	0.002926
906	Q9NWU2	GID8	Q9NWU2	1	member	1:Q9NWU2:reviewed_human	0.000000
907	Q9H4G4;Q5VZR0;A0A087WUM5;A0A088AWP7	GLIPR2	Q9H4G4	1	member	1:Q9H4G4:reviewed_human	0.004511
908	Q92990;Q92990-2;M0QX84	GLMN	Q92990	1	member	1:Q92990:reviewed_human	0.000000
909	Q04760;Q04760-2	GLO1	Q04760	1	member	1:Q04760:reviewed_human	0.033215
910	Q9HC38-2;F6TLX2;Q9HC38;I3L3Q4;Q9HC38-3;I3L1I0;I3L1F4	GLOD4	Q9HC38	1	member	1:Q9HC38:reviewed_human	0.017752
911	P35754	GLRX	P35754	1	member	1:P35754:reviewed_human	0.033472
912	O76003	GLRX3	O76003	1	member	1:O76003:reviewed_human	0.013661
913	Q86SX6	GLRX5	Q86SX6	1	member	1:Q86SX6:reviewed_human	0.000162
914	P15104;A0A087WYJ1	GLUL	P15104	1	member	1:P15104:reviewed_human	0.000166
915	O60547;O60547-2	GMDS	O60547	1	member	1:O60547:reviewed_human	0.000211
916	P60983;G3V4P8;M0QYJ8	GMFB	P60983	1	member	1:P60983:reviewed_human	0.001327
917	O60234;M0QYG8;M0R1D2;M0R0C1;M0QX47	GMFG	O60234	1	member	1:O60234:reviewed_human	0.000265
918	Q96IJ6;Q96IJ6-2;A0A087WUI8;F8WD54;C9J255;C9JAH0	GMPPA	Q96IJ6	1	member	1:Q96IJ6:reviewed_human	0.005821
919	Q9Y5P6;Q9Y5P6-2	GMPPB	Q9Y5P6	1	member	1:Q9Y5P6:reviewed_human	0.002553
920	P36959;Q9P0U4;Q9P0U4-2	GMPR	P36959	1	member	1:P36959:reviewed_human	0.026465
921	H0YNS9	GMPR2	Q9P2T1	gene	member_via_gene	1:H0YNS9:unreviewed/9606; gene:GMPR2:Q9P2T1	0.000000
922	Q9P2T1;Q9P2T1-3;Q9P2T1-2;H0YMB3;H0YNJ6;H0YLV5;A0A087WWM4;F8WAN9;H0YNH0;H0YK13;H0YMV5;H0YLB8;H0YMR9;H0YK71;H0YN22;A0A0B4J281;H0YMG3;H0YMW6;H0YKK3;H0YN74;H0YL68;H0YKE1	GMPR2	Q9P2T1	1	member_duplicate_entry	1:Q9P2T1:reviewed_human	0.006002
923	P49915;P49915-2	GMPS	P49915	1	member	1:P49915:reviewed_human	0.000873
924	P29992;K7EL62;A0A087WVZ3	GNA11	P29992	1	member	1:P29992:reviewed_human	0.000320
925	Q14344;Q14344-2	GNA13	Q14344	1	member	1:Q14344:reviewed_human	0.013788
926	O95837	GNA14	O95837	1	member	1:O95837:reviewed_human	0.000000
927	P63096;P63096-2;C9JPP4;C9JL77	GNAI1	P63096	1	member	1:P63096:reviewed_human	0.000466
928	P04899;P04899-4;P04899-3;P04899-5;P04899-2;P04899-6;P09471-2;F8WE78	GNAI2	P04899	1	member	1:P04899:reviewed_human	0.002090
929	P08754;P19087;P09471;A8MTJ3;P11488;H3BTM2	GNAI3	P08754	1	member	1:P08754:reviewed_human	0.002393
930	P38405-3	GNAL	P38405	1	member	1:P38405:reviewed_human	0.000000
931	P50148;B1AM21;Q03113;E9PC54;Q03113-3;Q03113-2	GNAQ	P50148	1	member	1:P50148:reviewed_human	0.010954
932	P63092-3;P63092;P63092-2;P63092-4;Q5JWF2-2;Q5JWF2;S4R3E3;H0Y7F4;A0A0A0MR13;Q5JWE9;P38405;P38405-2;S4R3V9;A2A2R6;Q5JWD1;K7EQ80;K7EPE2;A0A087WTB6;H0Y7E8;A0A087WZE5	GNAS	P63092	1	member	1:P63092:reviewed_human	0.001898
933	P19086	GNAZ	P19086	1	member	1:P19086:reviewed_human	0.000026
934	P62873;P62873-2;B3KVK2;F6X3N5;F6UT28;B1AKQ8;P16520;F5H0S8;E9PCP0;F5H8J8;F5H100;P16520-2	GNB1	P62873	1	member	1:P62873:reviewed_human	0.003775
935	P62879;E7EP32;C9JXA5;C9JIS1;P62879-2;C9JZN1	GNB2	P62879	1	member	1:P62879:reviewed_human	0.000261
936	Q9HAV0;C9JD14;H7C5J5	GNB4	Q9HAV0	1	member	1:Q9HAV0:reviewed_human	0.000000
937	P59768;G3V3J9;G3V2N0;G3V2C9;G3V415	GNG2	P59768	1	member	1:P59768:reviewed_human	0.000016
938	P63218	GNG5	P63218	1	member	1:P63218:reviewed_human	0.001181
939	O60262	GNG7	O60262	1	member	1:O60262:reviewed_human	0.000000
940	P36915;P36915-2;A2AB27	GNL1	P36915	1	member	1:P36915:reviewed_human	0.002483
941	P46926;D6R9P4;D6RAY7;D6RFF8;P46926-2;D6RB13;D6R917;V9GYK3;V9GYW0;D6RFK5	GNPDA1	P46926	1	member	1:P46926:reviewed_human	0.001426
942	Q8TDQ7;Q8TDQ7-2;Q8TDQ7-3;Q8TDQ7-4;Q8TDQ7-5	GNPDA2	Q8TDQ7	1	member	1:Q8TDQ7:reviewed_human	0.000066
943	A6NEM1;A6NEF3;D6RB28;H0YKK7;A6NEY3;J3KQ80;A0A0G2JNH6;A0A0G2JM30;A0A087X0T7;A0A087WVD5;A6NEM1-2	GOLGA6L9;GOLGA6L4;GOLGA6L18;GOLGA6L19;GOLGA6L3;GOLGA6L10	A6NEM1	1	member	1:A6NEM1:reviewed_human	0.000212
944	Q7Z5G4;Q7Z5G4-3;Q2TAP0;M0R0R5	GOLGA7	Q7Z5G4	1	member	1:Q7Z5G4:reviewed_human	0.000022
945	Q9H4A6;D6REM1	GOLPH3	Q9H4A6	1	member	1:Q9H4A6:reviewed_human	0.000000
946	Q9Y3E0;G3V1U5;F5H6U7;F5GWD8;F5GXH6	GOLT1B	Q9Y3E0	1	member	1:Q9Y3E0:reviewed_human	0.000052
947	Q9H8Y8;Q9H8Y8-2;Q9H8Y8-3	GORASP2	Q9H8Y8	1	member	1:Q9H8Y8:reviewed_human	0.000000
948	O14653;I3L1K7;I3L4Z6;E7EQ34;O14653-3;O14653-2;I3L3V4;I3L0K1	GOSR2	O14653	1	member	1:O14653:reviewed_human	0.000020
949	P17174;P17174-2	GOT1	P17174	1	member	1:P17174:reviewed_human	0.039378
950	P00505;P00505-2	GOT2	P00505	1	member	1:P00505:reviewed_human	0.000000
951	Q9NQX3;Q9NQX3-2;F5H039;H0YJ30;G3V582;H0YJR5;G3V4R0;G3V355	GPHN	Q9NQX3	1	member	1:Q9NQX3:reviewed_human	0.008740
952	P06744;A0A0A0MTS2;P06744-2;K7EQ48;K7EPY4;K7EP41;K7ERC6;K7ENA0;K7ELR7;K7ERK8;K7EIL4	GPI	P06744	1	member	1:P06744:reviewed_human	0.018665
953	Q9NPR9;M0QYF6;M0R1G1	GPR108	Q9NPR9	1	member	1:Q9NPR9:reviewed_human	0.000000
954	Q86V85	GPR180	Q86V85	1	member	1:Q86V85:reviewed_human	0.000046
955	B7ZAQ6;B7ZAQ6-2;B7ZAQ6-3;P0CG08;A6NKF9;U3KPV2;E9PKY3;A0A087WW78;A0A087WW82	GPR89A;GPR89B;GPR89C	B7ZAQ6	1	member	1:B7ZAQ6:reviewed_human	0.000000
956	Q8WXG9;Q8WXG9-2;Q8WXG9-3	GPR98	Q8WXG9	1	member	1:Q8WXG9:reviewed_human	0.000000
957	Q5T6X5;Q5T6X5-2;Q5T6X5-3	GPRC6A	Q5T6X5	1	member	1:Q5T6X5:reviewed_human	0.000000
958	A0A096LP07;A8K070;A0A096LPJ3;J3KSA5;J3KRJ4;J3QLT0;J3KTB0;J3QS88;J3QL53;J3QLE8;J3KRE8;J3QS84;J3QQX0	GPS1	Q13098	gene	member_via_gene	1:A0A096LP07:unreviewed/9606; 2:A8K070:unreviewed/9606; 3:A0A096LPJ3:unreviewed/9606; 4:J3KSA5:unreviewed/9606; 5:J3KRJ4:unreviewed/9606; 6:J3QLT0:unreviewed/9606; 7:J3KTB0:unreviewed/9606; 8:J3QS88:unreviewed/9606; 9:J3QL53:unreviewed/9606; 10:J3QLE8:unreviewed/9606; 11:J3KRE8:unreviewed/9606; 12:J3QS84:unreviewed/9606; 13:J3QQX0:unreviewed/9606; gene:GPS1:Q13098	0.000075
959	C9JFE4;Q13098-5;Q13098-7;Q13098;Q13098-6	GPS1	Q13098	2	member_duplicate_entry	1:C9JFE4:unreviewed/9606; 2:Q13098:reviewed_human	0.023939
960	P24298	GPT	P24298	1	member	1:P24298:reviewed_human	0.000118
961	P07203;A0A087WUQ6;P07203-2	GPX1	P07203	1	member	1:P07203:reviewed_human	0.047335
962	P36969;A0A087X2I2;A0A087WT12;P36969-2;K7ERP4;K7EJ20;K7EKX7;K7ENB4;R4GNE4;A0A0A0MTT1;A0A087X247	GPX4	P36969	1	member	1:P36969:reviewed_human	0.002415
963	Q9UBQ7;U3KQ56;Q9UBQ7-2	GRHPR	Q9UBQ7	1	member	1:Q9UBQ7:reviewed_human	0.006929
964	H0YCP9;E9PPG3;H0YEI4;Q7Z429;H0YC98	GRINA	Q7Z429	4	member_via_later_token	1:H0YCP9:unreviewed/9606; 2:E9PPG3:unreviewed/9606; 3:H0YEI4:unreviewed/9606; 4:Q7Z429:reviewed_human	0.000000
965	P43250-2;P43250;P43250-3;F8W9W2;D6RHX8;D6RHC7;D6RDA3;P34947;P32298;D6R9V4;P32298-3;P32298-4;P32298-2	GRK6	P43250	1	member	1:P43250:reviewed_human	0.000619
966	Q5TC63;Q5TC63-2;Q5TC63-3	GRTP1	Q5TC63	1	member	1:Q5TC63:reviewed_human	0.000101
967	P57764;G3V1A6	GSDMD	P57764	1	member	1:P57764:reviewed_human	0.000003
968	P49840;A8MT37;M0QYV0;P49841;P49841-2	GSK3A	P49840	1	member	1:P49840:reviewed_human	0.000000
969	P06396;A0A0A0MS51;A0A0A0MT01;CON__Q3SX14;P06396-2;P06396-4;P06396-3;Q5T0H8;Q5T0I1;Q5T0I0	GSN	P06396	1	member	1:P06396:reviewed_human	0.000112
970	P15170-3;P15170-2;P15170;H3BR35;Q8IYD1;H3BSV8;H3BMT9	GSPT1	P15170	1	member	1:P15170:reviewed_human	0.000874
971	P00390;P00390-2;P00390-3;P00390-4;P00390-5;E5RI06;H0YC68	GSR	P00390	1	member	1:P00390:reviewed_human	0.038509
972	P48637;P48637-2	GSS	P48637	1	member	1:P48637:reviewed_human	0.027108
973	P09210;P08263	GSTA2;GSTA1	P09210	1	member	1:P09210:reviewed_human	0.000064
974	P28161;E9PLF1;E9PHN7;E9PHN6;F6XZQ7;P28161-2;Q03013;P09488;P46439;P09488-2;H3BQT3;B9ZVX7;Q5T8Q9;A0A0A0MR85;Q5T8R1;E7EWW9;Q03013-3;Q03013-2	GSTM2	P28161	1	member	1:P28161:reviewed_human	0.000256
975	P21266;A0A0A0MTN3	GSTM3	P21266	1	member	1:P21266:reviewed_human	0.001922
976	P78417;P78417-3;Q5TA02;P78417-2;Q5TA01	GSTO1	P78417	1	member	1:P78417:reviewed_human	0.272881
977	P09211;A8MX94;A0A087X2E9;A0A087X243	GSTP1	P09211	1	member	1:P09211:reviewed_human	0.024978
978	P30711;A0A0G2JRQ5;A0A0G2JQM0;A0A0G2JRN4;P30711-2;A0A0G2JQD2;A0A0G2JMS2;A0A0G2JQD8;A0A0G2JRG0;Q4W251;A0A0G2JRJ5	GSTT1	P30711	1	member	1:P30711:reviewed_human	0.010697
979	O00178;B0QY59;F5H716;F5H257	GTPBP1	O00178	1	member	1:O00178:reviewed_human	0.000222
980	Q96NT3-2;Q96NT3-3;Q96NT3;B5MCF3;E7EX77;E9PGZ7;A0A087WVD9	GUCD1	Q96NT3	1	member	1:Q96NT3:reviewed_human	0.000068
981	Q8N442	GUF1	Q8N442	1	member	1:Q8N442:reviewed_human	0.000000
982	B1ANH0;Q16774-2;B1ANG9;Q16774-3	GUK1	Q16774	2	member_via_later_token	1:B1ANH0:unreviewed/9606; 2:Q16774:reviewed_human	0.000035
983	Q16774;B1ANH5;B1ANH6;B1ANH2;B1ANH3	GUK1	Q16774	1	member_duplicate_entry	1:Q16774:reviewed_human	0.004410
984	P08236;P08236-2;P08236-3;F8WBK6;F2Z3L6	GUSB	P08236	1	member	1:P08236:reviewed_human	0.000000
985	P46976;P46976-2;C9JQ42;P46976-3;G5E9W8;C9J7C7;C9J8R8	GYG1	P46976	1	member	1:P46976:reviewed_human	0.000508
986	P02724;A0A087WU29;A0A0C4DFT7;P02724-3;P02724-2;Q13030;E7EQF3;E9PD10;E9PH25;REV__J3QSD7;REV__Q9NYV4-3;REV__Q9NYV4-2;REV__Q9NYV4	GYPA;GPErik	P02724	1	member	1:P02724:reviewed_human	0.014842
987	P04921;P04921-2;P04921-3;Q9UHC6;Q9UHC6-2	GYPC	P04921	1	member	1:P04921:reviewed_human	0.001580
988	P13807;P13807-2;P54840;M0QYU1	GYS1	P13807	1	member	1:P13807:reviewed_human	0.075180
989	P0C0S5;Q71UI9;C9J0D1;Q71UI9-2;Q71UI9-4;Q71UI9-5;E5RJU1	H2AFZ;H2AFV	P0C0S5	1	member	1:P0C0S5:reviewed_human	0.000000
990	Q9P035;H3BS72;H3BPZ1;Q9P035-2;H3BRL8;H3BMZ1	HACD3	Q9P035	1	member	1:Q9P035:reviewed_human	0.000356
991	Q8IYU2;Q8IYU2-3;Q8IYU2-4;Q8IYU2-2;E5RHI1;H0YAU8;H0YBH3	HACE1	Q8IYU2	1	member	1:Q8IYU2:reviewed_human	0.000134
992	P40939;H0YFD6;P40939-2	HADHA	P40939	1	member	1:P40939:reviewed_human	0.000000
993	H3BV79	HAGH	Q16775	gene	member_via_gene	1:H3BV79:unreviewed/9606; gene:HAGH:Q16775	0.000034
994	Q16775;Q16775-3	HAGH	Q16775	1	member_duplicate_entry	1:Q16775:reviewed_human	0.077824
995	Q16775-2;H3BPK3;H3BPQ4;H3BQW8	HAGH	Q16775	1	member_duplicate_entry	1:Q16775:reviewed_human	0.000130
996	P12081;P12081-4;B4DDD8;B3KWE1;P12081-3;P12081-2;E7ETE2;B4E1C5;P49590;D6RF05;D6RJE6;P49590-2	HARS	P12081	1	member	1:P12081:reviewed_human	0.000293
997	P69905	HBA1	P69905	1	member	1:P69905:reviewed_human	22.378467
998	G3V1N2	HBA2			no_reviewed_human_entry	1:G3V1N2:unreviewed/9606; gene:HBA2:unmapped	0.189468
999	F8W6P5	HBB	P68871	gene	member_via_gene	1:F8W6P5:unreviewed/9606; gene:HBB:P68871	0.004861
1000	P68871	HBB	P68871	1	member_duplicate_entry	1:P68871:reviewed_human	26.591212
1001	E9PEW8;C9JRG0;A8MUF7	HBD	P02042	gene	member_via_gene	1:E9PEW8:unreviewed/9606; 2:C9JRG0:unreviewed/9606; 3:A8MUF7:?/?; gene:HBD:P02042	0.004669
1002	P02042;E9PFT6	HBD	P02042	1	member_duplicate_entry	1:P02042:reviewed_human	4.042046
1003	P69891	HBG1	P69891	1	member	1:P69891:reviewed_human	0.092410
1004	E9PBW4	HBG2	P69892	gene	member_via_gene	1:E9PBW4:unreviewed/9606; gene:HBG2:P69892	0.000000
1005	P69892	HBG2	P69892	1	member_duplicate_entry	1:P69892:reviewed_human	0.539088
1006	Q6B0K9	HBM	Q6B0K9	1	member	1:Q6B0K9:reviewed_human	0.017982
1007	P09105;REV__B5MEC4	HBQ1	P09105	1	member	1:P09105:reviewed_human	0.055945
1008	Q9Y450;Q9Y450-4;B7Z524;H0YDX7;J3QT46;Q9Y450-2;E9PJ90;E9PN23;G5E991;E9PMN1;E9PLR4;H0YES5;E9PHZ9;E9PS53	HBS1L	Q9Y450	1	member	1:Q9Y450:reviewed_human	0.000053
1009	P02008	HBZ	P02008	1	member	1:P02008:reviewed_human	0.130296
1010	P51610;P51610-2;P51610-4;A6NEM2;P51610-3;H7C1C4	HCFC1	P51610	1	member	1:P51610:reviewed_human	0.000001
1011	P08631;H0Y3C5;J3KPD6;P08631-3;P08631-2;P08631-4	HCK	P08631	1	member	1:P08631:reviewed_human	0.000000
1012	P14317;E7EVW7;P14317-2;F8WDD5;F8WEZ6	HCLS1	P14317	1	member	1:P14317:reviewed_human	0.000197
1013	Q9UBN7;A6NDI8;E7EPS2;Q9UBN7-2;C9J172;E9PEH1;E7EP63;E7ER52;C9JEF4	HDAC6	Q9UBN7	1	member	1:Q9UBN7:reviewed_human	0.000007
1014	Q7Z4H3;Q7Z4H3-2;V9GYS5;V9GZ04;Q7Z4H3-3	HDDC2	Q7Z4H3	1	member	1:Q7Z4H3:reviewed_human	0.000558
1015	Q8N4P3;H0YNP9;Q8N4P3-2;H0YKT9	HDDC3	Q8N4P3	1	member	1:Q8N4P3:reviewed_human	0.000865
1016	P51858;P51858-3;P51858-2	HDGF	P51858	1	member	1:P51858:reviewed_human	0.003020
1017	Q08623;E7EVH9;Q08623-3;Q08623-4;Q08623-2	HDHD1	Q08623	1	member	1:Q08623:reviewed_human	0.000253
1018	Q9H0R4;K7ER15;K7EMY7;K7EQD2;K7EJQ8;Q9H0R4-2;K7EKX8	HDHD2	Q9H0R4	1	member	1:Q9H0R4:reviewed_human	0.002535
1019	Q7Z4Q2;Q7Z4Q2-2	HEATR3	Q7Z4Q2	1	member	1:Q7Z4Q2:reviewed_human	0.000000
1020	Q6AI08;K7ELR8;A0A087WXZ7;K7EIX2	HEATR6	Q6AI08	1	member	1:Q6AI08:reviewed_human	0.000000
1021	Q9NRV9;F5GWX2;H0YG71	HEBP1	Q9NRV9	1	member	1:Q9NRV9:reviewed_human	0.029895
1022	Q9Y5Z4;Q9Y5Z4-2;Q5THN1;C9IZA0	HEBP2	Q9Y5Z4	1	member	1:Q9Y5Z4:reviewed_human	0.000597
1023	Q5T447;Q5T447-2	HECTD3	Q5T447	1	member	1:Q5T447:reviewed_human	0.002892
1024	J3KPF0;F8VWT9;Q9Y4D8;Q9Y4D8-4;Q9Y4D8-2;Q9Y4D8-5;Q9Y4D8-3;F8VU57;V9GYT9	HECTD4	Q9Y4D8	3	member_via_later_token	1:J3KPF0:unreviewed/9606; 2:F8VWT9:unreviewed/9606; 3:Q9Y4D8:reviewed_human	0.005291
1025	Q9BXL5	HEMGN	Q9BXL5	1	member	1:Q9BXL5:reviewed_human	0.000256
1026	Q9BTY7;E9PIX0	HGH1	Q9BTY7	1	member	1:Q9BTY7:reviewed_human	0.001491
1027	O14964;O14964-2;I3L1P5;I3L1E3;I3L165;I3L2H4	HGS	O14964	1	member	1:O14964:reviewed_human	0.003975
1028	A8MVS5	HIDE1	A8MVS5	1	member	1:A8MVS5:reviewed_human	0.000000
1029	P49773;D6REP8;D6RE99;D6RD60;D6RC06;H0YC49	HINT1	P49773	1	member	1:P49773:reviewed_human	0.048750
1030	Q9NQE9	HINT3	Q9NQE9	1	member	1:Q9NQE9:reviewed_human	0.000000
1031	P0C0S8;Q9BTM1;Q99878;Q93077;Q7L7L0;P04908;Q96KK5;P20671;P16104;H0YFX9;Q9BTM1-2;Q8IUE6	HIST1H2AG;H2AFJ;HIST1H2AJ;HIST1H2AC;HIST3H2A;HIST1H2AB;HIST1H2AH;HIST1H2AD;H2AFX;HIST2H2AB	P0C0S8	1	member	1:P0C0S8:reviewed_human	0.001900
1032	Q99880;Q93079;Q99879;Q99877;Q5QNW6;P58876;O60814;P62807;U3KQK0;Q5QNW6-2;P57053;P33778;Q16778;P23527;P06899;Q8N257;Q96A08	HIST1H2BL;HIST1H2BH;HIST1H2BM;HIST1H2BN;HIST2H2BF;HIST1H2BD;HIST1H2BK;HIST1H2BC;H2BFS;HIST1H2BB;HIST2H2BE;HIST1H2BO;HIST1H2BJ;HIST3H2BB	Q99880	1	member	1:Q99880:reviewed_human	0.000829
1033	P68431;P84243;Q71DI3;Q16695;K7EK07;Q6NXT2;K7EMV3;B4DEB1;K7ES00;Q5TEC6;K7EP01	HIST1H3A;H3F3A;HIST2H3A;HIST3H3;H3F3B;H3F3C;HIST2H3PS2	P68431	1	member	1:P68431:reviewed_human	0.001030
1034	P62805	HIST1H4A	P62805	1	member	1:P62805:reviewed_human	0.000900
1035	Q6FI13;Q16777;Q96QV6;C9J386;Q71UI9-3	HIST2H2AA3;HIST2H2AC;HIST1H2AA	Q6FI13	1	member	1:Q6FI13:reviewed_human	0.000277
1036	Q5T1R4;Q5T1R4-2	HIVEP3	Q5T1R4	1	member	1:Q5T1R4:reviewed_human	0.000000
1037	Q8NCD3;Q8NCD3-3;Q8NCD3-2	HJURP	Q8NCD3	1	member	1:Q8NCD3:reviewed_human	0.000000
1038	P30453;P16190;P30459;P16189;Q9GJ45;P10314;P30457;P18462;A0A0G2JPD3;P30450;P30456	HLA-A	P04439	gene	member_via_gene	1:P30453:?/?; 2:P16190:?/?; 3:P30459:?/?; 4:P16189:?/?; 5:Q9GJ45:unreviewed/9606; 6:P10314:?/?; 7:P30457:?/?; 8:P18462:?/?; 9:A0A0G2JPD3:unreviewed/9606; 10:P30450:?/?; 11:P30456:?/?; gene:HLA-A:P04439	0.000000
1039	P01891;P10316;P01892;A0A0G2JNY4;B0UXQ0;P16188;P30512;P30460;P30466;A0A087WWL9;Q29940;P30493;P30480;P30479;P30462;P18463;P04439;Q9TNN7;P10321;A2BF26;Q5SRN7;O19617;A0A0G2JIF0;Q5SRN5;A2AEA2;A0A0G2JH50;Q29960-2;P30492;P13746;Q29963;Q29960;Q07000;P30508;P30505;P13746-2;P30455;P01889;Q31612;P05534;A0A0G2JI36;A0A0G2JIF2;A0A0G2JL56;Q95365;Q31610;Q29836;Q29718;Q04826;P30685;P30498;P30495;P30491;P30490;P30488;P30487;P30486;P30485;P30484;P30483;P30481;P30475;P30464;P30461;P18464;P03989;P30447;P30443;P30501;Q09160;P30499;P18465;P10319;P01893;Q29865;P30510;P30504;Q95604;F6U0H7	HLA-A;HLA-B;HLA-C	P04439	17	member_duplicate_entry	1:P01891:?/?; 2:P10316:?/?; 3:P01892:?/?; 4:A0A0G2JNY4:?/?; 5:B0UXQ0:unreviewed/9606; 6:P16188:?/?; 7:P30512:?/?; 8:P30460:?/?; 9:P30466:?/?; 10:A0A087WWL9:?/?; 11:Q29940:?/?; 12:P30493:?/?; 13:P30480:?/?; 14:P30479:?/?; 15:P30462:?/?; 16:P18463:?/?; 17:P04439:reviewed_human	0.000000
1040	P13747;Q6DU44	HLA-E	P13747	1	member	1:P13747:reviewed_human	0.000000
1041	Q8TCT9;Q8TCT9-5;Q8TCT9-2;A0A075B6F6;Q8TCT9-4;A0A0C4DGU3	HM13	Q8TCT9	1	member	1:Q8TCT9:reviewed_human	0.000071
1042	P08397;P08397-2;F5H345;P08397-4;P08397-3;F5GY90;F5H226;F5H0P4;F5H4X2;F5H4W5	HMBS	P08397	1	member	1:P08397:reviewed_human	0.062904
1043	Q92619;F5H1R4;K7ES98;K7EM85;Q92619-2;K7ES92	HMHA1	Q92619	1	member	1:Q92619:reviewed_human	0.000000
1044	Q9UK76;Q9UK76-2;J3KT51;J3KSH8;Q9UK76-3	HN1	Q9UK76	1	member	1:Q9UK76:reviewed_human	0.000020
1045	Q9H910;H3BU16;A6NGP5;Q9H910-2;Q9H910-3;H3BMT0;H3BTV5;H3BMV3	HN1L	Q9H910	1	member	1:Q9H910:reviewed_human	0.000171
1046	P09651;F8W6I7;P09651-3;P09651-2;F8VZ49;Q32P51;F8VTQ5;F8W646;F8VYN5;H0YH80	HNRNPA1;HNRNPA1L2	P09651	1	member	1:P09651:reviewed_human	0.004236
1047	P22626;P22626-2;A0A087WUI2	HNRNPA2B1	P22626	1	member	1:P22626:reviewed_human	0.000174
1048	P51991;P51991-2	HNRNPA3	P51991	1	member	1:P51991:reviewed_human	0.000029
1049	Q99729-3;D6R9P3;D6RD18;D6RBZ0;A0A087WZV1;Q99729-2;Q99729;Q99729-4	HNRNPAB	Q99729	1	member	1:Q99729:reviewed_human	0.000222
1050	P07910;P07910-2;G3V576;G3V4W0;B4DY08;B2R5W2;G3V4C1;G3V2Q1;P07910-4;G3V555;G3V575;P07910-3;O60812;B7ZW38;B2RXH8;G3V5X6;G3V3K6;G3V251;B4DSU6;A0A0G2JPF8;A0A0G2JNQ3;P0DMR1;G3V2H6;G3V4M8;G3V5V7;G3V2D6	HNRNPC;HNRNPCL1;HNRNPCL3;HNRNPCL2;HNRNPCL4	P07910	1	member	1:P07910:reviewed_human	0.000133
1051	Q14103;Q14103-3;H0YA96;H0Y8G5;Q14103-4;Q14103-2;D6RF44;D6RAF8;D6RBQ9	HNRNPD	Q14103	1	member	1:Q14103:reviewed_human	0.000265
1052	P52597	HNRNPF	P52597	1	member	1:P52597:reviewed_human	0.000639
1053	P31943;E9PCY7;G8JLB6;H0YB39;P55795;H0YBG7;H0YBD7;D6RBM0;E5RGV0;E7EN40;D6RIU0;E5RGH4;E7EQJ0;D6RAM1;H0YAQ2;D6R9T0;D6RFM3;D6RIT2;D6RDU3;D6RJ04;D6RIH9;D6RDL0	HNRNPH1;HNRNPH2	P31943	1	member	1:P31943:reviewed_human	0.000700
1054	P31942;P31942-2;P31942-3;P31942-6;P31942-5;P31942-4	HNRNPH3	P31942	1	member	1:P31942:reviewed_human	0.000343
1055	P61978;P61978-2;P61978-3;Q5T6W2;S4R359;S4R457	HNRNPK	P61978	1	member	1:P61978:reviewed_human	0.003321
1056	P52272;P52272-2;A0A087X0X3;M0R0Y6;M0QY96;M0R2I7;M0QYQ7;M0R0N3;M0R019;M0R2T0	HNRNPM	P52272	1	member	1:P52272:reviewed_human	0.000000
1057	H0Y300;P00738;A0A0C4DGL8;J3QLC9;J3QR68;A0A087WU08;P00738-2;H3BS21;P00739;P00739-2;A0A0A0MRD9;J3KRH2	HP	P00738	2	member_via_later_token	1:H0Y300:unreviewed/9606; 2:P00738:reviewed_human	0.014359
1058	P00492;Q9NRG1;Q9NRG1-2	HPRT1	P00492	1	member	1:P00492:reviewed_human	0.052168
1059	P02790;Q9BS19	HPX	P02790	1	member	1:P02790:reviewed_human	0.000028
1060	P01112;P01112-2	HRAS	P01112	1	member	1:P01112:reviewed_human	0.000060
1061	Q86YZ3;CON__Q86YZ3	HRNR	Q86YZ3	1	member	1:Q86YZ3:reviewed_human	0.001872
1062	Q8NBQ5;D6RCD0	HSD17B11	Q8NBQ5	1	member	1:Q8NBQ5:reviewed_human	0.000155
1063	Q53GQ0;E9PI21;Q53GQ0-2	HSD17B12	Q53GQ0	1	member	1:Q53GQ0:reviewed_human	0.001271
1064	P07900;P07900-2;G3V2J8;Q14568;Q58FG0;Q58FG1;H0YJF5	HSP90AA1	P07900	1	member	1:P07900:reviewed_human	0.067519
1065	P08238;Q58FF7	HSP90AB1	P08238	1	member	1:P08238:reviewed_human	0.007661
1066	Q58FF8	HSP90AB2P	Q58FF8	1	member	1:Q58FF8:reviewed_human	0.000188
1067	Q58FF6	HSP90AB4P	Q58FF6	1	member	1:Q58FF6:reviewed_human	0.002159
1068	P14625;Q96GW1;H0YIV0;F8W026;Q58FF3	HSP90B1	P14625	1	member	1:P14625:reviewed_human	0.007892
1069	P0DMV9;P0DMV8;A0A0G2JIW1;P0DMV8-2;V9GZ37	HSPA1B;HSPA1A	P0DMV9	1	member	1:P0DMV9:reviewed_human	0.055303
1070	P34931;Q53FA3	HSPA1L	P34931	1	member	1:P34931:reviewed_human	0.000194
1071	P54652	HSPA2	P54652	1	member	1:P54652:reviewed_human	0.000314
1072	P34932;A0A087WYC1;A0A087WTS8;P34932-2	HSPA4	P34932	1	member	1:P34932:reviewed_human	0.025729
1073	P11021	HSPA5	P11021	1	member	1:P11021:reviewed_human	0.012454
1074	P17066;P48741	HSPA6;HSPA7	P17066	1	member	1:P17066:reviewed_human	0.002282
1075	A8K7Q2;E9PS65	HSPA8	P11142	gene	member_via_gene	1:A8K7Q2:unreviewed/9606; 2:E9PS65:unreviewed/9606; gene:HSPA8:P11142	0.000000
1076	E9PN89	HSPA8	P11142	gene	member_duplicate_entry	1:E9PN89:unreviewed/9606; gene:HSPA8:P11142	0.000000
1077	E9PQK7	HSPA8	P11142	gene	member_duplicate_entry	1:E9PQK7:unreviewed/9606; gene:HSPA8:P11142	0.000000
1078	P11142;E9PKE3;E9PNE6;P11142-2;E9PLF4;E9PQQ4;E9PK54;E9PPY6;E9PN25;E9PM13;E9PI65	HSPA8	P11142	1	member_duplicate_entry	1:P11142:reviewed_human	0.165806
1079	P38646;D6RA73;D6RJI2;H0YBG6	HSPA9	P38646	1	member	1:P38646:reviewed_human	0.000049
1080	P04792;F8WE04;C9J3N8	HSPB1	P04792	1	member	1:P04792:reviewed_human	0.006836
1081	Q9NZL4;Q9NZL4-3;Q9NZL4-2;K7EL16;K7EN20;K7ERT9;K7EKM6;K7EMM7	HSPBP1	Q9NZL4	1	member	1:Q9NZL4:reviewed_human	0.000374
1082	C9JL25;P10809-2;C9JL19;C9JCQ4;C9J0S9	HSPD1	P10809	2	member_via_later_token	1:C9JL25:unreviewed/9606; 2:P10809:reviewed_human	0.000000
1083	P10809;E7EXB4;E7ESH4	HSPD1	P10809	1	member_duplicate_entry	1:P10809:reviewed_human	0.000054
1084	P61604;B8ZZL8;S4R3N1;B8ZZ54	HSPE1;HSPE1-MOB4	P61604	1	member	1:P61604:reviewed_human	0.000001
1085	P98160	HSPG2	P98160	1	member	1:P98160:reviewed_human	0.000023
1086	Q92598;Q92598-2;Q92598-3;Q92598-4;A0A0A0MSM0;R4GN69;Q5TBM3	HSPH1	Q92598	1	member	1:Q92598:reviewed_human	0.001599
1087	Q9BUP3;Q9BUP3-3;E9PI87;Q9BUP3-2	HTATIP2	Q9BUP3	1	member	1:Q9BUP3:reviewed_human	0.000000
1088	P42858	HTT	P42858	1	member	1:P42858:reviewed_human	0.000343
1089	A0A087X1S3	HUWE1	Q7Z6Z7	gene	member_via_gene	1:A0A087X1S3:unreviewed/9606; gene:HUWE1:Q7Z6Z7	0.000000
1090	Q7Z6Z7;Q7Z6Z7-3;Q7Z6Z7-2;H0Y659;A0A087X146;Q5H963;A5YM72;A5YM72-2;A5YM72-4;A5YM72-5;A5YM72-3	HUWE1	Q7Z6Z7	1	member_duplicate_entry	1:Q7Z6Z7:reviewed_human	0.023863
1091	Q4G0P3	HYDIN	Q4G0P3	1	member	1:Q4G0P3:reviewed_human	0.000000
1092	Q9Y4L1;A0A087X054;E9PJ21;A0A087WWI4;K7EQK2;Q9Y4L1-2;J3KTF1;J3QL06;Q9BST8;J3QQH7;J3QLE9;A0A087WW13;A0A087X214	HYOU1	Q9Y4L1	1	member	1:Q9Y4L1:reviewed_human	0.000709
1093	Q2TAA2;H7C5G1;Q2TAA2-2;C9JE02;C9JDY4;C9J5J2	IAH1	Q2TAA2	1	member	1:Q2TAA2:reviewed_human	0.002102
1094	P32942;K7ERN2;K7EP52	ICAM3	P32942	1	member	1:P32942:reviewed_human	0.000090
1095	Q14773-2;Q14773;Q14773-3	ICAM4	Q14773	1	member	1:Q14773:reviewed_human	0.000825
1096	P14735;P14735-2;Q5T5N3	IDE	P14735	1	member	1:P14735:reviewed_human	0.008846
1097	O75874;C9J4N6;C9JJE5;C9JLU6	IDH1	O75874	1	member	1:O75874:reviewed_human	0.003508
1098	P48735;P48735-2;H0YL11	IDH2	P48735	1	member	1:P48735:reviewed_human	0.000013
1099	Q9Y5U9	IER3IP1	Q9Y5U9	1	member	1:Q9Y5U9:reviewed_human	0.000032
1100	P80217;P80217-2	IFI35	P80217	1	member	1:P80217:reviewed_human	0.000348
1101	Q13325;Q13325-2	IFIT5	Q13325	1	member	1:Q13325:reviewed_human	0.000405
1102	Q9UG01;Q9UG01-2;H7C161	IFT172	Q9UG01	1	member	1:Q9UG01:reviewed_human	0.000343
1103	P78318	IGBP1	P78318	1	member	1:P78318:reviewed_human	0.001574
1104	P01876;P01877;A0A0G2JMB2;A0A075B6N7	IGHA1;IGHA2	P01876	1	member	1:P01876:reviewed_human	0.000033
1105	A0A0G2JNK4;A0A087X010;A0A087WV47;A0A087WYE1;P01857;A0A0A0MS08;A0A087X1C7;A0A087X079;A0A087WYC5;A0A0A0MS07;S4R3C0;A0A0A0MS11;A0A075B7F1;A0A0C4DH37;A0A0C4DH35;A0A0C4DH30;A0A0B4J1X5;A0A0B4J1U8;A0A075B7E8;A0A0B4J1Y9;A0A075B7D8;P01765;P01779;P01776;P01764;P01775;P01774	IGHG1	P01857	5	member_via_later_token	1:A0A0G2JNK4:?/?; 2:A0A087X010:?/?; 3:A0A087WV47:?/?; 4:A0A087WYE1:?/?; 5:P01857:reviewed_human	0.001177
1106	P01859;A0A0G2JN06	IGHG2	P01859	1	member	1:P01859:reviewed_human	0.000412
1107	A0A0G2JQL4;A0A075B6N9;A0A087X2C0;A0A087WYJ9;P01871;P01871-2;P04220	IGHM	P01871	5	member_via_later_token	1:A0A0G2JQL4:?/?; 2:A0A075B6N9:?/?; 3:A0A087X2C0:?/?; 4:A0A087WYJ9:?/?; 5:P01871:reviewed_human	0.000000
1108	S4R460;A0A0B4J2B5;A0A087WW89;P01777;P01766	IGHV3OR16-9;IGHV3-72	P01766	5	member_via_later_token	1:S4R460:?/?; 2:A0A0B4J2B5:unreviewed/9606; 3:A0A087WW89:?/?; 4:P01777:?/?; 5:P01766:reviewed_human	0.000000
1109	A0A0A0MTQ6;A0A087X0P6;A0A087X0Q4;A0A087WW87;A0A075B6R1;A0A0A0MRZ7;A0A075B6S6;A0A075B6S3;A0A075B6S2;A0A075B6P5;P01617;P01614;P06309;P06310	IGKV2D-28;IGKV2D-29;IGKV2-40;IGKV2D-40;IGKV2D-26;IGKV2D-30;IGKV2-30	A0A087WW87	4	member_via_later_token	1:A0A0A0MTQ6:?/?; 2:A0A087X0P6:?/?; 3:A0A087X0Q4:?/?; 4:A0A087WW87:reviewed_human	0.000000
1110	A0A087WZW8;A0A087X1V9;A0A087WYL9;A0A087WWV8;A0A087WTX5;P01834;A0A087X130;A0A075B6H6;A0A087WUS2;A0A0A0MRZ8;P04433	IGKV3-11;IGKC;IGKV1-8	P01834	6	member_via_later_token	1:A0A087WZW8:?/?; 2:A0A087X1V9:?/?; 3:A0A087WYL9:?/?; 4:A0A087WWV8:?/?; 5:A0A087WTX5:?/?; 6:P01834:reviewed_human	0.000350
1111	Q13123;D6RCQ4;D6RAY9;D6REL4;Q9H4P6;E7EQZ7	IK	Q13123	1	member	1:Q13123:reviewed_human	0.000000
1112	Q70UQ0;Q70UQ0-4;Q70UQ0-2	IKBIP	Q70UQ0	1	member	1:Q70UQ0:reviewed_human	0.000199
1113	Q12905;B4DY09;X6R6Z1;A0A0A0MRL0	ILF2	Q12905	1	member	1:Q12905:reviewed_human	0.000008
1114	Q12906;Q12906-4;Q12906-5;Q12906-2;Q12906-6;Q12906-3;Q12906-7;K7EQR9;K7EKJ9;K7ER69;K7ERM6;K7ENK6;K7EM82;K7EJ09;K7EKY0;Q96SI9;K7EQ75;Q96SI9-2	ILF3	Q12906	1	member	1:Q12906:reviewed_human	0.008056
1115	A1L0T0;E9PJS0;M0R026;M0R1B5;E9PL44;M0QZX5	ILVBL	A1L0T0	1	member	1:A1L0T0:reviewed_human	0.000009
1116	B9A008	IMP4			no_reviewed_human_entry	1:B9A008:unreviewed/9606; gene:IMP4:ambiguous:Q8TCT7;Q96G21	0.000000
1117	Q9NQS7;Q9NQS7-2	INCENP	Q9NQS7	1	member	1:Q9NQS7:reviewed_human	0.000000
1118	Q27J81;Q27J81-2;A0A0A0MQU1;Q27J81-3	INF2	Q27J81	1	member	1:Q27J81:reviewed_human	0.000309
1119	Q14642;Q5T1B5	INPP5A	Q14642	1	member	1:Q14642:reviewed_human	0.000037
1120	Q92835;Q92835-2;Q92835-3;H0Y5Q9;H7C403;O15357;Q7Z7G1;D6RJB9;A0A0A0MSJ4;A0A0A0MTP6;Q7Z7G1-3;O15357-2	INPP5D	Q92835	1	member	1:Q92835:reviewed_human	0.003027
1121	P06213;P06213-2	INSR	P06213	1	member	1:P06213:reviewed_human	0.000008
1122	Q9H0H0;J3KMZ7	INTS2	Q9H0H0	1	member	1:Q9H0H0:reviewed_human	0.000000
1123	Q9UI26;Q9UI26-2;F8WDV0;D6RCN7;D6RJB1;H0Y8M5;E7EMB7;D6RCQ2;F8WBN4	IPO11	Q9UI26	1	member	1:Q9UI26:reviewed_human	0.000982
1124	O94829	IPO13	O94829	1	member	1:O94829:reviewed_human	0.000018
1125	Q8TEX9;Q8TEX9-2;H0YN14;H0YMR4;H0YN07;H0YLV0;H0YL92;H0YK93;H0YKG5	IPO4	Q8TEX9	1	member	1:Q8TEX9:reviewed_human	0.013651
1126	H0Y3V4	IPO5	O00410	gene	member_via_gene	1:H0Y3V4:unreviewed/9606; gene:IPO5:O00410	0.000014
1127	O00410;O00410-3;H0Y8C6;O00410-2;E7ETV3;E7EQT5;E7EV12;C9JMV5;E7EX05;E7EWK4;C9JZD8;O60518;C9JZ53;C9JQT6;E7ESA1;E7ESZ1;E7ETV8;C9J875;C9JXE0;C9J583;F8WF30	IPO5	O00410	1	member_duplicate_entry	1:O00410:reviewed_human	0.014293
1128	O95373;E9PLB2;O15397;E9PLJ0;O15397-2	IPO7	O95373	1	member	1:O95373:reviewed_human	0.010840
1129	Q96P70;Q5SVH5	IPO9	Q96P70	1	member	1:Q96P70:reviewed_human	0.020016
1130	Q86XH1;A0A0A0MSY6;Q86XH1-2;Q86XH1-5	IQCA1	Q86XH1	1	member	1:Q86XH1:reviewed_human	0.000000
1131	Q96DY2;F8VZV9;Q96DY2-3;Q96DY2-2	IQCD	Q96DY2	1	member	1:Q96DY2:reviewed_human	0.000000
1132	P46940;H0YLE8;Q86VI3;H0YKA5;A0A087WWP1;F2Z2E2;A0A087X225	IQGAP1	P46940	1	member	1:P46940:reviewed_human	0.001199
1133	Q13576;E7EWC2;F5H7S7;D6R939;Q13576-3;Q13576-2;E9PDT6;D6RDK8	IQGAP2	Q13576	1	member	1:Q13576:reviewed_human	0.001134
1134	A0A087WWK8;Q6DN90;A0A0C4DGT3;Q6DN90-2;Q5JU85;Q5JU85-2;Q5JU85-3	IQSEC1	Q6DN90	2	member_via_later_token	1:A0A087WWK8:?/?; 2:Q6DN90:reviewed_human	0.000101
1135	P51617;P51617-4;H7C2I6;H7C224;D3YTB5;P51617-2;P51617-3	IRAK1	P51617	1	member	1:P51617:reviewed_human	0.000000
1136	O43187	IRAK2	O43187	1	member	1:O43187:reviewed_human	0.000102
1137	Q14653;M0QYT9;M0R0X9;M0QXC8;M0R205;M0QZB8;M0QZB7;Q14653-4	IRF3	Q14653	1	member	1:Q14653:reviewed_human	0.000235
1138	Q92985;E9PSE3;M9RSF4;Q92985-2;Q92985-4	IRF7	Q92985	1	member	1:Q92985:reviewed_human	0.000001
1139	Q8WZA9;M0QZP8	IRGQ	Q8WZA9	1	member	1:Q8WZA9:reviewed_human	0.003568
1140	Q9Y4H2	IRS2	Q9Y4H2	1	member	1:Q9Y4H2:reviewed_human	0.000000
1141	P05161;A0A096LPJ4;A0A096LNZ9	ISG15	P05161	1	member	1:P05161:reviewed_human	0.000757
1142	Q96AZ6;H0YMM4;H3BLY5;Q96AZ6-2	ISG20	Q96AZ6	1	member	1:Q96AZ6:reviewed_human	0.000105
1143	Q96CN7;D6RGE2	ISOC1	Q96CN7	1	member	1:Q96CN7:reviewed_human	0.000161
1144	Q96AB3;K7ENV7;K7EKW4;Q96AB3-3;Q96AB3-2	ISOC2	Q96AB3	1	member	1:Q96AB3:reviewed_human	0.000000
1145	P53990-4;P53990;P53990-2;P53990-5;H3BUI0;P53990-3;H3BMU1;H3BQF7;J3KR23;F5GXM3;P53990-6;H3BRE2;H3BPP6;H3BQ38;E9PF00	IST1	P53990	1	member	1:P53990:reviewed_human	0.006656
1146	Q9NPH2;Q9NPH2-2;Q9NPH2-3;J3QS51;J3KRH4	ISYNA1	Q9NPH2	1	member	1:Q9NPH2:reviewed_human	0.000005
1147	Q9H0X4;Q9H0X4-2;B4DGG1;H7C2U8;C9J3Y6;C9IYB9;C9K0C5;H7C3L6;C9JP72;C9J1M4;C9J8V3;C9JJN3;C9JR71;C9JTF7	ITFG3	Q9H0X4	1	member	1:Q9H0X4:reviewed_human	0.000280
1148	P05556;P05556-2;P05556-5;P05556-4;P05556-3;C9JPK5;E7ERX5;Q5T3E6;E9PLR6;E7EUI6;E7EQW5	ITGB1	P05556	1	member	1:P05556:reviewed_human	0.000072
1149	P19827;P19827-2;F8WAS2;H7C0N0;P19827-3	ITIH1	P19827	1	member	1:P19827:reviewed_human	0.000000
1150	Q9BY32;Q9BY32-3;Q9BY32-2	ITPA	Q9BY32	1	member	1:Q9BY32:reviewed_human	0.000312
1151	Q15811;F8W7U0;Q15811-12;Q15811-11;Q15811-3;Q15811-10;Q15811-7;Q15811-2;Q15811-4;Q15811-9;Q15811-8;Q15811-6;A8CTZ0;Q15811-13;Q15811-5;C9JQZ7;D6PAW0;H0Y7J7;H7C429;H0Y523	ITSN1	Q15811	1	member	1:Q15811:reviewed_human	0.000884
1152	Q8N5M9;A0A087WY88	JAGN1	Q8N5M9	1	member	1:Q8N5M9:reviewed_human	0.000000
1153	Q6NYC1;B2WTI3;B2WTI4;K7EJU9;Q6NYC1-2;Q6NYC1-3	JMJD6	Q6NYC1	1	member	1:Q6NYC1:reviewed_human	0.000097
1154	Q15040;B0QY57;B0QY56;H0YGT9;B0QY55	JOSD1	Q15040	1	member	1:Q15040:reviewed_human	0.000035
1155	P14923;C9JTX4;C9J826;C9JK18;C9JKY1;P35222;B4DGU4;P35222-2	JUP	P14923	1	member	1:P14923:reviewed_human	0.000877
1156	O60229;C9IZQ6;H7BXZ5;J3QSW6;O60229-2	KALRN	O60229	1	member	1:O60229:reviewed_human	0.000000
1157	Q15046;Q15046-2;H3BRC9;J3KRL2;H3BPV7;H3BVA8	KARS	Q15046	1	member	1:Q15046:reviewed_human	0.000029
1158	O95251;O95251-2;E7EUP3;O95251-3;O95251-5;O95251-4	KAT7	O95251	1	member	1:O95251:reviewed_human	0.000000
1159	Q8IYT4;K7EM02;K7EIJ8;Q8IYT4-2	KATNAL2	Q8IYT4	1	member	1:Q8IYT4:reviewed_human	0.016514
1160	Q9BVA0;H3BTU7	KATNB1	Q9BVA0	1	member	1:Q9BVA0:reviewed_human	0.000000
1161	Q9P0J7;C9J3I2	KCMF1	Q9P0J7	1	member	1:Q9P0J7:reviewed_human	0.001473
1162	Q13303;Q13303-2;Q13303-4;Q13303-3;Q13303-5;Q5TG81;Q5TG80;Q14722;Q14722-2;Q14722-3;C9JQ60;K7EKU4;C9JBV8;K7EIR5;Q5TG84;A0A087X1P8;F8W6W4;B7Z8E5	KCNAB2	Q13303	1	member	1:Q13303:reviewed_human	0.000000
1163	Q99712	KCNJ15	Q99712	1	member	1:Q99712:reviewed_human	0.000000
1164	Q5SVK0;H0Y379;Q5SVJ8	KCNMA1	Q12791	gene	member_via_gene	1:Q5SVK0:unreviewed/9606; 2:H0Y379:unreviewed/9606; 3:Q5SVJ8:unreviewed/9606; gene:KCNMA1:Q12791	0.000000
1165	O15554;D1MQ08;M0R1J0;M0QZ70;M0R2E8;M0R2F1	KCNN4	O15554	1	member	1:O15554:reviewed_human	0.000130
1166	Q7Z4H8;Q7Z4H8-3;Q7Z4H8-2;H0YEM3	KDELC2	Q7Z4H8	1	member	1:Q7Z4H8:reviewed_human	0.000020
1167	P24390;P24390-2;M0R1Y2;P33947-2	KDELR1;KDELR2	P24390	1	member	1:P24390:reviewed_human	0.000000
1168	P33947;O43731;O43731-2	KDELR2;KDELR3	P33947	1	member	1:P33947:reviewed_human	0.000000
1169	O60341;O60341-2	KDM1A	O60341	1	member	1:O60341:reviewed_human	0.000000
1170	Q8NHM5;Q8NHM5-4;Q8NHM5-2;Q8NHM5-3;F5H4X4;F5H4A7;S4R3G4;F8WBN2;A0A0C4DGG3;F6SRV7;Q8NHM5-5	KDM2B	Q8NHM5	1	member	1:Q8NHM5:reviewed_human	0.000428
1171	Q9Y4C1;F5H070	KDM3A	Q9Y4C1	1	member	1:Q9Y4C1:reviewed_human	0.000000
1172	Q9UGL1;B3KV94;Q9UGL1-2	KDM5B	Q9UGL1	1	member	1:Q9UGL1:reviewed_human	0.000000
1173	E7ETW3	KEL	P23276	gene	member_via_gene	1:E7ETW3:unreviewed/9606; gene:KEL:P23276	0.020752
1174	P23276;E9PHG0;H0Y8A1	KEL	P23276	1	member_duplicate_entry	1:P23276:reviewed_human	0.016104
1175	Q14667;Q14667-2;Q08E86;K7EQ86;Q14667-3	KIAA0100	Q14667	1	member	1:Q14667:reviewed_human	0.000000
1176	Q12767;Q12767-2;C9JL75;J3QQW3;J3QLC5;J3QRT3;J3QRY7	KIAA0195	Q12767	1	member	1:Q12767:reviewed_human	0.000272
1177	Q12768;E7EQI7	KIAA0196	Q12768	1	member	1:Q12768:reviewed_human	0.000000
1178	Q6ICG6;Q6ICG6-3;Q6ICG6-2;B0QY18;B0QY20;B0QY16;H7C1U5;V9GYW7;V9GZ62	KIAA0930	Q6ICG6	1	member	1:Q6ICG6:reviewed_human	0.000011
1179	Q2LD37;Q2LD37-4;Q2LD37-6;Q2LD37-7;H7C070;H0Y781;Q2LD37-2;H3BLT5;H7C0G8;H7C3N8;H7C121;Q2LD37-5	KIAA1109	Q2LD37	1	member	1:Q2LD37:reviewed_human	0.000061
1180	Q69YN4;Q69YN4-3;Q69YN4-4;Q69YN4-2;H0YBN5	KIAA1429	Q69YN4	1	member	1:Q69YN4:reviewed_human	0.000020
1181	A2RU67;Q69YM1	KIAA1467;DKFZp762C0813	A2RU67	1	member	1:A2RU67:reviewed_human	0.000101
1182	Q6ZVL6;H0YDE5;Q6ZVL6-2	KIAA1549L	Q6ZVL6	1	member	1:Q6ZVL6:reviewed_human	0.000890
1183	Q8IYS2;Q8IYS2-2;A0A0G2JP75	KIAA2013	Q8IYS2	1	member	1:Q8IYS2:reviewed_human	0.000092
1184	O95235;O95235-2	KIF20A	O95235	1	member	1:O95235:reviewed_human	0.000014
1185	P33176	KIF5B	P33176	1	member	1:P33176:reviewed_human	0.001434
1186	O60282;A0A0G2JMZ6;O60282-2	KIF5C	O60282	1	member	1:O60282:reviewed_human	0.000017
1187	Q07866;Q07866-4;Q07866-6;Q07866-2;G5E9S8;G3V2E7;F8W6L3;G3V3H3;G3V5R9;E7EVH7;Q07866-8;Q07866-3;Q07866-7;Q07866-5;Q07866-10;Q07866-9;H0YJU9;H0YJL0;H0YJT3;H0YG16	KLC1	Q07866	1	member	1:Q07866:reviewed_human	0.001920
1188	Q9NSK0;Q9NSK0-5;C9J8T5;Q9NSK0-4;Q9NSK0-3;C9JZE5;Q9H0B6;E9PQ02;A8MX29;A8MZ87;Q9H0B6-2;C9JXT5;C9JQU1;C9K0D5;Q9NSK0-2	KLC4	Q9NSK0	1	member	1:Q9NSK0:reviewed_human	0.000000
1189	O94889;O94889-2	KLHL18	O94889	1	member	1:O94889:reviewed_human	0.000276
1190	P50748;E7ES84;P50748-2	KNTC1	P50748	1	member	1:P50748:reviewed_human	0.000020
1191	P52294;C9JYI4;C9J4U1;C9JWD9;C9J352;F2Z3G4	KPNA1	P52294	1	member	1:P52294:reviewed_human	0.001302
1192	P52292	KPNA2	P52292	1	member	1:P52292:reviewed_human	0.000011
1193	O00505;H0Y4S9	KPNA3	O00505	1	member	1:O00505:reviewed_human	0.000087
1194	O00629;H7C4F6;A9QM74	KPNA4	O00629	1	member	1:O00629:reviewed_human	0.001913
1195	O15131;H0Y3K0;Q5TD90	KPNA5	O15131	1	member	1:O15131:reviewed_human	0.000003
1196	O60684;Q5TFJ7;S4R3E5	KPNA6	O60684	1	member	1:O60684:reviewed_human	0.038582
1197	Q14974;Q14974-2;J3KTM9;J3QR48;J3QKQ5;J3QRG4;J3KS06	KPNB1	Q14974	1	member	1:Q14974:reviewed_human	0.095019
1198	Q5T749	KPRP	Q5T749	1	member	1:Q5T749:reviewed_human	0.000000
1199	P01116	KRAS	P01116	1	member	1:P01116:reviewed_human	0.000015
1200	P01116-2;G3V4K2;G3V5T7	KRAS	P01116	1	member_duplicate_entry	1:P01116:reviewed_human	0.006272
1201	A0A0C4DH65	KRBA1	A5PL33	gene	member_via_gene	1:A0A0C4DH65:unreviewed/9606; gene:KRBA1:A5PL33	0.000000
1202	P04264;CON__P04264	KRT1	P04264	1	keratin	1:P04264:reviewed_human	0.265030
1203	P13645;CON__P13645;CON__P02535-1;Q7Z3Y7;CON__Q7Z3Y7;CON__Q148H6;Q7Z3Y8;CON__Q7Z3Y8;Q2M2I5;CON__Q2M2I5;Q7Z3Z0;CON__Q7Z3Z0	KRT10	P13645	1	keratin	1:P13645:reviewed_human	0.114208
1204	P13646;P13646-3;K7ERE3;CON__ENSEMBL:ENSP00000377550;CON__P13646-1;P13646-2;K7EMD9;K7EQH6;K7EMJ2	KRT13	P13646	1	keratin	1:P13646:reviewed_human	0.000429
1205	P02533;CON__P02533;CON__Q61782;Q99456;CON__Q99456	KRT14	P02533	1	keratin	1:P02533:reviewed_human	0.024794
1206	P08779;CON__P08779;K7ENW6;CON__Q9Z2K1;CON__Q3ZAW8;K7ENV3;CON__Q9D312;Q7Z3Y9;CON__Q7Z3Y9;Q8N1A0;CON__Q8N1A0;Q8N1A0-2	KRT16	P08779	1	keratin	1:P08779:reviewed_human	0.116930
1207	K7EPJ9	KRT17	Q04695	gene	keratin	1:K7EPJ9:unreviewed/9606; gene:KRT17:Q04695	0.000364
1208	Q04695;CON__Q04695;F5GWP8;K7ESE1;K7ELP7;CON__Q99PS0	KRT17	Q04695	1	keratin	1:Q04695:reviewed_human	0.006154
1209	P08727;CON__P08727;C9JM50;K7EMS3	KRT19	P08727	1	keratin	1:P08727:reviewed_human	0.000447
1210	P35908	KRT2	P35908	1	keratin	1:P35908:reviewed_human	0.080353
1211	P35900;CON__P35900	KRT20	P35900	1	keratin	1:P35900:reviewed_human	0.000026
1212	Q9C075;CON__Q9C075;J3QR55;Q9C075-2	KRT23	Q9C075	1	keratin	1:Q9C075:reviewed_human	0.000000
1213	Q15323;CON__Q9UE12;CON__Q15323;G3V1C2;Q6A163;CON__Q6IFU6	KRT31	Q15323	1	keratin	1:Q15323:reviewed_human	0.000728
1214	Q14532;CON__Q14532	KRT32	Q14532	1	keratin	1:Q14532:reviewed_human	0.000000
1215	O76009;CON__O76009;CON__Q6NTB9	KRT33A	O76009	1	keratin	1:O76009:reviewed_human	0.042870
1216	Q14525;CON__Q14525;A0A087X2I6	KRT33B	Q14525	1	keratin	1:Q14525:reviewed_human	0.000009
1217	O76011;CON__Q8IUT8;CON__O76011	KRT34	O76011	1	keratin	1:O76011:reviewed_human	0.000000
1218	Q92764;CON__Q92764;C4AM86	KRT35	Q92764	1	keratin	1:Q92764:reviewed_human	0.000035
1219	O76013;CON__O76013;O76013-2	KRT36	O76013	1	keratin	1:O76013:reviewed_human	0.000001
1220	P19013;CON__P19013;F8VX05;F8VZR6	KRT4	P19013	1	keratin	1:P19013:reviewed_human	0.000227
1221	P13647;CON__P13647;F8W0C6;H0YI76;H0YIN9;CON__P07744;F8W1U3;F8VV57;CON__H-INV:HIT000016045;F8VP67;F8VU69;F8VRG4;P14136;P14136-2;K7EJU1;P14136-3;P12036;B4DIR1;K7ELP4;K7EKH9;P12036-2;H0YHD9;CON__REFSEQ:XP_092267;F8VS61	KRT5	P13647	1	keratin	1:P13647:reviewed_human	0.013592
1222	P02538;CON__P02538;CON__Q8VED5;CON__H-INV:HIT000292931;Q8IWY7	KRT6A	P02538	1	keratin	1:P02538:reviewed_human	0.004955
1223	P04259	KRT6B	P04259	1	keratin	1:P04259:reviewed_human	0.000815
1224	P08729;CON__Q3KNV1;CON__P08729;P41219;H7C5W5;P41219-2	KRT7	P08729	1	keratin	1:P08729:reviewed_human	0.000025
1225	Q86Y46;CON__Q32MB2;H0YIC5;Q86Y46-2;Q3SY84;CON__Q3SY84;H0YIG3	KRT73;KRT71	Q86Y46	1	keratin	1:Q86Y46:reviewed_human	0.000065
1226	Q7RTS7;CON__Q7RTS7;F8W1S1	KRT74	Q7RTS7	1	keratin	1:Q7RTS7:reviewed_human	0.000141
1227	O95678;CON__O95678	KRT75	O95678	1	keratin	1:O95678:reviewed_human	0.000022
1228	Q7Z794;CON__Q7Z794	KRT77	Q7Z794	1	keratin	1:Q7Z794:reviewed_human	0.000000
1229	Q9NSB4;CON__Q9NSB4	KRT82	Q9NSB4	1	keratin	1:Q9NSB4:reviewed_human	0.000257
1230	P78385;CON__Q6NT21	KRT83	P78385	1	keratin	1:P78385:reviewed_human	0.000324
1231	P78386;CON__P78386;F5GYI5	KRT85	P78386	1	keratin	1:P78386:reviewed_human	0.008484
1232	O43790;CON__O43790	KRT86	O43790	1	keratin	1:O43790:reviewed_human	0.000012
1233	A6NCN2	KRT87P	A6NCN2	1	keratin	1:A6NCN2:reviewed_human	0.000330
1234	K7EQQ3	KRT9	P35527	gene	keratin	1:K7EQQ3:unreviewed/9606; gene:KRT9:P35527	0.000000
1235	P35527;CON__P35527	KRT9	P35527	1	keratin	1:P35527:reviewed_human	0.096019
1236	P60411;A0A087WT19	KRTAP10-9	P60411	1	keratin	1:P60411:reviewed_human	0.000000
1237	Q8IUC1	KRTAP11-1	Q8IUC1	1	keratin	1:Q8IUC1:reviewed_human	0.000000
1238	F5H1T9;CON__Q9BYR9;F5H6S0;Q9BYT5;Q9BYU5;Q9BYR9;P0C7H8	KRTAP2-1;KRTAP2-2;KRTAP2-4;KRTAP2-3	Q9BYT5	4	keratin	1:F5H1T9:unreviewed/9606; 2:contaminant_marker; 3:F5H6S0:?/?; 4:Q9BYT5:reviewed_human	0.000000
1239	Q53H82	LACTB2	Q53H82	1	member	1:Q53H82:reviewed_human	0.000116
1240	P55268	LAMB2	P55268	1	member	1:P55268:reviewed_human	0.000000
1241	P11047	LAMC1	P11047	1	member	1:P11047:reviewed_human	0.000000
1242	P11279;P11279-2	LAMP1	P11279	1	member	1:P11279:reviewed_human	0.000336
1243	Q6IAA8;F5GX19;F5H3Y3;H0YFI1;F5H479	LAMTOR1	Q6IAA8	1	member	1:Q6IAA8:reviewed_human	0.000017
1244	Q9Y2Q5;Q9Y2Q5-2;Q9Y2Q5-3	LAMTOR2	Q9Y2Q5	1	member	1:Q9Y2Q5:reviewed_human	0.000047
1245	Q9UHA4;Q9UHA4-2	LAMTOR3	Q9UHA4	1	member	1:Q9UHA4:reviewed_human	0.000015
1246	A0A087WV46;C9JXA7;Q0VGL1;A0A087X1E5;A0A087WT92	LAMTOR4	Q0VGL1	3	member_via_later_token	1:A0A087WV46:unreviewed/9606; 2:C9JXA7:unreviewed/9606; 3:Q0VGL1:reviewed_human	0.000000
1247	O43504;R4GMU8;E9PLX3;A0A0C4DGV4	LAMTOR5	O43504	1	member	1:O43504:reviewed_human	0.000170
1248	O43813;E9PHS0;F8WDS9;H7C2E3	LANCL1	O43813	1	member	1:O43813:reviewed_human	0.005114
1249	Q9NS86;H7BZ40	LANCL2	Q9NS86	1	member	1:Q9NS86:reviewed_human	0.004768
1250	P28838;P28838-2;H0Y9Q1	LAP3	P28838	1	member	1:P28838:reviewed_human	0.000542
1251	Q6PKG0;Q6PKG0-3;A0A0B4J210;E5RH50;H0YC33;H0YBW1;H0YC73;H0YBJ5;E5RHK4;H0YAN4;H0YBM7	LARP1	Q6PKG0	1	member	1:Q6PKG0:reviewed_human	0.000005
1252	Q9P2J5;Q9P2J5-3;Q9P2J5-2	LARS	Q9P2J5	1	member	1:Q9P2J5:reviewed_human	0.000000
1253	Q14847;Q14847-2;C9J9W2;Q14847-3;F6S2S5;K7ESD6;J3KSN1;O76041-2	LASP1	Q14847	1	member	1:Q14847:reviewed_human	0.006981
1254	Q5TA77	LCE3B	Q5TA77	1	member	1:Q5TA77:reviewed_human	0.000000
1255	Q6UWP7;Q6UWP7-3;C9K0C3;Q6UWP7-2;C9J5S5;C9JA02;C9JMW2;C9JUV9;C9JXY8;C9J6F4	LCLAT1	Q6UWP7	1	member	1:Q6UWP7:reviewed_human	0.000440
1256	Q9UIC8;Q9UIC8-3;Q9UIC8-2;I3L2E3;I3L537;I3L4A2	LCMT1	Q9UIC8	1	member	1:Q9UIC8:reviewed_human	0.000453
1257	X6R8F3;P80188-2;P80188	LCN2	P80188	2	member_via_later_token	1:X6R8F3:unreviewed/9606; 2:P80188:reviewed_human	0.000000
1258	P13796;P13796-2;Q5TBN3;P13797;A0A0A0MSQ0;P13797-3;P13797-2;Q5TBN5;U3KQI3;Q14651;C9JAM8	LCP1	P13796	1	member	1:P13796:reviewed_human	0.024853
1259	P00338;P00338-3;P00338-4;P00338-2;P00338-5;F5GXY2;F5GYU2;F5GXH2;F5H5J4;F5H6W8;F5GZQ4;F5H8H6;F5GXC7;F5GWW2;F5GXU1;Q6ZMR3;A0A087WUM2;P07864;F5H5G7;F5H155;G3XAP5;F5H245	LDHA	P00338	1	member	1:P00338:reviewed_human	0.064017
1260	P07195;A8MW50;C9J7H8;F5H793	LDHB	P07195	1	member	1:P07195:reviewed_human	0.372701
1261	O15165;O15165-6;O15165-8;O15165-5;O15165-3	LDLRAD4	O15165	1	member	1:O15165:reviewed_human	0.000078
1262	D6RD58	LECT2	O14960	gene	member_via_gene	1:D6RD58:unreviewed/9606; gene:LECT2:O14960	0.000000
1263	Q8NC56;H7C2Z0;D6RBV0	LEMD2	Q8NC56	1	member	1:Q8NC56:reviewed_human	0.000111
1264	A0A087X0N2;O15243	LEPROT	O15243	2	member_via_later_token	1:A0A087X0N2:unreviewed/9606; 2:O15243:reviewed_human	0.000032
1265	E5RIL0;H0YBC1;C9JVM4;E5RJS9;E5RHU8;O95214;O95214-2	LEPROTL1	O95214	6	member_via_later_token	1:E5RIL0:unreviewed/9606; 2:H0YBC1:unreviewed/9606; 3:C9JVM4:unreviewed/9606; 4:E5RJS9:unreviewed/9606; 5:E5RHU8:unreviewed/9606; 6:O95214:reviewed_human	0.000000
1266	P17931;G3V3R6	LGALS3	P17931	1	member	1:P17931:reviewed_human	0.010393
1267	O00214;O00214-2;E9PN19;F6V2D4;H7BXD8;Q5T3P9;B1ANM0;E9PJ77;E9PRN3	LGALS8	O00214	1	member	1:O00214:reviewed_human	0.000110
1268	O00182;O00182-2;Q6DKI2;Q3B8N2;J3KSY2;Q3B8N2-2;F8W9W4;J3KS82;J3QSH0;J3KT17;J3QR96;J3QS92;J3QRN8;J3KSV0;K7EPS0;J3KSA0	LGALS9	O00182	1	member	1:O00182:reviewed_human	0.000928
1269	Q6ZUX7	LHFPL2	Q6ZUX7	1	member	1:Q6ZUX7:reviewed_human	0.000018
1270	Q9H008;Q5T1Z0;Q9H008-2	LHPP	Q9H008	1	member	1:Q9H008:reviewed_human	0.004289
1271	A0A087WT39;V9GYI1	LIME1	Q9H400	gene	member_via_gene	1:A0A087WT39:unreviewed/9606; 2:V9GYI1:unreviewed/9606; gene:LIME1:Q9H400	0.000000
1272	A0A087WZP9	LIME1	Q9H400	gene	member_duplicate_entry	1:A0A087WZP9:unreviewed/9606; gene:LIME1:Q9H400	0.000000
1273	Q9H400;A0A087WUJ1;Q9H400-2;A0A087WT57;X6RKG5;V9GYV3	LIME1	Q9H400	1	member_duplicate_entry	1:Q9H400:reviewed_human	0.002097
1274	Q9NUP9;G3V1D4;O14910;Q9HAP6;H0YI92;H0YIA8	LIN7C	Q9NUP9	1	member	1:Q9NUP9:reviewed_human	0.000296
1275	Q05469;Q05469-2;M0R201	LIPE	Q05469	1	member	1:Q05469:reviewed_human	0.000000
1276	Q15334;A0A087WW77	LLGL1	Q15334	1	member	1:Q15334:reviewed_human	0.000017
1277	P49257	LMAN1	P49257	1	member	1:P49257:reviewed_human	0.000289
1278	Q12907;D6RBV2;D6RIU4;D6RDX1;D6RBH1	LMAN2	Q12907	1	member	1:Q12907:reviewed_human	0.007885
1279	Q9H0V9;Q9H0V9-2;Q9H0V9-3;F8WB07;F8WEK5	LMAN2L	Q9H0V9	1	member	1:Q9H0V9:reviewed_human	0.000807
1280	Q8WWI1;Q8WWI1-3;Q8WWI1-2;E9PMP7;H0Y424;E9PMS6;A0A0A0MTE2;E9PMT2;F8WD26;J3KP06;Q8WWI1-5;Q8WWI1-4;U3KQE6;H0YDQ3;H0YDG6	LMO7	Q8WWI1	1	member	1:Q8WWI1:reviewed_human	0.000000
1281	Q9C0E8;Q9C0E8-2;Q9C0E8-4;Q9C0E8-3;C9JL94;C9JM95	LNP	Q9C0E8	1	member	1:Q9C0E8:reviewed_human	0.000241
1282	Q9UIQ6;Q9UIQ6-3;Q9UIQ6-2	LNPEP	Q9UIQ6	1	member	1:Q9UIQ6:reviewed_human	0.000022
1283	Q6P1A2;F5H0M4;Q6P1A2-2;F5GYT3;B7Z3N5;F5H680;F5H7K7	LPCAT3	Q6P1A2	1	member	1:Q6P1A2:reviewed_human	0.000198
1284	Q14693;Q14693-2;Q14693-4;Q14693-3;Q14693-5;Q14693-7	LPIN1	Q14693	1	member	1:Q14693:reviewed_human	0.000000
1285	Q92539;J3KTK1;J3QQN0;Q9BQK8;H0Y5E1;Q9BQK8-2	LPIN2	Q92539	1	member	1:Q92539:reviewed_human	0.002109
1286	Q12912;H0YJC6;F8W9L6;F5H006;Q12912-2	LRMP	Q12912	1	member	1:Q12912:reviewed_human	0.000449
1287	Q8TF66;Q8TF66-2	LRRC15	Q8TF66	1	member	1:Q8TF66:reviewed_human	0.000053
1288	A0A0A0MS58;Q8TCA0;Q8TCA0-2;X6RK58;Q8TCA0-3	LRRC20	Q8TCA0	2	member_via_later_token	1:A0A0A0MS58:unreviewed/9606; 2:Q8TCA0:reviewed_human	0.000667
1289	Q9H9A6	LRRC40	Q9H9A6	1	member	1:Q9H9A6:reviewed_human	0.000000
1290	Q8N1G4	LRRC47	Q8N1G4	1	member	1:Q8N1G4:reviewed_human	0.000036
1291	Q8N9N7;H3BSW0	LRRC57	Q8N9N7	1	member	1:Q8N9N7:reviewed_human	0.003003
1292	Q96AG4;I3L223	LRRC59	Q96AG4	1	member	1:Q96AG4:reviewed_human	0.000091
1293	Q96NW7;A0A075B6E9;Q96NW7-2;Q96NW7-3;B1AKT2	LRRC7	Q96NW7	1	member	1:Q96NW7:reviewed_human	0.002167
1294	Q8NAA5;Q8NAA5-2	LRRC75A	Q8NAA5	1	member	1:Q8NAA5:reviewed_human	0.000000
1295	Q8IWT6	LRRC8A	Q8IWT6	1	member	1:Q8IWT6:reviewed_human	0.000000
1296	Q9Y333	LSM2	Q9Y333	1	member	1:Q9Y333:reviewed_human	0.000035
1297	P48449;P48449-2;P48449-3;C9J315;A0A0G2JQD0	LSS	P48449	1	member	1:P48449:reviewed_human	0.000000
1298	P09960;P09960-4;P09960-2;P09960-3;B4DEH5	LTA4H	P09960	1	member	1:P09960:reviewed_human	0.030806
1299	P02788;E7EQB2;E7ER44;P02788-2;C9JCF5	LTF	P02788	1	member	1:P02788:reviewed_human	0.000158
1300	Q9BS40;H7C5A4	LXN	Q9BS40	1	member	1:Q9BS40:reviewed_human	0.028500
1301	P07948-2;P07948;E5RJ37	LYN	P07948	1	member	1:P07948:reviewed_human	0.000845
1302	Q5VWZ2;Q5VWZ2-2	LYPLAL1	Q5VWZ2	1	member	1:Q5VWZ2:reviewed_human	0.000012
1303	Q99698;A0A0A0MRZ6;Q99698-3;Q99698-2	LYST	Q99698	1	member	1:Q99698:reviewed_human	0.000000
1304	P61626;F8VV32;A0A0B4J259	LYZ	P61626	1	member	1:P61626:reviewed_human	0.000000
1305	Q8WZA0;Q8WZA0-2;K7ES95	LZIC	Q8WZA0	1	member	1:Q8WZA0:reviewed_human	0.004562
1306	Q7L5Y9;B4DQT1;B4DVN3;E7ESC7;Q7L5Y9-3;Q7L5Y9-2;D6RIB6;Q7L5Y9-4;D6RID6;D6RDW4;D6REW7;Q7L5Y9-5	MAEA	Q7L5Y9	1	member	1:Q7L5Y9:reviewed_human	0.000078
1307	Q9UJ55;H0YDD5	MAGEL2	Q9UJ55	1	member	1:Q9UJ55:reviewed_human	0.000000
1308	P61326;Q96A72;F5H6P7;F5H3U9;F5H6N1;P61326-2	MAGOH;MAGOHB	P61326	1	member	1:P61326:reviewed_human	0.000157
1309	Q9H0U3;A0A087WU53	MAGT1	Q9H0U3	1	member	1:Q9H0U3:reviewed_human	0.000000
1310	P21145-3;P21145	MAL	P21145	1	member	1:P21145:reviewed_human	0.000026
1311	Q9NTJ4;Q9NTJ4-2;Q9NTJ4-4;Q9NTJ4-3;B4DH23;H3BMJ3;H3BUW3;H3BQH9;H3BRI3;A0A0C4DGU9;H3BRV3;H3BQJ2;H3BSE5	MAN2C1	Q9NTJ4	1	member	1:Q9NTJ4:reviewed_human	0.001101
1312	P55145;A8K878;H7C2D6	MANF	P55145	1	member	1:P55145:reviewed_human	0.000073
1313	Q66K74;Q66K74-2;M0QXE8;M0QZ50;M0QXQ9;M0R1J2	MAP1S	Q66K74	1	member	1:Q66K74:reviewed_human	0.000000
1314	Q02750;Q02750-2;H3BRW9	MAP2K1	Q02750	1	member	1:Q02750:reviewed_human	0.000195
1315	P36507;G5E9C7;M0R1B6	MAP2K2	P36507	1	member	1:P36507:reviewed_human	0.004636
1316	P46734;P46734-3;J3QR49;J3KRV4;P52564;P52564-2;X6RB39;J3QL77;K7ELM6;E9PMA8;K7EIW3	MAP2K3	P46734	1	member	1:P46734:reviewed_human	0.005578
1317	P46734-2;E9PRZ0	MAP2K3	P46734	1	member_duplicate_entry	1:P46734:reviewed_human	0.000033
1318	P27816;P27816-4;E7EVA0;P27816-5;H0Y2V1;H7C4C5;F8W9U4;P27816-2;P27816-6;B5MEG9	MAP4	P27816	1	member	1:P27816:reviewed_human	0.000000
1319	O95819;E7ESS2;O95819-5;E7ENQ1;G3XAA2;G5E948;E7EN19;A0A0D9SEY1;O95819-4;O95819-2;O95819-3;H7C360;E7EX83;A0A0D9SG62;C9J840;Q9UKE5;Q9UKE5-7;Q9UKE5-3;Q9UKE5-4;H7C0P6;Q9UKE5-8;Q9UKE5-5;Q9UKE5-6;Q9UKE5-2;E7ETN6;C9J338;I3L203;I3L1U1;H7C3Z6	MAP4K4;TNIK	O95819	1	member	1:O95819:reviewed_human	0.000051
1320	Q9Y4K4;A0A0A0MQR1;G3V3V7;G3V4Q4;G3V5C6;G3V4T8	MAP4K5	Q9Y4K4	1	member	1:Q9Y4K4:reviewed_human	0.000004
1321	P28482;P28482-2;P27361;E9PJF0;E9PQW4;P27361-2;P27361-3;B3KR49;E9PBK7;H0YDH9;Q16659;P31152;F8VZ13;K7ELV1;K7EN18;Q8TD08;I3L0J8;Q8TD08-2;Q8TD08-3;Q13164-4	MAPK1	P28482	1	member	1:P28482:reviewed_human	0.007479
1322	Q16539;Q16539-2;H7C4E2;B5TY33;Q16539-5;Q16539-3;Q16539-4	MAPK14	Q16539	1	member	1:Q16539:reviewed_human	0.000000
1323	Q8NDC0	MAPK1IP1L	Q8NDC0	1	member	1:Q8NDC0:reviewed_human	0.000076
1324	Q13164;Q13164-2;C9JUK9;Q13164-3;S4R3I1;J3KT61	MAPK7	Q13164	1	member	1:Q13164:reviewed_human	0.000905
1325	Q9BPZ7;Q9BPZ7-2;E9PGB8;B1AMA5;Q9BPZ7-5;Q9BPZ7-4;Q9BPZ7-6;Q9BPZ7-3;B1AMB1;B1AMA6;B1AMB2	MAPKAP1	Q9BPZ7	1	member	1:Q9BPZ7:reviewed_human	0.000055
1326	Q15691;Q15555;Q9UPY8;Q9UPY8-2;C9JB30;Q15555-4;Q15555-5;Q15555-3	MAPRE1	Q15691	1	member	1:Q15691:reviewed_human	0.002925
1327	Q969Z3;X1WI34;Q969Z3-2	MAR2_	Q969Z3	1	member	1:Q969Z3:reviewed_human	0.000589
1328	Q5T0T0;Q5T0T0-2;A0A0A0MSM7;A0A0G2JNS9	MARCH8_	Q5T0T0	1	member	1:Q5T0T0:reviewed_human	0.005230
1329	P49006	MARCKSL1	P49006	1	member	1:P49006:reviewed_human	0.000011
1330	E9PC69;Q7KZI7-8;Q7KZI7;Q7KZI7-14;Q7KZI7-3;Q7KZI7-11;Q7KZI7-4;Q7KZI7-16;Q7KZI7-12;Q7KZI7-6;E7ETY4;Q7KZI7-13;Q7KZI7-7;Q7KZI7-15;Q7KZI7-5;Q7KZI7-9;Q7KZI7-10;Q7KZI7-2;F5H4F6;F5H6N2;K7EN95;K7EK17;K7EKG8;Q6IPE9	MARK2	Q7KZI7	2	member_via_later_token	1:E9PC69:unreviewed/9606; 2:Q7KZI7:reviewed_human	0.000318
1331	P27448;P27448-3;A0A0A0MT23;P27448-4;A0A0A0MSZ1;J3KNR0;P27448-2;A0A0A0MST9;P27448-8;H0YKP9	MARK3	P27448	1	member	1:P27448:reviewed_human	0.000949
1332	P27448-6;A0A0A0MQR8;P27448-7;H0YIY6;A2SY06;Q9P0L2;B4DIB3;A0A087X0I6;Q9P0L2-3;H0YNV4;Q9P0L2-2;H0YKJ3;Q96L34;Q96L34-2	MARK3	P27448	1	member_duplicate_entry	1:P27448:reviewed_human	0.000000
1333	Q8N4S9;A1BQX2;A0A0G2JQ38;D6RA09;A0A0G2JN23;Q8N4S9-3;Q8N4S9-2;D6RAH8;A0A0G2JN00	MARVELD2	Q8N4S9	1	member	1:Q8N4S9:reviewed_human	0.000614
1334	P31153;P31153-2;Q00266	MAT2A	P31153	1	member	1:P31153:reviewed_human	0.001007
1335	Q9NZL9;Q9NZL9-2;Q9NZL9-4;Q9NZL9-3;H7C0X7;E5RJR3;Q9NZL9-5	MAT2B	Q9NZL9	1	member	1:Q9NZL9:reviewed_human	0.000902
1336	Q68D91;Q68D91-2	MBLAC2	Q68D91	1	member	1:Q68D91:reviewed_human	0.002523
1337	Q9NR56;C9JP00;A0A0A0MQX8;Q9NR56-3;Q9NR56-4;Q9NR56-7;Q9NR56-6;Q9NR56-2;Q9NR56-5	MBNL1	Q9NR56	1	member	1:Q9NR56:reviewed_human	0.000000
1338	Q6ZWT7;H7C5D1;C9J2H7	MBOAT2	Q6ZWT7	1	member	1:Q6ZWT7:reviewed_human	0.000183
1339	P02686;J3QQK6;P02686-2;P02686-5;P02686-4;P02686-3;J3KT34;F5H7N4;F8WEU6;E9PNZ1;E9PMR5;H0YF02;E9PKX9;H0YEA2;J3QL64;J3KS94;J3QKL5;A8MZH3;H7BYR8;P02686-6;E9PLU9;J3QKN5;E9PLQ9;E9PSE2;E9PQE7;E9PJ72	MBP	P02686	1	member	1:P02686:reviewed_human	0.000001
1340	Q8NI22;Q8NI22-2;Q8NI22-3;H7BZ18	MCFD2	Q8NI22	1	member	1:Q8NI22:reviewed_human	0.000017
1341	Q7L590;Q7L590-2;C9J600;Q5T670	MCM10	Q7L590	1	member	1:Q7L590:reviewed_human	0.000157
1342	P49736;H0Y8E6	MCM2	P49736	1	member	1:P49736:reviewed_human	0.000069
1343	O60318	MCM3AP	O60318	1	member	1:O60318:reviewed_human	0.000000
1344	Q6DN12;Q6DN12-4;Q6DN12-3;Q6DN12-2	MCTP2	Q6DN12	1	member	1:Q6DN12:reviewed_human	0.000000
1345	Q9ULC4;Q9ULC4-3;Q9ULC4-2	MCTS1	Q9ULC4	1	member	1:Q9ULC4:reviewed_human	0.001358
1346	P40925;P40925-3;B9A041;P40925-2;B8ZZ51;C9JF79;C9JRL4;C9JLV6;F8WFC2	MDH1	P40925	1	member	1:P40925:reviewed_human	0.081892
1347	P40926;G3XAL0;P40926-2	MDH2	P40926	1	member	1:P40926:reviewed_human	0.000000
1348	Q14696	MESDC2	Q14696	1	member	1:Q14696:reviewed_human	0.000089
1349	P50579;F8VRR3;F8VQZ7;P50579-3;P50579-2;G3V1U3;F8VSC4;F8VY03	METAP2	P50579	1	member	1:P50579:reviewed_human	0.000123
1350	Q9H8H3;H0YI09;F8VQX6	METTL7A	Q9H8H3	1	member	1:Q9H8H3:reviewed_human	0.004423
1351	A6NFX1;J3KNU6	MFSD2B	A6NFX1	1	member	1:A6NFX1:reviewed_human	0.001358
1352	P16455	MGMT	P16455	1	member	1:P16455:reviewed_human	0.000000
1353	Q99735;Q99735-2	MGST2	Q99735	1	member	1:Q99735:reviewed_human	0.000472
1354	O14880;Q5VV89;Q5VV87	MGST3	O14880	1	member	1:O14880:reviewed_human	0.000000
1355	Q7RTP6;Q7RTP6-2;Q7RTP6-4;Q7RTP6-3;Q7RTP6-5;E9PP85;J3KSK6;O94851;C9J922;J3KTB6;J3KRP8;J3QQT0;O94851-2;O94851-5;O94851-6;O94851-4;O94851-3	MICAL3	Q7RTP6	1	member	1:Q7RTP6:reviewed_human	0.000416
1356	Q8IY33;Q8IY33-4;Q8IY33-5;Q8IY33-2;Q8IY33-3;Q8N3F8	MICALL2	Q8IY33	1	member	1:Q8IY33:reviewed_human	0.000446
1357	P14174	MIF	P14174	1	member	1:P14174:reviewed_human	0.004614
1358	Q8N4C8;Q8N4C8-3;Q8N4C8-5;Q8N4C8-2;Q8N4C8-4;I3L2I2	MINK1	Q8N4C8	1	member	1:Q8N4C8:reviewed_human	0.000001
1359	Q9UNW1;Q9UNW1-4;Q9UNW1-3;Q9UNW1-2	MINPP1	Q9UNW1	1	member	1:Q9UNW1:reviewed_human	0.000378
1360	E9PII5	MKNK1	Q9BUB5	gene	member_via_gene	1:E9PII5:unreviewed/9606; gene:MKNK1:Q9BUB5	0.000000
1361	Q14165;F5H1S8;H0YG07;F5GX14	MLEC	Q14165	1	member	1:Q14165:reviewed_human	0.000028
1362	Q9BVC4;Q9BVC4-4;H3BM50;H3BPU5;H3BPT1;H3BN58;A0A0A0MR05;H3BR25;H3BSZ4;Q9BVC4-5;H3BR38;Q9BVC4-3	MLST8	Q9BVC4	1	member	1:Q9BVC4:reviewed_human	0.000000
1363	O95822;O95822-2	MLYCD	O95822	1	member	1:O95822:reviewed_human	0.006763
1364	Q8N4V1;Q8N4V1-2	MMGT1	Q8N4V1	1	member	1:Q8N4V1:reviewed_human	0.000000
1365	R4GMY6;V9GYS9;Q9H8L6	MMRN2	Q9H8L6	3	member_via_later_token	1:R4GMY6:unreviewed/9606; 2:V9GYS9:unreviewed/9606; 3:Q9H8L6:reviewed_human	0.000000
1366	Q96T76;Q96T76-9;Q96T76-8;H7C1W5;Q5T454;Q96T76-7;Q96T76-5;F8WCH8;B0QZ77	MMS19	Q96T76	1	member	1:Q96T76:reviewed_human	0.000039
1367	Q7L9L4;Q9H8S9;Q7L9L4-2;D6RCK3;Q9H8S9-2	MOB1B;MOB1A	Q7L9L4	1	member	1:Q7L9L4:reviewed_human	0.001503
1368	Q70IA8;X6R3L3	MOB3C	Q70IA8	1	member	1:Q70IA8:reviewed_human	0.000000
1369	Q13724;Q13724-2;C9J8D4;C9JDQ1;B8ZZE2	MOGS	Q13724	1	member	1:Q13724:reviewed_human	0.000325
1370	Q86VX9;A0A0A0MSQ9;X6R3V9;Q86VX9-3;Q86VX9-2;Q86VX9-4	MON1A	Q86VX9	1	member	1:Q86VX9:reviewed_human	0.000118
1371	Q7Z3U7;Q7Z3U7-2;Q7Z3U7-6;Q7Z3U7-5;F8VZV1;Q7Z3U7-3	MON2	Q7Z3U7	1	member	1:Q7Z3U7:reviewed_human	0.000039
1372	Q8NHP6;Q8NHP6-2;R4GMN1;R4GMW5	MOSPD2	Q8NHP6	1	member	1:Q8NHP6:reviewed_human	0.000005
1373	Q9BXT6;Q9BXT6-5;Q9BXT6-4	MOV10L1	Q9BXT6	1	member	1:Q9BXT6:reviewed_human	0.000000
1374	O75352;J3QS48;I3L295;J3KT75;J3QW43;J3QRD5;Q9H3L2;Q1HDL3;A0A087WV81;O75352-2;I3L1D2;J3KTK8;J3QQZ4;J3KSI4;I3L4E0;I3L405;I3L261	MPDU1;HBEBP2BPA	O75352	1	member	1:O75352:reviewed_human	0.000253
1375	Q99547;H3BNK8;H3BU96	MPHOSPH6	Q99547	1	member	1:Q99547:reviewed_human	0.000000
1376	Q99549;A0A0A0MT47;Q99549-2	MPHOSPH8	Q99549	1	member	1:Q99549:reviewed_human	0.000000
1377	Q00013;Q00013-2;Q00013-3;C9J9J4;A8MTH1;C9JB34;A6NFY0;F8WC84;F8WDV6;O14936;O14936-3;Q5JS72;Q5JS74;O14936-5;O14936-4;O14936-6;O14936-2	MPP1	Q00013	1	member	1:Q00013:reviewed_human	0.049083
1378	Q9NZW5;B8ZZG1;C9J4Q3;C9JGI8;Q14168;Q14168-3;F8WCD2;B4DZ84;D3DX48;A0A0A0MRU0;A0A0D9SFF8;D3DX49;A0A0C4DH75;Q14168-5;Q14168-6;Q14168-2;Q14168-4;Q14789;Q14789-2;REV__Q8N884-2;REV__Q8N884;Q14789-4;Q14789-3	MPP6	Q9NZW5	1	member	1:Q9NZW5:reviewed_human	0.000741
1379	Q5T2T1;S4R337;Q5T2T1-2;U5GXS2	MPP7	Q5T2T1	1	member	1:Q5T2T1:reviewed_human	0.001022
1380	P25325-2;P25325;B1AH49	MPST	P25325	1	member	1:P25325:reviewed_human	0.048409
1381	O95297;O95297-2;O95297-4;O95297-3;Q9UEL6;O95297-5	MPZL1	O95297	1	member	1:O95297:reviewed_human	0.000247
1382	P49959;P49959-3;F8W7U8;P49959-2;F5GXT0;F5H742;F5H256	MRE11A	P49959	1	member	1:P49959:reviewed_human	0.000234
1383	Q9BV20;Q9BV20-2	MRI1	Q9BV20	1	member	1:Q9BV20:reviewed_human	0.003405
1384	F6QW41;B4DLN1;P52815	MRPL12	P52815	3	member_via_later_token	1:F6QW41:?/?; 2:B4DLN1:unreviewed/9606; 3:P52815:reviewed_human	0.000030
1385	O43196;A0A0G2JI09;Q5SSR2;H7C2J4;A0A0G2JK42;A0A0G2JK88;A0A024RCV8;O43196-4;O43196-2;O43196-3	MSH5	O43196	1	member	1:O43196:reviewed_human	0.000000
1386	P26038;V9GZ54;E9PNP4	MSN	P26038	1	member	1:P26038:reviewed_human	0.033906
1387	Q9BUK6;Q9BUK6-7;Q9BUK6-3;Q9BUK6-2;Q9BUK6-5;Q9BUK6-4	MSTO1	Q9BUK6	1	member	1:Q9BUK6:reviewed_human	0.000120
1388	Q9BTC8;Q9BTC8-2;E7EQY4;D6W5A2;E7EV10	MTA3	Q9BTC8	1	member	1:Q9BTC8:reviewed_human	0.000000
1389	Q13126;Q13126-4;Q13126-3;Q13126-2;B4DUC8;J3QSB7;Q13126-7;Q13126-6;Q13126-5;F2Z2F3;F8WES2;J3KRN1	MTAP	Q13126	1	member	1:Q13126:reviewed_human	0.008792
1390	Q9Y6C9;E9PIE4	MTCH2	Q9Y6C9	1	member	1:Q9Y6C9:reviewed_human	0.000004
1391	P00403	MT-CO2	P00403	1	member	1:P00403:reviewed_human	0.000000
1392	F5H2F4;V9GYY3;V9GY75;V9GZ78	MTHFD1	P11586	gene	member_via_gene	1:F5H2F4:unreviewed/9606; 2:V9GYY3:unreviewed/9606; 3:V9GY75:?/?; 4:V9GZ78:unreviewed/9606; gene:MTHFD1:P11586	0.000000
1393	P11586	MTHFD1	P11586	1	member_duplicate_entry	1:P11586:reviewed_human	0.048725
1394	Q6UB35;A0A087WVM4;B7ZM99;H0Y327;Q6UB35-2	MTHFD1L	Q6UB35	1	member	1:Q6UB35:reviewed_human	0.000000
1395	P46199	MTIF2	P46199	1	member	1:P46199:reviewed_human	0.000000
1396	Q13496;Q13496-2	MTM1	Q13496	1	member	1:Q13496:reviewed_human	0.000007
1397	Q9C0I1;Q9C0I1-3;Q9C0I1-2	MTMR12	Q9C0I1	1	member	1:Q9C0I1:reviewed_human	0.000000
1398	P42345;B1AKP8;B1AKQ2	MTOR	P42345	1	member	1:P42345:reviewed_human	0.002640
1399	P58546;C9JL85	MTPN	P58546	1	member	1:P58546:reviewed_human	0.023482
1400	Q8N3F0;Q8N3F0-3;C9JBT1;Q8N3F0-4;Q8N3F0-2	MTURN	Q8N3F0	1	member	1:Q8N3F0:reviewed_human	0.001155
1401	Q8TAX7	MUC7	Q8TAX7	1	member	1:Q8TAX7:reviewed_human	0.000000
1402	P53602;H3BP35;A0A087WV85;H3BQ47	MVD	P53602	1	member	1:P53602:reviewed_human	0.004607
1403	Q14764;H3BQK6;H3BRL2;H3BUK7;H3BNF6;H3BP76	MVP	Q14764	1	member	1:Q14764:reviewed_human	0.000000
1404	Q96S97;C9JZL8;C9J5M0;C9JC07;C9JJV6	MYADM	Q96S97	1	member	1:Q96S97:reviewed_human	0.000089
1405	Q969H8;M0QXF7;M0QYN0	MYDGF	Q969H8	1	member	1:Q969H8:reviewed_human	0.000021
1406	Q8WXC6	MYEOV2	Q8WXC6	1	member	1:Q8WXC6:reviewed_human	0.000006
1407	P35580;P35580-2;P35580-5;P35580-3;P35580-4;E7ERA5	MYH10	P35580	1	member	1:P35580:reviewed_human	0.001992
1408	P35749;P35749-4;B1PS43;P35749-3;P35749-2	MYH11	P35749	1	member	1:P35749:reviewed_human	0.000000
1409	Q7Z406;Q7Z406-6;Q7Z406-2;Q7Z406-4;Q7Z406-5;M0QY43;A1L2Z2	MYH14	Q7Z406	1	member	1:Q7Z406:reviewed_human	0.000002
1410	P35579;P35579-2;Q5BKV1;B1AH99;A0A0C4DFM8;P12883;P12882;P13533;Q9UKX2;Q9Y623;P13535;P11055;Q9UKX3;REV__S4R3H4;REV__E7EQT4;REV__Q9UKV3-5;REV__Q9UKV3	MYH9	P35579	1	member	1:P35579:reviewed_human	0.042175
1411	P19105;J3QRS3;P24844;J3KTJ1;P24844-2	MYL12A;MYL9	P19105	1	member	1:P19105:reviewed_human	0.000000
1412	O14950	MYL12B	O14950	1	member	1:O14950:reviewed_human	0.001359
1413	P12829;I3L1K6;I3L532;I3L4B1;I3L3U1;I3L1R3;P08590;P05976;P05976-2	MYL4	P12829	1	member	1:P12829:reviewed_human	0.004451
1414	P60660;P60660-2;F8W1R7;G3V1V0;J3KND3;G8JLA2;B7Z6Z4;F8VPF3;G3V1Y7;F8VZU9;F8W180;P14649;H0YI43;F8W1I5;F8VXL3	MYL6	P60660	1	member	1:P60660:reviewed_human	0.000536
1415	Q92614;Q92614-4;A0A0D9SFK2;Q92614-3;Q92614-2;Q92614-5;H0YEV9	MYO18A	Q92614	1	member	1:Q92614:reviewed_human	0.001812
1416	O43795;E9PDF6;O43795-2	MYO1B	O43795	1	member	1:O43795:reviewed_human	0.000167
1417	O00159;O00159-3;F5H6E2;O00159-2;I3L204;I3L3Y6;I3L4D4;I3L501;I3L168;I3L3F5	MYO1C	O00159	1	member	1:O00159:reviewed_human	0.000179
1418	O94832;K7EIG7;J3QRN6;J3KRL0	MYO1D	O94832	1	member	1:O94832:reviewed_human	0.000465
1419	Q9Y4I1;A0A087WY00;G3V394;F8WE88;F8W6H6;Q9Y4I1-2;Q9Y4I1-3;E7ERV5	MYO5A	Q9Y4I1	1	member	1:Q9Y4I1:reviewed_human	0.000000
1420	Q13459;M0R300;M0R0P8;Q13459-2;M0R332;M0QXP0	MYO9B	Q13459	1	member	1:Q13459:reviewed_human	0.000355
1421	Q9NP98	MYOZ1	Q9NP98	1	member	1:Q9NP98:reviewed_human	0.001070
1422	Q14CX7;Q14CX7-2	NAA25	Q14CX7	1	member	1:Q14CX7:reviewed_human	0.000087
1423	E9PAV3;H0YHX9;Q13765;E9PAV3-2;F8VZJ2;F8W0W4;F8VNW4;F8W1N5;Q9H009;F8VZ58;Q9BZK3	NACA	E9PAV3	1	member	1:E9PAV3:reviewed_human	0.001260
1424	Q6IA69;A0A0B4J216;Q6IA69-2;E9PNF5;H0YCQ6;E9PKY6;H0YED2;H0YDH3	NADSYN1	Q6IA69	1	member	1:Q6IA69:reviewed_human	0.001560
1425	Q13564;Q13564-2;Q13564-4;Q13564-3;J3QRA5;H3BMR3;J3KTE3;J3KRK3;H3BQW6;J3QLH4;H3BSS8;H3BMN8;H3BQ16;H3BS69	NAE1	Q13564	1	member	1:Q13564:reviewed_human	0.002029
1426	P43490;A0A0C4DFS8	NAMPT	P43490	1	member	1:P43490:reviewed_human	0.000244
1427	Q8TBE9	NANP	Q8TBE9	1	member	1:Q8TBE9:reviewed_human	0.000073
1428	Q9NR45;Q5TBR1;Q5TBR0	NANS	Q9NR45	1	member	1:Q9NR45:reviewed_human	0.005111
1429	B7Z9C2;P55209-3	NAP1L1	P55209	2	member_via_later_token	1:B7Z9C2:unreviewed/9606; 2:P55209:reviewed_human	0.000159
1430	F8W543	NAP1L1	P55209	gene	member_duplicate_entry	1:F8W543:unreviewed/9606; gene:NAP1L1:P55209	0.000039
1431	P55209;F5H4R6;H0YIV4;P55209-2;F8VY35;F8W0J6;F8VUX1;H0YHC3;H0YH88;F8W020;B7Z4K9;F8VXI6;F8VVB5	NAP1L1	P55209	1	member_duplicate_entry	1:P55209:reviewed_human	0.002997
1432	C9JZI7;E9PKT8;C9J1B1	NAP1L4	Q99733	gene	member_via_gene	1:C9JZI7:unreviewed/9606; 2:E9PKT8:unreviewed/9606; 3:C9J1B1:unreviewed/9606; gene:NAP1L4:Q99733	0.000000
1433	Q99733-2;Q99733;C9J6D1;H0YCI4;A8MXH2;E9PS34;E9PNJ7;E9PJJ2;E9PP22;E9PNW0;E9PKI2	NAP1L4	Q99733	1	member_duplicate_entry	1:Q99733:reviewed_human	0.013718
1434	P54920;M0R0Y2;M0R2M1;M0R058;M0R0I4;M0R213;M0R027;Q9H115;A0A087WZQ7;Q9H115-3;Q9H115-2;M0QZM9;M0QZN5;M0R031	NAPA	P54920	1	member	1:P54920:reviewed_human	0.021964
1435	Q6IQ20;H0Y4Y2;C9JGB1	NAPEPLD	Q6IQ20	1	member	1:Q6IQ20:reviewed_human	0.000262
1436	Q99747;Q99747-2;J3KTJ6;J3QS28;J3QKW4	NAPG	Q99747	1	member	1:Q99747:reviewed_human	0.000043
1437	Q6XQN6;Q6XQN6-2;G5E977;Q6XQN6-3;C9J8U2;H0YF31;A0A087WUT5;H0YDA6	NAPRT	Q6XQN6	1	member	1:Q6XQN6:reviewed_human	0.025463
1438	E9PJQ2	NASP	P49321	gene	member_via_gene	1:E9PJQ2:unreviewed/9606; gene:NASP:P49321	0.000000
1439	P49321;P49321-2;P49321-4;Q5T624;P49321-3;E9PI86;E9PRH9;E9PPQ8;H0YF33;E9PPR5;E9PQG5;E9PAU3;E9PKR5;E9PNB5;H0YDS9	NASP	P49321	1	member_duplicate_entry	1:P49321:reviewed_human	0.000887
1440	A2RRP1;A2RRP1-2;H0Y5G7;H7C007;H7BZR3;H7C1Y9;C9JCM7;H7BZU5;H7C1U4	NBAS	A2RRP1	1	member	1:A2RRP1:reviewed_human	0.002156
1441	Q15021;E7EN77;F5GZK7	NCAPD2	Q15021	1	member	1:Q15021:reviewed_human	0.000219
1442	Q9BPX3;D6RA93;H0Y9Z8	NCAPG	Q9BPX3	1	member	1:Q9BPX3:reviewed_human	0.000143
1443	Q15003;E9PHA2;C9J470;Q15003-2;C9JZP1;H7C415	NCAPH	Q15003	1	member	1:Q15003:reviewed_human	0.000734
1444	Q09161;X6R941	NCBP1	Q09161	1	member	1:Q09161:reviewed_human	0.001500
1445	P52298;P52298-3;F8WE41	NCBP2	P52298	1	member	1:P52298:reviewed_human	0.000000
1446	Q6ZVX7	NCCRP1	Q6ZVX7	1	member	1:Q6ZVX7:reviewed_human	0.000061
1447	Q6PIU2;A0A0A0MTJ9;Q6PIU2-2;Q6PIU2-3;H7C046;F8WE33	NCEH1	Q6PIU2	1	member	1:Q6PIU2:reviewed_human	0.000404
1448	P14598;A6NI72;A8MVU1;P14598-2	NCF1;NCF1B;NCF1C	P14598	1	member	1:P14598:reviewed_human	0.000000
1449	P55160;F8W050;P55160-2	NCKAP1L	P55160	1	member	1:P55160:reviewed_human	0.000086
1450	Q969V3;Q969V3-2;K7EMW4;K7ELZ9;K7ENM2;A0A0C4DGP7;K7EQ66;K7EN96	NCLN	Q969V3	1	member	1:Q969V3:reviewed_human	0.000249
1451	O75376;A0A088AWL3;O75376-2;E7EVK1;O75376-3	NCOR1	O75376	1	member	1:O75376:reviewed_human	0.000053
1452	Q92542;Q92542-2;H0Y3Z4;Q5T205;Q5T209;H0Y6T7;Q5T210;Q5T211	NCSTN	Q92542	1	member	1:Q92542:reviewed_human	0.002081
1453	Q9NXR1;Q9NXR1-2;X5DR54;I3L2R9;I3L533;I3L522;I3L2T8;I3L2R3;Q9GZM8;J3QSD2;J3QRZ1;A6NIZ0;Q9GZM8-3;Q9GZM8-2	NDE1	Q9NXR1	1	member	1:Q9NXR1:reviewed_human	0.000124
1454	Q8NC96;F5GYH1;Q8NC96-2;F5H2U7	NECAP1	Q8NC96	1	member	1:Q8NC96:reviewed_human	0.000679
1455	Q9NVZ3;Q9NVZ3-2;F6SKB8;Q9NVZ3-3;Q9NVZ3-4;D6RAN6;D6RB24;H0Y970	NECAP2	Q9NVZ3	1	member	1:Q9NVZ3:reviewed_human	0.001252
1456	P46934-4;P46934;P46934-2;P46934-3;H0Y8X6;H0Y8H4;H0Y9L1;K7EKL1	NEDD4	P46934	1	member	1:P46934:reviewed_human	0.000083
1457	Q96PU5;Q96PU5-5;Q96PU5-2;Q96PU5-6;Q96PU5-7;Q96PU5-9;Q96PU5-4;Q96PU5-3;K7ERN1	NEDD4L	Q96PU5	1	member	1:Q96PU5:reviewed_human	0.000006
1458	E9PL57;Q15843;F8VSA6;E9PS38;S4R3E9;Q86V88;Q86V88-3;Q86V88-2	NEDD8-MDP1;NEDD8	Q15843	2	member_via_later_token	1:E9PL57:unreviewed/9606; 2:Q15843:reviewed_human	0.002203
1459	Q9UMX5	NENF	Q9UMX5	1	member	1:Q9UMX5:reviewed_human	0.000006
1460	Q7Z628;Q7Z628-2	NET1	Q7Z628	1	member	1:Q7Z628:reviewed_human	0.000000
1461	Q0ZGT2;H7BXY5;Q0ZGT2-4;Q0ZGT2-3;Q0ZGT2-2	NEXN	Q0ZGT2	1	member	1:Q0ZGT2:reviewed_human	0.000153
1462	P35240;P35240-3;P35240-2;P35240-8;P35240-6;P35240-5;P35240-4;P35240-7;P35240-10;P35240-9;Q14680;A0A0D9SGI4;Q14680-2;Q14680-8;Q14680-7;Q14680-6	NF2	P35240	1	member	1:P35240:reviewed_human	0.000222
1463	Q12857;Q12857-2;B1AKN7;B1AKN5;B1AKN8;Q12857-3;Q12857-4;S4R3K4;B1AKN6;S4R308;P08651;O00712;Q14938;Q5VW26;K7ESG9;K7EKH0;U3KPY9;K7EJB0;A0A087WXP2;Q5W0Y9;C9JWJ8;A0A0A0MRX8;K7EN08;Q5VW27;Q5VW30;O00712-2;P08651-4;P08651-5;P08651-3;Q14938-6;P08651-6;Q14938-5;Q14938-3;Q14938-2;O00712-4;Q14938-4;O00712-5;P08651-2;K7EMQ5;S4R3W2	NFIA	Q12857	1	member	1:Q12857:reviewed_human	0.000025
1464	Q96IV0;A0A0C4DFP4;Q96IV0-5;Q96IV0-2;Q96IV0-3;H0Y2P2;Q96IV0-4	NGLY1	Q96IV0	1	member	1:Q96IV0:reviewed_human	0.000007
1465	Q9H9Q4;H7C0G7;C9JWV4;G5E9Q8;Q9H9Q4-2	NHEJ1	Q9H9Q4	1	member	1:Q9H9Q4:reviewed_human	0.000000
1466	Q8NBF2	NHLRC2	Q8NBF2	1	member	1:Q8NBF2:reviewed_human	0.000036
1467	P14543;P14543-2	NID1	P14543	1	member	1:P14543:reviewed_human	0.000000
1468	Q9GZT8-2;Q9GZT8;E7EXA3;Q9GZT8-3;Q6X734;B8ZZI0;C9JN42;H7C1A8	NIF3L1	Q9GZT8	1	member	1:Q9GZT8:reviewed_human	0.041392
1469	Q86X76;Q86X76-2;Q86X76-4;Q86X76-3;Q86X76-5	NIT1	Q86X76	1	member	1:Q86X76:reviewed_human	0.004622
1470	Q9NQR4	NIT2	Q9NQR4	1	member	1:Q9NQR4:reviewed_human	0.000173
1471	O15226;O15226-2	NKRF	O15226	1	member	1:O15226:reviewed_human	0.000000
1472	Q9NPP4	NLRC4	Q9NPP4	1	member	1:Q9NPP4:reviewed_human	0.000000
1473	Q86WI3;H0YFT3;H0YF88;H0YFG4;H0YFT1;H0YGT6;H0YG32;H0YGE2;Q86WI3-5;Q86WI3-6;Q86WI3-4	NLRC5	Q86WI3	1	member	1:Q86WI3:reviewed_human	0.000000
1474	P15531;P15531-2	NME1	P15531	1	member	1:P15531:reviewed_human	0.044018
1475	P22392;F6XY72	NME2	P22392	1	member	1:P22392:reviewed_human	0.000000
1476	P22392-2;Q32Q12;J3KPD9;E7ERL0;E5RHP0;O60361;C9K028	NME2;NME1-NME2;NME1	P22392	1	member_duplicate_entry	1:P22392:reviewed_human	0.150346
1477	Q13232;H3BPR2	NME3	Q13232	1	member	1:Q13232:reviewed_human	0.002036
1478	Q96T66;Q96T66-3;Q96T66-2	NMNAT3	Q96T66	1	member	1:Q96T66:reviewed_human	0.000000
1479	Q15155;Q5JPE7;P69849;J3KN36;A0A0G2JN29;A0A087X117;Q5JPE7-2;A0A0G2JP90;A0A0G2JM40;A0A087WW46;Q5JPE7-3;A0A087WTD5;H3BUC9	NOMO1;NOMO2;NOMO3	Q15155	1	member	1:Q15155:reviewed_human	0.000035
1480	Q9UM47	NOTCH3	Q9UM47	1	member	1:Q9UM47:reviewed_human	0.000000
1481	Q8NDH3;Q8NDH3-5;Q8NDH3-4;Q8NDH3-2;Q8NDH3-3;H0YEP3	NPEPL1	Q8NDH3	1	member	1:Q8NDH3:reviewed_human	0.000109
1482	P55786;E9PLK3;P55786-2;A6NEC2;E9PP11;A6NEC2-2;H0YDG0;E9PJY4;E9PJ74;E9PPD4;A6NEC2-3;H0YCQ5;E9PRQ5;E9PI82;E9PPZ2;Q9P266;P15144;E9PJF9	NPEPPS	P55786	1	member	1:P55786:reviewed_human	0.012063
1483	Q9BXD5;Q9BXD5-2;Q9BXD5-3;Q9BXD5-4;A0A087WZ70;Q9BXD5-5	NPL	Q9BXD5	1	member	1:Q9BXD5:reviewed_human	0.000548
1484	Q8TAT6;Q8TAT6-2;A0A0D9SFI9;I3L4U9;I3L3I1	NPLOC4	Q8TAT6	1	member	1:Q8TAT6:reviewed_human	0.000065
1485	Q9Y639;Q9Y639-1;Q9UFM8;Q9Y639-3;Q9Y639-4;Q9Y639-5;H3BU51;H3BQ94	NPTN;DKFZp566H1924	Q9Y639	1	member	1:Q9Y639:reviewed_human	0.000127
1486	P16083;Q5TD07;Q5TD05;A2A2U4	NQO2	P16083	1	member	1:P16083:reviewed_human	0.000965
1487	Q86WQ0;Q86WQ0-2;U3KQ53;F5H0B6	NR2C2AP	Q86WQ0	1	member	1:Q86WQ0:reviewed_human	0.000355
1488	P08235;B0ZBF8;B0ZBF6;A0A0D9SFL9;P08235-2;P08235-4;P08235-3	NR3C2	P08235	1	member	1:P08235:reviewed_human	0.000434
1489	F5GXF0;P22736;P22736-2	NR4A1	P22736	2	member_via_later_token	1:F5GXF0:unreviewed/9606; 2:P22736:reviewed_human	0.000000
1490	P01111	NRAS	P01111	1	member	1:P01111:reviewed_human	0.000520
1491	Q96F24;Q96F24-2;Q96F24-3	NRBF2	Q96F24	1	member	1:Q96F24:reviewed_human	0.000000
1492	Q9UHY1;F8W6G1;C9JHZ6;C9JDW7	NRBP1	Q9UHY1	1	member	1:Q9UHY1:reviewed_human	0.000626
1493	O43847;O43847-2;B1AKJ5;G3V1R5;A0A087WYK8;H0Y5G9;F5H7V1	NRD1	O43847	1	member	1:O43847:reviewed_human	0.000012
1494	Q15738	NSDHL	Q15738	1	member	1:Q15738:reviewed_human	0.000000
1495	P46459;I3L0N3;I3L0L3;I3L4Q9;I3L338	NSF	P46459	1	member	1:P46459:reviewed_human	0.020285
1496	P46459-2;I3L2G1;K7EQD6	NSF	P46459	1	member_duplicate_entry	1:P46459:reviewed_human	0.000000
1497	Q9UNZ2;Q9UNZ2-5;Q9UNZ2-4;F2Z2K0;R4GNE6;R4GMY2;G3V4V8	NSFL1C	Q9UNZ2	1	member	1:Q9UNZ2:reviewed_human	0.063458
1498	Q9UNZ2-6	NSFL1C	Q9UNZ2	1	member_duplicate_entry	1:Q9UNZ2:reviewed_human	0.000604
1499	Q08J23;Q08J23-3;Q08J23-2	NSUN2	Q08J23	1	member	1:Q08J23:reviewed_human	0.000000
1500	Q8TCD5;J3KRC4;Q8TCD5-2;J3KSX6;J3KSY6	NT5C	Q8TCD5	1	member	1:Q8TCD5:reviewed_human	0.001901
1501	Q9H0P0-1;Q9H0P0;B9A035;X6RM59;Q9H0P0-3;Q9H0P0-2	NT5C3A	Q9H0P0	1	member	1:Q9H0P0:reviewed_human	0.000570
1502	Q9BV86;Q9BV86-2;S4R344;S4R3J7	NTMT1	Q9BV86	1	member	1:Q9BV86:reviewed_human	0.000000
1503	P53384;P53384-2	NUBP1	P53384	1	member	1:P53384:reviewed_human	0.000000
1504	Q9Y5Y2;H3BQR2;B7Z6P0;H3BRE1;H3BNF0;H3BNS4	NUBP2	Q9Y5Y2	1	member	1:Q9Y5Y2:reviewed_human	0.000503
1505	P80303;V9HW75;A0A087WSV8;P80303-2;Q2L696;E9PKG6;E9PLR0;E9PLE9;E9PM22;E9PJP3;H0YEG8;H0YD18	NUCB2;HEL-S-109;Nucb2	P80303	1	member	1:P80303:reviewed_human	0.000295
1506	Q96RS6;Q96RS6-2;Q96RS6-3	NUDCD1	Q96RS6	1	member	1:Q96RS6:reviewed_human	0.000120
1507	Q8WVJ2;E5RFP0	NUDCD2	Q8WVJ2	1	member	1:Q8WVJ2:reviewed_human	0.003619
1508	P36639-4;P36639;C9J361;P36639-3;P36639-2	NUDT1	P36639	1	member	1:P36639:reviewed_human	0.000330
1509	Q9NZJ9;Q9NZJ9-2;Q96G61;Q8NFP7;F8VRL4;F8VRR0;A0A0C4DGJ4;Q9NZJ9-3	NUDT4;NUDT11;NUDT10	Q9NZJ9	1	member	1:Q9NZJ9:reviewed_human	0.000880
1510	Q9UKK9;A6NFX8;A6NJU6;A6NCQ0;H0YEY4;C9JYY9	NUDT5	Q9UKK9	1	member	1:Q9UKK9:reviewed_human	0.004594
1511	A0A087WY61;Q14980-2;Q14980;Q14980-4;Q14980-3;F5H6Y5;F5H4J1;Q14980-5;F5H1L0;F5GZW1;F5H2F3;F5H3L6;F5H0Z7;F5H763;K4DIE0;H0YFY6;F8W6T3	NUMA1	Q14980	2	member_via_later_token	1:A0A087WY61:?/?; 2:Q14980:reviewed_human	0.000000
1512	Q9UKX7;Q9UKX7-2	NUP50	Q9UKX7	1	member	1:Q9UKX7:reviewed_human	0.000000
1513	Q9BXS6;Q9BXS6-4;Q9BXS6-6;Q9BXS6-3;Q9BXS6-5;Q9BXS6-2	NUSAP1	Q9BXS6	1	member	1:Q9BXS6:reviewed_human	0.000000
1514	P61970;H3BRV9	NUTF2	P61970	1	member	1:P61970:reviewed_human	0.039001
1515	P04181;P04181-2	OAT	P04181	1	member	1:P04181:reviewed_human	0.000000
1516	Q02218;E9PFG7;E9PDF2;E9PCR7;Q02218-2;Q9ULD0;A0A0D9SFS3;Q9ULD0-3;Q9ULD0-2	OGDH;OGDHL	Q02218	1	member	1:Q02218:reviewed_human	0.000000
1517	Q9NZT2;A0A0A0MRN5;Q9NZT2-2;A0A087X028	OGFR	Q9NZT2	1	member	1:Q9NZT2:reviewed_human	0.000018
1518	Q9NTK5;J3KQ32;Q9NTK5-2;Q9NTK5-3;C9JTK6;C9JCJ9	OLA1	Q9NTK5	1	member	1:Q9NTK5:reviewed_human	0.045200
1519	Q96CV9;Q96CV9-3;H7C1H4	OPTN	Q96CV9	1	member	1:Q96CV9:reviewed_human	0.010193
1520	Q96CV9-2;A0A087WY28;A0A087X2G2;X6RKL2	OPTN	Q96CV9	1	member_duplicate_entry	1:Q96CV9:reviewed_human	0.000000
1521	Q8NGR2	OR1L6	Q8NGR2	1	member	1:Q8NGR2:reviewed_human	0.000000
1522	P0C645	OR4E1	P0C645	1	member	1:P0C645:reviewed_human	0.000000
1523	Q8NH50	OR8K5	Q8NH50	1	member	1:Q8NH50:reviewed_human	0.000000
1524	P02763;P19652	ORM1;ORM2	P02763	1	member	1:P02763:reviewed_human	0.000024
1525	Q8N138;Q8N138-4;J3KTF9;Q9P0S3;J3QRM9;Q53FV1;F6WST4;F8VXD5	ORMDL3;ORMDL1	Q8N138	1	member	1:Q8N138:reviewed_human	0.000000
1526	P22059;H0YCV6	OSBP	P22059	1	member	1:P22059:reviewed_human	0.000000
1527	Q969R2;Q969R2-2;Q6ZN50;Q969R2-3;A0A0A0MSB4;Q969R2-6;H7C428;Q969R2-4;Q969R2-5;H7C368;H7C1R2;H7C001;C9JS84;H7C313;C9J7J0	OSBP2	Q969R2	1	member	1:Q969R2:reviewed_human	0.005757
1528	Q9BZF1;Q9BZF1-3;Q9BZF1-2;F8VQX7;F8VUA7;Q9H0X9;F8VZ43;Q9H0X9-3;Q9H0X9-2;Q96SU4;Q96SU4-5;Q96SU4-4;Q96SU4-3;Q96SU4-7;Q96SU4-2;Q96SU4-6	OSBPL8	Q9BZF1	1	member	1:Q9BZF1:reviewed_human	0.000502
1529	Q9NRP0;A0A087WUD3;Q9NRP0-2	OSTC	Q9NRP0	1	member	1:Q9NRP0:reviewed_human	0.000014
1530	Q92882	OSTF1	Q92882	1	member	1:Q92882:reviewed_human	0.000215
1531	Q96FW1;J3KR44;F5GYN4;F5H6Q1;F5GYJ8;Q96FW1-2;F5H3F0	OTUB1	Q96FW1	1	member	1:Q96FW1:reviewed_human	0.004953
1532	Q5VV17	OTUD1	Q5VV17	1	member	1:Q5VV17:reviewed_human	0.000000
1533	Q96BN8;D6RD57;H0Y8S4;H0Y9T0	OTULIN	Q96BN8	1	member	1:Q96BN8:reviewed_human	0.000224
1534	O95747;C9JIG9;Q9UEW8;Q9UEW8-2;F8WBK9	OXSR1	O95747	1	member	1:O95747:reviewed_human	0.016968
1535	Q99572;Q99572-7;Q99572-2;Q99572-4;Q99572-8	P2RX7	Q99572	1	member	1:Q99572:reviewed_human	0.000000
1536	P07237;H7BZ94;H0Y3Z3;I3L312;I3L398;I3NI03;I3L3U6;I3L3P5;I3L0S0;I3L4M2;I3L514;I3L1Y5	P4HB	P07237	1	member	1:P07237:reviewed_human	0.016897
1537	Q9UQ80;Q9UQ80-2;F8VR77;F8W0A3;H0YIN7;F8VZ69	PA2G4	Q9UQ80	1	member	1:Q9UQ80:reviewed_human	0.019038
1538	Q9BRP4;F5H0C4;Q9BRP4-2;F5H3I1;F5H103;Q9BRP4-3;F5H5D4;F5H3E9;F5H0F7;H0YGB1	PAAF1	Q9BRP4	1	member	1:Q9BRP4:reviewed_human	0.001119
1539	P11940;A0A087WTT1;P11940-2;E7ERJ7;E7EQV3;H0YAR2;Q9H361;H0YBN4;E5RH24;E5RJB9;H0YB86;H0YAS6;H0YB75;Q13310;Q13310-2;H0YAP2;H0YAS7;B1ANR0;Q13310-3;Q4VXU2;H0YC10;E5RHG7;E5RGH3;Q4VXU2-2;Q5JQF8;E5RGC4;E5RFD8;B1ANR1;H0Y5F5;Q96DU9;H0YER0;H0YEQ8;H0Y6X6;H0YCC8;Q96DU9-2	PABPC1	P11940	1	member	1:P11940:reviewed_human	0.000764
1540	Q9UNF0;Q9UNF0-2;B0QYG7;B0QYG8	PACSIN2	Q9UNF0	1	member	1:Q9UNF0:reviewed_human	0.000401
1541	P43034;I3L3N5;I3L495;P43034-2	PAFAH1B1	P43034	1	member	1:P43034:reviewed_human	0.010208
1542	P68402;P68402-4;P68402-3;P68402-2;J3KNE3	PAFAH1B2	P68402	1	member	1:P68402:reviewed_human	0.009116
1543	Q15102;M0R389;M0R1K3;M0QZT2;M0QXS6;M0R323	PAFAH1B3	Q15102	1	member	1:Q15102:reviewed_human	0.017765
1544	P22234;E9PBS1;P22234-2;D6RF62	PAICS	P22234	1	member	1:P22234:reviewed_human	0.023695
1545	Q9H074;D6REB4;Q9H074-3;Q9H074-2;D6RJF2	PAIP1	Q9H074	1	member	1:Q9H074:reviewed_human	0.000181
1546	Q13177;O75914;O75914-3;A0A087X294;O75914-2;O75914-4;B1AKS5;Q13153;H0YCG5;E9PM17;B3KNX7;Q13153-2	PAK2	Q13177	1	member	1:Q13177:reviewed_human	0.000232
1547	Q504Q3;Q504Q3-2;Q504Q3-3	PAN2	Q504Q3	1	member	1:Q504Q3:reviewed_human	0.000000
1548	Q9BZ23;Q9BZ23-3;Q9BZ23-4;V9GYZ0;V9GYH1;Q9BZ23-2	PANK2	Q9BZ23	1	member	1:Q9BZ23:reviewed_human	0.000102
1549	Q96RD7;Q96RD7-2	PANX1	Q96RD7	1	member	1:Q96RD7:reviewed_human	0.000001
1550	Q9BWT3;A0A0C4DH56;Q9BWT3-2	PAPOLG	Q9BWT3	1	member	1:Q9BWT3:reviewed_human	0.000000
1551	Q99497;K7ELW0;K7EN27	PARK7	Q99497	1	member	1:Q99497:reviewed_human	0.133702
1552	Q53GL7;E9PK67;E9PNI7;E9PPE7;E9PM86;E9PSE7;E9PIA6;E9PIK9;E9PJI2;E9PPV8;E9PQQ6;E9PPU2;E9PSG8;E9PLE8;F8W8G7	PARP10	Q53GL7	1	member	1:Q53GL7:reviewed_human	0.003525
1553	Q9H0J9;G5E9U9	PARP12	Q9H0J9	1	member	1:Q9H0J9:reviewed_human	0.000007
1554	P61457	PCBD1	P61457	1	member	1:P61457:reviewed_human	0.000396
1555	Q9H0N5;H0YA52	PCBD2	Q9H0N5	1	member	1:Q9H0N5:reviewed_human	0.000086
1556	Q15365;F8VTZ0;P57723;H3BSP4;C9K0A2;F8WC71;C9IZV9;C9J7A9;C9JSA6;C9J5V4;C9JTY5;C9JZY3;C9J0A4;F6TJN8;P57723-2	PCBP1	Q15365	1	member	1:Q15365:reviewed_human	0.008554
1557	Q15366;Q15366-4;Q15366-5;H3BRU6;F8VZX2;Q15366-7;Q15366-8;Q15366-6;Q15366-3;Q15366-2;F8W0G4;F8W1G6;F8VXH9;P57721;J3QT27;E9PFP8;P57721-2;P57721-3;P57721-5;P57721-4;H3BND9;H3BSS4;F8VRH0	PCBP2	Q15366	1	member	1:Q15366:reviewed_human	0.001360
1558	Q08174;Q08174-2	PCDH1	Q08174	1	member	1:Q08174:reviewed_human	0.000521
1559	Q9Y5H0;Q9Y5H0-2	PCDHGA3	Q9Y5H0	1	member	1:Q9Y5H0:reviewed_human	0.000000
1560	Q9Y6V0;Q9Y6V0-2;Q9Y6V0-6;Q9Y6V0-5	PCLO	Q9Y6V0	1	member	1:Q9Y6V0:reviewed_human	0.000000
1561	P22061;P22061-2;A0A0A0MRJ6;H7BY58;F6S8N6;C9J0F2;F8WDT3;F8WAV5;F8WAX2;H7C4X2	PCMT1	P22061	1	member	1:P22061:reviewed_human	0.061076
1562	Q8WW12;Q8WW12-2	PCNP	Q8WW12	1	member	1:Q8WW12:reviewed_human	0.000243
1563	Q9H6A9;Q9H6A9-2	PCNXL3	Q9H6A9	1	member	1:Q9H6A9:reviewed_human	0.000000
1564	Q9UHG3;Q9UHG3-2;C9JM55;C9K055;F8W8W4;C9JGT6	PCYOX1	Q9UHG3	1	member	1:Q9UHG3:reviewed_human	0.000000
1565	Q8NBM8;E7EVZ5;D6R9J0	PCYOX1L	Q8NBM8	1	member	1:Q8NBM8:reviewed_human	0.000038
1566	Q13442	PDAP1	Q13442	1	member	1:Q13442:reviewed_human	0.000041
1567	Q9BUL8;C9J6F3;C9J5C3;C9J363;H7C5M9;C9JSA3;C9JND6;C9J932;F8WDF3	PDCD10	Q9BUL8	1	member	1:Q9BUL8:reviewed_human	0.000392
1568	O14737;O14737-2;K7EQA1;K7ESJ4;Q3HM38;X6R2P6	PDCD5	O14737	1	member	1:O14737:reviewed_human	0.001070
1569	O75340;O75340-2;A0A024QZ42;H0Y9X3;E7EPW6;A0A087WZ38;O75340-3	PDCD6	O75340	1	member	1:O75340:reviewed_human	0.001075
1570	Q8WUM4;Q8WUM4-2;Q8WUM4-3;C9IZF9;F8WEQ7;F8WBR8;F8WDK9	PDCD6IP	Q8WUM4	1	member	1:Q8WUM4:reviewed_human	0.028265
1571	Q8NB37;H0YE25;H0YF25;Q8NB37-2;H0YER3;E9PLI5;Q8NB37-3	PDDC1	Q8NB37	1	member	1:Q8NB37:reviewed_human	0.000023
1572	Q6L8Q7;F6T1Q0;Q6L8Q7-2	PDE12	Q6L8Q7	1	member	1:Q6L8Q7:reviewed_human	0.000667
1573	H7BZJ3;F8WBS6;F8WBW5	PDIA3	P30101	gene	member_via_gene	1:H7BZJ3:unreviewed/9606; 2:F8WBS6:unreviewed/9606; 3:F8WBW5:unreviewed/9606; gene:PDIA3:P30101	0.000016
1574	P30101	PDIA3	P30101	1	member_duplicate_entry	1:P30101:reviewed_human	0.001763
1575	P13667	PDIA4	P13667	1	member	1:P13667:reviewed_human	0.003200
1576	Q15084;Q15084-3;Q15084-4;Q15084-5;Q15084-2	PDIA6	Q15084	1	member	1:Q15084:reviewed_human	0.001125
1577	O00764;F2Z2Y4;O00764-3;O00764-2;A8MV33	PDXK	O00764	1	member	1:O00764:reviewed_human	0.001127
1578	Q96GD0;B1AHD3	PDXP	Q96GD0	1	member	1:Q96GD0:reviewed_human	0.019694
1579	Q8NEN9	PDZD8	Q8NEN9	1	member	1:Q8NEN9:reviewed_human	0.000001
1580	Q13113	PDZK1IP1	Q13113	1	member	1:Q13113:reviewed_human	0.000000
1581	P30086	PEBP1	P30086	1	member	1:P30086:reviewed_human	0.064609
1582	Q9UBV8	PEF1	Q9UBV8	1	member	1:Q9UBV8:reviewed_human	0.000552
1583	P12955;P12955-3;P12955-2;K7ES25;V9GYE4;V9GY89;V9GYL0	PEPD	P12955	1	member	1:P12955:reviewed_human	0.011391
1584	P56589	PEX3	P56589	1	member	1:P56589:reviewed_human	0.000000
1585	Q13608;Q13608-3	PEX6	Q13608	1	member	1:Q13608:reviewed_human	0.000692
1586	O15067;H0YGH1;J3QSG0;J3QSH6;J3KT98;J3KTQ5;J3KTL4;J3QL39	PFAS	O15067	1	member	1:O15067:reviewed_human	0.029126
1587	O60925;E5RGS4;D6RGG5	PFDN1	O60925	1	member	1:O60925:reviewed_human	0.000309
1588	Q9UHV9	PFDN2	Q9UHV9	1	member	1:Q9UHV9:reviewed_human	0.000329
1589	Q9NQP4;E9PQY2	PFDN4	Q9NQP4	1	member	1:Q9NQP4:reviewed_human	0.000222
1590	Q99471;H3BPF6;H3BMQ1;Q99471-3;Q99471-2;F8VNW6;F8VQZ2	PFDN5	Q99471	1	member	1:Q99471:reviewed_human	0.000485
1591	O15212;A2AB88	PFDN6	O15212	1	member	1:O15212:reviewed_human	0.001056
1592	P17858;P17858-2;F8WEU2	PFKL	P17858	1	member	1:P17858:reviewed_human	0.045089
1593	P08237;P08237-3;P08237-2;F8VNX2;F8VZQ1;F8VX13;F8VSL1;F8VW30;F8VZI0;F8VP00;F8W1J8;H0YIS9;F8VSF7;F8VUB8;F8VTQ3;F8VYK8;H0YHB8;F8VVE3	PFKM	P08237	1	member	1:P08237:reviewed_human	0.013374
1594	Q01813;Q01813-2;B1APP6;V9GY25;B1APP8;Q5VSR5;V9GYV7;H0Y757;H0Y3Y3	PFKP	Q01813	1	member	1:Q01813:reviewed_human	0.000149
1595	P07737;I3L3D5;K7EJ44;CON__P02584	PFN1	P07737	1	member	1:P07737:reviewed_human	0.000445
1596	P18669;Q8N0Y7;P15259	PGAM1	P18669	1	member	1:P18669:reviewed_human	0.028844
1597	P52209;P52209-2;K7EPF6;K7EM49;K7EMN2;K7ELN9	PGD	P52209	1	member	1:P52209:reviewed_human	0.078661
1598	P00558;P00558-2;P07205	PGK1	P00558	1	member	1:P00558:reviewed_human	0.233342
1599	O95336;M0R261;M0R1L2;M0R0U3	PGLS	O95336	1	member	1:O95336:reviewed_human	0.032162
1600	P36871;P36871-3;P36871-2	PGM1	P36871	1	member	1:P36871:reviewed_human	0.000279
1601	Q96G03;Q96G03-2;E7ENQ8;E9PD70;H0Y921	PGM2	Q96G03	1	member	1:Q96G03:reviewed_human	0.017379
1602	Q6PCE3	PGM2L1	Q6PCE3	1	member	1:Q6PCE3:reviewed_human	0.004421
1603	A6NDG6;H3BV17	PGP	A6NDG6	1	member	1:A6NDG6:reviewed_human	0.002783
1604	O00264;O00264-2	PGRMC1	O00264	1	member	1:O00264:reviewed_human	0.000107
1605	O15173;O15173-2;U3KQM0;D3DNX8	PGRMC2	O15173	1	member	1:O15173:reviewed_human	0.000401
1606	Q8IZ21;Q8IZ21-3;Q8IZ21-2;O75167;Q9C0D0;O75167-2;Q4VY12;H0Y518;J3KP75;O75167-5;O75167-4	PHACTR4	Q8IZ21	1	member	1:Q8IZ21:reviewed_human	0.000331
1607	Q9H814	PHAX	Q9H814	1	member	1:Q9H814:reviewed_human	0.000000
1608	P35232;C9JW96;C9JZ20;E7ESE2;E9PCW0;P35232-2;D6RBK0	PHB	P35232	1	member	1:P35232:reviewed_human	0.000000
1609	Q99623;F5H3X6;F5GY37;J3KPX7;Q99623-2;F5GWA7;F5H2D2;F5H0C5	PHB2	Q99623	1	member	1:Q99623:reviewed_human	0.000263
1610	P46019;P46020;A6NIT2;A6NMN0;P46020-3;P46020-2	PHKA2	P46019	1	member	1:P46019:reviewed_human	0.000078
1611	Q93100-4;Q93100-3;Q93100;Q93100-2;I3L213;I3L0Z1;I3NHZ9;H3BQ89;I3L3F2;I3L1N3;H3BV13	PHKB	Q93100	1	member	1:Q93100:reviewed_human	0.001987
1612	P15735;J3KNN3;P15735-2;H3BP07;H3BTW6;H3BTI9	PHKG2	P15735	1	member	1:P15735:reviewed_human	0.000283
1613	Q8TCT1;Q8TCT1-2;Q8TCT1-3;D6RHH9	PHOSPHO1	Q8TCT1	1	member	1:Q8TCT1:reviewed_human	0.000289
1614	Q9NRX4;Q9NRX4-2	PHPT1	Q9NRX4	1	member	1:Q9NRX4:reviewed_human	0.007609
1615	Q9BTU6;E9PAM4	PI4K2A	Q9BTU6	1	member	1:Q9BTU6:reviewed_human	0.000763
1616	J3KN10;P42356;P42356-2;A4QPH2;A8MTF1;A4QPH2-4;A4QPH2-2	PI4KA	P42356	2	member_via_later_token	1:J3KN10:?/?; 2:P42356:reviewed_human	0.000138
1617	Q13492;Q13492-3;Q13492-2;Q13492-5;Q13492-4;E9PKP6;E9PI56;E9PLJ8;H0YCY1;H0YEF7;H0YEH1;E9PJT1;E9PK13;O60641;E5RFU0;E5RHK9;H0YE97;E5RFC6;E5RK51;E5RIJ5;H0YEY8;H0YD48;E5RGY9;E9PDG8;O60641-3;O60641-4	PICALM	Q13492	1	member	1:Q13492:reviewed_human	0.001655
1618	Q92508;E7EUT2;H0YB49;Q9H5I5;Q9H5I5-4;H3BSF6;H7C2J5;H3BRR7;E7EVM7;Q9H5I5-3;Q9H5I5-2	PIEZO1	Q92508	1	member	1:Q92508:reviewed_human	0.008966
1619	Q92643;B1AK81;A6NEM5;Q92643-2	PIGK	Q92643	1	member	1:Q92643:reviewed_human	0.000013
1620	Q9BRB3-2;B8ZZC7;B8ZZ31;E7ERP4;Q9BRB3-3;Q9BRB3;H0YFM9	PIGQ	Q9BRB3	1	member	1:Q9BRB3:reviewed_human	0.000000
1621	Q96S52;Q96S52-2;K7EN97	PIGS	Q96S52	1	member	1:Q96S52:reviewed_human	0.000199
1622	Q6ZUJ8;Q6ZUJ8-2;Q6ZUJ8-3	PIK3AP1	Q6ZUJ8	1	member	1:Q6ZUJ8:reviewed_human	0.000000
1623	Q8NEB9;A8MYT4;K7ENH3;K7EIV6;K7EKH3	PIK3C3	Q8NEB9	1	member	1:Q8NEB9:reviewed_human	0.000003
1624	Q99570;D6RAC3;D6RBB7;D6RJ98	PIK3R4	Q99570	1	member	1:Q99570:reviewed_human	0.000001
1625	Q13526;K7EN45;K7EMU7	PIN1	Q13526	1	member	1:Q13526:reviewed_human	0.003784
1626	P12273	PIP	P12273	1	member	1:P12273:reviewed_human	0.000000
1627	P48426;H7BXS3;S4R320	PIP4K2A	P48426	1	member	1:P48426:reviewed_human	0.033256
1628	P48426-2;A0A087WT35	PIP4K2A	P48426	1	member_duplicate_entry	1:P48426:reviewed_human	0.000000
1629	P78356;P78356-2	PIP4K2B	P78356	1	member	1:P78356:reviewed_human	0.000304
1630	A6PW57;Q99755-3;Q99755;Q99755-4;Q99755-2;A2A5X0;O14986;A6PW58;O14986-3;O14986-2;A0A0A0MT25;A0A0A0MSP5	PIP5K1A	Q99755	2	member_via_later_token	1:A6PW57:unreviewed/9606; 2:Q99755:reviewed_human	0.000327
1631	O60331;O60331-4;O60331-2;O60331-3	PIP5K1C	O60331	1	member	1:O60331:reviewed_human	0.000007
1632	Q9UG56;H0Y7P7	PISD	Q9UG56	1	member	1:Q9UG56:reviewed_human	0.001598
1633	Q9GZP4;Q9GZP4-2;X6RHB9	PITHD1	Q9GZP4	1	member	1:Q9GZP4:reviewed_human	0.034564
1634	X6R8S9	PITHD1	Q9GZP4	gene	member_duplicate_entry	1:X6R8S9:unreviewed/9606; gene:PITHD1:Q9GZP4	0.000178
1635	Q00169;F5GWE5;I3L4H1;I3L459;I3L4C0;I3L471;I3L2X8;I3NI10;I3L4U7;I3L3W1	PITPNA	Q00169	1	member	1:Q00169:reviewed_human	0.007816
1636	P48739;P48739-2;A0A0A0MSW4;P48739-3;B3KYB6;B3KYB7	PITPNB	P48739	1	member	1:P48739:reviewed_human	0.001154
1637	P98161;P98161-2;P98161-3;H3BV77	PKD1	P98161	1	member	1:P98161:reviewed_human	0.000000
1638	P30613;P30613-2;P14618;P14618-2;H3BR70;B4DNK4;H3BTN5;P14618-3	PKLR	P30613	1	member	1:P30613:reviewed_human	0.070482
1639	Q13835;A0A087WYY6;Q13835-2	PKP1	Q13835	1	member	1:Q13835:reviewed_human	0.001144
1640	Q9Y263;E5RIM3;H0YAU9;H0YBW4	PLAA	Q9Y263	1	member	1:Q9Y263:reviewed_human	0.000484
1641	Q01970;Q01970-2	PLCB3	Q01970	1	member	1:Q01970:reviewed_human	0.000118
1642	P19174;P19174-2	PLCG1	P19174	1	member	1:P19174:reviewed_human	0.000055
1643	Q13393;Q13393-2;Q13393-4;H7C0L3;Q13393-3	PLD1	Q13393	1	member	1:Q13393:reviewed_human	0.000050
1644	Q9NYT0;H0YJ64;H0YIZ5;H0YJD0	PLEK2	Q9NYT0	1	member	1:Q9NYT0:reviewed_human	0.000207
1645	Q96S99;K7EIX0;K7ELB8	PLEKHF1	Q96S99	1	member	1:Q96S99:reviewed_human	0.000663
1646	Q9H8W4	PLEKHF2	Q9H8W4	1	member	1:Q9H8W4:reviewed_human	0.000077
1647	O60664;O60664-3;O60664-4;K7ERZ3;K7EL96;K7ER39	PLIN3	O60664	1	member	1:O60664:reviewed_human	0.009939
1648	O60664-2	PLIN3	O60664	1	member_duplicate_entry	1:O60664:reviewed_human	0.000071
1649	O60568;C9JIX5;H7C2A8;C9JU11;H7C2V1	PLOD3	O60568	1	member	1:O60568:reviewed_human	0.000000
1650	Q04941;Q04941-2	PLP2	Q04941	1	member	1:Q04941:reviewed_human	0.000316
1651	O15162;C9J7K9;O15162-2;C9J9P4;C9JE06;C9J0H3;H7C5I5;Q9NRY7;C9J636;Q9NRY7-1;Q9NRY7-3;F2Z3F2	PLSCR1	O15162	1	member	1:O15162:reviewed_human	0.002051
1652	Q9NRQ2;C9J6E1;E9PHR9;Q9NRQ2-2;C9J916;C9J664;C9JNW2;C9J3P9	PLSCR4	Q9NRQ2	1	member	1:Q9NRQ2:reviewed_human	0.000509
1653	Q9BX97;M0R310	PLVAP	Q9BX97	1	member	1:Q9BX97:reviewed_human	0.000000
1654	Q9UIW2;O75051;P51805;Q9HCM2	PLXNA1	Q9UIW2	1	member	1:Q9UIW2:reviewed_human	0.001282
1655	P00491;G3V5M2;G3V2H3;G3V393	PNP	P00491	1	member	1:P00491:reviewed_human	0.246579
1656	Q8IY17;Q8IY17-3;Q8IY17-4;Q8IY17-2;Q8IY17-5;M0R2C2;M0R2K2;M0QYT1;M0R2H4;M0QXH7;M0QYF5;M0QZK5;Q6ZV29;Q6ZV29-3;Q6ZV29-4;Q6ZV29-5;Q6ZV29-2;F2Z2D4	PNPLA6	Q8IY17	1	member	1:Q8IY17:reviewed_human	0.003544
1657	Q9NVS9;Q9NVS9-2;Q9NVS9-3;Q9NVS9-4;J3QQV6	PNPO	Q9NVS9	1	member	1:Q9NVS9:reviewed_human	0.000290
1658	Q8WVV4-1;Q8WVV4	POF1B	Q8WVV4	1	member	1:Q8WVV4:reviewed_human	0.000060
1659	Q9H488;Q9H488-2	POFUT1	Q9H488	1	member	1:Q9H488:reviewed_human	0.000319
1660	Q8NBL1;H7C5H0;F8WEW4;B4DVA9	POGLUT1	Q8NBL1	1	member	1:Q8NBL1:reviewed_human	0.000000
1661	Q07864;F5H1D6	POLE	Q07864	1	member	1:Q07864:reviewed_human	0.000000
1662	Q8NAT1	POMGNT2	Q8NAT1	1	member	1:Q8NAT1:reviewed_human	0.000000
1663	Q99575	POP1	Q99575	1	member	1:Q99575:reviewed_human	0.000149
1664	Q6S8J3	POTEE	Q6S8J3	1	member	1:Q6S8J3:reviewed_human	0.000048
1665	A5A3E0	POTEF	A5A3E0	1	member	1:A5A3E0:reviewed_human	0.001594
1666	P0CG38;P0CG39	POTEI;POTEJ	P0CG38	1	member	1:P0CG38:reviewed_human	0.000336
1667	Q9BYX7	POTEKP	Q9BYX7	1	member	1:Q9BYX7:reviewed_human	0.000000
1668	Q15181;Q5SQT6	PPA1	Q15181	1	member	1:Q15181:reviewed_human	0.006597
1669	Q06203	PPAT	Q06203	1	member	1:Q06203:reviewed_human	0.000000
1670	Q96CD2;H3BRQ0;H3BQB0;Q96CD2-2;H3BSE3;H3BU34;H3BU63	PPCDC	Q96CD2	1	member	1:Q96CD2:reviewed_human	0.000974
1671	Q9HAB8;Q5VVM3;Q9HAB8-2	PPCS	Q9HAB8	1	member	1:Q9HAB8:reviewed_human	0.001783
1672	P62937;F8WE65;C9J5S7;E5RIZ5	PPIA	P62937	1	member	1:P62937:reviewed_human	0.196327
1673	P62937-2	PPIA	P62937	1	member_duplicate_entry	1:P62937:reviewed_human	0.000156
1674	F5H284;A0A075B759;Q9Y536;A0A0B4J2A2;A0A075B767;A2BFH1	PPIAL4D;PPIAL4E;PPIAL4A;PPIAL4C;PPIAL4G	F5H284	1	member	1:F5H284:reviewed_human	0.000000
1675	P23284	PPIB	P23284	1	member	1:P23284:reviewed_human	0.000330
1676	O43447;C9JQD4;H0YEL5;O43447-2;A6NM32	PPIH	O43447	1	member	1:O43447:reviewed_human	0.000177
1677	Q9Y3C6	PPIL1	Q9Y3C6	1	member	1:Q9Y3C6:reviewed_human	0.000195
1678	Q13356;Q13356-2	PPIL2	Q13356	1	member	1:Q13356:reviewed_human	0.000000
1679	Q9H2H8;B8ZZ77;Q9H2H8-2;H7BZ14;F8WC82;C9J4N2;C9K058	PPIL3	Q9H2H8	1	member	1:Q9H2H8:reviewed_human	0.000337
1680	Q8WUA2	PPIL4	Q8WUA2	1	member	1:Q8WUA2:reviewed_human	0.000000
1681	O43314;A0A087WZV0;O43314-2;D6RBU4;H0Y9S9;Q6PFW1;A0A087WWN8;F8W9A8;B7WPL9;Q6PFW1-6;Q6PFW1-5;Q6PFW1-7;Q6PFW1-4;Q6PFW1-3;Q6PFW1-2;H0Y9M0;K7ENU7;K7EPT7;H7C436	PPIP5K2	O43314	1	member	1:O43314:reviewed_human	0.001439
1682	P35813;P35813-3;P35813-2;E9PKB5;O75688;O75688-2;E9PL75;E9PJN3;B8ZZF0;C9JIR6;O75688-5;O75688-4	PPM1A	P35813	1	member	1:P35813:reviewed_human	0.002472
1683	P49593;A8MX49;B5MCT7;P49593-2;C9J2F3	PPM1F	P49593	1	member	1:P49593:reviewed_human	0.000140
1684	Q9Y570;Q9Y570-4;Q9Y570-2;Q9Y570-3	PPME1	Q9Y570	1	member	1:Q9Y570:reviewed_human	0.004398
1685	P62136;P62136-2;E9PMD7;P62136-3;F5H1L6;F5H037	PPP1CA	P62136	1	member	1:P62136:reviewed_human	0.000759
1686	P62140;C9J9S3;C9JP48;E7ETD8;F8WE71;H0Y3Y6	PPP1CB	P62140	1	member	1:P62140:reviewed_human	0.000000
1687	P36873;F8VYE8;P36873-2;F8VR82;F8W0W8;A0A087WYY5;F8W0V8	PPP1CC	P36873	1	member	1:P36873:reviewed_human	0.000000
1688	Q6ZMI0;Q6ZMI0-4;Q6ZMI0-3;Q6ZMI0-5;Q6ZMI0-2	PPP1R21	Q6ZMI0	1	member	1:Q6ZMI0:reviewed_human	0.000007
1689	Q15435;H7C003;Q15435-2;C9J177;C9JD73;Q15435-3;B5MBZ8;Q15435-5;Q15435-4;C9JRC4;H7C3Q5;H7C118	PPP1R7	Q15435	1	member	1:Q15435:reviewed_human	0.005275
1690	E7ESG8	PPP2CA	P67775	gene	member_via_gene	1:E7ESG8:unreviewed/9606; gene:PPP2CA:P67775	0.000001
1691	P67775;P67775-2	PPP2CA	P67775	1	member_duplicate_entry	1:P67775:reviewed_human	0.005799
1692	E5RHP4;E5RFI3	PPP2CA;PPP2CB			no_reviewed_human_entry	1:E5RHP4:?/?; 2:E5RFI3:unreviewed/9606; gene:PPP2CA;PPP2CB:ambiguous:P62714;P67775	0.000000
1693	P62714;E5RHC1;H0YC23;H0YBN9;H3BV22;H3BTA2;E5RJX4	PPP2CB	P62714	1	member	1:P62714:reviewed_human	0.000000
1694	P30153;B3KQV6;C9J9C1;E9PH38;M0QXG4;M0R0K6	PPP2R1A	P30153	1	member	1:P30153:reviewed_human	0.060696
1695	P30154;P30154-2;P30154-4;P30154-3;P30154-5;H0YDG7;E9PNM7;E9PHZ6;E9PPI5	PPP2R1B	P30154	1	member	1:P30154:reviewed_human	0.002018
1696	Q15257-2;Q15257;A6PVN5;Q15257-3;F6WIT2;Q15257-4;Q5T949;Q5T948;A6PVN9;A6PVN6;Q68CR8;A6PVN8;A6PVN7;C9IZ76;B7ZBQ0;B7ZBP9;B7ZBP7;B4DDQ6;H0Y6E5	PPP2R4	Q15257	1	member	1:Q15257:reviewed_human	0.029321
1697	Q15173;Q15173-2;E9PNY3;Q16537;Q16537-3;Q16537-2;E9PQN5;Q15172;H0YJZ3;G3V2U3;Q15172-2	PPP2R5B	Q15173	1	member	1:Q15173:reviewed_human	0.000342
1698	Q14738;E9PFR3;H0Y8C4;Q14738-2;Q14738-3;H7C5Q9;H0YN84;H0YJ49;H0YJ35	PPP2R5D	Q14738	1	member	1:Q14738:reviewed_human	0.114850
1699	P60510;I3L4X0	PPP4C	P60510	1	member	1:P60510:reviewed_human	0.000000
1700	Q8TF05;J3QL26;J3KSB0;J3QLA6;J3QQV0;Q8TF05-2;J3KRU1	PPP4R1	Q8TF05	1	member	1:Q8TF05:reviewed_human	0.000058
1701	P53041;H0YDU8;A8MU39;E7EU14;M0R196;A0A087WY80	PPP5C	P53041	1	member	1:P53041:reviewed_human	0.000781
1702	O00743;O00743-3;O00743-2;Q5T1S7	PPP6C	O00743	1	member	1:O00743:reviewed_human	0.004716
1703	Q9UPN7;K7EM28	PPP6R1	Q9UPN7	1	member	1:Q9UPN7:reviewed_human	0.010118
1704	O75170;O75170-2;O75170-6;O75170-4;O75170-3;O75170-5;T1ECW5;A0A0A0MSJ8	PPP6R2	O75170	1	member	1:O75170:reviewed_human	0.000845
1705	Q5H9R7;H7BXH2;E9PKF6;Q5H9R7-6;Q5H9R7-2;Q5H9R7-5;Q5H9R7-3;Q5H9R7-4;E9PQP7;H0YEN2;E9PK08;E9PNN8;E9PKG4;H0YDW1;E9PJD8;H0YDK9;H0YEV0	PPP6R3	Q5H9R7	1	member	1:Q5H9R7:reviewed_human	0.028950
1706	Q8N2U9;Q8N2U9-2;K7ERV4;K7EMG2;Q8N2U9-3	PQLC1	Q8N2U9	1	member	1:Q8N2U9:reviewed_human	0.000020
1707	O60831;A6NP52	PRAF2	O60831	1	member	1:O60831:reviewed_human	0.000126
1708	Q06830;A0A0A0MSI0;A0A0A0MRQ5	PRDX1	Q06830	1	member	1:Q06830:reviewed_human	0.255422
1709	P32119;A6NIW5;P32119-2	PRDX2	P32119	1	member	1:P32119:reviewed_human	3.429979
1710	P30048;P30048-2	PRDX3	P30048	1	member	1:P30048:reviewed_human	0.000493
1711	A6NJJ0	PRDX4	Q13162	gene	member_via_gene	1:A6NJJ0:unreviewed/9606; gene:PRDX4:Q13162	0.000000
1712	Q13162;H7C3T4;A6NG45	PRDX4	Q13162	1	member_duplicate_entry	1:Q13162:reviewed_human	0.000039
1713	P30044-2;P30044;P30044-3;P30044-4	PRDX5	P30044	1	member	1:P30044:reviewed_human	0.000847
1714	P30041	PRDX6	P30041	1	member	1:P30041:reviewed_human	0.607373
1715	P48147;H0Y5Y0	PREP	P48147	1	member	1:P48147:reviewed_human	0.001871
1716	P17612;P17612-2;Q15136;K7ERP6;K7ENJ5;K7EMV1	PRKACA;KIN27	P17612	1	member	1:P17612:reviewed_human	0.004983
1717	P22694;P22694-2;A0A0A0MS54;P22694-4;P22694-3;P22694-5;P22694-7;P22694-6;P22694-9;A0A087WVC4;P22694-10;B1APF9;B1APG3;P22694-8;B1APG2;B1APF8;B1APG1;B1APG0;B1APF7	PRKACB	P22694	1	member	1:P22694:reviewed_human	0.000000
1718	P22612	PRKACG	P22612	1	member	1:P22612:reviewed_human	0.000024
1719	P54619;F8VYY9;P54619-2;P54619-3;H0YIC9	PRKAG1	P54619	1	member	1:P54619:reviewed_human	0.000000
1720	K7EIE5;K7EMZ6;K7EMU2	PRKAR1A	P10644	gene	member_via_gene	1:K7EIE5:unreviewed/9606; 2:K7EMZ6:unreviewed/9606; 3:K7EMU2:unreviewed/9606; gene:PRKAR1A:P10644	0.000000
1721	K7EQK3;X6RAV4;K7EPR5	PRKAR1A	P10644	gene	member_duplicate_entry	1:K7EQK3:unreviewed/9606; 2:X6RAV4:unreviewed/9606; 3:K7EPR5:unreviewed/9606; gene:PRKAR1A:P10644	0.001594
1722	P10644;P10644-2;K7EPB2;K7EJ40;K7EK41;K7EID3;K7EM13	PRKAR1A	P10644	1	member_duplicate_entry	1:P10644:reviewed_human	0.002713
1723	P31321;H7BYW5;C9JSK5;K7EKR1;C9J4C2;C9IZL8;C9JR00	PRKAR1B	P31321	1	member	1:P31321:reviewed_human	0.000520
1724	P13861;P13861-2;H7C1L0;C9J830	PRKAR2A	P13861	1	member	1:P13861:reviewed_human	0.000000
1725	P31323;H7C330	PRKAR2B	P31323	1	member	1:P31323:reviewed_human	0.000422
1726	K7ELL7;P14314;P14314-2;A0A0C4DGP4;K7EPW7;K7EJ70;K7EKX1;K7EIP3	PRKCSH	P14314	2	member_via_later_token	1:K7ELL7:unreviewed/9606; 2:P14314:reviewed_human	0.001187
1727	P78527;P78527-2	PRKDC	P78527	1	member	1:P78527:reviewed_human	0.001137
1728	P49683	PRLHR	P49683	1	member	1:P49683:reviewed_human	0.000000
1729	Q99873;E9PNR9;E9PQ98;E9PIX6;H0YDE4;E9PKG1;H7C2I1;Q99873-3;Q99873-2;Q99873-4;A0A087X1W2;Q9NR22;Q9NR22-2	PRMT1	Q99873	1	member	1:Q99873:reviewed_human	0.000000
1730	O14744;O14744-2;O14744-5;O14744-3;O14744-4;H0YJX6;H0YJD3;G3V580;G3V2L6;H7BZ44;G3V2X6;C9JSX3;G3V5L5;H0YJ77;G3V5T6;G3V507;G3V2F5;H0YJY6	PRMT5	O14744	1	member	1:O14744:reviewed_human	0.016466
1731	P04156;A2A2V1;P04156-2;X6RKS3	PRNP	P04156	1	member	1:P04156:reviewed_human	0.000000
1732	O94903;E5RFX7;E5RG77;H0YBG2;E5RFZ4	PROSC	O94903	1	member	1:O94903:reviewed_human	0.000509
1733	Q3B8N5;G3V3G0;Q3B8N5-2	PROX2	Q3B8N5	1	member	1:Q3B8N5:reviewed_human	0.000000
1734	F5H2I0;A8MUE1;A0A0G2JM38;A0A0G2JPC7;A0A0G2JP84;A0A0A0MSZ8;A0A0G2JQ20;A0A0G2JQ10;A0A0G2JP25;A0A0G2JNE9;A0A0G2JPX5;A0A0G2JMH7;A0A0A0MS20	PRPF19;LILRB4			no_reviewed_human_entry	1:F5H2I0:unreviewed/9606; 2:A8MUE1:unreviewed/9606; 3:A0A0G2JM38:unreviewed/9606; 4:A0A0G2JPC7:unreviewed/9606; 5:A0A0G2JP84:unreviewed/9606; 6:A0A0A0MSZ8:unreviewed/9606; 7:A0A0G2JQ20:unreviewed/9606; 8:A0A0G2JQ10:unreviewed/9606; 9:A0A0G2JP25:unreviewed/9606; 10:A0A0G2JNE9:unreviewed/9606; 11:A0A0G2JPX5:unreviewed/9606; 12:A0A0G2JMH7:unreviewed/9606; 13:A0A0A0MS20:unreviewed/9606; gene:PRPF19;LILRB4:ambiguous:Q8NHJ6;Q9UMS4	0.000000
1735	B1ALA9	PRPS1	P60891	gene	member_via_gene	1:B1ALA9:unreviewed/9606; gene:PRPS1:P60891	0.000000
1736	B7ZB02	PRPS1	P60891	gene	member_duplicate_entry	1:B7ZB02:unreviewed/9606; gene:PRPS1:P60891	0.000321
1737	P60891;B1ALA7	PRPS1	P60891	1	member_duplicate_entry	1:P60891:reviewed_human	0.073237
1738	P60891-2	PRPS1	P60891	1	member_duplicate_entry	1:P60891:reviewed_human	0.000000
1739	P21108;A0A0B4J207	PRPS1L1	P21108	1	member	1:P21108:reviewed_human	0.001324
1740	P11908;P11908-2;H7C540;D3YTJ7;A6NMS2	PRPS2	P11908	1	member	1:P11908:reviewed_human	0.000175
1741	Q14558	PRPSAP1	Q14558	1	member	1:Q14558:reviewed_human	0.000000
1742	Q14558-2;B4DP31;C9J168;C9JUN4;C9JNQ3;C9JKT9	PRPSAP1	Q14558	1	member_duplicate_entry	1:Q14558:reviewed_human	0.008937
1743	O60256;O60256-3;O60256-2;O60256-4;E7EPA1;C9K0K7;I3L0S1;C9JJS3;C9JDU5;C9JDH0;E7EW35;I3L164;I3L331;I3L4G9;I3L1T1;I3L3B8;I3L2J4;I3L275	PRPSAP2	O60256	1	member	1:O60256:reviewed_human	0.013044
1744	Q96M27;Q96M27-3;Q96M27-2;Q96M27-5;Q96M27-4	PRRC1	Q96M27	1	member	1:Q96M27:reviewed_human	0.000297
1745	P07477;P07478;Q8NHM4;H0Y8D1;CON__P07477;A0A087WW55;E7EQ64	PRSS1;PRSS2;PRSS3P2	P07477	1	member	1:P07477:reviewed_human	0.009001
1746	P35030;B1AN99;P35030-5;P35030-3;P35030-2;P35030-4	PRSS3	P35030	1	member	1:P35030:reviewed_human	0.000019
1747	Q86TP1;Q86TP1-2;Q5SZG1;Q86TP1-5;Q86TP1-4;Q86TP1-3;Q86TP1-6;Q86TP1-7;Q5SZF2	PRUNE	Q86TP1	1	member	1:Q86TP1:reviewed_human	0.000847
1748	P07602;C9JIZ6;P07602-2;P07602-3;Q5BJH1	PSAP	P07602	1	member	1:P07602:reviewed_human	0.000025
1749	Q9Y617;Q9Y617-2	PSAT1	Q9Y617	1	member	1:Q9Y617:reviewed_human	0.000047
1750	P49768;P49768-2;E7ES96;P49768-6;P49768-7;P49768-3;P49768-5;G3V3Z0;G3V499;G3V2G7;P49768-4;P49810;H0YM52;G3V4P4;E5RG63;B1AP22;P49810-3;G3V2B1;G3V519;G3V4M0;E5RFW4;P49810-2	PSEN1	P49768	1	member	1:P49768:reviewed_human	0.000497
1751	Q9NZ42;K7ERS5;K7ES79	PSENEN	Q9NZ42	1	member	1:Q9NZ42:reviewed_human	0.000014
1752	P25786;P25786-2;F5GX11;B4DEV8;F5H112	PSMA1	P25786	1	member	1:P25786:reviewed_human	0.037936
1753	P25787;C9JCK5;H3BT36;H7C402	PSMA2	P25787	1	member	1:P25787:reviewed_human	0.025197
1754	G3V4X5	PSMA3	P25788	gene	member_via_gene	1:G3V4X5:unreviewed/9606; gene:PSMA3:P25788	0.000026
1755	P25788;P25788-2;H0YJ03;G3V3W4;G3V5N4	PSMA3	P25788	1	member_duplicate_entry	1:P25788:reviewed_human	0.032739
1756	H0YKT8	PSMA4	P25789	gene	member_via_gene	1:H0YKT8:unreviewed/9606; gene:PSMA4:P25789	0.000000
1757	P25789;H0YL69;H0YMZ1;H0YN18;H0YMA1;H0YMI6;H0YLC2;H0YLS6;H0YKS0;H0YMV3	PSMA4	P25789	1	member_duplicate_entry	1:P25789:reviewed_human	0.028541
1758	P25789-2	PSMA4	P25789	1	member_duplicate_entry	1:P25789:reviewed_human	0.000000
1759	P28066;P28066-2	PSMA5	P28066	1	member	1:P28066:reviewed_human	0.040374
1760	P60900;G3V5Z7;P60900-2;G3V295;P60900-3;G3V3I1;G3V3U4;H0YJC4;G3V4S5;G3V2S7	PSMA6	P60900	1	member	1:P60900:reviewed_human	0.032562
1761	O14818;O14818-4;Q8TAA3;Q8TAA3-5;Q8TAA3-2;A0A087WYS6;F5GY34	PSMA7	O14818	1	member	1:O14818:reviewed_human	0.037856
1762	O14818-2;H0Y586	PSMA7	O14818	1	member_duplicate_entry	1:O14818:reviewed_human	0.000091
1763	P20618	PSMB1	P20618	1	member	1:P20618:reviewed_human	0.027710
1764	P40306;J3QQN1;J3QL48	PSMB10	P40306	1	member	1:P40306:reviewed_human	0.000017
1765	A5LHX3	PSMB11	A5LHX3	1	member	1:A5LHX3:reviewed_human	0.000065
1766	P49721;A0A087WVV1	PSMB2	P49721	1	member	1:P49721:reviewed_human	0.024242
1767	A0A087WUL2	PSMB3	P49720	gene	member_via_gene	1:A0A087WUL2:unreviewed/9606; gene:PSMB3:P49720	0.000000
1768	P49720;A0A087WXQ8;A0A087WY10	PSMB3	P49720	1	member_duplicate_entry	1:P49720:reviewed_human	0.022675
1769	P28070	PSMB4	P28070	1	member	1:P28070:reviewed_human	0.033559
1770	P28074;P28074-3;P28074-2;H0YJM8	PSMB5	P28074	1	member	1:P28074:reviewed_human	0.055757
1771	P28072;A0A087X2I4;I3L3X7	PSMB6	P28072	1	member	1:P28072:reviewed_human	0.023994
1772	Q99436;Q5TBG5;Q99436-2	PSMB7	Q99436	1	member	1:Q99436:reviewed_human	0.014930
1773	P28062;P28062-2;X5D2R7;Q5JNW7	PSMB8;PSM8	P28062	1	member	1:P28062:reviewed_human	0.000071
1774	P62191;P62191-2;G3V4X1	PSMC1	P62191	1	member	1:P62191:reviewed_human	0.018991
1775	P35998;P35998-2;C9JLS9	PSMC2	P35998	1	member	1:P35998:reviewed_human	0.029659
1776	R4GNH3;P17980;E9PM69;E9PKD5;E9PMD8;E9PN50;E9PLG2	PSMC3	P17980	2	member_via_later_token	1:R4GNH3:unreviewed/9606; 2:P17980:reviewed_human	0.021715
1777	P43686;P43686-2;Q8N139;Q8N139-2	PSMC4	P43686	1	member	1:P43686:reviewed_human	0.037302
1778	P62195;P62195-2;J3QSA9;J3QQM1;J3KRP2;J3QLH6;J3QSE0;J3QRW1;J3QRR3;J3KTQ9;Q8NB90;Q8NB90-3;Q8NB90-2	PSMC5	P62195	1	member	1:P62195:reviewed_human	0.025146
1779	P62333;A0A087X2I1;H0YJC0;H0YJS8;H0YJX2;H0YJE9;H0YJT1;H0YJY8;H0YJD2	PSMC6	P62333	1	member	1:P62333:reviewed_human	0.015933
1780	Q99460;A0A087WW66;Q99460-2;C9J9M4;H7C378;H7BZR6;F8WCE3	PSMD1	Q99460	1	member	1:Q99460:reviewed_human	0.017904
1781	O75832;B1AJY5;B1AJY7;O75832-2;B1AJY6	PSMD10	O75832	1	member	1:O75832:reviewed_human	0.006448
1782	O00231;O00231-2;J3QRY4;J3QS13;J3KSW3	PSMD11	O00231	1	member	1:O00231:reviewed_human	0.016676
1783	O00232;O00232-2;J3KTJ5;J3KSK1	PSMD12	O00232	1	member	1:O00232:reviewed_human	0.011935
1784	Q9UNM6;Q9UNM6-2;A0A087WUL9;J3KNQ3;E9PL38;H0YD73;E9PQG3;E9PPD2;F8W8J6	PSMD13	Q9UNM6	1	member	1:Q9UNM6:reviewed_human	0.020380
1785	O00487;C9JW37	PSMD14	O00487	1	member	1:O00487:reviewed_human	0.010426
1786	C9JPC0;F8WBS8	PSMD2	Q13200	gene	member_via_gene	1:C9JPC0:unreviewed/9606; 2:F8WBS8:unreviewed/9606; gene:PSMD2:Q13200	0.000048
1787	Q13200;Q13200-3;Q13200-2;H7C2Q3;H7C1H2	PSMD2	Q13200	1	member_duplicate_entry	1:Q13200:reviewed_human	0.066353
1788	O43242;O43242-2;H0YGV8;F5H8K4	PSMD3	O43242	1	member	1:O43242:reviewed_human	0.013707
1789	P55036;A6PVX3;H0Y3Y9;H0Y561	PSMD4	P55036	1	member	1:P55036:reviewed_human	0.005501
1790	Q5VWC4;P55036-2;H7C2J9	PSMD4	P55036	2	member_duplicate_entry	1:Q5VWC4:unreviewed/9606; 2:P55036:reviewed_human	0.000005
1791	Q16401;Q16401-2;F2Z3J2;Q4VXH0	PSMD5	Q16401	1	member	1:Q16401:reviewed_human	0.029984
1792	Q15008;Q15008-4;Q15008-3;Q15008-2;C9J0E9;C9J7B7;H7C531	PSMD6	Q15008	1	member	1:Q15008:reviewed_human	0.019239
1793	P51665;H3BNT7;H3BTM8;H3BQV2	PSMD7	P51665	1	member	1:P51665:reviewed_human	0.002829
1794	P48556;R4GMR5;K7EJR3;K7EJC1;K7ERW6;K7ENY6	PSMD8	P48556	1	member	1:P48556:reviewed_human	0.011877
1795	O00233;J3KN29;O00233-2;F5H5V4;F5GX23;O00233-3;F5H7X1;F5H169	PSMD9	O00233	1	member	1:O00233:reviewed_human	0.032437
1796	Q06323;Q06323-2;Q06323-3;H0YLU2;H0YKK6	PSME1	Q06323	1	member	1:Q06323:reviewed_human	0.063479
1797	Q9UL46;A0A087X1Z3;H0YM70;H0YKU2;H0YLG1;H0YLD2	PSME2	Q9UL46	1	member	1:Q9UL46:reviewed_human	0.033825
1798	Q92530;Q5QPM7;Q5QPM9;H0Y555;F5H4Z3	PSMF1	Q92530	1	member	1:Q92530:reviewed_human	0.041251
1799	O95456;O95456-2;F8WBH7	PSMG1	O95456	1	member	1:O95456:reviewed_human	0.000244
1800	Q969U7;Q969U7-2;K7ENR6;V9GZ55;K7ER45;Q14159;H0YBC9;Q14159-2;Q14159-3	PSMG2	Q969U7	1	member	1:Q969U7:reviewed_human	0.000322
1801	Q9BT73	PSMG3	Q9BT73	1	member	1:Q9BT73:reviewed_human	0.000662
1802	Q5JS54;Q5JS54-2;D6RB92;Q5JS54-3;D6REN3;E2QRC7;F2Z3E0	PSMG4	Q5JS54	1	member	1:Q5JS54:reviewed_human	0.000663
1803	P78330;C9JBI3	PSPH	P78330	1	member	1:P78330:reviewed_human	0.000447
1804	P26599;A6NLN1;P26599-2;P26599-3;A0A0D9SF20;K7EK45;K7ES59;A0A087WU68;K7EKJ7;K7ELW5;A0A087WUW5;O95758;O95758-1;O95758-6;O95758-5;O95758-4;O95758-2;O95758-7;Q9UKA9;A0A087WTS6;X6R242;Q9UKA9-2;Q9UKA9-4;Q9UKA9-3	PTBP1	P26599	1	member	1:P26599:reviewed_human	0.003361
1805	Q96BW5;A0A0A0MSI3;Q96BW5-2	PTER	Q96BW5	1	member	1:Q96BW5:reviewed_human	0.000025
1806	Q15185;A0A087WYT3;Q15185-3;Q15185-4;B4DDC6;Q15185-2	PTGES3	Q15185	1	member	1:Q15185:reviewed_human	0.001888
1807	Q05397;Q05397-2;Q05397-5;E5RHD8;B4DWJ1;E9PEI4;H0YB16;H0YBZ1;H0YBP1;E7ESA6;Q05397-6;Q05397-7	PTK2	Q05397	1	member	1:Q05397:reviewed_human	0.000000
1808	Q13308;Q86X91;Q13308-5;Q13308-3;Q13308-4;Q13308-2;Q13308-6;H7C5L0	PTK7	Q13308	1	member	1:Q13308:reviewed_human	0.000000
1809	P06454;P06454-2;B8ZZQ6;B8ZZA1;A0A087WUT1;B8ZZW7;H7C2N1	PTMA	P06454	1	member	1:P06454:reviewed_human	0.000120
1810	P18031;B4DSN5	PTPN1	P18031	1	member	1:P18031:reviewed_human	0.000000
1811	Q06124;Q06124-2;Q06124-3;H0YF12	PTPN11	Q06124	1	member	1:Q06124:reviewed_human	0.001734
1812	Q99952;E7EMB8;Q99952-2	PTPN18	Q99952	1	member	1:Q99952:reviewed_human	0.000000
1813	Q9H3S7	PTPN23	Q9H3S7	1	member	1:Q9H3S7:reviewed_human	0.000609
1814	P35236;J3KR55;P35236-2;P35236-3;H7C5I3;C9JBA9;F8WF66;H7C4T8;E9PE54;C9IYI6;E7EUM0	PTPN7	P35236	1	member	1:P35236:reviewed_human	0.000064
1815	P43378;A0A0A0MR09	PTPN9	P43378	1	member	1:P43378:reviewed_human	0.000000
1816	P18433;P18433-2;P18433-4;P18433-3;Q5JWG0;P23469;P23469-2;S4R2Y5;P23469-3	PTPRA	P18433	1	member	1:P18433:reviewed_human	0.000461
1817	Q9Y3E5;J3KQ48	PTRH2	Q9Y3E5	1	member	1:Q9Y3E5:reviewed_human	0.000000
1818	Q6GMV3	PTRHD1	Q6GMV3	1	member	1:Q6GMV3:reviewed_human	0.003990
1819	Q00577;Q9UJV8;K7ENC1;Q9UJV8-2	PURA	Q00577	1	member	1:Q00577:reviewed_human	0.003765
1820	Q96QR8	PURB	Q96QR8	1	member	1:Q96QR8:reviewed_human	0.000228
1821	P15151;A0A0A0MSA9;A0A0C4DG49;P15151-3;P15151-2;P15151-4	PVR	P15151	1	member	1:P15151:reviewed_human	0.000000
1822	Q15223;Q15223-3;Q15223-2	PVRL1	Q15223	1	member	1:Q15223:reviewed_human	0.000247
1823	Q13610;B4DJV5	PWP1	Q13610	1	member	1:Q13610:reviewed_human	0.000248
1824	A1KZ92;A1KZ92-2	PXDNL	A1KZ92	1	member	1:A1KZ92:reviewed_human	0.000023
1825	Q53H96;A0A0A0MQS1;Q53H96-2;B5MD87;F8WEI0	PYCRL	Q53H96	1	member	1:Q53H96:reviewed_human	0.069387
1826	P47897;C9J165;P47897-2;F2Z2V6	QARS	P47897	1	member	1:P47897:reviewed_human	0.000268
1827	P09417;P09417-2;B7Z415;D6RGG7;D6RHJ7;H0Y8F7	QDPR	P09417	1	member	1:P09417:reviewed_human	0.012406
1828	Q6ZRP7;A0A087X176;H0Y430	QSOX2	Q6ZRP7	1	member	1:Q6ZRP7:reviewed_human	0.000156
1829	P61026;A0A087WWB9	RAB10	P61026	1	member	1:P61026:reviewed_human	0.314493
1830	P62491;H3BSC1;B4DQU5;H3BN38	RAB11A	P62491	1	member	1:P62491:reviewed_human	0.000026
1831	Q15907;P62491-2;Q15907-2;H3BMH2;P57735;M0R377;M0R2D0;A0A0C4DGX5	RAB11B;RAB11A	Q15907	1	member	1:Q15907:reviewed_human	0.005257
1832	Q6IQ22	RAB12	Q6IQ22	1	member	1:Q6IQ22:reviewed_human	0.000000
1833	P61106;X6RFL8	RAB14	P61106	1	member	1:P61106:reviewed_human	0.002212
1834	Q9NP72;Q9NP72-2;A0A087X163;Q5W0J0;Q9NP72-3;H0Y6T8	RAB18	Q9NP72	1	member	1:Q9NP72:reviewed_human	0.004613
1835	P62820;E7END7;P62820-2;P62820-3	RAB1A	P62820	1	member	1:P62820:reviewed_human	0.017933
1836	A0A087WTI1	RAB1B	Q9H0U4	gene	member_via_gene	1:A0A087WTI1:?/?; gene:RAB1B:Q9H0U4	0.000452
1837	Q9H0U4;E9PLD0;Q92928	RAB1B	Q9H0U4	1	member_duplicate_entry	1:Q9H0U4:reviewed_human	0.009948
1838	Q9UL25	RAB21	Q9UL25	1	member	1:Q9UL25:reviewed_human	0.000893
1839	Q9UL26;Q13636;J3QR51	RAB22A	Q9UL26	1	member	1:Q9UL26:reviewed_human	0.000003
1840	Q9ULC3	RAB23	Q9ULC3	1	member	1:Q9ULC3:reviewed_human	0.001755
1841	P61019;P61019-2;E9PKL7;H7C125;H0YD31;H0YDL5	RAB2A	P61019	1	member	1:P61019:reviewed_human	0.001909
1842	Q8WUD1;Q5HYI5;Q8WUD1-2;E9PE37	RAB2B;DKFZp313C1541	Q8WUD1	1	member	1:Q8WUD1:reviewed_human	0.001079
1843	Q15286;F5H157;Q15286-2;Q15771;E9PI18;E9PJQ5;E9PRF7;E9PNB9;E9PS06;F5H7F8;E9PMJ1;Q15771-2;Q86YS6;Q96AX2;E9PQ07;C9JFM7;A8MSP2;A8MTC6;A8MZI4;B7Z3L0;Q86YS6-2;Q96AX2-4;Q96AX2-2;Q96AX2-3	RAB35	Q15286	1	member	1:Q15286:reviewed_human	0.002373
1844	Q14964	RAB39A	Q14964	1	member	1:Q14964:reviewed_human	0.000000
1845	Q15042;Q15042-3;Q15042-4;C9J1R5	RAB3GAP1	Q15042	1	member	1:Q15042:reviewed_human	0.003128
1846	Q9H2M9;Q9H2M9-2;H7C4Y9;F8WDJ2	RAB3GAP2	Q9H2M9	1	member	1:Q9H2M9:reviewed_human	0.002232
1847	Q8TBN0;Q8TBN0-2;E9PK89;H0YD19	RAB3IL1	Q8TBN0	1	member	1:Q8TBN0:reviewed_human	0.000046
1848	P61018;P61018-2;M0R1E0;M0R0X1;P20338;A0A087WYT5	RAB4B	P61018	1	member	1:P61018:reviewed_human	0.000032
1849	P20339;P20339-2;F8WCY6;F8WD79	RAB5A	P20339	1	member	1:P20339:reviewed_human	0.001200
1850	P61020;P61020-2;F8VUA5;F8VVZ0;F8VPW9	RAB5B	P61020	1	member	1:P61020:reviewed_human	0.006753
1851	F8VWU4	RAB5C	P51148	gene	member_via_gene	1:F8VWU4:unreviewed/9606; gene:RAB5C:P51148	0.000000
1852	P51148;P51148-2;K7ERI8;K7ERQ8;F8VVK3;K7ENY4;F8VSF8;F8VWZ7;K7EIP6;Q96HU8;O95057;K7EN06	RAB5C	P51148	1	member_duplicate_entry	1:P51148:reviewed_human	0.004303
1853	P20340-2;P20340;P20340-4;P20340-3;F5H3K7;F5GX61	RAB6A	P20340	1	member	1:P20340:reviewed_human	0.000458
1854	Q9NRW1;Q9NRW1-2;J3KR73;C9JU14;C9JB90;C9J0I2	RAB6B	Q9NRW1	1	member	1:Q9NRW1:reviewed_human	0.007013
1855	Q9H0N0;Q96L33	RAB6C	Q9H0N0	1	member	1:Q9H0N0:reviewed_human	0.000037
1856	P51149;C9J8S3;C9J592;C9J4V0;C9J4S4;C9IZZ0;C9J7D1	RAB7A	P51149	1	member	1:P51149:reviewed_human	0.003677
1857	P61006;P61006-2	RAB8A	P61006	1	member	1:P61006:reviewed_human	0.016321
1858	Q92930;H0YNE9;H0YMN7;H0YLJ8;H0YL94;Q96E17;P59190;P20336;P59190-2;M0R257	RAB8B	Q92930	1	member	1:Q92930:reviewed_human	0.001438
1859	Q15276;Q15276-2;K7ENJ9;A0A087WZZ3;I3L456;I3L2B8	RABEP1	Q15276	1	member	1:Q15276:reviewed_human	0.001176
1860	Q9H5N1;B4DHR0;Q9H5N1-2	RABEP2	Q9H5N1	1	member	1:Q9H5N1:reviewed_human	0.004519
1861	Q5R372;Q5R372-4;Q5R372-3;A0A0C4DG54;Q5R372-2;E9PNV2;Q5R372-7;Q5R372-8;Q5R372-6;Q5R372-5	RABGAP1L	Q5R372	1	member	1:Q5R372:reviewed_human	0.000030
1862	Q9UJ41;A0A0A0MSJ3;Q3HKR1;E9PFK9;Q9UJ41-2;Q9UJ41-4;Q9UJ41-3	RABGEF1	Q9UJ41	1	member	1:Q9UJ41:reviewed_human	0.000000
1863	Q92696;H0YLH3;H0YLG7;H0YKZ8;H0YMG5	RABGGTA	Q92696	1	member	1:Q92696:reviewed_human	0.000658
1864	P53611;Q5T4U8	RABGGTB	P53611	1	member	1:P53611:reviewed_human	0.000130
1865	Q5HYI8;H7C533;F8WAX9;F8WF50;F8WDC7;C9JXM3	RABL3	Q5HYI8	1	member	1:Q5HYI8:reviewed_human	0.000665
1866	Q3YEC7;Q3YEC7-2;F2Z2T0;Q3YEC7-3;G3V154;Q3YEC7-4;Q3YEC7-6;B1AMX5;Q3YEC7-5;H0Y4Z8;H0Y7H6;Q8WYT4	RABL6	Q3YEC7	1	member	1:Q3YEC7:reviewed_human	0.000237
1867	P63000;P63000-2;P60763;B1AH79;P17081;A0A0C4DH03;Q9H4E5;F8WET9;G3V4H1;G3V476;Q9H4E5-2	RAC1;RAC3	P63000	1	member	1:P63000:reviewed_human	0.011017
1868	P15153;B1AH80;B1AH77;B1AH78	RAC2	P15153	1	member	1:P15153:reviewed_human	0.000043
1869	J3KSC4;J3QLK0	RAC3			no_reviewed_human_entry	1:J3KSC4:unreviewed/9606; 2:J3QLK0:unreviewed/9606; gene:RAC3:ambiguous:P60763;Q9Y6Q9	0.000000
1870	P54725;P54725-2;K7ENJ0;K7ELW1;K7ELU6	RAD23A	P54725	1	member	1:P54725:reviewed_human	0.100843
1871	P54725-3;K7EQ16	RAD23A	P54725	1	member_duplicate_entry	1:P54725:reviewed_human	0.015225
1872	P54727;P54727-2;Q5W0S5;H0Y579;Q5W0S4	RAD23B	P54727	1	member	1:P54727:reviewed_human	0.008994
1873	Q92878;Q92878-2;Q92878-3;E7EN38;E7ESD9;E9PM98;C9JNH8;H7C0V2;H7C0P8	RAD50	Q92878	1	member	1:Q92878:reviewed_human	0.000257
1874	P11233;H7C3P7;C9JPE8	RALA	P11233	1	member	1:P11233:reviewed_human	0.000919
1875	P11234;P11234-2;P11234-3;C9J6B1;C9JQB3;C9JYR1;F8WEQ6	RALB	P11234	1	member	1:P11234:reviewed_human	0.000113
1876	Q86X10;Q86X10-4;Q86X10-3;A2A2F0;Q86X10-2	RALGAPB	Q86X10	1	member	1:Q86X10:reviewed_human	0.000000
1877	P62826;B5MDF5;J3KQE5;F5H018;B4DV51;H0YFC6;A0A087X0W0	RAN	P62826	1	member	1:P62826:reviewed_human	0.157398
1878	P43487;P43487-2;F6WQW2;C9JXG8;C9JJ34;C9JGV6;C9JDM3;C9JIC6;Q9C010;Q5T0Z6;Q9C010-2	RANBP1	P43487	1	member	1:P43487:reviewed_human	0.024496
1879	Q6VN20;A0A0D9SEU5;R4GMX8;Q6VN20-3;Q6VN20-2;R4GMX7;R4GNA3;R4GN91	RANBP10	Q6VN20	1	member	1:Q6VN20:reviewed_human	0.000506
1880	Q9H6Z4;Q9H6Z4-2;Q9H6Z4-3;K7EIJ4;B7Z7F3	RANBP3	Q9H6Z4	1	member	1:Q9H6Z4:reviewed_human	0.000000
1881	P46060;H0Y4Q3;B0QYT4;B0QYT5;B0QYT6	RANGAP1	P46060	1	member	1:P46060:reviewed_human	0.002494
1882	P62834;A0A075B6Q0;F5H4H0;F5GYH7;F8WBC0	RAP1A	P62834	1	member	1:P62834:reviewed_human	0.008390
1883	F5GZG1	RAP1B	P61224	gene	member_via_gene	1:F5GZG1:unreviewed/9606; gene:RAP1B:P61224	0.000056
1884	F5H077	RAP1B	P61224	gene	member_duplicate_entry	1:F5H077:unreviewed/9606; gene:RAP1B:P61224	0.000000
1885	F5H823;B7ZB78	RAP1B	P61224	gene	member_duplicate_entry	1:F5H823:unreviewed/9606; 2:B7ZB78:unreviewed/9606; gene:RAP1B:P61224	0.000000
1886	P61224;E7ESV4;F5H7Y6;A6NIZ1;F5GX62;P61224-3;F5H004;F5H6R7;P61224-4;P61224-2;F5GYB5;F5H0B7;F5H500;F5GWU8;F5H491	RAP1B	P61224	1	member_duplicate_entry	1:P61224:reviewed_human	0.000101
1887	P52306;P52306-6;P52306-2;P52306-3;P52306-4;P52306-5	RAP1GDS1	P52306	1	member	1:P52306:reviewed_human	0.000018
1888	P10114;F6U784	RAP2A	P10114	1	member	1:P10114:reviewed_human	0.000051
1889	P61225	RAP2B	P61225	1	member	1:P61225:reviewed_human	0.009761
1890	Q9Y3L5;A0A087X2C3	RAP2C	Q9Y3L5	1	member	1:Q9Y3L5:reviewed_human	0.002498
1891	H0Y8T6	RAPGEF2	Q9Y4G8	gene	member_via_gene	1:H0Y8T6:?/?; gene:RAPGEF2:Q9Y4G8	0.000000
1892	H0Y905	RAPGEF2	Q9Y4G8	gene	member_duplicate_entry	1:H0Y905:?/?; gene:RAPGEF2:Q9Y4G8	0.000349
1893	Q9Y4G8;H0Y8N8;H0Y8H7;Q8TEU7;Q8TEU7-2;H0YAJ8;D6RE77;B7Z7Y1;A0A0A6YYB7;A0A0A0MR23;E9PCH4;Q8TEU7-5;Q8TEU7-3;Q8TEU7-4;D6REY8;D6RC78;D6RAK0;A0A0A6YYJ1;Q8TEU7-6	RAPGEF2	Q9Y4G8	1	member_duplicate_entry	1:Q9Y4G8:reviewed_human	0.001083
1894	Q99969;C9J8S2	RARRES2	Q99969	1	member	1:Q99969:reviewed_human	0.000295
1895	Q9H477;Q9H477-2	RBKS	Q9H477	1	member	1:Q9H477:reviewed_human	0.000049
1896	P98179	RBM3	P98179	1	member	1:P98179:reviewed_human	0.000000
1897	Q9H0Z9;Q9BX46;F6VZ39;Q9H0Z9-2;E9PSF1;H0YA61;A6NG75;H0Y8S7;Q9BX46-5;Q9BX46-2	RBM38;RBM24	Q9H0Z9	1	member	1:Q9H0Z9:reviewed_human	0.000000
1898	P38159;P38159-2;H3BT71;Q96E39;H0Y6E7;H3BUY5;H3BNC1;H3BR27;P38159-3;O75526	RBMX;RBMXL1	P38159	1	member	1:P38159:reviewed_human	0.000004
1899	P62877	RBX1	P62877	1	member	1:P62877:reviewed_human	0.000476
1900	Q15293;Q15293-2;E9PP27;E9PLM2	RCN1	Q15293	1	member	1:Q15293:reviewed_human	0.000001
1901	Q8TC12;Q8TC12-2;G3V2G6;G3V234;Q8TC12-3;H0YIZ8;H0YJ46;H0YJ10	RDH11	Q8TC12	1	member	1:Q8TC12:reviewed_human	0.000714
1902	Q9HBH5	RDH14	Q9HBH5	1	member	1:Q9HBH5:reviewed_human	0.000000
1903	P35241;P35241-5;P35241-4;P35241-2;P35241-3;E9PNV3;E9PQ82;E9PKN5	RDX	P35241	1	member	1:P35241:reviewed_human	0.006093
1904	Q9H6H4;E5RGS2;Q9H6H4-2	REEP4	Q9H6H4	1	member	1:Q9H6H4:reviewed_human	0.000630
1905	Q00765;E2QRG8;B7Z332;B7Z510;Q00765-2;H0Y8J8	REEP5	Q00765	1	member	1:Q00765:reviewed_human	0.000323
1906	Q96HR9;A8MXN1;A8MWX0	REEP6	Q96HR9	1	member	1:Q96HR9:reviewed_human	0.000007
1907	Q04206;Q2TAM5;E9PKH5;A0A087X0W8;Q04206-3;Q04206-4;E9PM47;E9PNK5;E9PN69;E9PNV4;E9PMD5;E9PKV4;A0A087WVP0;Q04206-2	RELA	Q04206	1	member	1:Q04206:reviewed_human	0.000007
1908	Q8IUW5;D6RBN9	RELL1	Q8IUW5	1	member	1:Q8IUW5:reviewed_human	0.001117
1909	Q96D71;H0YDT0;Q96D71-2;Q96D71-4;Q96D71-3;E9PMG1;H7C225;H0YE73;H7C1V2;H0YCR2	REPS1	Q96D71	1	member	1:Q96D71:reviewed_human	0.000098
1910	O15258;Q9P0H9;Q5T092;A0A0A0MR06;Q5T091;Q5T093	RER1	O15258	1	member	1:O15258:reviewed_human	0.000370
1911	Q9Y3B8-3;Q9Y3B8;H0YG54;H0YGR4;F5GYG5;Q9Y3B8-2;Q9BTR4;F5H6P8;H0YG37;F5H784;F5H7P1	REXO2	Q9Y3B8	1	member	1:Q9Y3B8:reviewed_human	0.003303
1912	Q8TAC1;D6RBY0;Q8TAC1-2;D6RJG8	RFESD	Q8TAC1	1	member	1:Q8TAC1:reviewed_human	0.000786
1913	Q8WZ73;Q8WZ73-2;Q8WZ73-3;C9JE27;J3KSI3;J3KSU7;K7EN88;J3QR17;Q969K3;A0A087WTM5;H7BYJ1;Q969K3-2	RFFL	Q8WZ73	1	member	1:Q8WZ73:reviewed_human	0.000080
1914	Q96AA3;B5MDE0;C9JP01	RFT1	Q96AA3	1	member	1:Q96AA3:reviewed_human	0.000102
1915	O43665-3;O43665;O43665-2	RGS10	O43665	1	member	1:O43665:reviewed_human	0.001782
1916	A0A0A0MQS8;Q02094;A0A087WZZ4;Q02094-2	RHAG	Q02094	2	member_via_later_token	1:A0A0A0MQS8:?/?; 2:Q02094:reviewed_human	0.038550
1917	Q8TEB9;B9A054	RHBDD1	Q8TEB9	1	member	1:Q8TEB9:reviewed_human	0.000000
1918	E7EQ47;E9PKB3;H0YCJ8	RHCE	P18577	gene	member_via_gene	1:E7EQ47:unreviewed/9606; 2:E9PKB3:unreviewed/9606; 3:H0YCJ8:unreviewed/9606; gene:RHCE:P18577	0.000000
1919	P18577;P18577-9;P18577-10;F6XSS0;P18577-4;P18577-11;P18577-5;P18577-6;P18577-14;P18577-3;P18577-8;P18577-7;P18577-2;P18577-13;P18577-12	RHCE	P18577	1	member_duplicate_entry	1:P18577:reviewed_human	0.024323
1920	Q02161;E7EVW1;H3BT10;Q02161-5;Q02161-4;A0A087WXD5;Q02161-3;Q02161-2;Q02161-6	RHD	Q02161	1	member	1:Q02161:reviewed_human	0.000109
1921	P61586;C9JX21;C9JNR4;P08134;Q5JR08;Q5JR07;E9PQH6;Q5JR05;Q5JR06;E9PN11;U3KQA9;U3KQV3;C9JRM1;P62745;E9PLA2	RHOA	P61586	1	member	1:P61586:reviewed_human	0.002777
1922	P84095	RHOG	P84095	1	member	1:P84095:reviewed_human	0.000081
1923	Q9NPQ8;Q9NPQ8-4;Q9NPQ8-2;Q9NPQ8-3;H0YEN0;H0YE35;E9PI04;E9PSI0;H0YC88;Q9NVN3;Q9NVN3-1;E9PMP0;REV__E9PNP5;B7WPL0;Q9NVN3-4;Q9NVN3-3	RIC8A	Q9NPQ8	1	member	1:Q9NPQ8:reviewed_human	0.003122
1924	Q6R327;Q6R327-3;D6R9S6;Q6R327-4	RICTOR	Q6R327	1	member	1:Q6R327:reviewed_human	0.002113
1925	Q96NA2;I3L1U0;Q96NA2-2	RILP	Q96NA2	1	member	1:Q96NA2:reviewed_human	0.004519
1926	Q6NUQ1;C9J5S3	RINT1	Q6NUQ1	1	member	1:Q6NUQ1:reviewed_human	0.000541
1927	Q96TC7;H0YNE5;H0YLG5;H0YMB1;Q96TC7-2;H0YLV7	RMDN3	Q96TC7	1	member	1:Q96TC7:reviewed_human	0.000231
1928	Q9Y3C5	RNF11	Q9Y3C5	1	member	1:Q9Y3C5:reviewed_human	0.000000
1929	Q9H920;E9PLR7;F8WDV7;G3V148;Q9H920-2;H0YEH6;E9PKE9;C9JQY5	RNF121	Q9H920	1	member	1:Q9H920:reviewed_human	0.000006
1930	Q5XPI4;Q5XPI4-2;C9JS59;C9J266;C9JI97;C9JN91;F8WB91;H7C3U1	RNF123	Q5XPI4	1	member	1:Q5XPI4:reviewed_human	0.044565
1931	Q9UBS8;D6RA38;D6R988;D6RBK4;D6RAS4;D6R996;E7EP22;D6RDU6;D6RBU3;Q9UBS8-2	RNF14	Q9UBS8	1	member	1:Q9UBS8:reviewed_human	0.000011
1932	Q63HN8;A0A0A0MTR7;A0A0A0MTC1;Q63HN8-4;Q63HN8-5;Q63HN8-6	RNF213	Q63HN8	1	member	1:Q63HN8:reviewed_human	0.000047
1933	P13489;E9PIM9;H0YCR7;E9PMJ3;E9PLZ3;E9PIK5;E9PMN0;E9PMA9;E9PR82;E9PMI1	RNH1	P13489	1	member	1:P13489:reviewed_human	0.082181
1934	Q9H4A4;A6NKB8;A0A087WUS4;A0A087WU27;C9JMZ3	RNPEP	Q9H4A4	1	member	1:Q9H4A4:reviewed_human	0.000772
1935	Q13464	ROCK1	Q13464	1	member	1:Q13464:reviewed_human	0.001015
1936	O75116;E9PF63;Q14DU5;D6REE7;C9JFJ0	ROCK2	O75116	1	member	1:O75116:reviewed_human	0.002886
1937	O75695	RP2	O75695	1	member	1:O75695:reviewed_human	0.001455
1938	Q96AT9;C9J6A7;Q96AT9-5;Q96AT9-3;Q96AT9-2;C9IYE8;C9J8S0;C9J9T0;C9IZU8;Q96AT9-4;E7ESZ6;C9JCL8;E9PBG9;Q2QD12	RPE	Q96AT9	1	member	1:Q96AT9:reviewed_human	0.002499
1939	Q68CZ1;H3BS47;A0A087WX34;H3BV03;Q68CZ1-2	RPGRIP1L	Q68CZ1	1	member	1:Q68CZ1:reviewed_human	0.000000
1940	P49247	RPIA	P49247	1	member	1:P49247:reviewed_human	0.048715
1941	F8W7C6;A0A087WV22	RPL10	P27635	gene	member_via_gene	1:F8W7C6:unreviewed/9606; 2:A0A087WV22:?/?; gene:RPL10:P27635	0.000000
1942	P27635;X1WI28;Q96L21;B8A6G2;A6QRI9;H7C123;H7C2C5	RPL10	P27635	1	member_duplicate_entry	1:P27635:reviewed_human	0.000117
1943	P62906	RPL10A	P62906	1	member	1:P62906:reviewed_human	0.001407
1944	P62913;P62913-2;Q5VVC8;Q5VVC9	RPL11	P62913	1	member	1:P62913:reviewed_human	0.000224
1945	P30050;P30050-2	RPL12	P30050	1	member	1:P30050:reviewed_human	0.000020
1946	P26373;J3QSB4;P26373-2;H3BTH3	RPL13	P26373	1	member	1:P26373:reviewed_human	0.000127
1947	P40429;M0QYS1;Q8J015;Q6NVV1;M0QZU1;A0A096LPE0	RPL13A;RPL13a	P40429	1	member	1:P40429:reviewed_human	0.000037
1948	P50914;E7EPB3	RPL14	P50914	1	member	1:P50914:reviewed_human	0.000003
1949	P61313;E7EQV9;E7ENU7;E7EX53;P61313-2;E7ERA2	RPL15	P61313	1	member	1:P61313:reviewed_human	0.000763
1950	P18621;A0A087WXM6;J3QQT2;J3KRX5;A0A0A6YYL6;P18621-3;J3QLC8;J3KRB3;A0A087WWH0;J3QS96;A0A0A0MRF8;P18621-2;A0A087WY81;J3KSJ0	RPL17;RPL17-C18orf32	P18621	1	member	1:P18621:reviewed_human	0.000003
1951	Q07020;J3QQ67;G3V203;H0YHA7;Q07020-2;F8VUA6;F8VYV2;A0A075B7A0;F8VXR6	RPL18	Q07020	1	member	1:Q07020:reviewed_human	0.000206
1952	Q02543;M0R3D6;M0R1A7;M0R117;M0R0P7	RPL18A	Q02543	1	member	1:Q02543:reviewed_human	0.000275
1953	P84098;J3QR09;J3KTE4;J3QL15	RPL19	P84098	1	member	1:P84098:reviewed_human	0.000805
1954	P46778;M0R181;G3V1B3	RPL21	P46778	1	member	1:P46778:reviewed_human	0.000034
1955	P35268;K7EMH1;K7ERI7;K7ELC4;K7EP65;K7EKS7;K7EJT5;Q6P5R6;C9JYQ9;H0Y8C2	RPL22	P35268	1	member	1:P35268:reviewed_human	0.000031
1956	P62829;J3KT29;C9JD32;J3KTJ3;B9ZVP7;J3QQT9	RPL23	P62829	1	member	1:P62829:reviewed_human	0.000271
1957	P62750;H7BY10;K7EJV9;K7ERT8;A8MUS3;K7EMA7	RPL23A	P62750	1	member	1:P62750:reviewed_human	0.000396
1958	P83731;C9JXB8;C9JNW5	RPL24	P83731	1	member	1:P83731:reviewed_human	0.000000
1959	P61254;J3QRI7;J3QQQ9;J3QQV1;J3KTJ8;J3QRC4;Q9UNX3;E5RIT6;J3KSS0;E5RHH1;J3KS10	RPL26;RPL26L1	P61254	1	member	1:P61254:reviewed_human	0.000027
1960	P61353;K7ELC7;K7EQQ9	RPL27	P61353	1	member	1:P61353:reviewed_human	0.000858
1961	P46776;E9PJD9;E9PLL6;E9PLX7	RPL27A	P46776	1	member	1:P46776:reviewed_human	0.000000
1962	P46779;H0YKD8;P46779-2;P46779-3;H0YMF4;P46779-4;P46779-5;H0YLP6	RPL28	P46779	1	member	1:P46779:reviewed_human	0.000392
1963	P47914	RPL29	P47914	1	member	1:P47914:reviewed_human	0.000000
1964	P39023;G5E9G0;B5MCW2;H7C422;H7C3M2;F8WCR1;Q92901	RPL3	P39023	1	member	1:P39023:reviewed_human	0.000565
1965	P62888;E5RI99;E5RJH3;A0A0C4DH44;A0A0B4J213	RPL30	P62888	1	member	1:P62888:reviewed_human	0.000023
1966	P62899;P62899-3;P62899-2;C9JU56;B7Z4E3;B7Z4C8;B8ZZK4;H7C2W9	RPL31	P62899	1	member	1:P62899:reviewed_human	0.000010
1967	P62910;D3YTB1;F8W727;D3YTI8	RPL32	P62910	1	member	1:P62910:reviewed_human	0.007517
1968	P49207	RPL34	P49207	1	member	1:P49207:reviewed_human	0.000184
1969	P42766;F2Z388	RPL35	P42766	1	member	1:P42766:reviewed_human	0.000014
1970	P18077;C9K025;F8WBS5;F8WB72	RPL35A	P18077	1	member	1:P18077:reviewed_human	0.000390
1971	Q9Y3U8;J3QSB5;J3KTD3	RPL36	Q9Y3U8	1	member	1:Q9Y3U8:reviewed_human	0.000000
1972	P61513;C9J4Z3;Q6P4E4;E9PEL3;G5E9R3;M0R0A1;M0R2L6;A6NKH3	RPL37A	P61513	1	member	1:P61513:reviewed_human	0.000000
1973	P63173;J3KT73;J3QL01;J3KSP2	RPL38	P63173	1	member	1:P63173:reviewed_human	0.000000
1974	P62891;Q59GN2	RPL39;RPL39P5	P62891	1	member	1:P62891:reviewed_human	0.000000
1975	P36578;H3BM89;H3BU31;H3BTP7	RPL4	P36578	1	member	1:P36578:reviewed_human	0.000818
1976	P46777	RPL5	P46777	1	member	1:P46777:reviewed_human	0.000106
1977	Q02878;F8VZ45;U3KQR5;F8VR69;F8VZA3;F8VWR1;F8VU16	RPL6	Q02878	1	member	1:Q02878:reviewed_human	0.000004
1978	P18124;A8MUD9;C9JIJ5;C9JZ88	RPL7	P18124	1	member	1:P18124:reviewed_human	0.000076
1979	P62424;Q5T8U3;Q5T8U2	RPL7A	P62424	1	member	1:P62424:reviewed_human	0.000042
1980	P62917;E9PKZ0;G3V1A1;E9PKU4;E9PP36	RPL8	P62917	1	member	1:P62917:reviewed_human	0.000784
1981	P32969;H0Y9V9;D6RAN4;E7ESE0;H0Y9R4	RPL9	P32969	1	member	1:P32969:reviewed_human	0.000048
1982	P05388;F8VW21;F8VWS0;P05388-2;F8VU65;Q8NHW5;F8VPE8;G3V210;F8VZS0;F8VQY6;F8VRK7;F8VWV4;F8VS58;F8W1K8	RPLP0;RPLP0P6	P05388	1	member	1:P05388:reviewed_human	0.002164
1983	P05386;H0YL57;P05386-2	RPLP1	P05386	1	member	1:P05386:reviewed_human	0.001970
1984	P05387;H0YDD8	RPLP2	P05387	1	member	1:P05387:reviewed_human	0.002083
1985	P04843;B7Z4L4;F8WF32	RPN1	P04843	1	member	1:P04843:reviewed_human	0.000275
1986	P04844;P04844-2;Q5JYR7;Q5JYR4;F2Z3K5;Q5JYR3;H0Y5M1	RPN2	P04844	1	member	1:P04844:reviewed_human	0.000620
1987	P46783;F6U211;S4R435;Q9NQ39	RPS10;RPS10-NUDT3;RPS10P5	P46783	1	member	1:P46783:reviewed_human	0.000061
1988	P62280;M0QZC5;M0R1H5;M0R1H6	RPS11	P62280	1	member	1:P62280:reviewed_human	0.000106
1989	P25398	RPS12	P25398	1	member	1:P25398:reviewed_human	0.000081
1990	P62277;J3KMX5;E9PS50	RPS13	P62277	1	member	1:P62277:reviewed_human	0.000045
1991	P62263;H0YB22;E5RH77	RPS14	P62263	1	member	1:P62263:reviewed_human	0.000491
1992	P62841;K7EQJ5;K7ELC2;K7EM56;A0A0B4J2B4;S4R417;K7EJ78;S4R456	RPS15	P62841	1	member	1:P62841:reviewed_human	0.000099
1993	P62244;I3L3P7;I3L246;H3BVC7;H3BV27;H3BT37;I3L303	RPS15A	P62244	1	member	1:P62244:reviewed_human	0.000056
1994	P62249;M0R210;M0R3H0;M0R1M5;A0A087WZ27;Q6IPX4;M0QX76	RPS16;ZNF90	P62249	1	member	1:P62249:reviewed_human	0.000373
1995	P08708;P0CW22;H0YN88;A0A075B716;H0YN73;H3BNC9	RPS17;RPS17L	P08708	1	member	1:P08708:reviewed_human	0.006216
1996	A0A0G2JQH2;Q5GGW2	RPS18	P62269	gene	member_via_gene	1:A0A0G2JQH2:unreviewed/9606; 2:Q5GGW2:unreviewed/9606; gene:RPS18:P62269	0.000000
1997	P62269;J3JS69	RPS18	P62269	1	member_duplicate_entry	1:P62269:reviewed_human	0.000106
1998	P39019;M0R2L9;M0QXK4;M0QYF7;M0R140;A0A075B6E2	RPS19	P39019	1	member	1:P39019:reviewed_human	0.000358
1999	P15880;H0YEN5;E9PQD7;I3L404;E9PM36;E9PMM9;E9PPT0;H3BNG3;H0YE27	RPS2	P15880	1	member	1:P15880:reviewed_human	0.000451
2000	P60866;P60866-2;E5RJX2;G3XAN0;E5RIP1	RPS20	P60866	1	member	1:P60866:reviewed_human	0.000005
2001	P62266;D6RD47	RPS23	P62266	1	member	1:P62266:reviewed_human	0.000262
2002	P62847;E7ETK0;A0A087WUS0;P62847-2;P62847-3;P62847-4	RPS24	P62847	1	member	1:P62847:reviewed_human	0.000000
2003	P62851	RPS25	P62851	1	member	1:P62851:reviewed_human	0.000047
2004	P62854;Q5JNZ5	RPS26;RPS26P11	P62854	1	member	1:P62854:reviewed_human	0.000000
2005	P42677;Q71UM5;Q5T4L4;H0YMV8;C9J1C5;C9JLI6	RPS27;RPS27L	P42677	1	member	1:P42677:reviewed_human	0.000073
2006	P62979;P0CG47;P62987;J3QS39;J3QTR3;F5H6Q2;F5GYU3;F5H2Z3;F5H265;B4DV12;F5H388;F5H747;F5GXK7;J3QKN0;Q5PY61;Q96C32;P0CG48;M0R1V7;F5GZ39;J3QLP7;J3QRK5;M0R2S1;J3QSA3;M0R1M6;K7EMA8;J3KSM4	RPS27A;UBB;UBA52;UBC;UBBP4	P62979	1	member	1:P62979:reviewed_human	0.282642
2007	P62857	RPS28	P62857	1	member	1:P62857:reviewed_human	0.000111
2008	P62273;P62273-2;A0A087WTT6	RPS29	P62273	1	member	1:P62273:reviewed_human	0.000000
2009	P23396;P23396-2;E9PL09;E9PPU1;F2Z2S8;H0YCJ7;H0YF32;H0YEU2;E9PQ96;E9PJH4;E9PK82;E9PSF4;E9PQX2;H0YES8	RPS3	P23396	1	member	1:P23396:reviewed_human	0.000148
2010	P61247;D6RG13;D6RAT0;H0Y9Y4;H0Y8L7;D6RB09;E9PFI5;D6R9B6;D6RAS7;D6RED7;D6RI02;D6RGE0	RPS3A	P61247	1	member	1:P61247:reviewed_human	0.000220
2011	P62701;A6NH36;P22090;C9JEH7;Q8TD47	RPS4X	P62701	1	member	1:P62701:reviewed_human	0.012723
2012	P46782;M0R0R2;M0R0F0;M0QZN2	RPS5	P46782	1	member	1:P46782:reviewed_human	0.000479
2013	P62753;A2A3R7;A2A3R5	RPS6	P62753	1	member	1:P62753:reviewed_human	0.000033
2014	P51812;Q15418;Q15418-2;E9PGT3;Q15418-4;Q15418-3;Q15349;Q5SVM7;B7Z3B5;F2Z2J1;Q15349-3;Q15349-2	RPS6KA3	P51812	1	member	1:P51812:reviewed_human	0.000443
2015	Q9UK32-2;Q9UK32;B1AXG1;Q6P0Q8;O15021;Q96GX5;O60307;Q9Y2H9;Q96GX5-2;B1AXG2;E9PAN7;V9GXZ1;E7ERL6;E7EWQ5;J3QT34;Q96GX5-3;Q6P0Q8-2;O15021-2;O15021-3;O15021-1	RPS6KA6;RPS6KA3	Q9UK32	1	member	1:Q9UK32:reviewed_human	0.000000
2016	P62081;B5MCP9	RPS7	P62081	1	member	1:P62081:reviewed_human	0.000000
2017	P62241;Q5JR95	RPS8	P62241	1	member	1:P62241:reviewed_human	0.000090
2018	P46781;B5MCT8;C9JM19;F2Z3C0;A8MXK4	RPS9	P46781	1	member	1:P46781:reviewed_human	0.002999
2019	P08865;C9J9K3;A0A0C4DG17;A6NE09	RPSA;RPSAP58	P08865	1	member	1:P08865:reviewed_human	0.000878
2020	Q8N122;Q8N122-3;Q8N122-2;I3L2I3	RPTOR	Q8N122	1	member	1:Q8N122:reviewed_human	0.000042
2021	P62070;A0A0C4DGH2;P62070-2;P62070-3;P62070-4;E9PK85	RRAS2	P62070	1	member	1:P62070:reviewed_human	0.000022
2022	P23921;E9PL69;H0YCY7;E9PRY9;E9PJ62;E9PP77	RRM1	P23921	1	member	1:P23921:reviewed_human	0.011197
2023	Q5JTH9;Q5JTH9-2;Q5JTH9-3	RRP12	Q5JTH9	1	member	1:Q5JTH9:reviewed_human	0.000300
2024	Q96DX4;H3BSC7	RSPRY1	Q96DX4	1	member	1:Q96DX4:reviewed_human	0.000034
2025	Q15404;Q15404-2	RSU1	Q15404	1	member	1:Q15404:reviewed_human	0.001596
2026	O00442;O00442-2;A6NIC1	RTCA	O00442	1	member	1:O00442:reviewed_human	0.003427
2027	Q16799;Q16799-3;A8MT72;Q2NKQ5;Q16799-2	RTN1	Q16799	1	member	1:Q16799:reviewed_human	0.001165
2028	O95197-3;O95197;O95197-4;O95197-7;O95197-2;O95197-5;O95197-6;B7Z4M1;F5H617;F5H891;F5GWG7	RTN3	O95197	1	member	1:O95197:reviewed_human	0.001661
2029	Q9NQC3;Q9NQC3-5;Q9NQC3-2;F8W914;Q9NQC3-4;H7C106;Q9NQC3-3;Q9NQC3-6	RTN4	Q9NQC3	1	member	1:Q9NQC3:reviewed_human	0.000746
2030	Q96T51;Q96T51-3;Q96T51-2;J3KPP6;H0Y9Y8	RUFY1	Q96T51	1	member	1:Q96T51:reviewed_human	0.000026
2031	Q9Y265;Q9Y265-2;E7ETR0;H7C4G5;H7C4I3;J3QLR1	RUVBL1	Q9Y265	1	member	1:Q9Y265:reviewed_human	0.009273
2032	Q9Y230;Q9Y230-2;M0R0Y3;X6R2L4;M0QXI6;M0R0Z0;M0QXZ7	RUVBL2	Q9Y230	1	member	1:Q9Y230:reviewed_human	0.014601
2033	E5RGQ3;Q9H446-2;Q9H446;E5RJE3;E5RGS5	RWDD1	Q9H446	2	member_via_later_token	1:E5RGQ3:unreviewed/9606; 2:Q9H446:reviewed_human	0.000000
2034	P31949	S100A11	P31949	1	member	1:P31949:reviewed_human	0.000055
2035	P26447	S100A4	P26447	1	member	1:P26447:reviewed_human	0.250108
2036	P06703;R4GN98	S100A6	P06703	1	member	1:P06703:reviewed_human	0.154131
2037	P31151;Q86SG5	S100A7	P31151	1	member	1:P31151:reviewed_human	0.000057
2038	P05109	S100A8	P05109	1	member	1:P05109:reviewed_human	0.001251
2039	P06702	S100A9	P06702	1	member	1:P06702:reviewed_human	0.002157
2040	P25815	S100P	P25815	1	member	1:P25815:reviewed_human	0.000009
2041	C9JV50	SACM1L	Q9NTJ5	gene	member_via_gene	1:C9JV50:?/?; gene:SACM1L:Q9NTJ5	0.000011
2042	Q9NTJ5;E9PGZ4;Q9NTJ5-2;F8WDN7;F8WCQ2;C9J3E3	SACM1L	Q9NTJ5	1	member_duplicate_entry	1:Q9NTJ5:reviewed_human	0.001730
2043	Q9NZJ4;Q9NZJ4-2;B2REB0;H0Y6M8	SACS	Q9NZJ4	1	member	1:Q9NZJ4:reviewed_human	0.000015
2044	Q9Y6B6;Q9H029;Q9NR31;H0Y5E8;D6R9R5;D6RD69;Q9NR31-2	SAR1B;DKFZp434B2017;SAR1A	Q9Y6B6	1	member	1:Q9Y6B6:reviewed_human	0.000025
2045	P49591;Q5T5C7	SARS	P49591	1	member	1:P49591:reviewed_human	0.000090
2046	O94885;A0A087WW74	SASH1	O94885	1	member	1:O94885:reviewed_human	0.000361
2047	O95248;O95248-4;G5E933;H0Y5W8;Q86WG5;Q13614;C9JEX3;A0A087WZP7;Q13614-2;Q86WG5-3	SBF1	O95248	1	member	1:O95248:reviewed_human	0.000010
2048	Q6UWP8;Q6UWP8-2;K7ESC4	SBSN	Q6UWP8	1	member	1:Q6UWP8:reviewed_human	0.000084
2049	O15127;H3BV04;H3BN93;H3BUB6;H3BPL9	SCAMP2	O15127	1	member	1:O15127:reviewed_human	0.000043
2050	O14828;O14828-2	SCAMP3	O14828	1	member	1:O14828:reviewed_human	0.000000
2051	Q969E2;Q969E2-2;K7EJJ4;C9JWM2;Q969E2-3	SCAMP4	Q969E2	1	member	1:Q969E2:reviewed_human	0.000318
2052	Q8NBX0	SCCPDH	Q8NBX0	1	member	1:Q8NBX0:reviewed_human	0.000178
2053	Q8WVM8;Q8WVM8-3;Q8WVM8-2;J3KNG4;G3V2M8;G3V4I1;G3V5F3;G3V363;H0YJS6;H0YJY1;G3V3K9;G3V5E2;G3V551;H0YIZ7	SCFD1	Q8WVM8	1	member	1:Q8WVM8:reviewed_human	0.004127
2054	Q8WU76;Q8WU76-2;A0A087WUD7	SCFD2	Q8WU76	1	member	1:Q8WU76:reviewed_human	0.000258
2055	I3L506	SCPEP1	Q9HB40	gene	member_via_gene	1:I3L506:unreviewed/9606; gene:SCPEP1:Q9HB40	0.000000
2056	Q12765;Q12765-2;Q12765-3;C9K052;C9J7U9;B8ZZP4	SCRN1	Q12765	1	member	1:Q12765:reviewed_human	0.000553
2057	Q96FV2;J3QL71;Q96FV2-2;J3QQM9;J3QRJ1;J3QR84;J3KT79;J3KS57	SCRN2	Q96FV2	1	member	1:Q96FV2:reviewed_human	0.002701
2058	Q96KG9;E9PS17;E9PK59;Q96KG9-3;Q96KG9-4;Q96KG9-6;Q96KG9-2;Q96KG9-5;E9PPN3;A0A0A0MQX4;H0YCI6;H0YDH0	SCYL1	Q96KG9	1	member	1:Q96KG9:reviewed_human	0.000826
2059	Q6P3W7;F8VSC5;H0YIK6	SCYL2	Q6P3W7	1	member	1:Q6P3W7:reviewed_human	0.000473
2060	G5EA09;O00560-2;O00560;B4DHN5;E9PBU7	SDCBP	O00560	2	member_via_later_token	1:G5EA09:unreviewed/9606; 2:O00560:reviewed_human	0.000000
2061	Q9HCN8	SDF2L1	Q9HCN8	1	member	1:Q9HCN8:reviewed_human	0.000207
2062	P67812;H0YNG3;P67812-4;P67812-3;H0YNX5;P67812-2;H0YKT4;H0YNA5;P0C7V7	SEC11A	P67812	1	member	1:P67812:reviewed_human	0.000133
2063	O76054;O76054-5;O76054-4;B3KRD8;H7C417;Q9UDX4;F8WEE7;C9JTM4;F8WED8;C9JYY7;C9JZI9	SEC14L2	O76054	1	member	1:O76054:reviewed_human	0.002433
2064	Q9UDX3;Q9UDX3-2;B5MCN3;H7C077;F8WEM2;D7F472;B5MC44;Q9UDX4-3;Q9UDX4-2	SEC14L4	Q9UDX3	1	member	1:Q9UDX3:reviewed_human	0.007329
2065	Q96IW7;C9JRY4;C9JNZ0;C9JDJ8;F8WAU7;C9JR77;C9J463;C9JZ27	SEC22A	Q96IW7	1	member	1:Q96IW7:reviewed_human	0.000291
2066	O75396;A0A087X1A9	SEC22B	O75396	1	member	1:O75396:reviewed_human	0.001274
2067	Q15436;F5H365;G3V4V1;G3V1W4;G3V3G5;G3V2R6;G3V5X8;G3V4Q2;Q15436-2	SEC23A	Q15436	1	member	1:Q15436:reviewed_human	0.000009
2068	Q15437;Q5QPE2;Q5QPE1	SEC23B	Q15437	1	member	1:Q15437:reviewed_human	0.000000
2069	Q9Y6Y8;Q9Y6Y8-2;O94830;H0YE64;E9PK57;H7C0V8;H0YF17;A0A0C4DH82;O94830-2	SEC23IP	Q9Y6Y8	1	member	1:Q9Y6Y8:reviewed_human	0.000000
2070	O95487;O95487-3;O95487-2	SEC24B	O95487	1	member	1:O95487:reviewed_human	0.002349
2071	P53992;G5EA31;P53992-2	SEC24C	P53992	1	member	1:P53992:reviewed_human	0.000000
2072	O94979;O94979-9;H0YAB3;D6RHZ5;H7BXG7;D6REX3;O94979-7;O94979-6;O94979-3;O94979-10;O94979-4;O94979-2;O94979-8;H0Y9K1;H0Y8V7	SEC31A	O94979	1	member	1:O94979:reviewed_human	0.000100
2073	P61619;B4DR61;Q9H9S3;Q9H9S3-3;F8W776;Q8TC24;P61619-3;Q9H9S3-2;H7C1Q9;C9JXC6;H7C069;A6NK38;F2Z2C7;A6NIF9;C9JJV4	SEC61A1;SEC61A2	P61619	1	member	1:P61619:reviewed_human	0.000057
2074	P60468;S4R3B5	SEC61B	P60468	1	member	1:P60468:reviewed_human	0.000021
2075	P60059	SEC61G	P60059	1	member	1:P60059:reviewed_human	0.000059
2076	Q99442;F8WF48;F8WCJ7	SEC62	Q99442	1	member	1:Q99442:reviewed_human	0.000066
2077	Q13228;Q13228-4;Q13228-2;Q13228-3;H0Y532;A6PVX1;F2Z2W8;F8WCR4;C9JVL0	SELENBP1	Q13228	1	member	1:Q13228:reviewed_human	0.537721
2078	Q9BVL4;A0A087X0Q9	SELO	Q9BVL4	1	member	1:Q9BVL4:reviewed_human	0.000876
2079	P62341;A0A087WVA1;Q6IAK0;F8WBD0	SELT	P62341	1	member	1:P62341:reviewed_human	0.000000
2080	O75326;O75326-2;F5GYX3;H3BMF9	SEMA7A	O75326	1	member	1:O75326:reviewed_human	0.010003
2081	C9JHT8	SENP5	Q96HI0	gene	member_via_gene	1:C9JHT8:unreviewed/9606; gene:SENP5:Q96HI0	0.000000
2082	Q96LD8;H3BTJ8;H3BS71;H3BTK5	SENP8	Q96LD8	1	member	1:Q96LD8:reviewed_human	0.000054
2083	O60613;A0A087X1G7;A0A0B4J1S4;A0A087WXL0;A0A0B4J1T0;O60613-2	SEP15_	O60613	1	member	1:O60613:reviewed_human	0.000135
2084	Q9HD40;Q9HD40-3;H0Y9D2;D6R969;J3KP25;Q9HD40-2	SEPSECS	Q9HD40	1	member	1:Q9HD40:reviewed_human	0.001115
2085	Q9NVA2;D6RGI3;D6RER5;Q9NVA2-2;D6RDU5;D6RDP1;D6R9Y6;H0Y961;H0Y9G8	SEPT11_	Q9NVA2	1	member	1:Q9NVA2:reviewed_human	0.000000
2086	Q15019;Q15019-2;B5MCX3;Q15019-3;C9JB25;C9J2Q4;C9J938;C9IZU3;C9IY94;C9JZI2;C9JQJ4;B5MD47;H7C310;H7C2Y0;C9JFT1;F8WB65;C9JT15;C9JSE7	SEPT2_	Q15019	1	member	1:Q15019:reviewed_human	0.000124
2087	O43236;J3QRU3;J3QLR2;J3QLA8;J3QRT6;J3KSZ7;O43236-6;O43236-5;O43236-2;O43236-3;O43236-4	SEPT4_	O43236	1	member	1:O43236:reviewed_human	0.000000
2088	Q14141;B1AMS2;Q14141-2;Q14141-4;Q14141-3	SEPT6_	Q14141	1	member	1:Q14141:reviewed_human	0.000385
2089	Q16181;E7ES33;E7EPK1;Q16181-2;H0Y3Y4;G3V1Q4;Q6ZU15;Q5JXL7	SEPT7_	Q16181	1	member	1:Q16181:reviewed_human	0.000109
2090	Q92599;Q92599-4;A6NMH6;A6NFQ9;F8W8I8;Q92599-2;A0A087X142;Q92599-3;C9JV02;A0A0A0MRP8;C9J4G8;Q9P0V9;E7EW69;E7EX04;B5ME97;Q9P0V9-3;Q9P0V9-2	SEPT8_	Q92599	1	member	1:Q92599:reviewed_human	0.000201
2091	Q8NC51-4;Q8NC51-3;Q8NC51-2;Q8NC51	SERBP1	Q8NC51	1	member	1:Q8NC51:reviewed_human	0.000027
2092	Q9NRX5	SERINC1	Q9NRX5	1	member	1:Q9NRX5:reviewed_human	0.000037
2093	Q13530;Q13530-2;Q5H936	SERINC3	Q13530	1	member	1:Q13530:reviewed_human	0.000025
2094	P01009;P01009-2;A0A0G2JRN3;A0A024R6I7;P01009-3;G3V2B9;G3V544;G3V5R8;G3V387;A0A0B4J278	SERPINA1	P01009	1	member	1:P01009:reviewed_human	0.000232
2095	P01011;G3V3A0;G3V595;P01011-2	SERPINA3	P01011	1	member	1:P01011:reviewed_human	0.000000
2096	P30740;P30740-2	SERPINB1	P30740	1	member	1:P30740:reviewed_human	0.005531
2097	P01008;Q8TCE1	SERPINC1	P01008	1	member	1:P01008:reviewed_human	0.000000
2098	P50454;E9PPV6;E9PR70;E9PKH2;E9PK86;E9PMI5;E9PNX1;E9PIG2;E9PRS3;E9PJH8;E9PQ34;E9PLA6;H0YEP8	SERPINH1	P50454	1	member	1:P50454:reviewed_human	0.000112
2099	P31947;P31947-2	SFN	P31947	1	member	1:P31947:reviewed_human	0.019093
2100	Q12872;F5H1A5;Q12872-2	SFSWAP	Q12872	1	member	1:Q12872:reviewed_human	0.000000
2101	Q8WV19	SFT2D1	Q8WV19	1	member	1:Q8WV19:reviewed_human	0.000000
2102	O95562;Q5TIH2	SFT2D2	O95562	1	member	1:O95562:reviewed_human	0.000452
2103	O43765;K7EMD6;K7ERW5	SGTA	O43765	1	member	1:O43765:reviewed_human	0.004244
2104	O75368	SH3BGRL	O75368	1	member	1:O75368:reviewed_human	0.023698
2105	Q9UJC5	SH3BGRL2	Q9UJC5	1	member	1:Q9UJC5:reviewed_human	0.000296
2106	A0A087WV23	SH3BGRL3	Q9H299	gene	member_via_gene	1:A0A087WV23:?/?; gene:SH3BGRL3:Q9H299	0.000000
2107	Q9H299;Q5T123	SH3BGRL3	Q9H299	1	member_duplicate_entry	1:Q9H299:reviewed_human	0.019860
2108	Q5HYK7;Q5HYK7-4	SH3D19	Q5HYK7	1	member	1:Q5HYK7:reviewed_human	0.001859
2109	Q9Y371;A0A087WW40;Q9Y371-2;Q9Y371-3	SH3GLB1	Q9Y371	1	member	1:Q9Y371:reviewed_human	0.000112
2110	Q9NR46;B7ZC38;B7ZC39;Q9NR46-2;F8WFB9;H7C1Z6	SH3GLB2	Q9NR46	1	member	1:Q9NR46:reviewed_human	0.004473
2111	P60896	SHFM1	P60896	1	member	1:P60896:reviewed_human	0.000000
2112	Q96DD7	SHISA4	Q96DD7	1	member	1:Q96DD7:reviewed_human	0.000163
2113	Q8N114;Q8N114-3;Q8N114-2;Q8N114-5	SHISA5	Q8N114	1	member	1:Q8N114:reviewed_human	0.000062
2114	P34896;P34896-2;P34896-3;P34896-4;J3KRZ5;J3KRK5;P34897;G3V540;G3V5L0;G3V4W5;P34897-3;P34897-2;G3V2D2;G3V2Y4;G3V241;G3V3Y8;G3V4T0;G3V4X0;G3V2W0;G3V2E4	SHMT1	P34896	1	member	1:P34896:reviewed_human	0.000366
2115	Q9UHJ6;A0A0B4J2A0	SHPK;TRPV1	Q9UHJ6	1	member	1:Q9UHJ6:reviewed_human	0.001781
2116	Q8TF72	SHROOM3	Q8TF72	1	member	1:Q8TF72:reviewed_human	0.000209
2117	Q99720;Q99720-4;Q99720-3;Q99720-2	SIGMAR1	Q99720	1	member	1:Q99720:reviewed_human	0.000000
2118	Q8IXJ6;F8WF57;F8WDM4;C9JR33;C9J3U7;F8WCF4;C9JZQ0;B5MCS1;A0A0A0MRF5;E7EWX6;A0A087WYM3;Q8IXJ6-4;Q8IXJ6-2;Q8IXJ6-3	SIRT2	Q8IXJ6	1	member	1:Q8IXJ6:reviewed_human	0.000059
2119	Q15477;H7C5N0;H7C4L3;B4E0B4;F8WDE8	SKIV2L	Q15477	1	member	1:Q15477:reviewed_human	0.000576
2120	P42285	SKIV2L2	P42285	1	member	1:P42285:reviewed_human	0.000000
2121	P63208;E5RJR5;E7ERH2;F8W8N3;P63208-2;E5RGM3;E5RHM3;E5RGM4	SKP1	P63208	1	member	1:P63208:reviewed_human	0.031497
2122	P49281-2;P49281-5;P49281-3;P49281;F8W1P7;P49281-4;F8VWB0	SLC11A2	P49281	1	member	1:P49281:reviewed_human	0.000000
2123	Q9UHW9;Q9UHW9-2;Q9UHW9-6;Q9UHW9-5;Q9UHW9-3;Q9UHW9-4;B3KXX3;H0YKQ8;H0YMQ9;Q9UP95;I3L4N6;Q9UP95-5;Q9UP95-2;Q9UP95-6;Q9UP95-7;Q9UP95-4;Q9UP95-3;H0YNJ5;J3QSF2;H0YKE6	SLC12A6	Q9UHW9	1	member	1:Q9UHW9:reviewed_human	0.000274
2124	Q9Y666;A0A0G2JNW7;H0YB78;Q9Y666-2	SLC12A7	Q9Y666	1	member	1:Q9Y666:reviewed_human	0.000621
2125	Q13336;E9NSU1;K7EKN6;M0QYS8	SLC14A1	Q13336	1	member	1:Q13336:reviewed_human	0.000690
2126	Q13336-2;K7ELI3;K7EQM7;F5GWS2;B3KXJ3;B4DFJ8;M0QX00;K7ESL3;K7EJF6	SLC14A1	Q13336	1	member_duplicate_entry	1:Q13336:reviewed_human	0.006538
2127	P53985;Q5T8R5;P53985-2;Q5T8R3;Q5T8R4	SLC16A1	P53985	1	member	1:P53985:reviewed_human	0.000208
2128	Q8TF71;A0A087X138;H0Y3W8;H0Y5M8	SLC16A10	Q8TF71	1	member	1:Q8TF71:reviewed_human	0.000000
2129	O60669;F8W0N3;F8W0U4;F8VXG4;F8VYZ2;F8VVU7;F8VQS4;F8VS95;F8W1M4	SLC16A7	O60669	1	member	1:O60669:reviewed_human	0.000058
2130	P41440;P41440-2;H3BTQ3;P41440-3;H0Y4T2;E9PIL5;C9J8K6;C9JKP4	SLC19A1	P41440	1	member	1:P41440:reviewed_human	0.001972
2131	A1A5C7;C9J4Z0;A1A5C7-2;A1A5C7-3;H7C4T9;C9IZW5;A1A5C7-4	SLC22A23	A1A5C7	1	member	1:A1A5C7:reviewed_human	0.000093
2132	Q00325;Q00325-2;F8VVM2	SLC25A3	Q00325	1	member	1:Q00325:reviewed_human	0.000000
2133	Q9NYZ2;Q9NYZ2-4	SLC25A37	Q9NYZ2	1	member	1:Q9NYZ2:reviewed_human	0.000000
2134	P05141;P12235;Q9H0C2;V9GYG0	SLC25A5;SLC25A4	P05141	1	member	1:P05141:reviewed_human	0.000007
2135	P12236	SLC25A6	P12236	1	member	1:P12236:reviewed_human	0.000050
2136	O14975;O14975-2;G3V1R7	SLC27A2	O14975	1	member	1:O14975:reviewed_human	0.000274
2137	Q6P1M0;Q6P1M0-2	SLC27A4	Q6P1M0	1	member	1:Q6P1M0:reviewed_human	0.000000
2138	Q99808	SLC29A1	Q99808	1	member	1:Q99808:reviewed_human	0.005095
2139	Q99808-2	SLC29A1	Q99808	1	member_duplicate_entry	1:Q99808:reviewed_human	0.000013
2140	P11166;A0A0D9SFK9;A0A0D9SG74;A6NL68	SLC2A1	P11166	1	member	1:P11166:reviewed_human	0.090660
2141	Q8TDB8;Q8TDB8-4;Q8TDB8-2;Q8TDB8-5;P11169;Q8TDB8-3;F5H076;F5GXP8;F5H5Q3;F5GYR5	SLC2A14;SLC2A3	Q8TDB8	1	member	1:Q8TDB8:reviewed_human	0.002443
2142	P14672;I3L2R4;F5H081;P14672-2;I3L1S2	SLC2A4	P14672	1	member	1:P14672:reviewed_human	0.000274
2143	Q9Y6M5;REV__Q8IUX4;REV__Q96AK3	SLC30A1	Q9Y6M5	1	member	1:Q9Y6M5:reviewed_human	0.000943
2144	Q8NEW0;H0Y362	SLC30A7	Q8NEW0	1	member	1:Q8NEW0:reviewed_human	0.000034
2145	O15431	SLC31A1	O15431	1	member	1:O15431:reviewed_human	0.000000
2146	P78382-2;P78382	SLC35A1	P78382	1	member	1:P78382:reviewed_human	0.000000
2147	Q7Z2H8;E7EW39;Q7Z2H8-3;E5RHG5;H0YB60;Q7Z2H8-4	SLC36A1	Q7Z2H8	1	member	1:Q7Z2H8:reviewed_human	0.000000
2148	O43826;U3KPU7;U3KQS2;O43826-2;U3KQL4	SLC37A4	O43826	1	member	1:O43826:reviewed_human	0.000797
2149	Q8N1S5;Q8N1S5-2;J3QQP1;J3KS66;J3QLB2;J3KRX2;J3QS49	SLC39A11	Q8N1S5	1	member	1:Q8N1S5:reviewed_human	0.000000
2150	Q92504;A2AAT0;A0A087WTX2	SLC39A7	Q92504	1	member	1:Q92504:reviewed_human	0.000000
2151	P08195;P08195-3;F5GZS6;J3KPF3;P08195-2;P08195-4;H0YFS2;F5H0E2;F5H867;F5GZI0	SLC3A2	P08195	1	member	1:P08195:reviewed_human	0.000000
2152	Q9NP59;E7ES28;Q4PNE6;E7EQF8	SLC40A1	Q9NP59	1	member	1:Q9NP59:reviewed_human	0.001711
2153	Q96GZ6;Q96GZ6-6;Q96GZ6-5;D6RF72;D6R9S7;D6R9M9;D6RHE3;D6RDB0;D6R9X6;Q96GZ6-7;Q96GZ6-9;Q96GZ6-2	SLC41A3	Q96GZ6	1	member	1:Q96GZ6:reviewed_human	0.000000
2154	O75387;O75387-2;E9PJ68;E9PJT8;E9PR87;E9PRF0;H0YEH0	SLC43A1	O75387	1	member	1:O75387:reviewed_human	0.002025
2155	Q8N370;Q8N370-3;A0A0G2JM15;Q8N370-2;Q8N370-4;I3L4J2;I3L4V3	SLC43A2	Q8N370	1	member	1:Q8N370:reviewed_human	0.000618
2156	Q8NBI5-2;Q8NBI5;E9PS74;H0YD64;E9PLP1;E9PKW3;E9PL23;H0YCF1;E9PJL1;E9PNM4;E9PJT6;E9PLW1;E9PPE4;E9PLF2;E9PJL3;E9PSH9;E9PMZ1;E9PR64;H0YCG3	SLC43A3	Q8NBI5	1	member	1:Q8NBI5:reviewed_human	0.000195
2157	Q8WWI5;Q8WWI5-3;Q8WWI5-2	SLC44A1	Q8WWI5	1	member	1:Q8WWI5:reviewed_human	0.000154
2158	Q8IWA5;Q8IWA5-3;Q8IWA5-2;K7EPV6;K7ESF5;K7ER17	SLC44A2	Q8IWA5	1	member	1:Q8IWA5:reviewed_human	0.000986
2159	P02730;A0A0A0MS98	SLC4A1	P02730	1	member	1:P02730:reviewed_human	3.125246
2160	P04920;J3KNG9;P04920-2;P04920-3	SLC4A2	P04920	1	member	1:P04920:reviewed_human	0.000000
2161	P48029;H7C222;P48029-3;P48029-4;P48029-2	SLC6A8	P48029	1	member	1:P48029:reviewed_human	0.000000
2162	P30825;P52569;Q5JR49;P52569-3	SLC7A1	P30825	1	member	1:P30825:reviewed_human	0.000037
2163	O14745;J3QRP6	SLC9A3R1	O14745	1	member	1:O14745:reviewed_human	0.000079
2164	Q92581-2;Q92581;A0A0D9SGH0;Q92581-3	SLC9A6	Q92581	1	member	1:Q92581:reviewed_human	0.000000
2165	P0C7P3;P0C7P3-2	SLFN14	P0C7P3	1	member	1:P0C7P3:reviewed_human	0.000772
2166	O75093;Q5T0V4;Q5T0V0;O75093-2	SLIT1	O75093	1	member	1:O75093:reviewed_human	0.000000
2167	Q9H2G2;Q9H2G2-2	SLK	Q9H2G2	1	member	1:Q9H2G2:reviewed_human	0.001019
2168	Q15796;K7EJX0;B7Z5N5;Q15796-2;K7ESI8;K7EL92;K7ERC7;P84022;O15198;H0YMP2;H0YL71;H3BP09;H3BVD1;P84022-3;P84022-2;O15198-2	SMAD2	Q15796	1	member	1:Q15796:reviewed_human	0.000014
2169	Q9NZC9;C9JS37;C9JP32;C9J8F8;C9J6I8;H7C051;H7BYI2	SMARCAL1	Q9NZC9	1	member	1:Q9NZC9:reviewed_human	0.000000
2170	Q969G3;H7C048;K7EMQ8;J3QKS7;B4DGM3;Q969G3-6;Q969G3-5;Q969G3-3;Q969G3-2;Q969G3-4	SMARCE1	Q969G3	1	member	1:Q969G3:reviewed_human	0.000000
2171	O95347;O95347-2;A0A0C4DGE5;Q5T821	SMC2	O95347	1	member	1:O95347:reviewed_human	0.000664
2172	Q9NTJ3;E9PD53;Q9NTJ3-2;C9JR83;C9JVD8;C9J578;C9J9E4;C9JWF0;C9IYK2;C9JJ64	SMC4	Q9NTJ3	1	member	1:Q9NTJ3:reviewed_human	0.006991
2173	B2RUZ4;H3BS66	SMIM1	B2RUZ4	1	member	1:B2RUZ4:reviewed_human	0.014086
2174	O75264;K7EKM7	SMIM24	O75264	1	member	1:O75264:reviewed_human	0.000002
2175	Q71RC9	SMIM5	Q71RC9	1	member	1:Q71RC9:reviewed_human	0.000041
2176	Q92485;F8VWW8;Q92485-2;Q5T0Y8	SMPDL3B	Q92485	1	member	1:Q92485:reviewed_human	0.000075
2177	P52788;H7C2R7;P52788-2	SMS	P52788	1	member	1:P52788:reviewed_human	0.000430
2178	Q9HCE7;Q9HCE7-2	SMURF1	Q9HCE7	1	member	1:Q9HCE7:reviewed_human	0.000028
2179	Q6GMV2;C9IYN9;E2QRN5;F8WEJ9	SMYD5	Q6GMV2	1	member	1:Q6GMV2:reviewed_human	0.000280
2180	H3BV99	SNAP23	O00161	gene	member_via_gene	1:H3BV99:unreviewed/9606; gene:SNAP23:O00161	0.000000
2181	O00161;O00161-2;H3BM38;H3BR18;H3BNE1;H3BPJ0;H3BP15;H3BQY9;H3BNG6;H3BU94;H3BR99	SNAP23	O00161	1	member_duplicate_entry	1:O00161:reviewed_human	0.002320
2182	P37840;E7EPV7;P37840-2;P37840-3;H6UYS7;D6RA31;Q16143;G4Y816	SNCA	P37840	1	member	1:P37840:reviewed_human	0.348509
2183	Q7KZF4;H7C597	SND1	Q7KZF4	1	member	1:Q7KZF4:reviewed_human	0.002615
2184	Q9NRS6;Q9NRS6-2;E9PK26;E9PMW6;E9PNI5	SNX15	Q9NRS6	1	member	1:Q9NRS6:reviewed_human	0.000911
2185	O60749;O60749-2;D6RC15;Q13596;H0YK42;Q13596-2;Q13596-3	SNX2	O60749	1	member	1:O60749:reviewed_human	0.002337
2186	Q96L94;Q96L94-2;Q9Y343;H0YA25;A8MXB7;Q9Y343-2	SNX22	Q96L94	1	member	1:Q96L94:reviewed_human	0.000568
2187	Q9Y5X3;Q5QPE5;Q5QPE4;A0A087WUY5;U3KQL0;U3KQP5;Q9Y5X3-2;G3V2U1;H0YJF8;G3V4Z5	SNX5	Q9Y5X3	1	member	1:Q9Y5X3:reviewed_human	0.000101
2188	Q9UNH7;A0A0A0MRI2;Q9UNH7-2;G3V5X9	SNX6	Q9UNH7	1	member	1:Q9UNH7:reviewed_human	0.000030
2189	Q9Y5X2;C9J271;C9J8E6;C9J014;C9JCB9;C9IYC5	SNX8	Q9Y5X2	1	member	1:Q9Y5X2:reviewed_human	0.000049
2190	Q9Y5X1;A0A087WYU1;A0A087WVE4;A0A087WZW2	SNX9	Q9Y5X1	1	member	1:Q9Y5X1:reviewed_human	0.000481
2191	P00441;H7BYH4	SOD1	P00441	1	member	1:P00441:reviewed_human	0.262584
2192	Q00796;H0YLA4;H0YKB3;Q00796-2	SORD	Q00796	1	member	1:Q00796:reviewed_human	0.011155
2193	O60271;O60271-2;A0A087X2D8;O60271-4;O60271-5;O60271-3;O60271-9;H0YBE9	SPAG9	O60271	1	member	1:O60271:reviewed_human	0.000077
2194	Q96N06;A0A087WYH0;J3KRC8;Q96N06-2	SPATA33	Q96N06	1	member	1:Q96N06:reviewed_human	0.000000
2195	Q9BVQ7;Q9BVQ7-3;Q9BVQ7-2	SPATA5L1	Q9BVQ7	1	member	1:Q9BVQ7:reviewed_human	0.000000
2196	Q9Y6A9;X6R2S6;C9JBL1	SPCS1	Q9Y6A9	1	member	1:Q9Y6A9:reviewed_human	0.000008
2197	Q15005;A0A087WUC6;E9PI68;E9PL01;E9PRB9;H0YE04	SPCS2	Q15005	1	member	1:Q15005:reviewed_human	0.000000
2198	P61009	SPCS3	P61009	1	member	1:P61009:reviewed_human	0.000000
2199	Q9UQ90;Q9UQ90-2	SPG7	Q9UQ90	1	member	1:Q9UQ90:reviewed_human	0.000000
2200	O43791	SPOP	O43791	1	member	1:O43791:reviewed_human	0.000970
2201	Q8TCT8;H0YNA2;H0YNA7	SPPL2A	Q8TCT8	1	member	1:Q8TCT8:reviewed_human	0.000000
2202	P35325;P22532;Q96RM1;P35326;P22531;Q9BYE4	SPRR2B;SPRR2D;SPRR2F;SPRR2A;SPRR2E;SPRR2G	P35325	1	member	1:P35325:reviewed_human	0.000000
2203	Q5W111;Q5W111-2	SPRYD7	Q5W111	1	member	1:Q5W111:reviewed_human	0.000533
2204	P02549;A0A087WZE4;P02549-2	SPTA1	P02549	1	member	1:P02549:reviewed_human	2.187543
2205	V9GY79	SPTA1	P02549	gene	member_duplicate_entry	1:V9GY79:?/?; gene:SPTA1:P02549	0.000000
2206	Q13813;Q13813-3;Q13813-2;A0A0D9SF54;A0A0D9SGF6	SPTAN1	Q13813	1	member	1:Q13813:reviewed_human	0.000017
2207	P11277;P11277-3;A4QPE4;E9PJZ2	SPTB	P11277	1	member	1:P11277:reviewed_human	0.000538
2208	P11277-2;H0YJE6	SPTB	P11277	1	member_duplicate_entry	1:P11277:reviewed_human	2.332278
2209	Q01082;A0A087WUZ3;Q01082-2;F8W6C1	SPTBN1	Q01082	1	member	1:Q01082:reviewed_human	0.000369
2210	Q01082-3	SPTBN1	Q01082	1	member_duplicate_entry	1:Q01082:reviewed_human	0.000001
2211	O15020;O15020-2	SPTBN2	O15020	1	member	1:O15020:reviewed_human	0.000102
2212	Q9H254;M0QZQ3;C9JY79;Q9H254-4;Q9H254-2;Q9H254-5;Q9H254-3	SPTBN4	Q9H254	1	member	1:Q9H254:reviewed_human	0.002499
2213	O15269;O15269-2	SPTLC1	O15269	1	member	1:O15269:reviewed_human	0.000021
2214	O15270;H0YJV2	SPTLC2	O15270	1	member	1:O15270:reviewed_human	0.000023
2215	O75044;A2RUF3;A0A075B7B5;B7ZM87;Q5VZB4;Q7Z6B7;P0DJJ0;A0A075B7E6;G5EA48;P0DMP2;Q7Z6B7-2	SRGAP2	O75044	1	member	1:O75044:reviewed_human	0.000000
2216	P30626;C9J0K6;P30626-2;P30626-3;B4DHQ6	SRI	P30626	1	member	1:P30626:reviewed_human	0.061534
2217	P09132;A0A087WYR0	SRP19	P09132	1	member	1:P09132:reviewed_human	0.000000
2218	O76094;O76094-2;R4GNC1;D6RDY6	SRP72	O76094	1	member	1:O76094:reviewed_human	0.000182
2219	Q9BYN0	SRXN1	Q9BYN0	1	member	1:Q9BYN0:reviewed_human	0.001182
2220	P05455;E7ERC4;E9PFL9;E9PGX9	SSB	P05455	1	member	1:P05455:reviewed_human	0.000307
2221	P43307;C9J3L8;C9J5W0;E9PAL7;C9IZQ1;P43307-2;C9JBX5	SSR1	P43307	1	member	1:P43307:reviewed_human	0.000070
2222	P43308;E9PQI4	SSR2	P43308	1	member	1:P43308:reviewed_human	0.000000
2223	Q9UNL2;C9JA28;Q9UNL2-2;C9J365	SSR3	Q9UNL2	1	member	1:Q9UNL2:reviewed_human	0.000024
2224	P51571;A6NLM8	SSR4	P51571	1	member	1:P51571:reviewed_human	0.000113
2225	O60232;G3V1B8;H0YEB6	SSSCA1	O60232	1	member	1:O60232:reviewed_human	0.001298
2226	P50502;Q3KNR6;A0A087X1H6;Q8NFI4;H7C3I1;Q8IZP2;F6VDH7;F8WAQ7	ST13;ST13P5	P50502	1	member	1:P50502:reviewed_human	0.061176
2227	Q92783;Q92783-2;A6NMU3;C9J1E5;O75886	STAM	Q92783	1	member	1:Q92783:reviewed_human	0.000839
2228	P51692;P42229;K7EK35;P42229-2;K7EIF9;C9J4I3;K7EM17;C9JVV6	STAT5B;STAT5A	P51692	1	member	1:P51692:reviewed_human	0.004840
2229	Q658P3;Q658P3-3;Q658P3-2;B8ZZX6;Q658P3-4	STEAP3	Q658P3	1	member	1:Q658P3:reviewed_human	0.000428
2230	P31948;P31948-2;P31948-3;F5H783;H0YGI8;F5GXD8	STIP1	P31948	1	member	1:P31948:reviewed_human	0.059205
2231	O94804;H0YB71	STK10	O94804	1	member	1:O94804:reviewed_human	0.000309
2232	Q15831;Q15831-2;K7EP59;K7EQN8;K7EMR0	STK11	Q15831	1	member	1:Q15831:reviewed_human	0.011264
2233	O75716;B8ZZI5;B8ZZN3;B4DPS1	STK16	O75716	1	member	1:O75716:reviewed_human	0.000000
2234	Q9Y6E0-2;B4DR80;Q9Y6E0;H0Y630;Q5JV98;Q9P289;Q8NBY1;B4E0Y9;Q9P289-2;O00506;C9JDH9;C9J6L2;C9JCC0;C9J232;H7C279;O00506-3;O00506-2;Q9P289-3;C9JJV0;Q5JV99	STK24	Q9Y6E0	1	member	1:Q9Y6E0:reviewed_human	0.000513
2235	P16949;P16949-2;A2A2D0	STMN1	P16949	1	member	1:P16949:reviewed_human	0.001474
2236	Q93045;E5RGX5;Q93045-2	STMN2	Q93045	1	member	1:Q93045:reviewed_human	0.000401
2237	P27105;P27105-2;F8VSL7	STOM	P27105	1	member	1:P27105:reviewed_human	0.270435
2238	Q8TAV4;Q8TAV4-2	STOML3	Q8TAV4	1	member	1:Q8TAV4:reviewed_human	0.013223
2239	Q9C0K7;Q9C0K7-2;Q9C0K7-3;C9JSU7;F8WCQ7;H7C3S5	STRADB	Q9C0K7	1	member	1:Q9C0K7:reviewed_human	0.006880
2240	Q13033;Q13033-2;G3V340	STRN3	Q13033	1	member	1:Q13033:reviewed_human	0.000000
2241	P46977;P46977-2;A0A0C4DH80;E9PN73;E9PI32	STT3A	P46977	1	member	1:P46977:reviewed_human	0.007071
2242	Q9UNE7;H3BS86	STUB1	Q9UNE7	1	member	1:Q9UNE7:reviewed_human	0.000128
2243	Q9UNE7-2;H3BTA3;H3BUD0	STUB1	Q9UNE7	1	member_duplicate_entry	1:Q9UNE7:reviewed_human	0.000000
2244	O60499;F6RTM7;K7EK75;K7ELY2;X6R2W0;K7EIY4;Q5U8S2;O60499-2	STX10	O60499	1	member	1:O60499:reviewed_human	0.000000
2245	O75558	STX11	O75558	1	member	1:O75558:reviewed_human	0.000111
2246	Q86Y82;B1AJQ6	STX12	Q86Y82	1	member	1:Q86Y82:reviewed_human	0.001581
2247	O14662-2;O14662;O14662-5;H3BU86;O14662-4;O14662-6;F8W9Z6;C9K0W8;Q96NX8;B7ZBM4;B7ZBM5;B7ZBM8;O14662-3;E9PND6;H0YEW0	STX16;STX16-NPEPL1	O14662	1	member	1:O14662:reviewed_human	0.000071
2248	Q9P2W9;D6RF48;D6RC71	STX18	Q9P2W9	1	member	1:Q9P2W9:reviewed_human	0.000196
2249	P32856;P32856-3;P32856-2;J3KNU7;Q16623;P61266;H3BT82;A0A0C4DFZ1;A8MZ54;Q16623-3;Q16623-2;P61266-2	STX2	P32856	1	member	1:P32856:reviewed_human	0.001252
2250	Q12846;Q12846-2;C9JFM5;A0A087WWW0;H3BMK2	STX4	Q12846	1	member	1:Q12846:reviewed_human	0.001888
2251	Q13190-2;Q13190;Q13190-3;Q13190-4;E9PNU4;H7C3X5	STX5	Q13190	1	member	1:Q13190:reviewed_human	0.000036
2252	O43752;O43752-2	STX6	O43752	1	member	1:O43752:reviewed_human	0.000190
2253	O15400;O15400-2	STX7	O15400	1	member	1:O15400:reviewed_human	0.005617
2254	P61764;P61764-2;A0A0D9SEP9;A0A0D9SG72;A0A0D9SFQ7;A0A0D9SFW6;A0A0D9SEH5;A0A096LP52	STXBP1	P61764	1	member	1:P61764:reviewed_human	0.000000
2255	Q15833;Q15833-2;Q15833-3;A0A087WWS7;M0R0M7;M0R1A1;M0R118;M0R0D4;M0QZ54;R4GMY7;A0A087WUN8;M0R376	STXBP2	Q15833	1	member	1:Q15833:reviewed_human	0.002463
2256	O00186;REV__H7C070;REV__H0Y781;REV__Q2LD37-6;REV__Q2LD37-7;REV__Q2LD37-4;REV__Q2LD37	STXBP3	O00186	1	member	1:O00186:reviewed_human	0.000681
2257	Q9Y2Z0;Q9Y2Z0-2	SUGT1	Q9Y2Z0	1	member	1:Q9Y2Z0:reviewed_human	0.001359
2258	P49888;H0Y8G0	SULT1E1	P49888	1	member	1:P49888:reviewed_human	0.000000
2259	Q8NBK3;E9PF05;Q8NBK3-2;Q8NBK3-4;Q8NBK3-5	SUMF1	Q8NBK3	1	member	1:Q8NBK3:reviewed_human	0.000000
2260	Q8NBJ7;A8MXB9;J3KQJ1;Q8NBJ7-2;E9PBT8;J3QT17;C9JL30;H7C3B2;C9J660;F8WA42;Q8NBJ7-5;Q8NBJ7-3	SUMF2	Q8NBJ7	1	member	1:Q8NBJ7:reviewed_human	0.000041
2261	P61956;P55854;A8MUA9;A8MU27;P61956-2;P55854-2;Q6EEV6;J3KRH1	SUMO2;SUMO3	P61956	1	member	1:P61956:reviewed_human	0.004112
2262	O15260;Q5T8U5;O15260-2;B7Z1G8;O15260-3	SURF4	O15260	1	member	1:O15260:reviewed_human	0.000411
2263	Q8NHG7	SVIP	Q8NHG7	1	member	1:Q8NHG7:reviewed_human	0.000322
2264	Q9UH65;E7EMB1;E9PJM7	SWAP70	Q9UH65	1	member	1:Q9UH65:reviewed_human	0.000548
2265	Q96A49	SYAP1	Q96A49	1	member	1:Q96A49:reviewed_human	0.000000
2266	P43405;P43405-2	SYK	P43405	1	member	1:P43405:reviewed_human	0.002287
2267	Q92797;M0R1C2;M0R180;M0QXP5;M0R3C7;A0A087WUE9;Q92797-2	SYMPK	Q92797	1	member	1:Q92797:reviewed_human	0.000000
2268	O60506-4;O60506-3;O60506;O60506-2;B7Z645;O60506-5;F6UXX1;O43390;O43390-4;O43390-2;B4DT28;O43390-3;H0YAA0	SYNCRIP	O60506	1	member	1:O60506:reviewed_human	0.001923
2269	O43759-2;O43759;B5MCD7;O43759-3;A2A283;F8WCE4	SYNGR1	O43759	1	member	1:O43759:reviewed_human	0.000127
2270	O43760;O43760-2;K7ELS8;K7ELD9;K7ENG9;K7EJ35;A8MWL6	SYNGR2	O43760	1	member	1:O43760:reviewed_human	0.002596
2271	O43426;O43426-4;C9JW66;J3KPK1;C9JFZ1;A0A0D9SGJ6;J3KQV8;O43426-5;O43426-2	SYNJ1	O43426	1	member	1:O43426:reviewed_human	0.000000
2272	Q16563-2;Q16563;C9JYN0;H7C4J8	SYPL1	Q16563	1	member	1:Q16563:reviewed_human	0.001758
2273	Q15750;Q15750-2	TAB1	Q15750	1	member	1:Q15750:reviewed_human	0.000018
2274	Q92804;P35637;A0A075B7D9;H3BPE7;P35637-2;Q92804-2	TAF15;FUS	Q92804	1	member	1:Q92804:reviewed_human	0.000051
2275	Q53T94;Q53T94-3;Q53T94-2;U3KQ75	TAF1B	Q53T94	1	member	1:Q53T94:reviewed_human	0.000000
2276	Q92750;A0A0A0MSA8;J3KTH2;Q92750-2	TAF4B	Q92750	1	member	1:Q92750:reviewed_human	0.046728
2277	P37802;X6RJP6;P37802-2	TAGLN2	P37802	1	member	1:P37802:reviewed_human	0.019071
2278	P37837;F2Z393;E9PKI8;E9PM01	TALDO1	P37837	1	member	1:P37837:reviewed_human	0.074389
2279	Q6ICL3;Q6ICL3-4;C9J695;Q6ICL3-2;Q6ICL3-3;A0A0A0MSI5;C9JDT9;Q6ICL3-6;Q6ICL3-5;C9JKN2;B7Z4A5;B7Z6W2;F8WDT9;A8MWT1	TANGO2	Q6ICL3	1	member	1:Q6ICL3:reviewed_human	0.031212
2280	Q7L7X3;Q7L7X3-3;Q9UL54;Q9UL54-2;Q7L7X3-2;Q9UL54-4	TAOK1;TAOK2	Q7L7X3	1	member	1:Q7L7X3:reviewed_human	0.000000
2281	Q9H2K8;G3V1Q8;F5GWV8;H0YF68;F5H3L7;F5H5E0;F5H0M3;F5H7G4;F5GX96;F5GY38;F5H005;Q9UL54-3	TAOK3	Q9H2K8	1	member	1:Q9H2K8:reviewed_human	0.000880
2282	Q6NXT6;Q6NXT6-2;H0Y985	TAPT1	Q6NXT6	1	member	1:Q6NXT6:reviewed_human	0.005474
2283	Q13148;A0A087WX29;K7EJM5;K7EN94;B1AKP7;G3V162;A0A087X260;A0A087WYY0;A0A087WXQ5;A0A087WV68;Q13148-4	TARDBP	Q13148	1	member	1:Q13148:reviewed_human	0.000051
2284	P26639;P26639-2;A2RTX5;D6RBR8;D6RCA5;D6R9F8;D6RDJ6;B7ZLP8;A2RTX5-2	TARS	P26639	1	member	1:P26639:reviewed_human	0.000691
2285	Q6P1N9;E5RID7;H0YBX2;G5EA19;U3KQS5;E5RG17	TATDN1	Q6P1N9	1	member	1:Q6P1N9:reviewed_human	0.000067
2286	Q4KMP7;H3BSE1;Q4KMP7-2	TBC1D10B	Q4KMP7	1	member	1:Q4KMP7:reviewed_human	0.000138
2287	Q9HA65;Q9HA65-3;Q9HA65-2;M0R2L2;M0QYC9;M0QXA2;A0A087WXG5	TBC1D17	Q9HA65	1	member	1:Q9HA65:reviewed_human	0.000553
2288	Q9ULP9;Q9ULP9-2;A0A0D9SFR5;H3BQ06;H3BV07;H3BNU1	TBC1D24	Q9ULP9	1	member	1:Q9ULP9:reviewed_human	0.004366
2289	Q92609;C9J3F6;Q92609-2	TBC1D5	Q92609	1	member	1:Q92609:reviewed_human	0.000000
2290	O75347;E5RIW3;E5RJD8;E5RHG6;O75347-2;E5RIX8;E5RJM1	TBCA	O75347	1	member	1:O75347:reviewed_human	0.025684
2291	Q9BTW9;J3KR97;Q9BTW9-5;Q9BTW9-4;I3L0V3	TBCD	Q9BTW9	1	member	1:Q9BTW9:reviewed_human	0.000000
2292	Q5QJ74;E9PNS0;E9PP54;E9PJJ0;B3KNB6;G3V147	TBCEL	Q5QJ74	1	member	1:Q5QJ74:reviewed_human	0.003389
2293	P23193;E5RJ93;E5RIS7;E5RK46;E5RFI1;B7Z4S1;P23193-2	TCEA1	P23193	1	member	1:P23193:reviewed_human	0.000059
2294	Q96MN5;X6R7X0;Q96MN5-2	TCEANC2	Q96MN5	1	member	1:Q96MN5:reviewed_human	0.000000
2295	Q15369;Q15369-2;E5RHG8;R4GMY8	TCEB1	Q15369	1	member	1:Q15369:reviewed_human	0.000923
2296	Q15370;Q15370-2;B8ZZU8;I3L0M9;A0A0B4J296	TCEB2	Q15370	1	member	1:Q15370:reviewed_human	0.001000
2297	Q5QJ38	TCHHL1	Q5QJ38	1	member	1:Q5QJ38:reviewed_human	0.000000
2298	F5H136;F5H676;F5H726	TCP1	P17987	gene	member_via_gene	1:F5H136:unreviewed/9606; 2:F5H676:unreviewed/9606; 3:F5H726:unreviewed/9606; gene:TCP1:P17987	0.000000
2299	P17987;E7ERF2;E7EQR6;F5H282;F5GZ03;F5GZI8;F5H7Y1;F5GYL4	TCP1	P17987	1	member_duplicate_entry	1:P17987:reviewed_human	0.067833
2300	P57738	TCTA	P57738	1	member	1:P57738:reviewed_human	0.000000
2301	Q5JR98	TCTEX1D4	Q5JR98	1	member	1:Q5JR98:reviewed_human	0.000000
2302	B5MCY1	TDRD15	B5MCY1	1	member	1:B5MCY1:reviewed_human	0.000017
2303	Q7Z6L1;Q7Z6L1-2;Q7Z6L1-4;Q7Z6L1-3;C9JEV4;C9J2A1;C9JUV4	TECPR1	Q7Z6L1	1	member	1:Q7Z6L1:reviewed_human	0.001678
2304	Q9NZ01;M0R3C3;M0QXM3	TECR	Q9NZ01	1	member	1:Q9NZ01:reviewed_human	0.000000
2305	Q969V4;I3L3D4	TEKT1	Q969V4	1	member	1:Q969V4:reviewed_human	0.000048
2306	Q99973;G3V591;G3V470;G3V5X7;Q99973-2	TEP1	Q99973	1	member	1:Q99973:reviewed_human	0.000000
2307	Q9NYB0	TERF2IP	Q9NYB0	1	member	1:Q9NYB0:reviewed_human	0.000167
2308	Q6N021;E7EQS8	TET2	Q6N021	1	member	1:Q6N021:reviewed_human	0.000000
2309	Q8IWB9;Q8IWB9-2;J3KRZ8;A0A087WVA8	TEX2	Q8IWB9	1	member	1:Q8IWB9:reviewed_human	0.000000
2310	P02787;C9JVG0;C9JB55;F8WCI6;F8WEK9;H7C5E8;CON__Q2HJF0	TF	P02787	1	member	1:P02787:reviewed_human	0.000099
2311	Q92734;Q05BK6;Q92734-4;Q92734-3;Q92734-2;C9JJP5;C9JUE0;C9JTY3	TFG	Q92734	1	member	1:Q92734:reviewed_human	0.000920
2312	P02786;G3V0E5;F8WBE5;H7C3V5	TFRC	P02786	1	member	1:P02786:reviewed_human	0.000154
2313	P21980;P21980-2;A2A299;P21980-3;A2A2A0;P49221	TGM2	P21980	1	member	1:P21980:reviewed_human	0.092518
2314	Q08188	TGM3	Q08188	1	member	1:Q08188:reviewed_human	0.000138
2315	Q8WUY1;H0YAR9	THEM6	Q8WUY1	1	member	1:Q8WUY1:reviewed_human	0.000649
2316	Q9NWX6;E5RIQ8	THG1L	Q9NWX6	1	member	1:Q9NWX6:reviewed_human	0.003150
2317	P52888;K7EP46;K7EKB6;K7EMU4;K7EL02;K7EL32;P52888-2;K7EIK4	THOP1	P52888	1	member	1:P52888:reviewed_human	0.002108
2318	Q5T466	TINAG	Q9UJW2	gene	member_via_gene	1:Q5T466:unreviewed/9606; gene:TINAG:Q9UJW2	0.000000
2319	O75663;O75663-2	TIPRL	O75663	1	member	1:O75663:reviewed_human	0.001960
2320	P29401;P29401-2;A0A0B4J1R6;E9PFF2;F8W888;F8WAX4	TKT	P29401	1	member	1:P29401:reviewed_human	0.040860
2321	Q96CP7	TLCD1	Q96CP7	1	member	1:Q96CP7:reviewed_human	0.000000
2322	Q9Y490	TLN1	Q9Y490	1	member	1:Q9Y490:reviewed_human	0.001038
2323	Q9Y4G6;H0YMT1;H0YN01	TLN2	Q9Y4G6	1	member	1:Q9Y4G6:reviewed_human	0.002842
2324	Q99805	TM9SF2	Q99805	1	member	1:Q99805:reviewed_human	0.000000
2325	Q9HD45;Q5TB53	TM9SF3	Q9HD45	1	member	1:Q9HD45:reviewed_human	0.000108
2326	Q92544;A0A0C4DFM1	TM9SF4	Q92544	1	member	1:Q92544:reviewed_human	0.000000
2327	Q969X1;C9JEN3;C9IYT2;F8WDY4;C9IZ27;C9JW19;C9JWV9;B4DUD2;C9JAP5;C9JM62;C9JAK9;C9JN47;C9JI44;C9JDV0	TMBIM1	Q969X1	1	member	1:Q969X1:reviewed_human	0.000358
2328	Q7Z5M5;H0YK69;Q7Z5M5-2	TMC3	Q7Z5M5	1	member	1:Q7Z5M5:reviewed_human	0.000000
2329	Q7Z403;Q7Z403-2;K7ERH0;Q7Z403-3;K7ENC4;K7ENM6;Q7Z403-4	TMC6	Q7Z403	1	member	1:Q7Z403:reviewed_human	0.000716
2330	Q8IU68;Q8IU68-2;K7EJ72	TMC8	Q8IU68	1	member	1:Q8IU68:reviewed_human	0.000114
2331	O75069;G5E963;A0A0C4DFR1;O75069-2;A6NJC0;O94876;Q6N039;E9PC87;O94876-2	TMCC2	O75069	1	member	1:O75069:reviewed_human	0.000147
2332	Q9UM00;J9JIE6;J3QQY2;Q9UM00-2;J3KS45;J3KTQ7	TMCO1	Q9UM00	1	member	1:Q9UM00:reviewed_human	0.000000
2333	Q13445;K7EQ63;K7EIN4;K7ERK5;K7ER03;K7ES06	TMED1	Q13445	1	member	1:Q13445:reviewed_human	0.000065
2334	P49755;G3V2K7	TMED10	P49755	1	member	1:P49755:reviewed_human	0.001144
2335	Q15363;E7EQ72;F5GX39	TMED2	Q15363	1	member	1:Q15363:reviewed_human	0.000366
2336	Q9Y3Q3	TMED3	Q9Y3Q3	1	member	1:Q9Y3Q3:reviewed_human	0.000000
2337	Q7Z7H5;Q7Z7H5-3;Q7Z7H5-2;F8W7F7	TMED4	Q7Z7H5	1	member	1:Q7Z7H5:reviewed_human	0.000017
2338	Q9Y3A6;B1AKT3;Q9Y3A6-2;M0R072	TMED5	Q9Y3A6	1	member	1:Q9Y3A6:reviewed_human	0.000454
2339	Q9Y3B3;Q86XR7-2;A0A0A6YYA0;Q9Y3B3-2;G3V2Y2	TMED7;TMED7-TICAM2	Q9Y3B3	1	member	1:Q9Y3B3:reviewed_human	0.000127
2340	Q9BVK6	TMED9	Q9BVK6	1	member	1:Q9BVK6:reviewed_human	0.001131
2341	K7EM07;Q96IK0	TMEM101	Q96IK0	2	member_via_later_token	1:K7EM07:unreviewed/9606; 2:Q96IK0:reviewed_human	0.000000
2342	Q9BVC6	TMEM109	Q9BVC6	1	member	1:Q9BVC6:reviewed_human	0.000042
2343	J3QSZ6;Q9NPI0	TMEM138	Q9NPI0	2	member_via_later_token	1:J3QSZ6:unreviewed/9606; 2:Q9NPI0:reviewed_human	0.000000
2344	Q9P0S9	TMEM14C	Q9P0S9	1	member	1:Q9P0S9:reviewed_human	0.000423
2345	Q9HC07;V9GY93;Q9HC07-2;V9GYC8	TMEM165	Q9HC07	1	member	1:Q9HC07:reviewed_human	0.000184
2346	Q8TBQ9	TMEM167A	Q8TBQ9	1	member	1:Q8TBQ9:reviewed_human	0.000000
2347	Q7Z7N9	TMEM179B	Q7Z7N9	1	member	1:Q7Z7N9:reviewed_human	0.000000
2348	Q6UW68;K7ELQ9;K7EM09;K7EPR0;K7ER05;K7EJQ9	TMEM205	Q6UW68	1	member	1:Q6UW68:reviewed_human	0.000675
2349	Q9H0R3;Q8TDQ4;H0Y870;H0Y861;Q5SSC2;H0Y8D0;Q9H0R3-2;H7C5C5	TMEM222	Q9H0R3	1	member	1:Q9H0R3:reviewed_human	0.000130
2350	Q96Q45;Q96Q45-5;Q96Q45-4;F2Z329	TMEM237	Q96Q45	1	member	1:Q96Q45:reviewed_human	0.000000
2351	Q96Q45-2;Q96Q45-3;A0A087WWU1	TMEM237	Q96Q45	1	member_duplicate_entry	1:Q96Q45:reviewed_human	0.000202
2352	Q9H330-2;Q9H330;Q9H330-4;H7C0G1;F8WBJ7;Q9H330-3	TMEM245	Q9H330	1	member	1:Q9H330:reviewed_human	0.000569
2353	Q9NV96;Q9NV96-2;Q9NV96-3;Q3MIR4	TMEM30A	Q9NV96	1	member	1:Q9NV96:reviewed_human	0.000100
2354	P57088;D6RAA6;H0Y8N0	TMEM33	P57088	1	member	1:P57088:reviewed_human	0.000000
2355	Q5BJD5;E9PJ42;Q5BJD5-3;Q5BJD5-2	TMEM41B	Q5BJD5	1	member	1:Q5BJD5:reviewed_human	0.000000
2356	Q9BTV4	TMEM43	Q9BTV4	1	member	1:Q9BTV4:reviewed_human	0.000000
2357	Q9NWC5;C9J9Z5;J3KQ06	TMEM45A	Q9NWC5	1	member	1:Q9NWC5:reviewed_human	0.000000
2358	O95807	TMEM50A	O95807	1	member	1:O95807:reviewed_human	0.000000
2359	F8WDH1;P56557;F8WBF4;C9K0I4	TMEM50B	P56557	2	member_via_later_token	1:F8WDH1:unreviewed/9606; 2:P56557:reviewed_human	0.000383
2360	Q86T03-2;Q86T03	TMEM55B	Q86T03	1	member	1:Q86T03:reviewed_human	0.000074
2361	Q96MV1;S4R434;S4R3V7;C9JJM2;C9J6J2	TMEM56;TMEM56-RWDD3	Q96MV1	1	member	1:Q96MV1:reviewed_human	0.000043
2362	Q5T3F8;Q5T3F8-3;Q5T3F8-2;H3BLW6;H0YCP6;E9PNG1	TMEM63B	Q5T3F8	1	member	1:Q5T3F8:reviewed_human	0.000470
2363	Q9NQ34;Q9NQ34-2	TMEM9B	Q9NQ34	1	member	1:Q9NQ34:reviewed_human	0.000000
2364	P28289;P28289-2;Q9NZQ9;Q9NZQ9-2	TMOD1	P28289	1	member	1:P28289:reviewed_human	0.051142
2365	Q9NYL9;H0YKU1;H0YNJ8	TMOD3	Q9NYL9	1	member	1:Q9NYL9:reviewed_human	0.000490
2366	Q6ZT21;Q6ZT21-2	TMPPE	Q6ZT21	1	member	1:Q6ZT21:reviewed_human	0.000111
2367	Q8IUR5-3;Q8IUR5-2;F8VXU8;F8VTQ9	TMTC1	Q8IUR5	1	member	1:Q8IUR5:reviewed_human	0.000000
2368	Q9H3N1;G3V448	TMX1	Q9H3N1	1	member	1:Q9H3N1:reviewed_human	0.015215
2369	Q9Y320;Q9Y320-2;E9PSF0;E9PRL5;H3BSU7;E9PLR1;G3V155	TMX2;TMX2-CTNND1	Q9Y320	1	member	1:Q9Y320:reviewed_human	0.000000
2370	Q96JJ7;B4DIE3;Q96JJ7-2	TMX3	Q96JJ7	1	member	1:Q96JJ7:reviewed_human	0.000000
2371	Q9H1E5;E9PIN7	TMX4	Q9H1E5	1	member	1:Q9H1E5:reviewed_human	0.000280
2372	Q92973;Q92973-2;Q92973-3;S4R398;E7EW37;K7ENW1;K7ESC1;K7ESG1;K7ELC3	TNPO1	Q92973	1	member	1:Q92973:reviewed_human	0.001443
2373	O14787-2;O14787;A0A075B780	TNPO2	O14787	1	member	1:O14787:reviewed_human	0.000019
2374	Q9Y5L0;Q9Y5L0-3;E9PFH4;C9J7E5;Q9Y5L0-1;Q9Y5L0-5	TNPO3	Q9Y5L0	1	member	1:Q9Y5L0:reviewed_human	0.001307
2375	H0Y4U1;A0A087WWW7;E9PGF5;Q9HBL0;E9PF55;Q68CZ2;Q68CZ2-2;Q63HR2;F8VV64;Q63HR2-5;Q63HR2-2;Q63HR2-6;Q63HR2-4	TNS1	Q9HBL0	4	member_via_later_token	1:H0Y4U1:unreviewed/9606; 2:A0A087WWW7:?/?; 3:E9PGF5:unreviewed/9606; 4:Q9HBL0:reviewed_human	0.002628
2376	Q9H0E2;E9PNS3;F2Z2Y8	TOLLIP	Q9H0E2	1	member	1:Q9H0E2:reviewed_human	0.000000
2377	O60784;O60784-3;O60784-2;B0QY01;O60784-4;F8WB30;F8WAW7;F8WE29;F8WBB0;H7BYN7;Q6UW50	TOM1	O60784	1	member	1:O60784:reviewed_human	0.000058
2378	O14656;O14656-2	TOR1A	O14656	1	member	1:O14656:reviewed_human	0.000172
2379	Q5JU69	TOR2A	Q5JU69	1	member	1:Q5JU69:reviewed_human	0.000010
2380	Q53FA7;Q53FA7-2;H7BZH6	TP53I3	Q53FA7	1	member	1:Q53FA7:reviewed_human	0.001479
2381	O43399;A0A087WYR3;O43399-5;O43399-7;O43399-2;O43399-3;O43399-4;O43399-6;A0A087WZ51	TPD52L2	O43399	1	member	1:O43399:reviewed_human	0.000072
2382	P60174;P60174-1;P60174-4;U3KPZ0;U3KQF3;U3KPS5	TPI1	P60174	1	member	1:P60174:reviewed_human	0.176985
2383	H0YK48;P09493-5;P09493;P09493-6	TPM1	P09493	2	member_via_later_token	1:H0YK48:unreviewed/9606; 2:P09493:reviewed_human	0.000000
2384	H7BYY1;F5H7S3;B7Z596;P09493-3;P09493-2;P09493-8;H0YKX5;H0YL42;H0YL80;H0YK20;H0YKP3;H0YN06	TPM1	P09493	4	member_duplicate_entry	1:H7BYY1:unreviewed/9606; 2:F5H7S3:unreviewed/9606; 3:B7Z596:unreviewed/9606; 4:P09493:reviewed_human	0.064842
2385	P09493-10;P09493-4;H0YKJ4	TPM1	P09493	1	member_duplicate_entry	1:P09493:reviewed_human	0.000013
2386	P07951;CON__Q3SX28;P07951-2;Q5TCU3;Q5TCU8;P07951-3;U3KQK2	TPM2	P07951	1	member	1:P07951:reviewed_human	0.003415
2387	J3KN67	TPM3	P06753	gene	member_via_gene	1:J3KN67:unreviewed/9606; gene:TPM3:P06753	0.000049
2388	P06753-2;A0A087WWU8;Q5HYB6;Q5VU61	TPM3;DKFZp686J1372	P06753	1	member_duplicate_entry	1:P06753:reviewed_human	0.133272
2389	K7EQW8	TPM4	P67936	gene	member_via_gene	1:K7EQW8:?/?; gene:TPM4:P67936	0.000000
2390	P67936-2;P67936;K7ENT6;K7ERG3;K7EP68;K7EMU5;K7EPV9;K7EPB9	TPM4	P67936	1	member_duplicate_entry	1:P67936:reviewed_human	0.000000
2391	P29144	TPP2	P29144	1	member	1:P29144:reviewed_human	0.035878
2392	Q5VZU9	TPP2	P29144	gene	member_duplicate_entry	1:Q5VZU9:unreviewed/9606; gene:TPP2:P29144	0.000000
2393	P12270;P12270-2	TPR	P12270	1	member	1:P12270:reviewed_human	0.000000
2394	Q5T0D9;Q5T0D9-2	TPRG1L	Q5T0D9	1	member	1:Q5T0D9:reviewed_human	0.000079
2395	P13693;J3KPG2;Q5W0H4;A0A0B4J2C3;E9PJF7;P13693-2;Q56UQ5;Q9HAU6;H0YCX0	TPT1	P13693	1	member	1:P13693:reviewed_human	0.000872
2396	Q12933;Q12933-4;Q12933-3;Q12933-2;B1AMY1;B1AMX7;B1AMX8	TRAF2	Q12933	1	member	1:Q12933:reviewed_human	0.000026
2397	Q9Y5R8	TRAPPC1	Q9Y5R8	1	member	1:Q9Y5R8:reviewed_human	0.000018
2398	Q8WVT3;H7C373;H7C1E5;H7C0T3;A0A0G2JQW1;Q53QD4	TRAPPC12;CGI-87	Q8WVT3	1	member	1:Q8WVT3:reviewed_human	0.000000
2399	O43617;A0A087WWM0;O43617-2;A0A087WYS5;A6NKE1	TRAPPC3	O43617	1	member	1:O43617:reviewed_human	0.002311
2400	Q8IUR0;M0QZQ8	TRAPPC5	Q8IUR0	1	member	1:Q8IUR0:reviewed_human	0.000000
2401	Q9Y2L5;J3QQJ5;Q9Y2L5-2;J3QQS5;J3QSA1;J3KSL8	TRAPPC8	Q9Y2L5	1	member	1:Q9Y2L5:reviewed_human	0.000000
2402	A0A075B6Q9;A0A075B6R6;A0A087WXY0;A0A087WUA9;A0A087WWX3;A0A087WVM0;A0A087WZX1;P0CF51;P03986	TRGC1;TRGC2	P0CF51	8	member_via_later_token	1:A0A075B6Q9:?/?; 2:A0A075B6R6:?/?; 3:A0A087WXY0:?/?; 4:A0A087WUA9:?/?; 5:A0A087WWX3:?/?; 6:A0A087WVM0:?/?; 7:A0A087WZX1:?/?; 8:P0CF51:reviewed_human	0.000000
2403	Q9UDY6;Q9UDY6-2	TRIM10	Q9UDY6	1	member	1:Q9UDY6:reviewed_human	0.000006
2404	P19474;P19474-2;H0YDP8	TRIM21	P19474	1	member	1:P19474:reviewed_human	0.000097
2405	Q14258	TRIM25	Q14258	1	member	1:Q14258:reviewed_human	0.002938
2406	Q5T2K3;Q9H8W5;S4R407;Q9H8W5-2	TRIM45	Q9H8W5	2	member_via_later_token	1:Q5T2K3:unreviewed/9606; 2:Q9H8W5:reviewed_human	0.002466
2407	Q9BRZ2	TRIM56	Q9BRZ2	1	member	1:Q9BRZ2:reviewed_human	0.000000
2408	Q8NG06	TRIM58	Q8NG06	1	member	1:Q8NG06:reviewed_human	0.000098
2409	P10155;P10155-5;P10155-3;P10155-4;G5E9R9;P10155-2	TROVE2	P10155	1	member	1:P10155:reviewed_human	0.000000
2410	Q9Y5S1;H7BZK2;K7EPY7;K7EKG5	TRPV2	Q9Y5S1	1	member	1:Q9Y5S1:reviewed_human	0.000351
2411	O75157;O75157-2	TSC22D2	O75157	1	member	1:O75157:reviewed_human	0.000000
2412	Q9Y3Q8;Q9Y3Q8-2;H7BZ77;Q15714;Q99576;Q99576-3;Q15714-2;Q5JRJ0;E7EWD5;H0Y865;Q99576-4;Q15714-3	TSC22D4	Q9Y3Q8	1	member	1:Q9Y3Q8:reviewed_human	0.001720
2413	Q99816;F5H442;Q99816-2;J3QKS4;J3QRU6	TSG101	Q99816	1	member	1:Q99816:reviewed_human	0.000581
2414	Q15631;E9PGT1;H7C1D4;Q15631-2	TSN	Q15631	1	member	1:Q15631:reviewed_human	0.019545
2415	Q99598;C4P0D6;C4P0D8;Q5VVQ1;C4P0D4;Q9NRI2	TSNAX;DISC1	Q99598	1	member	1:Q99598:reviewed_human	0.002395
2416	B1AH87;P30536	TSPO	P30536	2	member_via_later_token	1:B1AH87:unreviewed/9606; 2:P30536:reviewed_human	0.000166
2417	Q9H489	TSPY26P	Q9H489	1	member	1:Q9H489:reviewed_human	0.000000
2418	H0YE90	TSTA3	Q13630	gene	member_via_gene	1:H0YE90:unreviewed/9606; gene:TSTA3:Q13630	0.000650
2419	Q13630;E9PKL9;E9PP14;E9PLH9;H0YCP7;E9PP60	TSTA3	Q13630	1	member_duplicate_entry	1:Q13630:reviewed_human	0.051735
2420	Q8NFU3;Q8NFU3-4;R4GNF9;Q8NFU3-2;Q8NFU3-3	TSTD1	Q8NFU3	1	member	1:Q8NFU3:reviewed_human	0.000805
2421	Q5TCY1-2;X6R456	TTBK1	Q5TCY1	1	member	1:Q5TCY1:reviewed_human	0.000000
2422	Q96AY4;A0A087WW06	TTC28	Q96AY4	1	member	1:Q96AY4:reviewed_human	0.000000
2423	Q6PGP7;D6RCE2;D6RDA0;H0Y964	TTC37	Q6PGP7	1	member	1:Q6PGP7:reviewed_human	0.000479
2424	Q5R3I4;H7C089	TTC38	Q5R3I4	1	member	1:Q5R3I4:reviewed_human	0.001440
2425	Q9ULT0;G5E9G4;Q9ULT0-4;H7C1P2	TTC7A	Q9ULT0	1	member	1:Q9ULT0:reviewed_human	0.000015
2426	O95922;O95922-4	TTLL1	O95922	1	member	1:O95922:reviewed_human	0.000000
2427	Q14166;V9GY16	TTLL12	Q14166	1	member	1:Q14166:reviewed_human	0.003438
2428	Q14679;E9PH58;E7EX20	TTLL4	Q14679	1	member	1:Q14679:reviewed_human	0.139628
2429	Q8WZ42;A0A0A0MRA3;A0A0A0MTS7;Q8WZ42-3;Q8WZ42-10;Q8WZ42-9;Q8WZ42-5;Q8WZ42-2;Q8WZ42-8;Q8WZ42-13;Q8WZ42-12;Q8WZ42-11;Q8WZ42-4;Q8WZ42-7;Q8WZ42-6	TTN	Q8WZ42	1	member	1:Q8WZ42:reviewed_human	0.019508
2430	Q9BTX7;Q5QPC2;A6PVK2	TTPAL	Q9BTX7	1	member	1:Q9BTX7:reviewed_human	0.000032
2431	P68363;Q71U36;Q9BQE3;F5H5D3;Q71U36-2;P68366;P68366-2;P68363-2;Q13748;Q13748-2;F8VVB9;Q6PEY2;F8VQQ4;Q9NY65;C9J2C0;Q9NY65-2;F8VS66;C9JDS9;F8VRZ4;F8VWV9;C9JEV8;C9JQ00;C9JJQ8;F8VX09;C9JDL2;V9GZ17;F8VRK0;F8W0F6;A6NHL2;C9K0S6;A6NHL2-2;Q9H853;F8VXZ7	TUBA1B;TUBA1A;TUBA1C;TUBA4A;TUBA3C;TUBA3E	P68363	1	member	1:P68363:reviewed_human	0.010767
2432	P07437;Q5JP53;Q5ST81	TUBB	P07437	1	member	1:P07437:reviewed_human	0.000000
2433	P68371;P04350;Q13509-2;M0R2D3;K7ESM5;M0QYM7;M0QY85;G3V2A3;Q9H4B7;M0R0X0;M0QY37;M0QX14;M0R042;M0QZL7;M0R278;A0A075B724;M0R1I1;M0R2T4	TUBB4B;TUBB4A	P68371	1	member	1:P68371:reviewed_human	0.008662
2434	Q9BUF5;K7ESQ3;K7EQT3;K7EJ64;K7ERA8;K7EJZ4;K7EL29;K7EN98;K7EPE5;K7EK43;K7ES63	TUBB6	Q9BUF5	1	member	1:Q9BUF5:reviewed_human	0.000000
2435	Q3ZCM7;A0A075B736;Q5SQY0;I3L2F9;A6NNZ2	TUBB8	Q3ZCM7	1	member	1:Q3ZCM7:reviewed_human	0.000000
2436	P23258;Q9NRH3;K7EIS0	TUBG1;TUBG2	P23258	1	member	1:P23258:reviewed_human	0.000012
2437	Q9NYZ1;J3QL63;J3QL47;C9JYS5;K7ENL4;Q96ET8-3;J3KS67	TVP23B;TVP23C	Q9NYZ1	1	member	1:Q9NYZ1:reviewed_human	0.000049
2438	Q6IBS0;D6RG15;H0Y858	TWF2	Q6IBS0	1	member	1:Q6IBS0:reviewed_human	0.000026
2439	P10599;P10599-2	TXN	P10599	1	member	1:P10599:reviewed_human	0.073137
2440	Q9BRA2;I3L2R6;I3L0K2;I3L3M7	TXNDC17	Q9BRA2	1	member	1:Q9BRA2:reviewed_human	0.004587
2441	Q8NBS9;Q86UY0;Q8NBS9-2	TXNDC5	Q8NBS9	1	member	1:Q8NBS9:reviewed_human	0.000040
2442	O43396;K7ER96;K7EML9;K7EPB7;K7EME7;K7EKG2	TXNL1	O43396	1	member	1:O43396:reviewed_human	0.022292
2443	Q16881;Q16881-3;F8W809;A0A087WSW9;E9PNQ6;A0A087WSY9;Q16881-5;Q16881-2;Q16881-4;Q16881-6;E2QRB9;Q16881-7;E9PIR7;E9PKD3;E9PRI8;A0A0B4J225;E9PIZ5;Q9NNW7;E9PLT3;E9PKI4;A0A096LPD9;E7EWK1;A0A096LPK7;E7ENA2;D3YTF8;D3YTF9;Q9NNW7-2;Q86VQ6;E9PQI3;A0A096LNN4;H0YBI6;H0YBQ0;Q9NNW7-3	TXNRD1	Q16881	1	member	1:Q16881:reviewed_human	0.012234
2444	P22314;P22314-2;Q5JRR6;Q5JRR9;Q5JRS0;Q5JRS2;Q5JRS1;Q5JRS3	UBA1	P22314	1	member	1:P22314:reviewed_human	0.099339
2445	Q8TBC4;Q8TBC4-2;F8W8D4;F8WF86;F8WAT6	UBA3	Q8TBC4	1	member	1:Q8TBC4:reviewed_human	0.003465
2446	Q9GZZ9;E7EQ61;Q9GZZ9-2;E7EWE1;C9JRV9;C9J5W5;C9J0F6;D6RJC9	UBA5	Q9GZZ9	1	member	1:Q9GZZ9:reviewed_human	0.001828
2447	A0AVT1;H0Y8S8;A0AVT1-4;A0AVT1-3	UBA6	A0AVT1	1	member	1:A0AVT1:reviewed_human	0.000237
2448	A0AVT1-2	UBA6	A0AVT1	1	member_duplicate_entry	1:A0AVT1:reviewed_human	0.000000
2449	Q9BSL1	UBAC1	Q9BSL1	1	member	1:Q9BSL1:reviewed_human	0.023977
2450	K4DI81	UBE2C	O00762	gene	member_via_gene	1:K4DI81:unreviewed/9606; gene:UBE2C:O00762	0.000000
2451	P62837;A0A0A0MQU3;P62837-2;D6RFM0;D6RAH7;H9KV45;D6RAW0;P51668;A0A087WW00;C9J9H9	UBE2D2;UBE2D3	P62837	1	member	1:P62837:reviewed_human	0.000847
2452	P61077;P61077-2;P61077-3;D6RA11;A0A087WY85;D6R9F6;D6R933;D6RGD0;D6R980;D6RIZ3	UBE2D3	P61077	1	member	1:P61077:reviewed_human	0.003743
2453	Q9Y2X8	UBE2D4	Q9Y2X8	1	member	1:Q9Y2X8:reviewed_human	0.000162
2454	P62256;C9JZG9;C9JZY6;C9J8Q9;P62256-2;H7C4M9	UBE2H	P62256	1	member	1:P62256:reviewed_human	0.000047
2455	P63279;H3BQQ9;B0QYN7;H3BPC4;H3BRD1	UBE2I	P63279	1	member	1:P63279:reviewed_human	0.024779
2456	P61086;D6RDM7;P61086-3;P61086-2;D6RFX1	UBE2K	P61086	1	member	1:P61086:reviewed_human	0.006669
2457	P68036;P68036-3;A0A0B4J2G9;P68036-2	UBE2L3;hCG_1789329	P68036	1	member	1:P68036:reviewed_human	0.038994
2458	P61081;M0QX69;M0QYI6	UBE2M	P61081	1	member	1:P61081:reviewed_human	0.004329
2459	P61088;F8VSD4;F8VV71;F8VZ29;F8VQQ8;Q5JXB2	UBE2N	P61088	1	member	1:P61088:reviewed_human	0.060040
2460	K7ES11	UBE2O	Q9C0C9	gene	member_via_gene	1:K7ES11:unreviewed/9606; gene:UBE2O:Q9C0C9	0.000000
2461	Q9C0C9;K7EQ12	UBE2O	Q9C0C9	1	member_duplicate_entry	1:Q9C0C9:reviewed_human	0.025601
2462	Q13404;I3L0A0;Q13404-7;Q13404-1;Q13404-2;Q13404-8;G3V2F7;A0A0A0MSL3;Q13404-6;E5RIF1;D6RG00	UBE2V1;TMEM189-UBE2V1	Q13404	1	member	1:Q13404:reviewed_human	0.040217
2463	Q15819;G3V113;H0YBP9;H0YBX6	UBE2V2	Q15819	1	member	1:Q15819:reviewed_human	0.004025
2464	Q15386;Q15386-2;Q15386-3	UBE3C	Q15386	1	member	1:Q15386:reviewed_human	0.000032
2465	Q14139;Q14139-2;B7Z7P0	UBE4A	Q14139	1	member	1:Q14139:reviewed_human	0.000020
2466	O95155;O95155-2;O95155-4;O95155-3;B1AQ61;K7EP75	UBE4B	O95155	1	member	1:O95155:reviewed_human	0.000114
2467	O14562;H3BRL3	UBFD1	O14562	1	member	1:O14562:reviewed_human	0.000008
2468	P11441;Q5HY81	UBL4A	P11441	1	member	1:P11441:reviewed_human	0.000754
2469	Q9UMX0;Q9UMX0-2;Q9NRR5;H0YDS0;Q9UMX0-3;Q9UMX0-4	UBQLN1;UBQLN4	Q9UMX0	1	member	1:Q9UMX0:reviewed_human	0.000569
2470	Q9UHD9	UBQLN2	Q9UHD9	1	member	1:Q9UHD9:reviewed_human	0.000566
2471	Q5T4S7;Q5T4S7-2;Q5T4S7-3;Q5T4S7-4;Q5T4S7-5;A0A0A0MSW0;X6R960;X6RE05;Q5TBN9;Q5T4S7-6	UBR4	Q5T4S7	1	member	1:Q5T4S7:reviewed_human	0.058805
2472	Q04323;E9PRQ7;E9PJ81;Q04323-2;A0A087WTZ5;E9PS08	UBXN1	Q04323	1	member	1:Q04323:reviewed_human	0.005424
2473	Q9BZV1;K7EP32;Q9BZV1-2;K7ELN1;K7EJ02	UBXN6	Q9BZV1	1	member	1:Q9BZV1:reviewed_human	0.000872
2474	P15374;A0A087WTB8	UCHL3	P15374	1	member	1:P15374:reviewed_human	0.024178
2475	Q5TBK7	UCHL3	P15374	gene	member_duplicate_entry	1:Q5TBK7:unreviewed/9606; gene:UCHL3:P15374	0.000000
2476	Q9Y5K5;Q5LJA9;H0Y6Y4;H0Y4E0	UCHL5	Q9Y5K5	1	member	1:Q9Y5K5:reviewed_human	0.000000
2477	Q9Y5K5-2;Q9Y5K5-4;Q9Y5K5-3;Q5LJA5;Q5LJB0;H0Y636;H0Y4K0	UCHL5	Q9Y5K5	1	member_duplicate_entry	1:Q9Y5K5:reviewed_human	0.000765
2478	Q9Y3C8	UFC1	Q9Y3C8	1	member	1:Q9Y3C8:reviewed_human	0.002461
2479	Q92890;Q92890-3;Q92890-1;C9J6N9;C9IZG3;C9JNP9	UFD1L	Q92890	1	member	1:Q92890:reviewed_human	0.000007
2480	P61960;P61960-2;H0Y614	UFM1	P61960	1	member	1:P61960:reviewed_human	0.001153
2481	Q9NYU2;Q9NYU2-2;H7BZG0;Q9NYU1;F8WCI2;F8WCE6;A6NP03;E7EMU6;Q9NYU1-2	UGGT1	Q9NYU2	1	member	1:Q9NYU2:reviewed_human	0.003643
2482	Q16851-2;Q16851;A0A087WYS1;E7EUC7;C9JNZ1;C9JVG3;C9JQU9;C9JWG0;C9JUW1;C9JTZ5;F2Z3H1;C9J3M0;F2Z3P4;F8WC70;C9J6Q0	UGP2	Q16851	1	member	1:Q16851:reviewed_human	0.018211
2483	C9J7I0	UMAD1	C9J7I0	1	member	1:C9J7I0:reviewed_human	0.000000
2484	Q8N2C7;Q8N2C7-2;Q8N2C7-4;Q8N2C7-7	UNC80	Q8N2C7	1	member	1:Q8N2C7:reviewed_human	0.000000
2485	Q9BZI7;Q9BZI7-2;A0A087WYC8	UPF3B	Q9BZI7	1	member	1:Q9BZI7:reviewed_human	0.000000
2486	Q9BRT2;Q5TAQ0;V5IRT4	UQCC2	Q9BRT2	1	member	1:Q9BRT2:reviewed_human	0.000000
2487	P31930	UQCRC1	P31930	1	member	1:P31930:reviewed_human	0.000246
2488	P22695;H3BRG4;H3BSJ9;H3BP04	UQCRC2	P22695	1	member	1:P22695:reviewed_human	0.000032
2489	Q9BTM9-2;Q9BTM9-3;Q9BTM9	URM1	Q9BTM9	1	member	1:Q9BTM9:reviewed_human	0.000332
2490	H0Y5R6	UROD	P06132	gene	member_via_gene	1:H0Y5R6:unreviewed/9606; gene:UROD:P06132	0.000125
2491	P06132;Q5T446	UROD	P06132	1	member_duplicate_entry	1:P06132:reviewed_human	0.017125
2492	P10746;Q5T3L7;Q5T3L8;Q5T3L9;A0A087WUV7;A0A087X021;A0A087WZB7	UROS	P10746	1	member	1:P10746:reviewed_human	0.001989
2493	Q9NZ43;G8JLK1;M0QYT5;Q9NZ43-2;M0QZE0;Q9NZ43-3;M0QZZ6	USE1	Q9NZ43	1	member	1:Q9NZ43:reviewed_human	0.000618
2494	O60763;O60763-2;REV__R4GMN2;REV__Q5VZ89-5;REV__Q5VZ89-6;REV__Q5VZ89;REV__R4GNB2;REV__R4GN35	USO1	O60763	1	member	1:O60763:reviewed_human	0.000825
2495	G5E9A6;P51784	USP11	P51784	2	member_via_later_token	1:G5E9A6:unreviewed/9606; 2:P51784:reviewed_human	0.006208
2496	O75317;H7BZK6;P62068-4;P62068-3;P62068;P62068-2	USP12	O75317	1	member	1:O75317:reviewed_human	0.000005
2497	P54578;P54578-2;A6NJA2;P54578-3;J3QQT6;J3KS55	USP14	P54578	1	member	1:P54578:reviewed_human	0.067232
2498	Q9Y4E8;Q9Y4E8-4	USP15	Q9Y4E8	1	member	1:Q9Y4E8:reviewed_human	0.045858
2499	Q9Y4E8-2;Q9Y4E8-3;H0YI31;F8W0H4;F8VZG8;F8VVY7;H0YI26;H0YHM4;Q8NFA0;P35125;K7EKZ1;K7EQL6;P35125-3;P35125-2;H0YH96	USP15	Q9Y4E8	1	member_duplicate_entry	1:Q9Y4E8:reviewed_human	0.000000
2500	O94966-7;O94966-6;E7EST9;O94966-5;O94966-3;B5MEG5;O94966-4;O94966;E7ESU0;A0A0A0MR08;O94966-2	USP19	O94966	1	member	1:O94966:reviewed_human	0.000716
2501	Q9UPU5;REV__Q2VPB7	USP24	Q9UPU5	1	member	1:Q9UPU5:reviewed_human	0.005833
2502	Q9UHP3;Q9UHP3-1;Q9UHP3-3;H7C253;H7C1T8;Q96B65	USP25	Q9UHP3	1	member	1:Q9UHP3:reviewed_human	0.000000
2503	H0YM72	USP3	Q9Y6I4	gene	member_via_gene	1:H0YM72:unreviewed/9606; gene:USP3:Q9Y6I4	0.000000
2504	Q70CQ2;Q70CQ2-3;Q70CQ2-2	USP34	Q70CQ2	1	member	1:Q70CQ2:reviewed_human	0.000000
2505	Q13107;Q13107-2;H7C189;C9JNU9;Q13107-3	USP4	Q13107	1	member	1:Q13107:reviewed_human	0.000000
2506	Q9NVE5;Q9NVE5-3	USP40	Q9NVE5	1	member	1:Q9NVE5:reviewed_human	0.000000
2507	Q96K76-4;Q96K76;Q96K76-2;Q96K76-3	USP47	Q96K76	1	member	1:Q96K76:reviewed_human	0.001076
2508	P45974-2;P45974;F5H571;Q92995;H7C5J3;Q92995-2	USP5	P45974	1	member	1:P45974:reviewed_human	0.080613
2509	Q92738;X6RAB3;Q92738-2	USP6NL	Q92738	1	member	1:Q92738:reviewed_human	0.000001
2510	Q93009;Q93009-3;H3BND8;F5H2X1;H3BUV0;H3BTM1;H3BRA2;H3BQD1;I3L2D8;H3BMF6	USP7	Q93009	1	member	1:Q93009:reviewed_human	0.003615
2511	Q93008;Q93008-1	USP9X	Q93008	1	member	1:Q93008:reviewed_human	0.015070
2512	O00507;O00507-2;H7C2M9	USP9Y	O00507	1	member	1:O00507:reviewed_human	0.000232
2513	Q5W0Q7;Q5W0Q7-2	USPL1	Q5W0Q7	1	member	1:Q5W0Q7:reviewed_human	0.000000
2514	Q08AM6;H3BUU8;H3BQD9;Q08AM6-2;H3BN23;A0A087WT26	VAC14	Q08AM6	1	member	1:Q08AM6:reviewed_human	0.002764
2515	P63027;J3QRU4;F8WCA0;L7N2F9	VAMP2	P63027	1	member	1:P63027:reviewed_human	0.000000
2516	Q15836;K7ENK9;K7EKX0;P23763;F5GZV7;P23763-2;P23763-3	VAMP3;VAMP2	Q15836	1	member	1:Q15836:reviewed_human	0.000480
2517	P51809;P51809-3;P51809-2	VAMP7	P51809	1	member	1:P51809:reviewed_human	0.000027
2518	Q9BV40;C9JXZ5;B8ZZT4	VAMP8	Q9BV40	1	member	1:Q9BV40:reviewed_human	0.000160
2519	Q9P0L0;J3QKM9	VAPA	Q9P0L0	1	member	1:Q9P0L0:reviewed_human	0.000858
2520	Q9P0L0-2	VAPA	Q9P0L0	1	member_duplicate_entry	1:Q9P0L0:reviewed_human	0.000000
2521	O95292;E5RK64;O95292-2	VAPB	O95292	1	member	1:O95292:reviewed_human	0.000525
2522	P26640;A2ABF4;A0A0G2JJT9	VARS	P26640	1	member	1:P26640:reviewed_human	0.000000
2523	P50552;K7ENL7;K7EM16;K7ENR7;K7EQD0;K7EIG8	VASP	P50552	1	member	1:P50552:reviewed_human	0.020749
2524	Q99536;Q99536-3;K7ERT7;Q99536-2;K7ESA3;K7ENX2;K7EM19;K7EJM4;K7ER81	VAT1	Q99536	1	member	1:Q99536:reviewed_human	0.001081
2525	P61758;B4DWR3	VBP1	P61758	1	member	1:P61758:reviewed_human	0.000046
2526	P55072;C9IZA5;C9JUP7	VCP	P55072	1	member	1:P55072:reviewed_human	0.177432
2527	Q96JH7	VCPIP1	Q96JH7	1	member	1:Q96JH7:reviewed_human	0.000165
2528	P21796;C9JI87	VDAC1	P21796	1	member	1:P21796:reviewed_human	0.000000
2529	P45880;A0A0A0MR02;P45880-2;P45880-1;Q5JSD2;Q5JSD1;A2A3S1	VDAC2	P45880	1	member	1:P45880:reviewed_human	0.000000
2530	Q9Y277;Q9Y277-2;E5RK27;E5RFP6;E5RJN6;E5RHZ6;E5RHE1	VDAC3	Q9Y277	1	member	1:Q9Y277:reviewed_human	0.000617
2531	P09327;C9J2B5;P09327-2	VIL1	P09327	1	member	1:P09327:reviewed_human	0.000000
2532	O15195	VILL	O15195	1	member	1:O15195:reviewed_human	0.000000
2533	P08670;B0YJC4;B0YJC5;P17661;Q5JVS8	VIM	P08670	1	member	1:P08670:reviewed_human	0.000000
2534	Q8N0U8;Q8N0U8-2	VKORC1L1	Q8N0U8	1	member	1:Q8N0U8:reviewed_human	0.000000
2535	Q3ZAQ7;Q3ZAQ7-2	VMA21	Q3ZAQ7	1	member	1:Q3ZAQ7:reviewed_human	0.000099
2536	Q9Y4B6;Q9Y4B6-3;Q9Y4B6-2	VPRBP	Q9Y4B6	1	member	1:Q9Y4B6:reviewed_human	0.000000
2537	Q96RL7;Q96RL7-3;Q96RL7-2;Q96RL7-4;H0Y7P8;A0A0B4J247;H0YF78;H0YG53	VPS13A	Q96RL7	1	member	1:Q96RL7:reviewed_human	0.002696
2538	Q709C8;Q709C8-3;Q709C8-4;Q709C8-2	VPS13C	Q709C8	1	member	1:Q709C8:reviewed_human	0.000390
2539	Q9BRG1;K7EKV4;K7ENE3;K7EP45	VPS25	Q9BRG1	1	member	1:Q9BRG1:reviewed_human	0.000901
2540	Q4G0F5	VPS26B	Q4G0F5	1	member	1:Q4G0F5:reviewed_human	0.000140
2541	Q9UK41;Q9UK41-2;E9PM90;E9PQR7;E9PR04;E9PLM9	VPS28	Q9UK41	1	member	1:Q9UK41:reviewed_human	0.000577
2542	Q9UBQ0;F8VXU5;Q9UBQ0-2;Q05DG7	VPS29	Q9UBQ0	1	member	1:Q9UBQ0:reviewed_human	0.000019
2543	Q96QK1;I3L4S0;I3L4P4	VPS35	Q96QK1	1	member	1:Q96QK1:reviewed_human	0.000239
2544	Q86VN1;Q86VN1-2	VPS36	Q86VN1	1	member	1:Q86VN1:reviewed_human	0.000125
2545	A5D8V6;F5H4Q5	VPS37C	A5D8V6	1	member	1:A5D8V6:reviewed_human	0.000483
2546	Q96JC1;Q96JC1-2	VPS39	Q96JC1	1	member	1:Q96JC1:reviewed_human	0.000000
2547	P49754;P49754-2;P49754-3	VPS41	P49754	1	member	1:P49754:reviewed_human	0.000000
2548	Q9NRW7;A0A087WU65;Q9NRW7-2;Q5T4Q0;B7Z7G7	VPS45	Q9NRW7	1	member	1:Q9NRW7:reviewed_human	0.002051
2549	Q9UN37;I3L4J1;O75351;Q6PIW4;Q6PIW4-2	VPS4A	Q9UN37	1	member	1:Q9UN37:reviewed_human	0.001300
2550	Q9P1Q0;Q9P1Q0-5;Q9P1Q0-3;Q9P1Q0-4	VPS54	Q9P1Q0	1	member	1:Q9P1Q0:reviewed_human	0.000000
2551	Q9NP79;A0A087WY55;Q5TGM0;Q9NP79-2	VTA1	Q9NP79	1	member	1:Q9NP79:reviewed_human	0.002228
2552	Q96AJ9;Q96AJ9-1	VTI1A	Q96AJ9	1	member	1:Q96AJ9:reviewed_human	0.000000
2553	Q9UEU0;J3KMW2;G3V5I2;Q9UEU0-2;H0YJL5;H0YJJ5	VTI1B	Q9UEU0	1	member	1:Q9UEU0:reviewed_human	0.000018
2554	P04004;H0YJW9;F5GX75;CON__Q3ZBS7	VTN	P04004	1	member	1:P04004:reviewed_human	0.000592
2555	G3V5U1	WARS	P23381	gene	member_via_gene	1:G3V5U1:unreviewed/9606; gene:WARS:P23381	0.000005
2556	P23381;P23381-2;G3V277;G3V3H8;G3V3Y5;G3V3P2;G3V227;G3V3X0;G3V423;G3V456;G3V2Y7;G3V3S7;H0YJP3;G3V5W1;G3V4C7;G3V4N8;G3V2F2;G3V3R3;G3V4S4;G3V313;G3V339;G3V2C0;G3V5H5;P78534;G3V4A3;G3V4Q0;G3V4N0	WARS	P23381	1	member_duplicate_entry	1:P23381:reviewed_human	0.004351
2557	Q9Y6W5;Q9Y6W5-2	WASF2	Q9Y6W5	1	member	1:Q9Y6W5:reviewed_human	0.000000
2558	Q969T9;K7EMC9;B4DFG2;K7ENL2;A6NG10;K7EIJ0;K7EIN1;K7ESN4;K7EIK1	WBP2	Q969T9	1	member	1:Q969T9:reviewed_human	0.021444
2559	Q8IWB7;C9JJ54	WDFY1	Q8IWB7	1	member	1:Q8IWB7:reviewed_human	0.000000
2560	Q8IZQ1;D6RJE4;Q8IZQ1-2	WDFY3	Q8IZQ1	1	member	1:Q8IZQ1:reviewed_human	0.000000
2561	O75083;D6RD66;O75083-3	WDR1	O75083	1	member	1:O75083:reviewed_human	0.012636
2562	Q8NEZ3;D6RIE4;D6RCF7;D6RBA0;D6R9P6;Q8NEZ3-2	WDR19	Q8NEZ3	1	member	1:Q8NEZ3:reviewed_human	0.000150
2563	Q8TBZ3;Q8TBZ3-2;A0A088AWN2;Q8TBZ3-4;Q8TBZ3-5;Q8TBZ3-6;Q8TBZ3-7;H0YKE8;Q8TBZ3-8;Q8TBZ3-3;Q09019;G3V5V2;G5E9A7	WDR20	Q8TBZ3	1	member	1:Q8TBZ3:reviewed_human	0.000009
2564	Q9H7D7;Q9H7D7-2;H0Y9R3;C9JCS7;H0Y917;Q9H7D7-3;Q9H7D7-4	WDR26	Q9H7D7	1	member	1:Q9H7D7:reviewed_human	0.000096
2565	Q8NA23-2;Q8NA23;F8WDK4	WDR31	Q8NA23	1	member	1:Q8NA23:reviewed_human	0.004953
2566	Q9Y2I8;Q9Y2I8-2;C9JGR9;E7EQ49;A0A087WTQ2;Q9Y2I8-3	WDR37	Q9Y2I8	1	member	1:Q9Y2I8:reviewed_human	0.000014
2567	Q5JSH3;Q5JSH3-2;H7BY83;Q5JSH3-4;Q5JSH3-3	WDR44	Q5JSH3	1	member	1:Q5JSH3:reviewed_human	0.000415
2568	Q9Y484;G8JLI5;Q9Y484-3;Q9Y484-2;C9J471;H0Y329;C9JYH8;C9JE01;C9JUS5;C9JBX7;C9JVT3;C9J5L0;C9J0A8;H7C5B4	WDR45	Q9Y484	1	member	1:Q9Y484:reviewed_human	0.000039
2569	Q8TAF3;Q8TAF3-3;Q8TAF3-4;Q8TAF3-5;F8W9K4;F8W7Q3;C9JC24;Q8TAF3-2;F8W7Y5;F8W6P2	WDR48	Q8TAF3	1	member	1:Q8TAF3:reviewed_human	0.000114
2570	Q9GZS3;H0YN81;H0YMF9;H0YL19;H3BQA8;H0YLA1	WDR61	Q9GZS3	1	member	1:Q9GZS3:reviewed_human	0.000083
2571	E9PLW4	WDR63	Q8IWG1	gene	member_via_gene	1:E9PLW4:unreviewed/9606; gene:WDR63:Q8IWG1	0.000000
2572	Q9BQA1;Q9BQA1-2;H0Y711	WDR77	Q9BQA1	1	member	1:Q9BQA1:reviewed_human	0.004023
2573	Q562E7;Q562E7-4;Q562E7-3;Q562E7-6;Q562E7-5;Q562E7-2;E9PDG3;C9JD20;I3L3U7;I3L1G2;C9JCF9;K7ELV8	WDR81	Q562E7	1	member	1:Q562E7:reviewed_human	0.031281
2574	Q6ZQQ6;E7ESW6;Q6ZQQ6-2;A0A087X1M0	WDR87	Q6ZQQ6	1	member	1:Q6ZQQ6:reviewed_human	0.000000
2575	A4D1P6;C9J1X0;A4D1P6-2;A4D1P6-3	WDR91	A4D1P6	1	member	1:A4D1P6:reviewed_human	0.002300
2576	Q9BRP8;Q9BRP8-2	WIBG	Q9BRP8	1	member	1:Q9BRP8:reviewed_human	0.000006
2577	Q9Y4P8-4;Q9Y4P8;Q9Y4P8-2;Q9Y4P8-6;Q9Y4P8-5;Q9Y4P8-3	WIPI2	Q9Y4P8	1	member	1:Q9Y4P8:reviewed_human	0.001574
2578	Q9H4A3;Q9H4A3-6;Q9H4A3-7;Q9H4A3-5;Q9H4A3-2;F5GWT4;Q9H4A3-4;F6UYG0;Q9BYP7;Q9BYP7-2;A0A087WYK2;Q9BYP7-3;Q9BYP7-4;H0YH68;H0YFF1;K7ENT7;H0Y7R3;H0YH79;H0Y7J9;H0Y493;H0YFP5	WNK1	Q9H4A3	1	member	1:Q9H4A3:reviewed_human	0.027837
2579	Q9Y3S1;F8W9F9;H0Y7T5;Q9Y3S1-2;Q9Y3S1-4;A6PVV2;Q9Y3S1-3	WNK2	Q9Y3S1	1	member	1:Q9Y3S1:reviewed_human	0.000082
2580	Q96J92;Q96J92-3;Q96J92-2	WNK4	Q96J92	1	member	1:Q96J92:reviewed_human	0.000014
2581	P55808;E5RH28;P55808-2;P55808-3	XG	P55808	1	member	1:P55808:reviewed_human	0.000032
2582	P51811	XK	P51811	1	member	1:P51811:reviewed_human	0.000880
2583	Q5T750	XP32	Q5T750	1	member	1:Q5T750:reviewed_human	0.000022
2584	Q9NQW7;Q9NQW7-3;Q9NQW7-2;Q9NQW7-4;Q5T6H7;Q5T6H2;Q5T6H3;O00462;E9PFW2	XPNPEP1	Q9NQW7	1	member	1:Q9NQW7:reviewed_human	0.001168
2585	O14980;C9JKM9;C9J673;C9IZS4;C9JQ02;C9JV99;H7BZC5;F8WF71;C9IYM2;C9JF49	XPO1	O14980	1	member	1:O14980:reviewed_human	0.016265
2586	Q9C0E2;F2Z2X4	XPO4	Q9C0E2	1	member	1:Q9C0E2:reviewed_human	0.000989
2587	H3BUP8	XPO6	Q96QU8	gene	member_via_gene	1:H3BUP8:unreviewed/9606; gene:XPO6:Q96QU8	0.000000
2588	E7ESC6;E5RIW1;H0YBE1;Q9H2T7;A0A087WTZ2	XPO7	Q9H2T7	4	member_via_later_token	1:E7ESC6:unreviewed/9606; 2:E5RIW1:unreviewed/9606; 3:H0YBE1:unreviewed/9606; 4:Q9H2T7:reviewed_human	0.000000
2589	Q9UIA9	XPO7	Q9UIA9	1	member	1:Q9UIA9:reviewed_human	0.029945
2590	O43592;F8WDU6	XPOT	O43592	1	member	1:O43592:reviewed_human	0.000000
2591	Q8NBI6;Q8NBI6-3;Q8NBI6-2	XXYLT1	Q8NBI6	1	member	1:Q8NBI6:reviewed_human	0.000000
2592	P54577;A0A0C4DGZ5	YARS	P54577	1	member	1:P54577:reviewed_human	0.009043
2593	P67809;A0A087X1S2;H0Y449;C9J5V9	YBX1	P67809	1	member	1:P67809:reviewed_human	0.001076
2594	Q9Y2T7;I3L2D6	YBX2	Q9Y2T7	1	member	1:Q9Y2T7:reviewed_human	0.000000
2595	P16989;P16989-2;P16989-3;A0A0D9SEI8	YBX3	P16989	1	member	1:P16989:reviewed_human	0.003873
2596	P07947;J3QRU1;P12931;P12931-2	YES1	P07947	1	member	1:P07947:reviewed_human	0.000384
2597	O95070;A6NGW1;E9PS11;A0A087WUP4;E9PIZ0;C9JST7	YIF1A	O95070	1	member	1:O95070:reviewed_human	0.000012
2598	Q5BJH7;Q5BJH7-6;Q5BJH7-3;K7ERQ0;K7ERY2;Q5BJH7-2;Q5BJH7-4;Q5BJH7-5;K7EJQ6;K7EPQ7	YIF1B	Q5BJH7	1	member	1:Q5BJH7:reviewed_human	0.000000
2599	Q969M3;E5RGR9;E5RHH4;Q969M3-2;Q969M3-3	YIPF5	Q969M3	1	member	1:Q969M3:reviewed_human	0.000000
2600	Q96EC8;B1AV70;Q96EC8-2	YIPF6	Q96EC8	1	member	1:Q96EC8:reviewed_human	0.000000
2601	O15498;O15498-2;H7C3K7	YKT6	O15498	1	member	1:O15498:reviewed_human	0.000999
2602	Q5VVQ6;Q5VVQ6-2	YOD1	Q5VVQ6	1	member	1:Q5VVQ6:reviewed_human	0.035002
2603	P31946;Q4VY20;Q4VY19	YWHAB	P31946	1	member	1:P31946:reviewed_human	0.000033
2604	P31946-2	YWHAB	P31946	1	member_duplicate_entry	1:P31946:reviewed_human	0.029965
2605	P62258;P62258-2;B4DJF2;I3L3T1;K7EIT4;K7EM20;I3L0W5	YWHAE	P62258	1	member	1:P62258:reviewed_human	0.187130
2606	P61981	YWHAG	P61981	1	member	1:P61981:reviewed_human	0.009939
2607	Q04917;A2IDB2;F8WEB6;A2IDB1	YWHAH	Q04917	1	member	1:Q04917:reviewed_human	0.001615
2608	P27348;E9PG15	YWHAQ	P27348	1	member	1:P27348:reviewed_human	0.013202
2609	P63104;E7EX29;B0AZS6;P63104-2;E7ESK7;B7Z2E6;H0YB80;E9PD24;E7EVZ2;E5RIR4;E5RGE1	YWHAZ	P63104	1	member	1:P63104:reviewed_human	0.069749
2610	Q7Z2W4;C9J6P4;Q7Z2W4-2;Q7Z2W4-3;Q7Z2W4-4;H7C5K1;Q7Z2W4-5	ZC3HAV1	Q7Z2W4	1	member	1:Q7Z2W4:reviewed_human	0.001579
2611	Q96H79;Q96H79-2	ZC3HAV1L	Q96H79	1	member	1:Q96H79:reviewed_human	0.000992
2612	Q8IZN3;Q8IZN3-2;H0YAX0;H0Y2Y4	ZDHHC14	Q8IZN3	1	member	1:Q8IZN3:reviewed_human	0.000051
2613	Q9NUE0;Q9NUE0-2;H0YEN1;E9PJS3	ZDHHC18	Q9NUE0	1	member	1:Q9NUE0:reviewed_human	0.000025
2614	Q9UIJ5;E5RFZ7	ZDHHC2	Q9UIJ5	1	member	1:Q9UIJ5:reviewed_human	0.000000
2615	Q5W0Z9;B4DRN8;Q5W0Z9-4;Q5W0Z9-3;Q5W0Z9-2	ZDHHC20	Q5W0Z9	1	member	1:Q5W0Z9:reviewed_human	0.000843
2616	H0Y6A5	ZDHHC3	Q9NYG2	gene	member_via_gene	1:H0Y6A5:unreviewed/9606; gene:ZDHHC3:Q9NYG2	0.000000
2617	Q9NYG2-2;Q9NYG2;F8W6M3	ZDHHC3	Q9NYG2	1	member_duplicate_entry	1:Q9NYG2:reviewed_human	0.000000
2618	Q9C0B5;Q9C0B5-2;H0YEF4;Q9ULC8;C9JVM2;Q9ULC8-2;Q9ULC8-3	ZDHHC5	Q9C0B5	1	member	1:Q9C0B5:reviewed_human	0.000259
2619	O95159;E9PQA5;E9PQ47;E9PNY1;H0YCU8;E9PMQ3	ZFPL1	O95159	1	member	1:O95159:reviewed_human	0.000000
2620	Q5T4F4;Q5T4F4-8;Q5T4F4-2;Q5T4F4-3;Q5T4F4-4;Q5T4F4-7;Q5T4F4-5;Q5T4F4-6	ZFYVE27	Q5T4F4	1	member	1:Q5T4F4:reviewed_human	0.000322
2621	Q9Y6X8	ZHX2	Q9Y6X8	1	member	1:Q9Y6X8:reviewed_human	0.000000
2622	O75844	ZMPSTE24	O75844	1	member	1:O75844:reviewed_human	0.000000
2623	O43670;J3QS27;J3KTL1;J3KRB6;J3KRW6;H0Y3M2;J3QRS9;X6R4W8;O43670-2;O43670-4	ZNF207	O43670	1	member	1:O43670:reviewed_human	0.000000
2624	Q14588	ZNF234	Q14588	1	member	1:Q14588:reviewed_human	0.000000
2625	Q9P255;A6NK75;A8MXY4;A6NN14;A0A0G2JMG9;A0A087WZK5;A0A0A0MS76;Q6ZN08	ZNF492;ZNF98;ZNF99;ZNF729;ZNF626;ZNF66	Q9P255	1	member	1:Q9P255:reviewed_human	0.000000
2626	Q8NB15;Q8NB15-2;H7BY64	ZNF511;PRAP1	Q8NB15	1	member	1:Q8NB15:reviewed_human	0.000088
2627	Q6AHZ1;A0A087WWK1	ZNF518A	Q6AHZ1	1	member	1:Q6AHZ1:reviewed_human	0.000000
2628	Q9H0D2;A0A075B6F0;Q9H0D2-2;H7BXG6;M0R167	ZNF541	Q9H0D2	1	member	1:Q9H0D2:reviewed_human	0.000027
2629	Q96JF6;I3L508	ZNF594	Q96JF6	1	member	1:Q96JF6:reviewed_human	0.000000
2630	Q9P2J8;Q9P2J8-2	ZNF624	Q9P2J8	1	member	1:Q9P2J8:reviewed_human	0.000000
2631	Q2M218;B2ZWH0;A0A087WXA8;Q2M218-2	ZNF630	Q2M218	1	member	1:Q2M218:reviewed_human	0.000000
2632	Q8N720;Q8N720-3;C9JS03	ZNF655	Q8N720	1	member	1:Q8N720:reviewed_human	0.000000
2633	O75373;M0R1D1	ZNF737	O75373	1	member	1:O75373:reviewed_human	0.000000
2634	O43264;O43264-2;F5H3C1	ZW10	O43264	1	member	1:O43264:reviewed_human	0.000900
2635	O43149;O43149-3;I3L141;O43149-2;I3L1Q8;I3L3Q3	ZZEF1	O43149	1	member	1:O43149:reviewed_human	0.001236
2636	A6BM72-4		A6BM72	1	member	1:A6BM72:reviewed_human	0.000000
2637	A6NKB5-2		A6NKB5	1	member	1:A6NKB5:reviewed_human	0.000000
2638	A6NLC8		A6NLC8	1	member	1:A6NLC8:reviewed_human	0.000384
2639	A6NM71;C9J7Q8;H7C4N7				no_reviewed_human_entry	1:A6NM71:unreviewed/9606; 2:C9J7Q8:unreviewed/9606; 3:H7C4N7:unreviewed/9606	0.000020
2640	O00370		O00370	1	member	1:O00370:reviewed_human	0.000000
2641	P01598;P01596				no_reviewed_human_entry	1:P01598:?/?; 2:P01596:?/?	0.000000
2642	P04206;P01623;P01622;P01620				no_reviewed_human_entry	1:P04206:?/?; 2:P01623:?/?; 3:P01622:?/?; 4:P01620:?/?	0.000000
2643	P06753-3;D6R904;D6RFM2		P06753	1	member_duplicate_entry	1:P06753:reviewed_human	0.000238
2644	P06753-5;P06753-7		P06753	1	member_duplicate_entry	1:P06753:reviewed_human	0.000000
2645	P06753-6		P06753	1	member_duplicate_entry	1:P06753:reviewed_human	0.000318
2646	Q14814-5;Q14814-2		Q14814	1	member	1:Q14814:reviewed_human	0.000000
2647	Q86SK9-2		Q86SK9	1	member	1:Q86SK9:reviewed_human	0.000000
2648	Q8TCU6-2		Q8TCU6	1	member	1:Q8TCU6:reviewed_human	0.000000
2649	Q99963-2		Q99963	1	member	1:Q99963:reviewed_human	0.000000
2650	Q9BPY8-3;Q9BPY8-4		Q9BPY8	1	member	1:Q9BPY8:reviewed_human	0.000000
2651	Q9BSQ5-2		Q9BSQ5	1	member	1:Q9BSQ5:reviewed_human	0.000000
2652	Q9BZP3-3		Q9BZP3	1	member	1:Q9BZP3:reviewed_human	0.000000
2653	Q9H0I2-2		Q9H0I2	1	member	1:Q9H0I2:reviewed_human	0.000000
2654	Q9H0M4-3;Q9H0M4-4		Q9H0M4	1	member	1:Q9H0M4:reviewed_human	0.000107
2655	Q9NUU7-2		Q9NUU7	1	member	1:Q9NUU7:reviewed_human	0.000000
2656	Q9NZM4-2		Q9NZM4	1	member	1:Q9NZM4:reviewed_human	0.000000
